i,t_rel,error,display_position_deg,filtered_position_deg,measured_position_deg,velocity_deg_per_sec,raw_velocity_deg_per_sec,raw_position_deg,pos_estimate,pending_confirmation,glitch_rejected,display_delta_deg,filtered_delta_deg,measured_delta_deg
0,0.004069216083735228,,16.28365625,16.30767225534656,16.28365625,0.0,0.03805115818977356,16.34765625,0.04541015625,False,False,,,
1,0.055740902200341225,,16.28365625,16.29689790683592,16.28365625,0.0,4.927712827920914,16.34765625,0.04541015625,False,False,0.0,-0.010774348510636855,0.0
2,0.10759088303893805,,16.28365625,16.292559940056467,16.28365625,0.0,0.038045793771743774,16.34765625,0.04541015625,False,False,0.0,-0.0043379667794454235,0.0
3,0.15927473618648946,,16.28365625,16.28964309119397,16.28365625,0.0,0.038045793771743774,16.34765625,0.04541015625,False,False,0.0,-0.0029168488624975453,0.0
4,0.21144282701425254,,16.28365625,16.28768180201883,16.28365625,0.0,5.313950926065445,16.34765625,0.04541015625,False,False,0.0,-0.0019612891751421557,0.0
5,0.2633654931560159,,16.28365625,16.28636303117746,16.28365625,0.0,0.038045793771743774,16.34765625,0.04541015625,False,False,0.0,-0.0013187708413795463,0.0
6,0.31530689913779497,,16.28365625,16.28547628966372,16.28365625,0.0,2.7980388700962067,16.34765625,0.04541015625,False,False,0.0,-0.000886741513738798,0.0
7,0.3674481750931591,,16.28365625,16.284880044669883,16.28365625,0.0,0.038045793771743774,16.34765625,0.04541015625,False,False,0.0,-0.0005962449938294867,0.0
8,0.4192984711844474,,16.28365625,16.284479129536027,16.28365625,0.0,0.15337541699409485,16.34765625,0.04541015625,False,False,0.0,-0.00040091513386641964,0.0
9,0.4711849531158805,,16.28365625,16.28420955420002,16.28365625,0.0,0.03804042935371399,16.34765625,0.04541015625,False,False,0.0,-0.00026957533600580064,0.0
10,0.5229166571516544,,16.28365625,16.284028291744097,16.28365625,0.0,1.2718565762043,16.34765625,0.04541015625,False,False,0.0,-0.0001812624559249798,0.0
11,0.5748510269913822,,16.28365625,16.283906410868727,16.28365625,0.0,0.279439240694046,16.34765625,0.04541015625,False,False,0.0,-0.00012188087538334003,0.0
12,0.6264988430775702,,16.28365625,16.28386138191236,16.28365625,0.0,0.1372767984867096,16.34765625,0.04541015625,False,False,0.0,-4.502895637870097e-05,0.0
13,0.6782371951267123,,16.28365625,16.28379418069787,16.28365625,0.0,0.038035064935684204,16.34765625,0.04541015625,False,False,0.0,-6.720121447756355e-05,0.0
14,0.729935770155862,,16.28365625,16.31254196335125,16.371546875,0.0,0.04607565701007843,16.435546875,0.045654296875,False,False,0.0,0.02874778265336886,0.087890625
15,0.7816701221745461,,16.28365625,16.33187197240738,16.371546875,0.0,-64.50666010379791,16.435546875,0.045654296875,False,False,0.0,0.01933000905611948,0.0
16,0.833427197067067,,16.28365625,16.344869470496725,16.371546875,0.0,0.016561970114707947,16.435546875,0.045654296875,False,False,0.0,0.012997498089333703,0.0
17,0.8851832351647317,,16.28365625,16.353608988212002,16.371546875,0.0,6.571879461407661,16.435546875,0.045654296875,False,False,0.0,0.00873951771527004,0.0
18,0.9369064581114799,,16.28365625,16.359485439923752,16.371546875,0.0,0.3276915103197098,16.435546875,0.045654296875,False,False,0.0,0.0058764517117424475,0.0
19,0.9885119781829417,,16.28365625,16.34761645355473,16.28365625,0.0,-0.069270059466362,16.34765625,0.04541015625,False,False,0.0,-0.01186898636902356,-0.087890625
20,1.0405088851694018,,16.28365625,16.326663090870202,16.28365625,0.0,1.5212805569171906,16.34765625,0.04541015625,False,False,0.0,-0.02095336268453707,0.0
21,1.0923020711634308,,16.28365625,16.312574049801125,16.28365625,0.0,1.8163235485553741,16.34765625,0.04541015625,False,False,0.0,-0.014089041069070163,0.0
22,1.1439149992074817,,16.28365625,16.299600599440748,16.28365625,0.0,3.0420930683612823,16.34765625,0.04541015625,False,False,0.0,-0.012973450360391325,0.0
23,1.1957322959788144,,16.28365625,16.294377230563956,16.28365625,0.0,0.03533676266670227,16.34765625,0.04541015625,False,False,0.0,-0.005223368876784207,0.0
24,1.2475898331031203,,16.28365625,16.29086503733121,16.28365625,0.0,0.03533676266670227,16.34765625,0.04541015625,False,False,0.0,-0.003512193232751315,0.0
25,1.2992963530123234,,16.28365625,16.304323751101506,16.371546875,0.0,-0.07731602119747549,16.435546875,0.045654296875,False,False,0.0,0.013458713770290842,0.087890625
26,1.3512817230075598,,16.28365625,16.326346046490652,16.371546875,0.0,-0.7666552159935236,16.435546875,0.045654296875,False,False,0.0,0.02202229538914935,0.0
27,1.4031814450863749,,16.28365625,16.31236086916031,16.28365625,0.0,-46.967711448669434,16.34765625,0.04541015625,False,False,0.0,-0.013985177330340548,-0.087890625
28,1.4550996671896428,,16.28365625,16.30295723592339,16.28365625,0.0,0.657593160867691,16.34765625,0.04541015625,False,False,0.0,-0.0094036332369285,0.0
29,1.506802539108321,,16.28365625,16.29663423293489,16.28365625,0.0,5.614315420389175,16.34765625,0.04541015625,False,False,0.0,-0.0063230029884948635,0.0
30,1.5586860761977732,,16.28365625,16.292382645725418,16.28365625,0.0,0.4644700884819031,16.34765625,0.04541015625,False,False,0.0,-0.004251587209466834,0.0
31,1.6105157430283725,,16.28365625,16.28952387848577,16.28365625,0.0,3.9566995203495026,16.34765625,0.04541015625,False,False,0.0,-0.0028587672396440666,0.0
32,1.6623522811569273,,16.28365625,16.31639461214383,16.371546875,0.0,1.0599077492952347,16.435546875,0.045654296875,False,False,0.0,0.02687073365805759,0.087890625
33,1.7140677450224757,,16.28365625,16.334462493455515,16.371546875,0.0,-0.08272403036244214,16.435546875,0.045654296875,False,False,0.0,0.018067881311679912,0.0
34,1.765839413041249,,16.28365625,16.346611336849485,16.371546875,0.0,-0.0827287242282182,16.435546875,0.045654296875,False,False,0.0,0.012148843393958941,0.0
35,1.8177852272056043,,16.28365625,16.32598725039759,16.28365625,0.0,0.043334439396858215,16.34765625,0.04541015625,False,False,0.0,-0.020624086451903167,-0.087890625
36,1.8697916341479868,,16.28365625,16.30699620902721,16.28365625,0.0,0.7192517817020416,16.34765625,0.04541015625,False,False,0.0,-0.01899104137038421,0.0
37,1.9214471362065524,,16.28365625,16.299350038449894,16.28365625,0.0,0.035288482904434204,16.34765625,0.04541015625,False,False,0.0,-0.00764617057731698,0.0
38,1.9731901560444385,,16.28365625,16.294208753353708,16.28365625,0.0,8.537885025143623,16.34765625,0.04541015625,False,False,0.0,-0.005141285096186721,0.0
39,2.0249513061717153,,16.28365625,16.29075175325503,16.28365625,0.0,0.046006590127944946,16.34765625,0.04541015625,False,False,0.0,-0.003457000098677554,0.0
40,2.076886158203706,,16.28365625,16.288427266388684,16.28365625,0.0,0.037953928112983704,16.34765625,0.04541015625,False,False,0.0,-0.0023244868663425677,0.0
41,2.1286797150969505,,16.28365625,16.286864281419753,16.28365625,0.0,0.03795459866523743,16.34765625,0.04541015625,False,False,0.0,-0.0015629849689275943,0.0
42,2.1804752531461418,,16.28365625,16.285813330326643,16.28365625,0.0,0.08891656994819641,16.34765625,0.04541015625,False,False,0.0,-0.001050951093105823,0.0
43,2.2324338641483337,,16.28365625,16.285106670811636,16.28365625,0.0,0.27398429811000824,16.34765625,0.04541015625,False,False,0.0,-0.0007066595150035937,0.0
44,2.2842991610523313,,16.28365625,16.284631512953744,16.28365625,0.0,0.03794923424720764,16.34765625,0.04541015625,False,False,0.0,-0.0004751578578918725,0.0
45,2.3363906419835985,,16.28365625,16.284312016810098,16.28365625,0.0,1.3924647867679596,16.34765625,0.04541015625,False,False,0.0,-0.00031949614364634726,0.0
46,2.3880881811492145,,16.28365625,16.28409718760311,16.28365625,0.0,-0.2115015685558319,16.34765625,0.04541015625,False,False,0.0,-0.00021482920698190355,0.0
47,2.4397124061360955,,16.28365625,16.283952736444334,16.28365625,0.0,1.397823840379715,16.34765625,0.04541015625,False,False,0.0,-0.00014445115877492753,0.0
48,2.4918547570705414,,16.28365625,16.28385560748517,16.28365625,0.0,0.3973598778247833,16.34765625,0.04541015625,False,False,0.0,-9.712895916891284e-05,0.0
49,2.5437846640124917,,16.28365625,16.312583266723028,16.371546875,0.0,0.472455695271492,16.435546875,0.045654296875,False,False,0.0,0.028727659237858916,0.087890625
50,2.5958067011088133,,16.28365625,16.331899744794562,16.371546875,0.0,-0.08276158128865063,16.435546875,0.045654296875,False,False,0.0,0.019316478071544907,0.0
51,2.647745702182874,,16.28365625,16.34488814464986,16.371546875,0.0,8.717550784349442,16.435546875,0.045654296875,False,False,0.0,0.012988399855288435,0.0
52,2.6998456821311265,,16.28365625,16.353621544712563,16.371546875,0.0,0.016447976231575012,16.435546875,0.045654296875,False,False,0.0,0.008733400062709507,0.0
53,2.7518110531382263,,16.28365625,16.359493882914727,16.371546875,0.0,9.24591913819313,16.435546875,0.045654296875,False,False,0.0,0.005872338202152605,0.0
54,2.8037652201019228,,16.28365625,16.364901240859925,16.371546875,0.0,-0.08282058988697827,16.435546875,0.045654296875,False,False,0.0,0.005407357945188096,0.0
55,2.8556399981025606,,16.28365625,16.367078350604217,16.371546875,0.0,9.055456146597862,16.435546875,0.045654296875,False,False,0.0,0.0021771097442808696,0.0
56,2.907861553132534,,16.28365625,16.339749270446276,16.28365625,0.0,-63.8121235370636,16.34765625,0.04541015625,False,False,0.0,-0.027329080157926455,-0.087890625
57,2.959984682034701,,16.28365625,16.34547283926595,16.371546875,0.0,-0.0828360125888139,16.435546875,0.045654296875,False,False,0.0,0.0057235688196612955,0.087890625
58,3.01187338703312,,16.28365625,16.354014693372424,16.371546875,0.0,-0.08284204755909741,16.435546875,0.045654296875,False,False,0.0,0.00854185410648256,0.0
59,3.063688889145851,,16.28365625,16.33096526732362,16.28365625,0.0,0.4830993711948395,16.34765625,0.04541015625,False,False,0.0,-0.023049426048800115,-0.087890625
60,3.115558242192492,,16.28365625,16.315466833248408,16.28365625,0.0,0.03785267472267151,16.34765625,0.04541015625,False,False,0.0,-0.01549843407519802,0.0
61,3.167631112039089,,16.28365625,16.30504568617623,16.28365625,0.0,0.03785267472267151,16.34765625,0.04541015625,False,False,0.0,-0.010421147072179338,0.0
62,3.219686446012929,,16.28365625,16.298038506884893,16.28365625,0.0,0.03517180681228638,16.34765625,0.04541015625,False,False,0.0,-0.00700717929134953,0.0
63,3.2715845950879157,,16.28365625,16.322119848279403,16.371546875,0.0,-0.0828474119771272,16.435546875,0.045654296875,False,False,0.0,0.02408134139452045,0.087890625
64,3.32376383501105,,16.28365625,16.338312142233068,16.371546875,0.0,0.04855938255786896,16.435546875,0.045654296875,False,False,0.0,0.016192293953679382,0.0
65,3.3757387620862573,,16.28365625,16.349199840687515,16.371546875,0.0,-0.6461481750011444,16.435546875,0.045654296875,False,False,0.0,0.010887698454439487,0.0
66,3.427693577017635,,16.28365625,16.32772776037828,16.28365625,0.0,0.043174177408218384,16.34765625,0.04541015625,False,False,0.0,-0.02147208030922343,-0.087890625
67,3.479633430019021,,16.28365625,16.31328993357836,16.28365625,0.0,-3.0520953610539436,16.34765625,0.04541015625,False,False,0.0,-0.014437826799905906,0.0
68,3.531458819983527,,16.28365625,16.303581938838086,16.28365625,0.0,0.0458516925573349,16.34765625,0.04541015625,False,False,0.0,-0.009707994740267623,0.0
69,3.583298896206543,,16.28365625,16.325847251924728,16.371546875,0.0,-0.08826010976918042,16.435546875,0.045654296875,False,False,0.0,0.02226531308664903,0.087890625
70,3.6352895630989224,,16.28365625,16.34081844844419,16.371546875,0.0,0.15045180916786194,16.435546875,0.045654296875,False,False,0.0,0.014971196519468322,0.0
71,3.6871205270290375,,16.28365625,16.350885080983872,16.371546875,0.0,-64.62490797042847,16.435546875,0.045654296875,False,False,0.0,0.01006663253969009,0.0
72,3.739005918148905,,16.28365625,16.357653884703556,16.371546875,0.0,-47.48023867607117,16.435546875,0.045654296875,False,False,0.0,0.006768803719694461,0.0
73,3.7909535481594503,,16.28365625,16.33509375597623,16.28365625,0.0,0.045808106660842896,16.34765625,0.04541015625,False,False,0.0,-0.022560128727320716,-0.087890625
74,3.8426978830248117,,16.28365625,16.31824282901842,16.28365625,0.0,0.03776147961616516,16.34765625,0.04541015625,False,False,0.0,-0.016850926957800993,0.0
75,3.8945992740336806,,16.28365625,16.32273257823199,16.371546875,0.0,0.4856850206851959,16.435546875,0.045654296875,False,False,0.0,0.004489749213576033,0.087890625
76,3.946364146191627,,16.28365625,16.338724141853188,16.371546875,0.0,-0.08294665371067822,16.435546875,0.045654296875,False,False,0.0,0.015991563621184923,0.0
77,3.9981669450644404,,16.28365625,16.34947686923208,16.371546875,0.0,-0.08294463681522757,16.435546875,0.045654296875,False,False,0.0,0.010752727378900317,0.0
78,4.049967651022598,,16.28365625,16.32791403437165,16.28365625,0.0,0.0350739061832428,16.34765625,0.04541015625,False,False,0.0,-0.021562834860446856,-0.087890625
79,4.1017605231609195,,16.28365625,16.313415184211497,16.28365625,0.0,0.04579871892929077,16.34765625,0.04541015625,False,False,0.0,-0.014498850160151733,0.0
80,4.153808487113565,,16.28365625,16.30366615736381,16.28365625,0.0,0.04310980439186096,16.34765625,0.04541015625,False,False,0.0,-0.009749026847686082,0.0
81,4.205608895979822,,16.28365625,16.29711091171143,16.28365625,0.0,0.03505714237689972,16.34765625,0.04541015625,False,False,0.0,-0.0065552456523789715,0.0
82,4.257532064104453,,16.28365625,16.30852347703477,16.371546875,0.0,1.2688679248094559,16.435546875,0.045654296875,False,False,0.0,0.011412565323325907,0.087890625
83,4.30943962209858,,16.28365625,16.300376973458178,16.28365625,0.0,-63.814934492111206,16.34765625,0.04541015625,False,False,0.0,-0.008146503576597297,-0.087890625
84,4.36131904902868,,16.28365625,16.29489926445328,16.28365625,0.0,0.19597895443439484,16.34765625,0.04541015625,False,False,0.0,-0.005477709004907183,0.0
85,4.412904701195657,,16.28365625,16.291216052918386,16.28365625,0.0,-3.060222454369068,16.34765625,0.04541015625,False,False,0.0,-0.003683211534905695,0.0
86,4.464433390181512,,16.28365625,16.28873946148232,16.28365625,0.0,0.03504708409309387,16.34765625,0.04541015625,False,False,0.0,-0.002476591436078479,0.0
87,4.516146818175912,,16.28365625,16.287074201400713,16.28365625,0.0,-1.5608684532344341,16.34765625,0.04541015625,False,False,0.0,-0.0016652600816087215,0.0
88,4.567814321024343,,16.28365625,16.28595448052184,16.28365625,0.0,0.03772929310798645,16.34765625,0.04541015625,False,False,0.0,-0.0011197208788757962,0.0
89,4.619626027066261,,16.28365625,16.298174236452887,16.28365625,0.0,7.35479012131691,16.34765625,0.04541015625,False,False,0.0,0.012219755931056397,0.0
90,4.67134560411796,,16.28365625,16.29341814409092,16.28365625,0.0,0.0457705557346344,16.34765625,0.04541015625,False,False,0.0,-0.004756092361958508,0.0
91,4.72336651198566,,16.28365625,16.290220147586737,16.28365625,0.0,0.8852966129779816,16.34765625,0.04541015625,False,False,0.0,-0.003197996504184175,0.0
92,4.7751696621999145,,16.28365625,16.28806981473732,16.28365625,0.0,0.7297311723232269,16.34765625,0.04541015625,False,False,0.0,-0.0021503328494247853,0.0
93,4.826774240005761,,16.28365625,16.286623930929373,16.28365625,0.0,-22.803974747657776,16.34765625,0.04541015625,False,False,0.0,-0.0014458838079463021,0.0
94,4.878295966191217,,16.28365625,16.30111284679867,16.371546875,0.0,13.902036845684052,16.435546875,0.045654296875,False,False,0.0,0.01448891586929335,0.087890625
95,4.9298051740042865,,16.28365625,16.324187034437426,16.371546875,0.0,-0.08569054829422385,16.435546875,0.045654296875,False,False,0.0,0.023074187638769672,0.0
96,4.981486381031573,,16.28365625,16.339702118205725,16.371546875,0.0,0.018900856375694275,16.435546875,0.045654296875,False,False,0.0,0.01551508376829247,0.0
97,5.033291069092229,,16.28365625,16.350134460531528,16.371546875,0.0,5.624698251485825,16.435546875,0.045654296875,False,False,0.0,0.010432342325799482,0.0
98,5.085478679975495,,16.28365625,16.328356198761398,16.28365625,0.0,0.35415083169937134,16.34765625,0.04541015625,False,False,0.0,-0.02177826177012321,-0.087890625
99,5.137176183983684,,16.28365625,16.31371249554716,16.28365625,0.0,0.6304109841585159,16.34765625,0.04541015625,False,False,0.0,-0.014643703214233028,0.0
100,5.188796465052292,,16.28365625,16.30386606950591,16.28365625,0.0,0.11542752385139465,16.34765625,0.04541015625,False,False,0.0,-0.009846426041235645,0.0
101,5.240434080129489,,16.28365625,16.29724533263578,16.28365625,0.0,0.3299988806247711,16.34765625,0.04541015625,False,False,0.0,-0.00662073687013276,0.0
102,5.29243046999909,,16.28365625,16.292793549164298,16.28365625,0.0,9.004257470369339,16.34765625,0.04541015625,False,False,0.0,-0.004451783471495219,0.0
103,5.34425117704086,,16.28365625,16.289800169958074,16.28365625,0.0,1.2875307351350784,16.34765625,0.04541015625,False,False,0.0,-0.002993379206230884,0.0
104,5.395986605202779,,16.28365625,16.287787421779807,16.28365625,0.0,0.04565723240375519,16.34765625,0.04541015625,False,False,0.0,-0.0020127481782594714,0.0
105,5.447659053141251,,16.28365625,16.28643404990474,16.28365625,0.0,0.0349290668964386,16.34765625,0.04541015625,False,False,0.0,-0.0013533718750693424,0.0
106,5.4995809071697295,,16.28365625,16.285524042655947,16.28365625,0.0,0.0349290668964386,16.34765625,0.04541015625,False,False,0.0,-0.0009100072487910893,0.0
107,5.551580168073997,,16.28365625,16.28491215378186,16.28365625,0.0,0.037606582045555115,16.34765625,0.04541015625,False,False,0.0,-0.0006118888740900275,0.0
108,5.603571503190324,,16.28365625,16.284500719702926,16.28365625,0.0,3.59421506524086,16.34765625,0.04541015625,False,False,0.0,-0.0004114340789271864,0.0
109,5.655447431141511,,16.28365625,16.28422407142825,16.28365625,0.0,2.7975936233997345,16.34765625,0.04541015625,False,False,0.0,-0.000276648274677882,0.0
110,5.707233674125746,,16.28365625,16.307579562940248,16.28365625,0.0,8.48655290901661,16.34765625,0.04541015625,False,False,0.0,0.023355491512006665,0.0
111,5.759028861997649,,16.28365625,16.299742285621022,16.28365625,0.0,1.217757761478424,16.34765625,0.04541015625,False,False,0.0,-0.007837277319225677,0.0
112,5.810668069170788,,16.28365625,16.294472500351574,16.28365625,0.0,0.17705395817756653,16.34765625,0.04541015625,False,False,0.0,-0.005269785269433669,0.0
113,5.8623278881423175,,16.28365625,16.2909290967364,16.28365625,0.0,12.370372116565704,16.34765625,0.04541015625,False,False,0.0,-0.0035434036151684722,0.0
114,5.914072428131476,,16.28365625,16.288546512145558,16.28365625,0.0,0.37016160786151886,16.34765625,0.04541015625,False,False,0.0,-0.002382584590833403,0.0
115,5.966069319052622,,16.28365625,16.286944462266675,16.28365625,0.0,1.392078548669815,16.34765625,0.04541015625,False,False,0.0,-0.0016020498788975601,0.0
116,6.01789297000505,,16.28365625,16.285867243928113,16.28365625,0.0,0.03488212823867798,16.34765625,0.04541015625,False,False,0.0,-0.0010772183385654444,0.0
117,6.069635715102777,,16.28365625,16.285142922317267,16.28365625,0.0,0.03488078713417053,16.34765625,0.04541015625,False,False,0.0,-0.0007243216108463457,0.0
118,6.121602382976562,,16.28365625,16.29762854471613,16.28365625,0.0,-0.06704332306981087,16.34765625,0.04541015625,False,False,0.0,0.012485622398855867,0.0
119,6.173337497981265,,16.28365625,16.293051220967126,16.28365625,0.0,0.03756299614906311,16.34765625,0.04541015625,False,False,0.0,-0.004577323749003881,0.0
120,6.225120853167027,,16.28365625,16.302946084728298,16.28365625,0.0,0.045598894357681274,16.34765625,0.04541015625,False,False,0.0,0.009894863761161332,0.0
121,6.276881616096944,,16.28365625,16.296626734871314,16.28365625,0.0,0.3620995581150055,16.34765625,0.04541015625,False,False,0.0,-0.0063193498569944495,0.0
122,6.328797637019306,,16.28365625,16.29237760402747,16.28365625,0.0,0.04291132092475891,16.34765625,0.04541015625,False,False,0.0,-0.004249130843845705,0.0
123,6.380594418151304,,16.28365625,16.289520488448073,16.28365625,0.0,3.5539229214191437,16.34765625,0.04541015625,False,False,0.0,-0.0028571155793883918,0.0
124,6.432172070024535,,16.28365625,16.286889603424637,16.28365625,0.0,0.04022374749183655,16.34765625,0.04541015625,False,False,0.0,-0.0026308850234499914,0.0
125,6.483957296004519,,16.28365625,16.285830356842723,16.28365625,0.0,0.040223076939582825,16.34765625,0.04541015625,False,False,0.0,-0.0010592465819172503,0.0
126,6.53559341118671,,16.28365625,16.285118119441048,16.28365625,0.0,0.04022642970085144,16.34765625,0.04541015625,False,False,0.0,-0.0007122374016717004,0.0
127,6.58751713600941,,16.28365625,16.284639211012163,16.28365625,0.0,0.09118571877479553,16.34765625,0.04541015625,False,False,0.0,-0.0004789084288745471,0.0
128,6.6395361931063235,,16.28365625,16.284317192984577,16.28365625,0.0,7.386794239282608,16.34765625,0.04541015625,False,False,0.0,-0.0003220180275889106,0.0
129,6.691256270976737,,16.28365625,16.284100668062827,16.28365625,0.0,0.12604907155036926,16.34765625,0.04541015625,False,False,0.0,-0.00021652492173984683,0.0
130,6.743000774178654,,16.28365625,16.283955076705443,16.28365625,0.0,1.6629548370838165,16.34765625,0.04541015625,False,False,0.0,-0.00014559135738068107,0.0
131,6.795010035159066,,16.28365625,16.28385718107674,16.28365625,0.0,0.04021838307380676,16.34765625,0.04541015625,False,False,0.0,-9.789562869855217e-05,0.0
132,6.847107685171068,,16.28365625,16.283791356056,16.28365625,0.0,0.04021838307380676,16.34765625,0.04541015625,False,False,0.0,-6.582502072660645e-05,0.0
133,6.898955187993124,,16.28365625,16.28374709531205,16.28365625,0.0,0.04021838307380676,16.34765625,0.04541015625,False,False,0.0,-4.42607439481435e-05,0.0
134,6.950813543051481,,16.28365625,16.28371733438782,16.28365625,0.0,0.04290059208869934,16.34765625,0.04541015625,False,False,0.0,-2.9760924235233688e-05,0.0
135,7.002605917165056,,16.28365625,16.283697323142373,16.28365625,0.0,0.045571401715278625,16.34765625,0.04541015625,False,False,0.0,-2.0011245453588344e-05,0.0
136,7.0544400319922715,,16.28365625,16.28368386758093,16.28365625,0.0,0.04020228981971741,16.34765625,0.04541015625,False,False,0.0,-1.3455561429509544e-05,0.0
137,7.106284053996205,,16.28365625,16.283674820061414,16.28365625,0.0,2.5748898088932037,16.34765625,0.04541015625,False,False,0.0,-9.047519512250801e-06,0.0
138,7.1581766861490905,,16.28365625,16.283668736509295,16.28365625,0.0,0.04020228981971741,16.34765625,0.04541015625,False,False,0.0,-6.083552108293588e-06,0.0
139,7.20999302319251,,16.28365625,16.28366313466166,16.28365625,0.0,0.7939030230045319,16.34765625,0.04541015625,False,False,0.0,-5.601847647085378e-06,0.0
140,7.261787860188633,,16.28365625,16.283660879246497,16.28365625,0.0,0.04019692540168762,16.34765625,0.04541015625,False,False,0.0,-2.2554151541953615e-06,0.0
141,7.31362714106217,,16.28365625,16.283659362705343,16.28365625,0.0,0.04019692540168762,16.34765625,0.04541015625,False,False,0.0,-1.5165411468842649e-06,0.0
142,7.365791421150789,,16.28365625,16.28365834298307,16.28365625,0.0,0.37010326981544495,16.34765625,0.04541015625,False,False,0.0,-1.019722276396351e-06,0.0
143,7.417644313070923,,16.28365625,16.283657657321818,16.28365625,0.0,0.04823818802833557,16.34765625,0.04541015625,False,False,0.0,-6.856612628780567e-07,0.0
144,7.469472983153537,,16.28365625,16.283657196283194,16.28365625,0.0,0.03750935196876526,16.34765625,0.04541015625,False,False,0.0,-4.6103860995572177e-07,0.0
145,7.521333097014576,,16.28365625,16.28365688628082,16.28365625,0.0,0.03750935196876526,16.34765625,0.04541015625,False,False,0.0,-3.100023775459704e-07,0.0
146,7.573154730023816,,16.28365625,16.28365667783522,16.28365625,0.0,0.03750935196876526,16.34765625,0.04541015625,False,False,0.0,-2.0844561277044704e-07,0.0
147,7.625170435989276,,16.28365625,16.283656537676404,16.28365625,0.0,0.03750935196876526,16.34765625,0.04541015625,False,False,0.0,-1.4015881788509432e-07,0.0
148,7.677015810040757,,16.28365625,16.283656443433614,16.28365625,0.0,-57.47174620628357,16.34765625,0.04541015625,False,False,0.0,-9.424277891412203e-08,0.0
149,7.7288981101009995,,16.28365625,16.283656380064762,16.28365625,0.0,0.04822678864002228,16.34765625,0.04541015625,False,False,0.0,-6.336884439406276e-08,0.0
150,7.780768798198551,,16.28365625,16.283656337455547,16.28365625,0.0,0.04017479717731476,16.34765625,0.04541015625,False,False,0.0,-4.260920150045422e-08,0.0
151,7.832517042988911,,16.28365625,16.29947663421355,16.371546875,0.0,-0.08588836120907217,16.435546875,0.045654296875,False,False,0.0,0.0158202967579939,0.087890625
152,7.884503545006737,,16.28365625,16.32308684509519,16.371546875,0.0,0.04821605980396271,16.435546875,0.045654296875,False,False,0.0,0.02361021088162829,0.0
153,7.936372549040243,,16.28365625,16.33896235089201,16.371546875,0.0,-0.08053467201534659,16.435546875,0.045654296875,False,False,0.0,0.015875505796827838,0.0
154,7.9879750912077725,,16.28365625,16.324787842361626,16.28365625,0.0,8.939715474843979,16.34765625,0.04541015625,False,False,0.0,-0.014174508530373942,-0.087890625
155,8.039559949189425,,16.28365625,16.311313132703955,16.28365625,0.0,0.03746107220649719,16.34765625,0.04541015625,False,False,0.0,-0.013474709657657513,0.0
156,8.091164880199358,,16.28365625,16.30225273793014,16.28365625,0.0,0.04014328122138977,16.34765625,0.04541015625,False,False,0.0,-0.00906039477382592,0.0
157,8.14306221716106,,16.28365625,16.298905370102712,16.28365625,0.0,1.7889368534088135,16.34765625,0.04541015625,False,False,0.0,-0.003347367827416292,0.0
158,8.195240774191916,,16.28365625,16.293909758357067,16.28365625,0.0,0.048157721757888794,16.34765625,0.04541015625,False,False,0.0,-0.0049956117456417815,0.0
159,8.246977353002876,,16.28365625,16.28930970639582,16.28365625,0.0,0.048157721757888794,16.34765625,0.04541015625,False,False,0.0,-0.004600051961233476,0.0
160,8.29865241306834,,16.28365625,16.287457634080553,16.28365625,0.0,0.045470818877220154,16.34765625,0.04541015625,False,False,0.0,-0.0018520723152732899,0.0
161,8.350497880019248,,16.28365625,16.286212300655762,16.28365625,0.0,0.04010841250419617,16.34765625,0.04541015625,False,False,0.0,-0.001245333424776618,0.0
162,8.402209033025429,,16.28365625,16.285374938460937,16.28365625,0.0,0.07497578859329224,16.34765625,0.04541015625,False,False,0.0,-0.0008373621948294385,0.0
163,8.453957222169265,,16.28365625,16.284811896121134,16.28365625,0.0,0.037423521280288696,16.34765625,0.04541015625,False,False,0.0,-0.0005630423397917639,0.0
164,8.505756782134995,,16.28365625,16.28443330645185,16.28365625,0.0,0.048151686787605286,16.34765625,0.04541015625,False,False,0.0,-0.0003785896692818369,0.0
165,8.557748007122427,,16.28365625,16.284178742758225,16.28365625,0.0,4.5730336010456085,16.34765625,0.04541015625,False,False,0.0,-0.0002545636936304163,0.0
166,8.609654029132798,,16.28365625,16.28400757413063,16.28365625,0.0,-1.6792016476392746,16.34765625,0.04541015625,False,False,0.0,-0.00017116862758825846,0.0
167,8.661379312165082,,16.28365625,16.283892480345436,16.28365625,0.0,0.1849336177110672,16.34765625,0.04541015625,False,False,0.0,-0.0001150937851832623,0.0
168,8.71334442612715,,16.28365625,16.28381509128427,16.28365625,0.0,1.3946105539798737,16.34765625,0.04541015625,False,False,0.0,-7.738906117538136e-05,0.0
169,8.765072282170877,,16.28365625,16.283763054879543,16.28365625,0.0,0.040095001459121704,16.34765625,0.04541015625,False,False,0.0,-5.2036404724731256e-05,0.0
170,8.81690047099255,,16.28365625,16.283728065601004,16.28365625,0.0,0.040090978145599365,16.34765625,0.04541015625,False,False,0.0,-3.498927853229361e-05,0.0
171,8.868681272026151,,16.28365625,16.283704538810117,16.28365625,0.0,0.22785097360610962,16.34765625,0.04541015625,False,False,0.0,-2.352679089767662e-05,0.0
172,8.920393018051982,,16.28365625,16.28368871939592,16.28365625,0.0,0.040095001459121704,16.34765625,0.04541015625,False,False,0.0,-1.581941418749011e-05,0.0
173,8.972183134173974,,16.28365625,16.312471051171812,16.371546875,0.0,0.026679933071136475,16.435546875,0.045654296875,False,False,0.0,0.028782331775886405,0.087890625
174,9.023833547020331,,16.28365625,16.316003978557927,16.28365625,0.0,0.04812553524971008,16.34765625,0.04541015625,False,False,0.0,0.00353292738611799,-0.087890625
175,9.075627422193065,,16.28365625,16.301491752399524,16.28365625,0.0,0.04008159041404724,16.34765625,0.04541015625,False,False,0.0,-0.014512226158387875,0.0
176,9.127397074131295,,16.28365625,16.311469154313443,16.371546875,0.0,0.010573938488960266,16.435546875,0.045654296875,False,False,0.0,0.009977401913914719,0.087890625
177,9.179118524072692,,16.28365625,16.331150615610362,16.371546875,0.0,-0.08062586712185293,16.435546875,0.045654296875,False,False,0.0,0.019681461296926273,0.0
178,9.23087677010335,,16.28365625,16.344384430186405,16.371546875,0.0,-0.08063190209213644,16.435546875,0.045654296875,False,False,0.0,0.013233814576040004,0.0
179,9.282640219200402,,16.28365625,16.353282847107337,16.371546875,0.0,0.015916898846626282,16.435546875,0.045654296875,False,False,0.0,0.008898416920942509,0.0
180,9.334495464107022,,16.28365625,16.35926614264497,16.371546875,0.0,-0.08064732479397207,16.435546875,0.045654296875,False,False,0.0,0.005983295537646427,0.0
181,9.386143394978717,,16.28365625,16.363289310564475,16.371546875,0.0,9.446548372507095,16.435546875,0.045654296875,False,False,0.0,0.004023167919513071,0.0
182,9.438273472012952,,16.28365625,16.350174176173553,16.28365625,0.0,-0.0645756907761097,16.34765625,0.04541015625,False,False,0.0,-0.013115134390915273,-0.087890625
183,9.49054401111789,,16.28365625,16.328382903559092,16.28365625,0.0,0.04807658493518829,16.34765625,0.04541015625,False,False,0.0,-0.021791272614450463,0.0
184,9.542594977188855,,16.28365625,16.313730451853136,16.28365625,0.0,0.04807189106941223,16.34765625,0.04541015625,False,False,0.0,-0.014652451705956082,0.0
185,9.594495981000364,,16.28365625,16.30387814332605,16.28365625,0.0,0.04001453518867493,16.34765625,0.04541015625,False,False,0.0,-0.009852308527086961,0.0
186,9.646563114132732,,16.28365625,16.297253451072436,16.28365625,0.0,-38.84934067726135,16.34765625,0.04541015625,False,False,0.0,-0.00662469225360951,0.0
187,9.698578376090154,,16.28365625,16.30861932050111,16.371546875,0.0,1.810261756181717,16.435546875,0.045654296875,False,False,0.0,0.011365869428686892,0.087890625
188,9.750562824076042,,16.28365625,16.329234387354944,16.371546875,0.0,-0.08070566284004599,16.435546875,0.045654296875,False,False,0.0,0.02061506685384984,0.0
189,9.80236729211174,,16.28365625,16.327275645807465,16.28365625,0.0,-0.06461860612034798,16.34765625,0.04541015625,False,False,0.0,-0.0019587415474688896,-0.087890625
190,9.854377850191668,,16.28365625,16.312985931740936,16.28365625,0.0,7.091503813862801,16.34765625,0.04541015625,False,False,0.0,-0.014289714066535453,0.0
191,9.906163485022262,,16.28365625,16.303377528002606,16.28365625,0.0,0.05338802933692932,16.34765625,0.04541015625,False,False,0.0,-0.009608403738326388,0.0
192,9.957960713189095,,16.28365625,16.29691683732895,16.28365625,0.0,0.17139986157417297,16.34765625,0.04541015625,False,False,0.0,-0.006460690673662839,0.0
193,10.010394992073998,,16.28365625,16.321365637669988,16.371546875,0.0,4.9510956555604935,16.435546875,0.045654296875,False,False,0.0,0.024448800341048127,0.087890625
194,10.062161960173398,,16.28365625,16.3219846985193,16.28365625,0.0,-1.454030368477106,16.34765625,0.04541015625,False,False,0.0,0.0006190608493170657,-0.087890625
195,10.113860317040235,,16.28365625,16.30942829878438,16.28365625,0.0,0.10433390736579895,16.34765625,0.04541015625,False,False,0.0,-0.012556399734933166,0.0
196,10.165670859161764,,16.28365625,16.304789330003192,16.28365625,0.0,12.745578289031982,16.34765625,0.04541015625,False,False,0.0,-0.004638968781193853,0.0
197,10.217487939167768,,16.28365625,16.297866132994145,16.28365625,0.0,0.03995552659034729,16.34765625,0.04541015625,False,False,0.0,-0.006923197009058413,0.0
198,10.269504998112097,,16.28365625,16.291491124766715,16.28365625,0.0,9.014626890420914,16.34765625,0.04541015625,False,False,0.0,-0.006375008227422541,0.0
199,10.321246189065278,,16.28365625,16.28892441979314,16.28365625,0.0,10.017767027020454,16.34765625,0.04541015625,False,False,0.0,-0.002566704973560263,0.0
200,10.372960824053735,,16.28365625,16.287198567368904,16.28365625,0.0,-3.0553247407078743,16.34765625,0.04541015625,False,False,0.0,-0.0017258524242436124,0.0
201,10.424686681013554,,16.28365625,16.286038104198852,16.28365625,0.0,0.039939433336257935,16.34765625,0.04541015625,False,False,0.0,-0.0011604631700379286,0.0
202,10.476336928084493,,16.28365625,16.301078121263306,16.371546875,0.0,1.7270395159721375,16.435546875,0.045654296875,False,False,0.0,0.01504001706445024,0.087890625
203,10.528072600020096,,16.28365625,16.32416368498745,16.371546875,0.0,-47.47809827327728,16.435546875,0.045654296875,False,False,0.0,0.023085563724151825,0.0
204,10.579913679044694,,16.28365625,16.33968641803556,16.371546875,0.0,0.021131113171577454,16.435546875,0.045654296875,False,False,0.0,0.015522733048101145,0.0
205,10.631772054126486,,16.28365625,16.321330934987106,16.28365625,0.0,0.04795923829078674,16.34765625,0.04541015625,False,False,0.0,-0.01835548304845247,-0.087890625
206,10.683545078150928,,16.28365625,16.30898870818533,16.28365625,0.0,2.3814696818590164,16.34765625,0.04541015625,False,False,0.0,-0.012342226801763445,0.0
207,10.735303379129618,,16.28365625,16.30068979488382,16.28365625,0.0,0.04794850945472717,16.34765625,0.04541015625,False,False,0.0,-0.008298913301501898,0.0
208,10.78712571808137,,16.28365625,16.29510960557988,16.28365625,0.0,0.047942474484443665,16.34765625,0.04541015625,False,False,0.0,-0.005580189303941552,0.0
209,10.839154666056857,,16.28365625,16.291357486291915,16.28365625,0.0,0.0479377806186676,16.34765625,0.04541015625,False,False,0.0,-0.003752119287980804,0.0
210,10.891048151999712,,16.28365625,16.28883456128268,16.28365625,0.0,0.549510195851326,16.34765625,0.04541015625,False,False,0.0,-0.002522925009230903,0.0
211,10.942762695020065,,16.28365625,16.287138146506475,16.28365625,0.0,0.03989115357398987,16.34765625,0.04541015625,False,False,0.0,-0.0016964147762053017,0.0
212,10.995039865141734,,16.28365625,16.28599747721095,16.28365625,0.0,7.061914354562759,16.34765625,0.04541015625,False,False,0.0,-0.0011406692955233666,0.0
213,11.046897259075195,,16.28365625,16.301050803676645,16.371546875,0.0,6.573746278882027,16.435546875,0.045654296875,False,False,0.0,0.015053326465704231,0.087890625
214,11.098614395130426,,16.28365625,16.33267759714658,16.371546875,0.0,-0.08619010972324759,16.435546875,0.045654296875,False,False,0.0,0.031626793469939685,0.0
215,11.150452529080212,,16.28365625,16.316618203821363,16.28365625,0.0,0.03986835479736328,16.34765625,0.04541015625,False,False,0.0,-0.01605939332520734,-0.087890625
216,11.202040147036314,,16.28365625,16.305819867749484,16.28365625,0.0,0.04791632294654846,16.34765625,0.04541015625,False,False,0.0,-0.010798336071871972,0.0
217,11.253960986156017,,16.28365625,16.327352035324758,16.371546875,0.0,0.6809008866548538,16.435546875,0.045654296875,False,False,0.0,0.02153216757528753,0.087890625
218,11.305725843179971,,16.28365625,16.34183026480237,16.371546875,0.0,-0.08085720764938742,16.435546875,0.045654296875,False,False,0.0,0.014478229477617788,0.0
219,11.357573718996719,,16.28365625,16.35156542630311,16.371546875,0.0,-0.08086726593319327,16.435546875,0.045654296875,False,False,0.0,0.009735161500742606,0.0
220,11.409242836060002,,16.28365625,16.358111348896212,16.371546875,0.0,-0.08088335918728262,16.435546875,0.045654296875,False,False,0.0,0.006545922593090836,0.0
221,11.460872936062515,,16.28365625,16.349540170997813,16.371546875,0.0,-46.676225066185,16.435546875,0.045654296875,False,False,0.0,-0.008571177898403448,0.0
222,11.51256534899585,,16.28365625,16.34092925472893,16.28365625,0.0,0.037124454975128174,16.34765625,0.04541015625,False,False,0.0,-0.008610916268878555,-0.087890625
223,11.564339392120019,,16.28365625,16.322166618379736,16.28365625,0.0,0.037124454975128174,16.34765625,0.04541015625,False,False,0.0,-0.018762636349208606,0.0
224,11.616039120126516,,16.28365625,16.30955062169853,16.28365625,0.0,0.0451650470495224,16.34765625,0.04541015625,False,False,0.0,-0.012615996681205388,0.0
225,11.667899255175143,,16.28365625,16.30106762553009,16.28365625,0.0,0.2141435444355011,16.34765625,0.04541015625,False,False,0.0,-0.008482996168424961,0.0
226,11.7195707061328,,16.28365625,16.29536365890643,16.28365625,0.0,5.31033530831337,16.34765625,0.04541015625,False,False,0.0,-0.0057039666236562425,0.0
227,11.771260953042656,,16.28365625,16.29152831174869,16.28365625,0.0,8.043506294488907,16.34765625,0.04541015625,False,False,0.0,-0.0038353471577465825,0.0
228,11.82322064298205,,16.28365625,16.288949424319817,16.28365625,0.0,0.04514962434768677,16.34765625,0.04541015625,False,False,0.0,-0.002578887428882126,0.0
229,11.875179092166945,,16.28365625,16.28721538041264,16.28365625,0.0,0.039783865213394165,16.34765625,0.04541015625,False,False,0.0,-0.0017340439071631408,0.0
230,11.927024672040716,,16.28365625,16.285618640617358,16.28365625,0.0,0.04514224827289581,16.34765625,0.04541015625,False,False,0.0,-0.0015967397952749707,0.0
231,11.97871825308539,,16.28365625,16.30079607395111,16.371546875,0.0,6.600461080670357,16.435546875,0.045654296875,False,False,0.0,0.015177433333747103,0.087890625
232,12.030467703007162,,16.28365625,16.323974036374725,16.371546875,0.0,0.28653569519519806,16.435546875,0.045654296875,False,False,0.0,0.023177962423631016,0.0
233,12.082165766041726,,16.28365625,16.339558898308365,16.371546875,0.0,-0.08092694508377463,16.435546875,0.045654296875,False,False,0.0,0.01558486193363251,0.0
234,12.134140215115622,,16.28365625,16.350038159472543,16.371546875,0.0,1.0616780072450638,16.435546875,0.045654296875,False,False,0.0,0.0104792611641642,0.0
235,12.185999184148386,,16.28365625,16.35708441467934,16.371546875,0.0,8.778377249836922,16.435546875,0.045654296875,False,False,0.0,0.007046255206802243,0.0
236,12.237725727027282,,16.28365625,16.36182231668039,16.371546875,0.0,-0.04341021442087367,16.435546875,0.045654296875,False,False,0.0,0.004737902001039629,0.0
237,12.28968823212199,,16.28365625,16.365008081985895,16.371546875,0.0,-47.478286027908325,16.435546875,0.045654296875,False,False,0.0,0.003185765305516952,0.0
238,12.34136285004206,,16.28365625,16.338357221827316,16.28365625,0.0,0.03704935312271118,16.34765625,0.04541015625,False,False,0.0,-0.026650860158582645,-0.087890625
239,12.393184744985774,,16.28365625,16.32043718345669,16.28365625,0.0,2.55294531583786,16.34765625,0.04541015625,False,False,0.0,-0.01792003837061884,0.0
240,12.444927270058542,,16.28365625,16.324208062156277,16.371546875,0.0,0.02897992730140686,16.435546875,0.045654296875,False,False,0.0,0.003770878699583591,0.087890625
241,12.496823108987883,,16.28365625,16.31092328849388,16.28365625,0.0,8.048784881830215,16.34765625,0.04541015625,False,False,0.0,-0.013284773662405769,-0.087890625
242,12.548496505012736,,16.28365625,16.33078357543328,16.371546875,0.0,7.869065478444099,16.435546875,0.045654296875,False,False,0.0,0.019860286939405114,0.087890625
243,12.6001347519923,,16.28365625,16.315344663621335,16.28365625,0.0,0.05310840904712677,16.34765625,0.04541015625,False,False,0.0,-0.015438911811941125,-0.087890625
244,12.651880425168201,,16.28365625,16.304963539318987,16.28365625,0.0,0.039698705077171326,16.34765625,0.04541015625,False,False,0.0,-0.010381124302341505,0.0
245,12.703493581153452,,16.28365625,16.295404407497227,16.28365625,0.0,0.0450463593006134,16.34765625,0.04541015625,False,False,0.0,-0.009559131821760047,0.0
246,12.75522803212516,,16.28365625,16.320348679851133,16.371546875,0.0,-0.08101746963802725,16.435546875,0.045654296875,False,False,0.0,0.02494427235390617,0.087890625
247,12.806986815994605,,16.28365625,16.3371212085819,16.371546875,0.0,-0.027378651138860732,16.435546875,0.045654296875,False,False,0.0,0.016772528730768954,0.0
248,12.858710433123633,,16.28365625,16.34839905690047,16.371546875,0.0,-0.0810335628921166,16.435546875,0.045654296875,False,False,0.0,0.011277848318570705,0.0
249,12.910470014205202,,16.28365625,16.340161969609873,16.28365625,0.0,-0.2232022024691105,16.34765625,0.04541015625,False,False,0.0,-0.008237087290581258,-0.087890625
250,12.962153207045048,,16.28365625,16.321650695865678,16.28365625,0.0,0.46343274414539337,16.34765625,0.04541015625,False,False,0.0,-0.018511273744195478,0.0
251,13.013905584113672,,16.28365625,16.309203715400084,16.28365625,0.0,0.03964439034461975,16.34765625,0.04541015625,False,False,0.0,-0.012446980465597335,0.0
252,13.065537128131837,,16.28365625,16.329627334485018,16.371546875,0.0,0.04232056438922882,16.435546875,0.045654296875,False,False,0.0,0.020423619084937172,0.087890625
253,13.1172696352005,,16.28365625,16.314567207207727,16.28365625,0.0,4.1300030797719955,16.34765625,0.04541015625,False,False,0.0,-0.015060127277280344,-0.087890625
254,13.169038772117347,,16.28365625,16.304440777626475,16.28365625,0.0,0.04767492413520813,16.34765625,0.04541015625,False,False,0.0,-0.01012642958124843,0.0
255,13.2206705941353,,16.28365625,16.297631766376046,16.28365625,0.0,18.4261617064476,16.34765625,0.04541015625,False,False,0.0,-0.006809011250425101,0.0
256,13.272345378994942,,16.28365625,16.293053387211252,16.28365625,0.0,0.039617568254470825,16.34765625,0.04541015625,False,False,0.0,-0.004578379164797752,0.0
257,13.323991349199787,,16.28365625,16.289974885060847,16.28365625,0.0,0.039617568254470825,16.34765625,0.04541015625,False,False,0.0,-0.0030785021504016186,0.0
258,13.375696801114827,,16.28365625,16.287904900214915,16.28365625,0.0,1.4289971441030502,16.34765625,0.04541015625,False,False,0.0,-0.0020699848459457826,0.0
259,13.427507900167257,,16.28365625,16.28651304240451,16.28365625,0.0,8.971368223428726,16.34765625,0.04541015625,False,False,0.0,-0.0013918578104039625,0.0
260,13.4791875181254,,16.28365625,16.314370125962792,16.371546875,0.0,-0.08109659480396658,16.435546875,0.045654296875,False,False,0.0,0.0278570835582741,0.087890625
261,13.530921692028642,,16.28365625,16.33310122894738,16.371546875,0.0,0.03959678113460541,16.435546875,0.045654296875,False,False,0.0,0.018731102984588688,0.0
262,13.582667088136077,,16.28365625,16.345696022594222,16.371546875,0.0,0.09323425590991974,16.435546875,0.045654296875,False,False,0.0,0.012594793646826474,0.0
263,13.63426448404789,,16.28365625,16.341192105592356,16.371546875,0.0,0.5357987433671951,16.435546875,0.045654296875,False,False,0.0,-0.004503917001869695,0.0
264,13.685910307103768,,16.28365625,16.35481022650125,16.371546875,0.0,-0.08112006413284689,16.435546875,0.045654296875,False,False,0.0,0.013618120908887477,0.0
265,13.737575481180102,,16.28365625,16.360293152549442,16.371546875,0.0,-0.08113079296890646,16.435546875,0.045654296875,False,False,0.0,0.005482926048188119,0.0
266,13.789217507001013,,16.28365625,16.348159559524245,16.28365625,0.0,-0.06504306569695473,16.34765625,0.04541015625,False,False,0.0,-0.012133593025197342,-0.087890625
267,13.840923310024664,,16.28365625,16.327028275324103,16.28365625,0.0,0.036881715059280396,16.34765625,0.04541015625,False,False,0.0,-0.021131284200151867,0.0
268,13.892645669169724,,16.28365625,16.31281959982793,16.28365625,0.0,0.036881715059280396,16.34765625,0.04541015625,False,False,0.0,-0.014208675496178103,0.0
269,13.944386288058013,,16.28365625,16.3032656864243,16.28365625,0.0,-0.15892021358013153,16.34765625,0.04541015625,False,False,0.0,-0.009553913403635761,0.0
270,13.996083851205185,,16.28365625,16.2968416350517,16.28365625,0.0,0.04492230713367462,16.34765625,0.04541015625,False,False,0.0,-0.006424051372590611,0.0
271,14.047710989136249,,16.28365625,16.29252210290876,16.28365625,0.0,0.03954179584980011,16.34765625,0.04541015625,False,False,0.0,-0.004319532142943672,0.0
272,14.099439847981557,,16.28365625,16.289617649495845,16.28365625,0.0,0.10391548275947571,16.34765625,0.04541015625,False,False,0.0,-0.002904453412924113,0.0
273,14.15124526200816,,16.28365625,16.287664695021007,16.28365625,0.0,0.10928124189376831,16.34765625,0.04541015625,False,False,0.0,-0.0019529544748309036,0.0
274,14.203054566169158,,16.28365625,16.286351528432125,16.28365625,0.0,0.04758909344673157,16.34765625,0.04541015625,False,False,0.0,-0.0013131665888863608,0.0
275,14.254632906988263,,16.28365625,16.28546855521776,16.28365625,0.0,0.03685086965560913,16.34765625,0.04541015625,False,False,0.0,-0.0008829732143738056,0.0
276,14.30629563704133,,16.28365625,16.313667812778426,16.371546875,0.0,8.941782787442207,16.435546875,0.045654296875,False,False,0.0,0.028199257560657998,0.087890625
277,14.358055867021903,,16.28365625,16.33262899356221,16.371546875,0.0,1.3913536816835403,16.435546875,0.045654296875,False,False,0.0,0.0189611807837764,0.0
278,14.409690430155024,,16.28365625,16.316585522771227,16.28365625,0.0,0.04487469792366028,16.34765625,0.04541015625,False,False,0.0,-0.01604347079097579,-0.087890625
279,14.461331420112401,,16.28365625,16.30579789301137,16.28365625,0.0,0.0475582480430603,16.34765625,0.04541015625,False,False,0.0,-0.010787629759846595,0.0
280,14.51304027903825,,16.28365625,16.29854429076084,16.28365625,0.0,0.03951027989387512,16.34765625,0.04541015625,False,False,0.0,-0.007253602250528957,0.0
281,14.56478541600518,,16.28365625,16.32245993735759,16.371546875,0.0,-0.08119516598526388,16.435546875,0.045654296875,False,False,0.0,0.023915646596748275,0.087890625
282,14.616397480014712,,16.28365625,16.305051361490975,16.28365625,0.0,0.036811307072639465,16.34765625,0.04541015625,False,False,0.0,-0.017408575866625142,-0.087890625
283,14.668092543026432,,16.28365625,16.298042322966534,16.28365625,0.0,0.08508570492267609,16.34765625,0.04541015625,False,False,0.0,-0.007009038524444122,0.0
284,14.719738866202533,,16.28365625,16.322122414212696,16.371546875,0.0,0.6107980012893677,16.435546875,0.045654296875,False,False,0.0,0.024080091246162283,0.087890625
285,14.771476799156517,,16.28365625,16.338313867566615,16.371546875,0.0,1.1472243815660477,16.435546875,0.045654296875,False,False,0.0,0.01619145335391181,0.0
286,14.823229381116107,,16.28365625,16.320408032051795,16.28365625,0.0,-0.06513426080346107,16.34765625,0.04541015625,False,False,0.0,-0.017905835514824275,-0.087890625
287,14.875118387164548,,16.28365625,16.308368148251628,16.28365625,0.0,0.05288377404212952,16.34765625,0.04541015625,False,False,0.0,-0.012039883800156304,0.0
288,14.927128005074337,,16.28365625,16.300272530384394,16.28365625,0.0,8.04318442940712,16.34765625,0.04541015625,False,False,0.0,-0.00809561786724089,0.0
289,14.979134825989604,,16.28365625,16.323622005680463,16.371546875,0.0,-0.05441532062832266,16.435546875,0.045654296875,False,False,0.0,0.02334947529607234,0.087890625
290,15.031052018050104,,16.28365625,16.339322192869545,16.371546875,0.0,-0.08124813961330801,16.435546875,0.045654296875,False,False,0.0,0.015700187189082726,0.0
291,15.082889136159793,,16.28365625,16.34987899873548,16.371546875,0.0,-0.08124813961330801,16.435546875,0.045654296875,False,False,0.0,0.010556805865945762,0.0
292,15.134871661197394,,16.28365625,16.35697739499974,16.371546875,0.0,7.852714732289314,16.435546875,0.045654296875,False,False,0.0,0.007098396264268558,0.0
293,15.186752223176882,,16.28365625,16.36175035664782,16.371546875,0.0,-0.07054679619614035,16.435546875,0.045654296875,False,False,0.0,0.004772961648086493,0.0
294,15.238646286074072,,16.28365625,16.364959696059994,16.371546875,0.0,-0.08396722900215536,16.435546875,0.045654296875,False,False,0.0,0.0032093394121659458,0.0
295,15.290530237136409,,16.28365625,16.367117655880744,16.371546875,0.0,-0.04910521733108908,16.435546875,0.045654296875,False,False,0.0,0.002157959820749511,0.0
296,15.342571818036959,,16.28365625,16.368568668064214,16.371546875,0.0,0.20301707088947296,16.435546875,0.045654296875,False,False,0.0,0.0014510121834803158,0.0
297,15.394509101985022,,16.28365625,16.369544328656378,16.371546875,0.0,10.111081749200821,16.435546875,0.045654296875,False,False,0.0,0.0009756605921609207,0.0
298,15.44648273801431,,16.28365625,16.341407394088545,16.28365625,0.0,0.039386898279190063,16.34765625,0.04541015625,False,False,0.0,-0.028136934567839944,-0.087890625
299,15.498578596161678,,16.28365625,16.32248811928514,16.28365625,0.0,0.03669865429401398,16.34765625,0.04541015625,False,False,0.0,-0.018919274803408825,0.0
300,15.550582954194397,,16.28365625,16.338559767657326,16.371546875,0.0,-0.08131854759994894,16.435546875,0.045654296875,False,False,0.0,0.016071648372189884,0.087890625
301,15.602521683089435,,16.28365625,16.34936634402279,16.371546875,0.0,-0.08132391201797873,16.435546875,0.045654296875,False,False,0.0,0.01080657636546789,0.0
302,15.654396005207673,,16.28365625,16.356632685970926,16.371546875,0.0,-0.08132927643600851,16.435546875,0.045654296875,False,False,0.0,0.007266341948138688,0.0
303,15.706242753192782,,16.28365625,16.332725605546848,16.28365625,0.0,0.04473254084587097,16.34765625,0.04541015625,False,False,0.0,-0.023907080424066862,-0.087890625
304,15.758167426101863,,16.28365625,16.316650484669697,16.28365625,0.0,3.9419788867235184,16.34765625,0.04541015625,False,False,0.0,-0.016075120877161453,0.0
305,15.809886841103435,,16.28365625,16.301848215181362,16.28365625,0.0,8.968439251184464,16.34765625,0.04541015625,False,False,0.0,-0.01480226948834229,0.0
306,15.861708256183192,,16.28365625,16.295888527387948,16.28365625,0.0,8.531239181756973,16.34765625,0.04541015625,False,False,0.0,-0.005959687793421153,0.0
307,15.913592152995989,,16.28365625,16.29188123331566,16.28365625,0.0,0.039361417293548584,16.34765625,0.04541015625,False,False,0.0,-0.004007294072295053,0.0
308,15.965366661082953,,16.28365625,16.28918672878145,16.28365625,0.0,0.07691100239753723,16.34765625,0.04541015625,False,False,0.0,-0.0026945045342188223,0.0
309,16.01733448309824,,16.28365625,16.287374943932647,16.28365625,0.0,2.1717162430286407,16.34765625,0.04541015625,False,False,0.0,-0.0018117848487975152,0.0
310,16.06911238003522,,16.28365625,16.30197701230031,16.371546875,0.0,-0.06524608063045889,16.435546875,0.045654296875,False,False,0.0,0.0146020683676511,0.087890625
311,16.120999850099906,,16.28365625,16.324768099320732,16.371546875,0.0,-0.08135542797390372,16.435546875,0.045654296875,False,False,0.0,0.022791087020436862,0.0
312,16.172732247039676,,16.28365625,16.34009282623326,16.371546875,0.0,-0.02772800886305049,16.435546875,0.045654296875,False,False,0.0,0.015324726912524511,0.0
313,16.224566829157993,,16.28365625,16.337424516359242,16.371546875,0.0,-0.03309577965410426,16.435546875,0.045654296875,False,False,0.0,-0.002668309874024999,0.0
314,16.276542929001153,,16.28365625,16.348603001049955,16.371546875,0.0,7.866002395749092,16.435546875,0.045654296875,False,False,0.0,0.011178484690702817,0.0
315,16.328598583117127,,16.28365625,16.35611941415599,16.371546875,0.0,0.03395207226276398,16.435546875,0.045654296875,False,False,0.0,0.007516413106031905,0.0
316,16.380760793108493,,16.28365625,16.361173450328494,16.371546875,0.0,0.07416978478431702,16.435546875,0.045654296875,False,False,0.0,0.005054036172509768,0.0
317,16.432904836023226,,16.28365625,16.34875147175088,16.28365625,0.0,0.03928966820240021,16.34765625,0.04541015625,False,False,0.0,-0.012421978577606296,-0.087890625
318,16.484804139006883,,16.28365625,16.327426277105292,16.28365625,0.0,2.1099496632814407,16.34765625,0.04541015625,False,False,0.0,-0.021325194645584133,0.0
319,16.536823813105002,,16.28365625,16.313087216225597,16.28365625,0.0,0.03928430378437042,16.34765625,0.04541015625,False,False,0.0,-0.014339060879706267,0.0
320,16.588835005182773,,16.28365625,16.303445631690092,16.28365625,0.0,0.039284974336624146,16.34765625,0.04541015625,False,False,0.0,-0.009641584535501124,0.0
321,16.641692062141374,,16.28365625,16.29696263024842,16.28365625,0.0,0.04733428359031677,16.34765625,0.04541015625,False,False,0.0,-0.006483001441665692,0.0
322,16.693553125020117,,16.28365625,16.292603460079036,16.28365625,0.0,0.047326236963272095,16.34765625,0.04541015625,False,False,0.0,-0.004359170169379922,0.0
323,16.74532181909308,,16.28365625,16.288589455326854,16.28365625,0.0,0.036591365933418274,16.34765625,0.04541015625,False,False,0.0,-0.004014004752178835,0.0
324,16.79724619607441,,16.28365625,16.286973337261774,16.28365625,0.0,0.036592036485672,16.34765625,0.04541015625,False,False,0.0,-0.0016161180650726692,0.0
325,16.84906485211104,,16.28365625,16.28588665947482,16.28365625,0.0,0.036592036485672,16.34765625,0.04541015625,False,False,0.0,-0.0010866777869580346,0.0
326,16.90092424908653,,16.28365625,16.285155977330867,16.28365625,0.0,0.036592036485672,16.34765625,0.04541015625,False,False,0.0,-0.0007306821439669875,0.0
327,16.952963089104742,,16.28365625,16.28488602641131,16.28365625,0.0,0.03926888108253479,16.34765625,0.04541015625,False,False,0.0,-0.000269950919545181,0.0
328,17.004866801202297,,16.28365625,16.284483151658964,16.28365625,0.0,0.03926888108253479,16.34765625,0.04541015625,False,False,0.0,-0.0004028747523534548,0.0
329,17.05717125115916,,16.28365625,16.284212258675485,16.28365625,0.0,1.817573457956314,16.34765625,0.04541015625,False,False,0.0,-0.0002708929834795981,0.0
330,17.108945241197944,,16.28365625,16.312755784141384,16.371546875,0.0,-0.08680031227413565,16.435546875,0.045654296875,False,False,0.0,0.028543525465892117,0.087890625
331,17.160936582135037,,16.28365625,16.332015745506666,16.371546875,0.0,4.95842345058918,16.435546875,0.045654296875,False,False,0.0,0.019259961365293066,0.0
332,17.212963255122304,,16.28365625,16.331993487278684,16.371546875,0.0,-0.017078967212000862,16.435546875,0.045654296875,False,False,0.0,-2.2258227971860833e-05,0.0
333,17.264862078009173,,16.28365625,16.344951177096192,16.371546875,0.0,0.06337054073810577,16.435546875,0.045654296875,False,False,0.0,0.012957689817511664,0.0
334,17.31660601310432,,16.28365625,16.353663927729478,16.371546875,0.0,-0.0707452796632424,16.435546875,0.045654296875,False,False,0.0,0.008712750633293354,0.0
335,17.368759186007082,,16.28365625,16.359522381255303,16.371546875,0.0,-0.08147813903633505,16.435546875,0.045654296875,False,False,0.0,0.005858453525831919,0.0
336,17.42069612001069,,16.28365625,16.363461605406062,16.371546875,0.0,0.012383759021759033,16.435546875,0.045654296875,False,False,0.0,0.00393922415076986,0.0
337,17.472601626999676,,16.28365625,16.366110339725036,16.371546875,0.0,-0.05467884766403586,16.435546875,0.045654296875,False,False,0.0,0.002648734318967172,0.0
338,17.52454165299423,,16.28365625,16.367891348681113,16.371546875,0.0,0.9028429538011551,16.435546875,0.045654296875,False,False,0.0,0.0017810089560725828,0.0
339,17.576349792070687,,16.28365625,16.34029593035318,16.28365625,0.0,9.676343277096748,16.34765625,0.04541015625,False,False,0.0,-0.027595418327933885,-0.087890625
340,17.62837002100423,,16.28365625,16.321740771069475,16.28365625,0.0,0.04721291363239288,16.34765625,0.04541015625,False,False,0.0,-0.018555159283693,0.0
341,17.680393065093085,,16.28365625,16.309264281967117,16.28365625,0.0,0.036484748125076294,16.34765625,0.04541015625,False,False,0.0,-0.01247648910236876,0.0
342,17.732440849998966,,16.28365625,16.30087509069469,16.28365625,0.0,7.991916686296463,16.34765625,0.04541015625,False,False,0.0,-0.008389191272442531,0.0
343,17.784388709114864,,16.28365625,16.295234198483108,16.28365625,0.0,0.04452601075172424,16.34765625,0.04541015625,False,False,0.0,-0.0056408922115736004,0.0
344,17.836376791121438,,16.28365625,16.291441262560042,16.28365625,0.0,4.593551829457283,16.34765625,0.04541015625,False,False,0.0,-0.003792935923058849,0.0
345,17.88819870701991,,16.28365625,16.28889089244537,16.28365625,0.0,15.566465556621552,16.34765625,0.04541015625,False,False,0.0,-0.0025503701146760704,0.0
346,17.940147900022566,,16.28365625,16.287176023580265,16.28365625,0.0,0.04719749093055725,16.34765625,0.04541015625,False,False,0.0,-0.0017148688650934218,0.0
347,17.992084427038208,,16.28365625,16.28602294575537,16.28365625,0.0,0.04718609154224396,16.34765625,0.04541015625,False,False,0.0,-0.0011530778248811657,0.0
348,18.04416404501535,,16.28365625,16.284961170305248,16.28365625,0.0,0.039140135049819946,16.34765625,0.04541015625,False,False,0.0,-0.001061775450125424,0.0
349,18.096221960149705,,16.28365625,16.28453367841325,16.28365625,0.0,0.039140135049819946,16.34765625,0.04541015625,False,False,0.0,-0.00042749189199753346,0.0
350,18.148324356181547,,16.28365625,16.28424623286507,16.28365625,0.0,0.039140135049819946,16.34765625,0.04541015625,False,False,0.0,-0.00028744554816739765,0.0
351,18.200164846144617,,16.28365625,16.28405295447847,16.28365625,0.0,0.10350778698921204,16.34765625,0.04541015625,False,False,0.0,-0.00019327838660387897,0.0
352,18.252263650065288,,16.28365625,16.283922994091323,16.28365625,0.0,0.06327465176582336,16.34765625,0.04541015625,False,False,0.0,-0.0001299603871416366,0.0
353,18.304171621100977,,16.28365625,16.283835608727006,16.28365625,0.0,0.039129406213760376,16.34765625,0.04541015625,False,False,0.0,-8.738536430996646e-05,0.0
354,18.356190999038517,,16.28365625,16.283776850808042,16.28365625,0.0,10.741127282381058,16.34765625,0.04541015625,False,False,0.0,-5.875791896414739e-05,0.0
355,18.408019989030436,,16.28365625,16.299557654483326,16.371546875,0.0,8.44783253967762,16.435546875,0.045654296875,False,False,0.0,0.015780803675284005,0.087890625
356,18.460083441110328,,16.28365625,16.32314132312459,16.371546875,0.0,1.519675925374031,16.435546875,0.045654296875,False,False,0.0,0.023583668641265376,0.0
357,18.51215774519369,,16.28365625,16.33899898191898,16.371546875,0.0,-0.08160822617355734,16.435546875,0.045654296875,False,False,0.0,0.015857658794402596,0.0
358,18.564065382117406,,16.28365625,16.333841359192323,16.28365625,0.0,1.3882389664649963,16.34765625,0.04541015625,False,False,0.0,-0.00515762272664233,-0.087890625
359,18.61602090904489,,16.28365625,16.33322102992092,16.371546875,0.0,-0.019922779320040718,16.435546875,0.045654296875,False,False,0.0,-0.0006203292714133113,0.087890625
360,18.66793321399018,,16.28365625,16.316983608018827,16.28365625,0.0,0.9724952280521393,16.34765625,0.04541015625,False,False,0.0,-0.016237421902104643,-0.087890625
361,18.719833037117496,,16.28365625,16.30606556553186,16.28365625,0.0,0.04712238907814026,16.34765625,0.04541015625,False,False,0.0,-0.010918042486963486,0.0
362,18.771902137203142,,16.28365625,16.29872427376362,16.28365625,0.0,0.039075762033462524,16.34765625,0.04541015625,False,False,0.0,-0.00734129176822762,0.0
363,18.823784386040643,,16.28365625,16.293787989178657,16.28365625,0.0,0.039075762033462524,16.34765625,0.04541015625,False,False,0.0,-0.004936284584971418,0.0
364,18.875793116167188,,16.28365625,16.328673113642456,16.371546875,0.0,7.095956280827522,16.435546875,0.045654296875,False,False,0.0,0.034885124463812645,0.087890625
365,18.927759235026315,,16.28365625,16.342718557863186,16.371546875,0.0,-0.08163840102497488,16.435546875,0.045654296875,False,False,0.0,0.014045444220727177,0.0
366,18.979706929065287,,16.28365625,16.352162714557206,16.371546875,0.0,0.033687204122543335,16.435546875,0.045654296875,False,False,0.0,0.009444156694030426,0.0
367,19.031752621987835,,16.28365625,16.358512965518266,16.371546875,0.0,-0.08165449427906424,16.435546875,0.045654296875,False,False,0.0,0.006350250961048687,0.0
368,19.083686335012317,,16.28365625,16.346962561764485,16.28365625,0.0,0.03635130822658539,16.34765625,0.04541015625,False,False,0.0,-0.011550403753773253,-0.087890625
369,19.135780342156067,,16.28365625,16.326223414030444,16.28365625,0.0,0.17046108841896057,16.34765625,0.04541015625,False,False,0.0,-0.020739147734047947,0.0
370,19.187707536155358,,16.28365625,16.31227841109407,16.28365625,0.0,0.03903284668922424,16.34765625,0.04541015625,False,False,0.0,-0.013945002936367246,0.0
371,19.23966839700006,,16.28365625,16.318722103619653,16.371546875,0.0,1.6108019649982452,16.435546875,0.045654296875,False,False,0.0,0.006443692525579081,0.087890625
372,19.291753960074857,,16.28365625,16.33602749872386,16.371546875,0.0,-0.02266936266096309,16.435546875,0.045654296875,False,False,0.0,0.01730539510421636,0.0
373,19.343638969119638,,16.28365625,16.347663646391926,16.371546875,0.0,-0.0173176838143263,16.435546875,0.045654296875,False,False,0.0,0.011636147668070862,0.0
374,19.395592162152752,,16.28365625,16.35548779208393,16.371546875,0.0,6.835722327232361,16.435546875,0.045654296875,False,False,0.0,0.007824145692012507,0.0
375,19.447275747079402,,16.28365625,16.344928435147235,16.28365625,0.0,1.4713049679994583,16.34765625,0.04541015625,False,False,0.0,-0.010559356936710174,-0.087890625
376,19.49882651702501,,16.28365625,16.324855667293004,16.28365625,0.0,0.27772262692451477,16.34765625,0.04541015625,False,False,0.0,-0.020072767854230733,0.0
377,19.550564027158543,,16.28365625,16.32433139443782,16.28365625,0.0,8.530874401330948,16.34765625,0.04541015625,False,False,0.0,-0.0005242728551877462,0.0
378,19.602206129115075,,16.28365625,16.311006217119996,16.28365625,0.0,-63.290643095970154,16.34765625,0.04541015625,False,False,0.0,-0.013325177317824455,0.0
379,19.653951195068657,,16.28365625,16.30204636789149,16.28365625,0.0,0.036312416195869446,16.34765625,0.04541015625,False,False,0.0,-0.008959849228517669,0.0
380,19.705541354138404,,16.28365625,16.293795972521593,16.28365625,0.0,-63.821720480918884,16.34765625,0.04541015625,False,False,0.0,-0.0082503953698847,0.0
381,19.75720138219185,,16.28365625,16.31926716817352,16.371546875,0.0,3.8530804216861725,16.435546875,0.045654296875,False,False,0.0,0.025471195651931566,0.087890625
382,19.80893876310438,,16.28365625,16.336394000129875,16.371546875,0.0,0.535171777009964,16.435546875,0.045654296875,False,False,0.0,0.017126831956346678,0.0
383,19.860604383982718,,16.28365625,16.347910081937325,16.371546875,0.0,1.1118413507938385,16.435546875,0.045654296875,False,False,0.0,0.011516081807457113,0.0
384,19.91251222603023,,16.28365625,16.355653495344658,16.371546875,0.0,0.025535300374031067,16.435546875,0.045654296875,False,False,0.0,0.007743413407325761,0.0
385,19.96422355202958,,16.28365625,16.332067197769746,16.28365625,0.0,0.04429534077644348,16.34765625,0.04541015625,False,False,0.0,-0.02358629757492281,-0.087890625
386,20.015885988017544,,16.28365625,16.316207771280375,16.28365625,0.0,2.7989186346530914,16.34765625,0.04541015625,False,False,0.0,-0.015859426489384987,0.0
387,20.067677850136533,,16.28365625,16.305543892908922,16.28365625,0.0,0.6987375766038895,16.34765625,0.04541015625,False,False,0.0,-0.01066387837144589,0.0
388,20.11930817598477,,16.28365625,16.29837350109196,16.28365625,0.0,0.03891482949256897,16.34765625,0.04541015625,False,False,0.0,-0.007170391816970323,0.0
389,20.171036852989346,,16.28365625,16.293552129634236,16.28365625,0.0,9.072594791650772,16.34765625,0.04541015625,False,False,0.0,-0.004821371457722989,0.0
390,20.222845937125385,,16.28365625,16.29031023946606,16.28365625,0.0,0.13815388083457947,16.34765625,0.04541015625,False,False,0.0,-0.003241890168169448,0.0
391,20.274759538006037,,16.28365625,16.288130392516976,16.28365625,0.0,0.04695877432823181,16.34765625,0.04541015625,False,False,0.0,-0.0021798469490761363,0.0
392,20.326675455085933,,16.28365625,16.286664663428418,16.28365625,0.0,0.038909465074539185,16.34765625,0.04541015625,False,False,0.0,-0.0014657290885509155,0.0
393,20.37846915004775,,16.28365625,16.285679107189274,16.28365625,0.0,-14.490618109703064,16.34765625,0.04541015625,False,False,0.0,-0.000985556239129437,0.0
394,20.430223401170224,,16.28365625,16.285016419174067,16.28365625,0.0,8.978712111711502,16.34765625,0.04541015625,False,False,0.0,-0.000662688015211188,0.0
395,20.481803097063676,,16.28365625,16.284406203757168,16.28365625,0.0,0.03890879452228546,16.34765625,0.04541015625,False,False,0.0,-0.0006102154168843299,0.0
396,20.533435016172007,,16.28365625,16.28416051890632,16.28365625,0.0,0.7791928667575121,16.34765625,0.04541015625,False,False,0.0,-0.00024568485085296743,0.0
397,20.585177267203107,,16.28365625,16.283995320412604,16.28365625,0.0,0.046950727701187134,16.34765625,0.04541015625,False,False,0.0,-0.00016519849370411066,0.0
398,20.636872499017045,,16.28365625,16.283884240945437,16.28365625,0.0,5.309444814920425,16.34765625,0.04541015625,False,False,0.0,-0.00011107946716037986,0.0
399,20.688709454145283,,16.28365625,16.283809551111712,16.28365625,0.0,0.15692129731178284,16.34765625,0.04541015625,False,False,0.0,-7.468983372405091e-05,0.0
400,20.740409538149834,,16.28365625,16.283759329667514,16.28365625,0.0,0.2373822033405304,16.34765625,0.04541015625,False,False,0.0,-5.0221444212183997e-05,0.0
401,20.792183269979432,,16.28365625,16.299545873268432,16.371546875,0.0,0.05229838192462921,16.435546875,0.045654296875,False,False,0.0,0.015786543600910363,0.087890625
402,20.84398474311456,,16.28365625,16.323133401435694,16.371546875,0.0,-0.08181207405868918,16.435546875,0.045654296875,False,False,0.0,0.023587528167269056,0.0
403,20.89563310611993,,16.28365625,16.323173342875364,16.28365625,0.0,-0.06572300568223,16.34765625,0.04541015625,False,False,0.0,3.994143966679076e-05,-0.087890625
404,20.947436839109287,,16.28365625,16.310227543249397,16.28365625,0.0,0.04424639046192169,16.34765625,0.04541015625,False,False,0.0,-0.012945799625981635,0.0
405,20.999177498044446,,16.28365625,16.301522787580897,16.28365625,0.0,0.03887191414833069,16.34765625,0.04541015625,False,False,0.0,-0.008704755668503594,0.0
406,21.050834583118558,,16.28365625,16.324462678619394,16.371546875,0.0,9.05108816921711,16.435546875,0.045654296875,False,False,0.0,0.022939891038504356,0.087890625
407,21.10260722320527,,16.28365625,16.311094492603683,16.28365625,0.0,7.173541858792305,16.34765625,0.04541015625,False,False,0.0,-0.013368186015725314,-0.087890625
408,21.154324827017263,,16.28365625,16.302105724326715,16.28365625,0.0,14.884890764951706,16.34765625,0.04541015625,False,False,0.0,-0.008988768276964265,0.0
409,21.206188596086577,,16.28365625,16.296061676537285,16.28365625,0.0,0.0361749529838562,16.34765625,0.04541015625,False,False,0.0,-0.006044047789430351,0.0
410,21.257848107023165,,16.28365625,16.29049620521901,16.28365625,0.0,0.0415319949388504,16.34765625,0.04541015625,False,False,0.0,-0.0055654713182775595,0.0
411,21.309466581093147,,16.28365625,16.31704840463926,16.371546875,0.0,-0.08185498940292746,16.435546875,0.045654296875,False,False,0.0,0.026552199420251554,0.087890625
412,21.361274536000565,,16.28365625,16.319081791029436,16.28365625,0.0,7.060857564210892,16.34765625,0.04541015625,False,False,0.0,0.0020333863901669247,-0.087890625
413,21.413205509074032,,16.28365625,16.336269352538192,16.371546875,0.0,7.101090028882027,16.435546875,0.045654296875,False,False,0.0,0.017187561508762883,0.087890625
414,21.46492257504724,,16.28365625,16.34782626889668,16.371546875,0.0,-21.743401139974594,16.435546875,0.045654296875,False,False,0.0,0.011556916358472336,0.0
415,21.51663253013976,,16.28365625,16.355597139456126,16.371546875,0.0,-0.030940624710638076,16.435546875,0.045654296875,False,False,0.0,0.007770870559454579,0.0
416,21.568486652104184,,16.28365625,16.345001960320296,16.28365625,0.0,0.03610856831073761,16.34765625,0.04541015625,False,False,0.0,-0.010595179135833632,-0.087890625
417,21.62036766204983,,16.28365625,16.324905105619365,16.28365625,0.0,0.04146762192249298,16.34765625,0.04541015625,False,False,0.0,-0.020096854700938138,0.0
418,21.672034673159942,,16.28365625,16.311391980518465,16.28365625,0.0,0.04146762192249298,16.34765625,0.04541015625,False,False,0.0,-0.01351312510089997,0.0
419,21.723934405017644,,16.28365625,16.318126067700618,16.371546875,0.0,-0.07387206482235342,16.435546875,0.045654296875,False,False,0.0,0.006734087182167059,0.087890625
420,21.775704600149766,,16.28365625,16.335626724171895,16.371546875,0.0,2.3561999201774597,16.435546875,0.045654296875,False,False,0.0,0.017500656471270304,0.0
421,21.827607518061996,,16.28365625,16.31860119683318,16.28365625,0.0,0.04412904381752014,16.34765625,0.04541015625,False,False,0.0,-0.017025527338716984,-0.087890625
422,21.879397102165967,,16.28365625,16.335946201000628,16.371546875,0.0,0.6744421273469925,16.435546875,0.045654296875,False,False,0.0,0.01734500416745277,0.087890625
423,21.931296557188034,,16.28365625,16.34760898180282,16.371546875,0.0,2.3803163319826126,16.435546875,0.045654296875,False,False,0.0,0.011662780802197403,0.0
424,21.982953439000994,,16.28365625,16.355451035614216,16.371546875,0.0,0.07092900574207306,16.435546875,0.045654296875,False,False,0.0,0.007842053811401684,0.0
425,22.034569858107716,,16.28365625,16.360724032597002,16.371546875,0.0,-0.0819663010770455,16.435546875,0.045654296875,False,False,0.0,0.005272996982796485,0.0
426,22.086243666009977,,16.28365625,16.365579506029942,16.371546875,0.0,-0.08197300659958273,16.435546875,0.045654296875,False,False,0.0,0.004855473432940016,0.0
427,22.137875771149993,,16.28365625,16.367534416104533,16.371546875,0.0,4.075436554849148,16.435546875,0.045654296875,False,False,0.0,0.001954910074601912,0.0
428,22.18982054013759,,16.28365625,16.368848897638685,16.371546875,0.0,0.11647827923297882,16.435546875,0.045654296875,False,False,0.0,0.0013144815341661342,0.0
429,22.241575440159068,,16.28365625,16.369732755022255,16.371546875,0.0,1.8813617527484894,16.435546875,0.045654296875,False,False,0.0,0.0008838573835703301,0.0
430,22.293395821005106,,16.28365625,16.341534091976964,16.28365625,0.0,0.04404790699481964,16.34765625,0.04541015625,False,False,0.0,-0.02819866304528773,-0.087890625
431,22.345334238139912,,16.28365625,16.322573310945312,16.28365625,0.0,1.8169941008090973,16.34765625,0.04541015625,False,False,0.0,-0.018960781031637453,0.0
432,22.396935306023806,,16.28365625,16.315568239975153,16.28365625,0.0,0.28008833527565,16.34765625,0.04541015625,False,False,0.0,-0.007005070970166116,0.0
433,22.44861004012637,,16.28365625,16.301251500088622,16.28365625,0.0,0.04137106239795685,16.34765625,0.04541015625,False,False,0.0,-0.014316739886538699,0.0
434,22.50025644013658,,16.28365625,16.29548729615959,16.28365625,0.0,7.066077142953873,16.34765625,0.04541015625,False,False,0.0,-0.005764203929032874,0.0
435,22.551982544129714,,16.28365625,16.291611445437706,16.28365625,0.0,0.038683488965034485,16.34765625,0.04541015625,False,False,0.0,-0.0038758507218972227,0.0
436,22.60420716414228,,16.28365625,16.28900532341231,16.28365625,0.0,-22.79765009880066,16.34765625,0.04541015625,False,False,0.0,-0.0026061220253836836,0.0
437,22.656039878027514,,16.28365625,16.288042490198098,16.28365625,0.0,9.08040001988411,16.34765625,0.04541015625,False,False,0.0,-0.0009628332142028739,0.0
438,22.707803445169702,,16.28365625,16.286074682485545,16.28365625,0.0,0.04671469330787659,16.34765625,0.04541015625,False,False,0.0,-0.001967807712560443,0.0
439,22.759630399988964,,16.28365625,16.285282404003283,16.28365625,0.0,0.10840550065040588,16.34765625,0.04541015625,False,False,0.0,-0.0007922784822653739,0.0
440,22.81144902203232,,16.28365625,16.284749675951808,16.28365625,0.0,8.978459984064102,16.34765625,0.04541015625,False,False,0.0,-0.0005327280514677568,0.0
441,22.863362939096987,,16.28365625,16.284391469609993,16.28365625,0.0,0.14058127999305725,16.34765625,0.04541015625,False,False,0.0,-0.0003582063418150483,0.0
442,22.91516426508315,,16.28365625,16.284150611665762,16.28365625,0.0,0.16740337014198303,16.34765625,0.04541015625,False,False,0.0,-0.00024085794422035178,0.0
443,22.966986295068637,,16.28365625,16.283988658784054,16.28365625,0.0,0.36052241921424866,16.34765625,0.04541015625,False,False,0.0,-0.00016195288171161337,0.0
444,23.01869130716659,,16.28365625,16.296852417916398,16.28365625,0.0,6.095079258084297,16.34765625,0.04541015625,False,False,0.0,0.012863759132358155,0.0
445,23.070481522008777,,16.28365625,16.29252935330699,16.28365625,0.0,0.6260503828525543,16.34765625,0.04541015625,False,False,0.0,-0.004323064609423,0.0
446,23.122366422088817,,16.28365625,16.28962252466362,16.28365625,0.0,0.03864660859107971,16.34765625,0.04541015625,False,False,0.0,-0.0029068286433755475,0.0
447,23.174455580068752,,16.28365625,16.316460941833817,16.371546875,0.0,-0.08205280231777579,16.435546875,0.045654296875,False,False,0.0,0.02683841717021096,0.087890625
448,23.22612701705657,,16.28365625,16.33450709353906,16.371546875,0.0,-0.0820588372880593,16.435546875,0.045654296875,False,False,0.0,0.018046151705249258,0.0
449,23.27774801105261,,16.28365625,16.333668669695662,16.371546875,0.0,2.80935175716877,16.435546875,0.045654296875,False,False,0.0,-0.0008384238433905011,0.0
450,23.329700466012582,,16.28365625,16.346077569753362,16.371546875,0.0,-0.08208029496017843,16.435546875,0.045654296875,False,False,0.0,0.012408900057693018,0.0
451,23.381578440079466,,16.28365625,16.35750391510477,16.371546875,0.0,0.0198228657245636,16.435546875,0.045654296875,False,False,0.0,0.01142634535139564,0.0
452,23.433412396116182,,16.28365625,16.346284076266446,16.28365625,0.0,8.460717871785164,16.34765625,0.04541015625,False,False,0.0,-0.0112198388383149,-0.087890625
453,23.484969408018515,,16.28365625,16.325767200381563,16.28365625,0.0,0.04394128918647766,16.34765625,0.04541015625,False,False,0.0,-0.020516875884879937,0.0
454,23.536814104998484,,16.28365625,16.311971653036565,16.28365625,0.0,10.84518626332283,16.34765625,0.04541015625,False,False,0.0,-0.013795547345011983,0.0
455,23.588508876040578,,16.28365625,16.306874880489982,16.28365625,0.0,0.035883933305740356,16.34765625,0.04541015625,False,False,0.0,-0.0050967725465795866,0.0
456,23.63996440800838,,16.28365625,16.299268457141462,16.28365625,0.0,0.03857016563415527,16.34765625,0.04541015625,False,False,0.0,-0.007606423348534008,0.0
457,23.691921881167218,,16.28365625,16.29415389808192,16.28365625,0.0,0.03857150673866272,16.34765625,0.04541015625,False,False,0.0,-0.005114559059535395,0.0
458,23.743552671046928,,16.28365625,16.28944431722763,16.28365625,0.0,0.04393458366394043,16.34765625,0.04541015625,False,False,0.0,-0.004709580854296291,0.0
459,23.79541436699219,,16.28365625,16.28754814640386,16.28365625,0.0,0.03857150673866272,16.34765625,0.04541015625,False,False,0.0,-0.0018961708237839048,0.0
460,23.84729834110476,,16.28365625,16.286273161141953,16.28365625,0.0,0.03857150673866272,16.34765625,0.04541015625,False,False,0.0,-0.0012749852619151625,0.0
461,23.89906457508914,,16.28365625,16.285415861051852,16.28365625,0.0,0.03587856888771057,16.34765625,0.04541015625,False,False,0.0,-0.0008573000901037631,0.0
462,23.950711384182796,,16.28365625,16.284839412471264,16.28365625,0.0,4.61709089577198,16.34765625,0.04541015625,False,False,0.0,-0.0005764485806025732,0.0
463,24.00254589598626,,16.28365625,16.28445180844568,16.28365625,0.0,8.522387892007828,16.34765625,0.04541015625,False,False,0.0,-0.00038760402557613816,0.0
464,24.054416185012087,,16.28365625,16.28419118349888,16.28365625,0.0,3.5522545874118805,16.34765625,0.04541015625,False,False,0.0,-0.00026062494680445525,0.0
465,24.106019494123757,,16.28365625,16.312808908034647,16.371546875,0.0,1.1892277747392654,16.435546875,0.045654296875,False,False,0.0,0.0286177245357635,0.087890625
466,24.15773922810331,,16.28365625,16.332051466012498,16.371546875,0.0,-0.08215003239456564,16.435546875,0.045654296875,False,False,0.0,0.019242557977861452,0.0
467,24.209429019130766,,16.28365625,16.316197193246804,16.28365625,0.0,0.046592652797698975,16.34765625,0.04541015625,False,False,0.0,-0.015854272765693622,-0.087890625
468,24.26117651211098,,16.28365625,16.305536780239155,16.28365625,0.0,0.39796069264411926,16.34765625,0.04541015625,False,False,0.0,-0.010660413007656189,0.0
469,24.31299761706032,,16.28365625,16.29836871853281,16.28365625,0.0,9.394091069698334,16.34765625,0.04541015625,False,False,0.0,-0.007168061706352091,0.0
470,24.364629722200334,,16.28365625,16.29354891384146,16.28365625,0.0,0.038538649678230286,16.34765625,0.04541015625,False,False,0.0,-0.004819804691351237,0.0
471,24.416801157174632,,16.28365625,16.290308077166994,16.28365625,0.0,0.03853932023048401,16.34765625,0.04541015625,False,False,0.0,-0.003240836674478942,0.0
472,24.468812835169956,,16.28365625,16.288128938587086,16.28365625,0.0,1.27235546708107,16.34765625,0.04541015625,False,False,0.0,-0.0021791385799190266,0.0
473,24.520819493103772,,16.28365625,16.286663685805955,16.28365625,0.0,5.582668036222458,16.34765625,0.04541015625,False,False,0.0,-0.0014652527811449545,0.0
474,24.572651023045182,,16.28365625,16.314107422615454,16.371546875,0.0,4.592929556965828,16.435546875,0.045654296875,False,False,0.0,0.027443736809487973,0.087890625
475,24.62489518104121,,16.28365625,16.332924587216635,16.371546875,0.0,-0.06607287155929953,16.435546875,0.045654296875,False,False,0.0,0.018817164601188097,0.0
476,24.676692452048883,,16.28365625,16.33987659901764,16.371546875,0.0,0.1565404236316681,16.435546875,0.045654296875,False,False,0.0,0.006952011800990476,0.0
477,24.72882786905393,,16.28365625,16.354084898272152,16.371546875,0.0,-0.04730813729111105,16.435546875,0.045654296875,False,False,0.0,0.014208299254505619,0.0
478,24.780741806142032,,16.28365625,16.346832785598195,16.371546875,0.0,0.985337644815445,16.435546875,0.045654296875,False,False,0.0,-0.007252112673967304,0.0
479,24.832803890109062,,16.28365625,16.35492912128623,16.371546875,0.0,-0.08218758332077414,16.435546875,0.045654296875,False,False,0.0,0.00809633568803747,0.0
480,24.884767272043973,,16.28365625,16.344552784902863,16.28365625,0.0,-8.118097186088562,16.34765625,0.04541015625,False,False,0.0,-0.01037633638335933,-0.087890625
481,24.936742413090542,,16.28365625,16.324603080068684,16.28365625,0.0,0.04654839634895325,16.34765625,0.04541015625,False,False,0.0,-0.019949704834175463,0.0
482,24.98867720202543,,16.28365625,16.31118889853818,16.28365625,0.0,1.1489322781562805,16.34765625,0.04541015625,False,False,0.0,-0.013414181530492897,0.0
483,25.040781546151266,,16.28365625,16.30216920287707,16.28365625,0.0,0.03581419587135315,16.34765625,0.04541015625,False,False,0.0,-0.009019695661095284,0.0
484,25.092784150037915,,16.28365625,16.29610435951454,16.28365625,0.0,4.861108213663101,16.34765625,0.04541015625,False,False,0.0,-0.006064843362537431,0.0
485,25.144769327016547,,16.28365625,16.30784667133758,16.371546875,0.0,-0.02587728464277461,16.435546875,0.045654296875,False,False,0.0,0.011742311823041973,0.087890625
486,25.196721764979884,,16.28365625,16.32871485805739,16.371546875,0.0,1.3930059224367142,16.435546875,0.045654296875,False,False,0.0,0.0208681867198095,0.0
487,25.24868772015907,,16.28365625,16.32692631430779,16.28365625,0.0,1.8221600353717804,16.34765625,0.04541015625,False,False,0.0,-0.001788543749597693,-0.087890625
488,25.300617158180103,,16.28365625,16.312751041240556,16.28365625,0.0,0.8377886563539505,16.34765625,0.04541015625,False,False,0.0,-0.01417527306722377,0.0
489,25.352698483038694,,16.28365625,16.30321958763015,16.28365625,0.0,0.04384540021419525,16.34765625,0.04541015625,False,False,0.0,-0.00953145361040697,0.0
490,25.404589273035526,,16.28365625,16.296810638222514,16.28365625,0.0,0.03847494721412659,16.34765625,0.04541015625,False,False,0.0,-0.0064089494076426945,0.0
491,25.45665187598206,,16.28365625,16.292501260640815,16.28365625,0.0,0.04651017487049103,16.34765625,0.04541015625,False,False,0.0,-0.004309377581705576,0.0
492,25.50866335001774,,16.28365625,16.289603635154887,16.28365625,0.0,8.050211817026138,16.34765625,0.04541015625,False,False,0.0,-0.0028976254859287565,0.0
493,25.560688991099596,,16.28365625,16.303475584278146,16.371546875,0.0,-0.05274162220302969,16.435546875,0.045654296875,False,False,0.0,0.0138719491232564,0.087890625
494,25.61258746520616,,16.28365625,16.325775739118626,16.371546875,0.0,-0.08225732075516135,16.435546875,0.045654296875,False,False,0.0,0.022300154840479536,0.0
495,25.664378978079185,,16.28365625,16.311977394483364,16.28365625,0.0,0.8833332359790802,16.34765625,0.04541015625,False,False,0.0,-0.013798344635262083,-0.087890625
496,25.71621708199382,,16.28365625,16.302699387550614,16.28365625,0.0,0.03575518727302551,16.34765625,0.04541015625,False,False,0.0,-0.009278006932760263,0.0
497,25.76797768706456,,16.28365625,16.32525382443903,16.371546875,0.0,-0.020577238319674507,16.435546875,0.045654296875,False,False,0.0,0.022554436888412965,0.087890625
498,25.81979418103583,,16.28365625,16.340419427802804,16.371546875,0.0,9.383231475949287,16.435546875,0.045654296875,False,False,0.0,0.015165603363783475,0.0
499,25.871612027054653,,16.28365625,16.350616779504602,16.371546875,0.0,0.9986358694732189,16.435546875,0.045654296875,False,False,0.0,0.010197351701805246,0.0
500,25.92341713211499,,16.28365625,16.357473478788894,16.371546875,0.0,-0.08229688333813101,16.435546875,0.045654296875,False,False,0.0,0.006856699284298884,0.0
501,25.975201330147684,,16.28365625,16.36208392338765,16.371546875,0.0,3.50380752235651,16.435546875,0.045654296875,False,False,0.0,0.0046104445987680265,0.0
502,26.027223007986322,,16.28365625,16.366329306295405,16.371546875,0.0,0.08129842579364777,16.435546875,0.045654296875,False,False,0.0,0.004245382907754447,0.0
503,26.07936255610548,,16.28365625,16.36803858180303,16.371546875,0.0,-0.05281538295093924,16.435546875,0.045654296875,False,False,0.0,0.001709275507636221,0.0
504,26.13132532709278,,16.28365625,16.36918789865436,16.371546875,0.0,-0.08232638763729483,16.435546875,0.045654296875,False,False,0.0,0.001149316851325466,0.0
505,26.183238764991984,,16.28365625,16.35414038680519,16.28365625,0.0,10.807430818676949,16.34765625,0.04541015625,False,False,0.0,-0.01504751184916131,-0.087890625
506,26.235195962013677,,16.28365625,16.331049783587808,16.28365625,0.0,-2.7538229897618294,16.34765625,0.04541015625,False,False,0.0,-0.023090603217383432,0.0
507,26.287231140071526,,16.28365625,16.31552366198444,16.28365625,0.0,0.04640355706214905,16.34765625,0.04541015625,False,False,0.0,-0.015526121603357979,0.0
508,26.339343114057556,,16.28365625,16.30508389781834,16.28365625,0.0,3.042431026697159,16.34765625,0.04541015625,False,False,0.0,-0.010439764166108034,0.0
509,26.39141873619519,,16.28365625,16.298064200393046,16.28365625,0.0,0.035674721002578735,16.34765625,0.04541015625,False,False,0.0,-0.007019697425278082,0.0
510,26.443365229060873,,16.28365625,16.306316812094288,16.28365625,0.0,0.04372067749500275,16.34765625,0.04541015625,False,False,0.0,0.00825261170123781,0.0
511,26.495348611148074,,16.28365625,16.3147135244522,16.371546875,0.0,8.868182972073555,16.435546875,0.045654296875,False,False,0.0,0.008396712357921388,0.087890625
512,26.547380808042362,,16.28365625,16.333332130091662,16.371546875,0.0,0.06515756249427795,16.435546875,0.045654296875,False,False,0.0,0.018618605639460384,0.0
513,26.59946402302012,,16.28365625,16.345851280523632,16.371546875,0.0,1.1755860596895218,16.435546875,0.045654296875,False,False,0.0,0.01251915043195595,0.0
514,26.651499201077968,,16.28365625,16.35426915727409,16.371546875,0.0,-0.08237533795181662,16.435546875,0.045654296875,False,False,0.0,0.008417876750456799,0.0
515,26.703418324002996,,16.28365625,16.344109025101098,16.28365625,0.0,0.30922718346118927,16.34765625,0.04541015625,False,False,0.0,-0.010160132172984504,-0.087890625
516,26.755574668059126,,16.28365625,16.340125008477976,16.371546875,0.0,-0.0823746673995629,16.435546875,0.045654296875,False,False,0.0,-0.0039840166231215335,0.087890625
517,26.807409384055063,,16.28365625,16.35041881195059,16.371546875,0.0,0.027586519718170166,16.435546875,0.045654296875,False,False,0.0,0.010293803472620766,0.0
518,26.85937330313027,,16.28365625,16.357340365405577,16.371546875,0.0,-0.036793875333387405,16.435546875,0.045654296875,False,False,0.0,0.006921553454986906,0.0
519,26.911175279179588,,16.28365625,16.363713860217942,16.371546875,0.0,-0.08239679562393576,16.435546875,0.045654296875,False,False,0.0,0.006373494812351055,0.0
520,26.963383438065648,,16.28365625,16.36627995586054,16.371546875,0.0,-0.06363139080349356,16.435546875,0.045654296875,False,False,0.0,0.0025660956426065695,0.0
521,27.015407543163747,,16.28365625,16.368005398570624,16.371546875,0.0,-1.1016526445746422,16.435546875,0.045654296875,False,False,0.0,0.0017254427100965586,0.0
522,27.067934181075543,,16.28365625,16.369165586248887,16.371546875,0.0,-0.08242361771408468,16.435546875,0.045654296875,False,False,0.0,0.0011601876782663112,0.0
523,27.120071785058826,,16.28365625,16.369945696443754,16.371546875,0.0,-0.08242898213211447,16.435546875,0.045654296875,False,False,0.0,0.0007801101948530231,0.0
524,27.171983872074634,,16.28365625,16.370470242538783,16.371546875,0.0,7.060288265347481,16.435546875,0.045654296875,False,False,0.0,0.0005245460950220604,0.0
525,27.224169531138614,,16.28365625,16.370822947333075,16.371546875,0.0,-0.08244306372944266,16.435546875,0.045654296875,False,False,0.0,0.0003527047942952777,0.0
526,27.27648452320136,,16.28365625,16.371060106036758,16.371546875,0.0,-0.08244507538620383,16.435546875,0.045654296875,False,False,0.0,0.00023715870366913805,0.0
527,27.32878297707066,,16.28365625,16.342426602799115,16.28365625,0.0,-0.0663519836962223,16.34765625,0.04541015625,False,False,0.0,-0.0286335032376428,-0.087890625
528,27.382820329163224,,16.28365625,16.323173435222127,16.28365625,0.0,0.043620765209198,16.34765625,0.04541015625,False,False,0.0,-0.019253167576977148,0.0
529,27.43461788003333,,16.28365625,16.326047917843358,16.371546875,0.0,0.6632090359926224,16.435546875,0.045654296875,False,False,0.0,0.002874482621223251,0.087890625
530,27.486741891130805,,16.28365625,16.340953376207874,16.371546875,0.0,-0.0717216037446633,16.435546875,0.045654296875,False,False,0.0,0.014905458364523838,0.0
531,27.538864995120093,,16.28365625,16.35097580641217,16.371546875,0.0,0.46470411121845245,16.435546875,0.045654296875,False,False,0.0,0.010022430204287502,0.0
532,27.59136785613373,,16.28365625,16.341894575981538,16.28365625,0.0,-0.06637344136834145,16.34765625,0.04541015625,False,False,0.0,-0.009081230430638243,-0.087890625
533,27.644008364062756,,16.28365625,16.315766999319788,16.28365625,0.0,0.038233548402786255,16.34765625,0.04541015625,False,False,0.0,-0.02612757666173593,0.0
534,27.696170875104144,,16.28365625,16.305247517842627,16.28365625,0.0,0.038233548402786255,16.34765625,0.04541015625,False,False,0.0,-0.010519481477160753,0.0
535,27.74834355316125,,16.28365625,16.298174218497383,16.28365625,0.0,0.0382174551486969,16.34765625,0.04541015625,False,False,0.0,-0.007073299345250916,0.0
536,27.80060089705512,,16.28365625,16.293418132017642,16.28365625,0.0,0.08649855852127075,16.34765625,0.04541015625,False,False,0.0,-0.004756086479744681,0.0
537,27.852827611146495,,16.28365625,16.290220139468662,16.28365625,0.0,10.48005111515522,16.34765625,0.04541015625,False,False,0.0,-0.003197992548990669,0.0
538,27.90496278903447,,16.28365625,16.288069809278728,16.28365625,0.0,0.04357181489467621,16.34765625,0.04541015625,False,False,0.0,-0.0021503301899201688,0.0
539,27.957054950064048,,16.28365625,16.286623927259015,16.28365625,0.0,0.04357181489467621,16.34765625,0.04541015625,False,False,0.0,-0.0014458820197091882,0.0
540,28.009029259206727,,16.28365625,16.285651716188962,16.28365625,0.0,0.04355974495410919,16.34765625,0.04541015625,False,False,0.0,-0.0009722110700636222,0.0
541,28.061008827062324,,16.28365625,16.284998001465457,16.28365625,0.0,1.2720121443271637,16.34765625,0.04541015625,False,False,0.0,-0.0006537147235121665,0.0
542,28.113190801115707,,16.28365625,16.284558443685377,16.28365625,0.0,0.03819599747657776,16.34765625,0.04541015625,False,False,0.0,-0.00043955778008353263,0.0
543,28.16509246197529,,16.28365625,16.28426288503405,16.28365625,0.0,0.03819599747657776,16.34765625,0.04541015625,False,False,0.0,-0.00029555865131669634,0.0
544,28.21725832601078,,16.28365625,16.312857120146894,16.371546875,0.0,-0.08250944840256125,16.435546875,0.045654296875,False,False,0.0,0.02859423511284831,0.087890625
545,28.26941530010663,,16.28365625,16.33208388383677,16.371546875,0.0,0.03817923367023468,16.435546875,0.045654296875,False,False,0.0,0.019226763689886184,0.0
546,28.32149651600048,,16.28365625,16.345011959741843,16.371546875,0.0,1.9827760756015778,16.435546875,0.045654296875,False,False,0.0,0.01292807590508005,0.0
547,28.373682713136077,,16.28365625,16.324911829230416,16.28365625,0.0,0.035486966371536255,16.34765625,0.04541015625,False,False,0.0,-0.02010013051142323,-0.087890625
548,28.425733188167214,,16.28365625,16.311396501474533,16.28365625,0.0,0.035486966371536255,16.34765625,0.04541015625,False,False,0.0,-0.013515327755897033,0.0
549,28.477744663134217,,16.28365625,16.302308795091477,16.28365625,0.0,0.5129195004701614,16.34765625,0.04541015625,False,False,0.0,-0.009087706383070326,0.0
550,28.52991278609261,,16.28365625,16.309760978982,16.371546875,0.0,2.0122475177049637,16.435546875,0.045654296875,False,False,0.0,0.007452183890507058,0.087890625
551,28.582013705046847,,16.28365625,16.33000203851749,16.371546875,0.0,-0.08256309782154858,16.435546875,0.045654296875,False,False,0.0,0.020241059535493378,0.0
552,28.63399410713464,,16.28365625,16.343612126949164,16.371546875,0.0,-0.08256846223957837,16.435546875,0.045654296875,False,False,0.0,0.013610088431676104,0.0
553,28.68606171105057,,16.28365625,16.352763550410614,16.371546875,0.0,13.336507827043533,16.435546875,0.045654296875,False,False,0.0,0.009151423461446484,0.0
554,28.737966280197725,,16.28365625,16.358916967546097,16.371546875,0.0,-0.08258857880719006,16.435546875,0.045654296875,False,False,0.0,0.006153417135493555,0.0
555,28.789809979032725,,16.28365625,16.347234212727997,16.28365625,0.0,1.9666177779436111,16.34765625,0.04541015625,False,False,0.0,-0.011682754818110652,-0.087890625
556,28.841662251157686,,16.28365625,16.342226384638302,16.371546875,0.0,1.0653921961784363,16.435546875,0.045654296875,False,False,0.0,-0.005007828089702571,0.087890625
557,28.89335363614373,,16.28365625,16.351831777280797,16.371546875,0.0,4.595171883702278,16.435546875,0.045654296875,False,False,0.0,0.0096053926424986,0.0
558,28.945204650051892,,16.28365625,16.342470130793604,16.28365625,0.0,4.9170369654893875,16.34765625,0.04541015625,False,False,0.0,-0.009361646487207054,-0.087890625
559,28.997008683159947,,16.28365625,16.32320270344562,16.28365625,0.0,0.03540113568305969,16.34765625,0.04541015625,False,False,0.0,-0.019267427347983812,0.0
560,29.048959548119456,,16.28365625,16.310247285296835,16.28365625,0.0,0.04612930119037628,16.34765625,0.04541015625,False,False,0.0,-0.012955418148777653,0.0
561,29.10086922813207,,16.28365625,16.317356374633594,16.371546875,0.0,-0.028970542189199477,16.435546875,0.045654296875,False,False,0.0,0.00710908933675114,0.087890625
562,29.15285348217003,,16.28365625,16.335109182553634,16.371546875,0.0,-0.08261674200184643,16.435546875,0.045654296875,False,False,0.0,0.017752807920032865,0.0
563,29.204754068981856,,16.28365625,16.34704617059906,16.371546875,0.0,0.6415696442127228,16.435546875,0.045654296875,False,False,0.0,0.011936988045420094,0.0
564,29.25661241612397,,16.28365625,16.355072601360806,16.371546875,0.0,-0.04776411282364279,16.435546875,0.045654296875,False,False,0.0,0.008026430761731262,0.0
565,29.308605522150174,,16.28365625,16.36046957340501,16.371546875,0.0,-0.08264356409199536,16.435546875,0.045654296875,False,False,0.0,0.005396972044195536,0.0
566,29.360423351172358,,16.28365625,16.36409849740753,16.371546875,0.0,-0.08265429292805493,16.435546875,0.045654296875,False,False,0.0,0.003628924002526901,0.0
567,29.412238902179524,,16.28365625,16.356802499818595,16.371546875,0.0,-0.07730596291366965,16.435546875,0.045654296875,False,False,0.0,-0.007295997588926184,0.0
568,29.46432954398915,,16.28365625,16.361632757128024,16.371546875,0.0,0.37597663700580597,16.435546875,0.045654296875,False,False,0.0,0.004830257309436092,0.0
569,29.516417797189206,,16.28365625,16.349060309642883,16.28365625,0.0,-0.07463984191417694,16.34765625,0.04541015625,False,False,0.0,-0.012572447485126759,-0.087890625
570,29.568363866070285,,16.28365625,16.327633939703876,16.28365625,0.0,-0.07463984191417694,16.34765625,0.04541015625,False,False,0.0,-0.021426369939007373,0.0
571,29.62021088018082,,16.28365625,16.313226848556887,16.28365625,0.0,1.3925237953662872,16.34765625,0.04541015625,False,False,0.0,-0.014407091146978246,0.0
572,29.671932246070355,,16.28365625,16.303539520469652,16.28365625,0.0,0.03800824284553528,16.34765625,0.04541015625,False,False,0.0,-0.009687328087238711,0.0
573,29.72362081706524,,16.28365625,16.31284607356379,16.371546875,0.0,0.019227415323257446,16.435546875,0.045654296875,False,False,0.0,0.00930655309414874,0.087890625
574,29.77522111008875,,16.28365625,16.33207645611429,16.371546875,0.0,6.515521556138992,16.435546875,0.045654296875,False,False,0.0,0.019230382550489367,0.0
575,29.827271530171856,,16.28365625,16.34500696534125,16.371546875,0.0,0.051386430859565735,16.435546875,0.045654296875,False,False,0.0,0.012930509226947606,0.0
576,29.87898324802518,,16.28365625,16.35370143974546,16.371546875,0.0,-0.08273811195977032,16.435546875,0.045654296875,False,False,0.0,0.008694474404222774,0.0
577,29.930811985163018,,16.28365625,16.34372729183485,16.28365625,0.0,-0.18466221168637276,16.34765625,0.04541015625,False,False,0.0,-0.009974147910611464,-0.087890625
578,29.98253990802914,,16.28365625,16.324048018529755,16.28365625,0.0,-8.022100254893303,16.34765625,0.04541015625,False,False,0.0,-0.01967927330508701,0.0
579,30.0341752381064,,16.28365625,16.316777500194398,8.109828125,0.0,-27.194536328315735,8.173828125,0.022705078125,True,False,0.0,-0.007270518335360521,-8.173828125
580,30.087328097084537,,16.28365625,16.305926978630715,16.28365625,0.0,-0.06935589015483856,16.34765625,0.04541015625,False,False,0.0,-0.01085052156366828,8.173828125
581,30.13970831106417,,16.28365625,16.3274240566813,16.371546875,0.0,1.1590904742479324,16.435546875,0.045654296875,False,False,0.0,0.021497078050572327,0.087890625
582,30.191799157997593,,16.28365625,16.341878691962506,16.371546875,0.0,4.962452128529549,16.435546875,0.045654296875,False,False,0.0,0.01445463528119717,0.0
583,30.244024355197325,,16.28365625,16.351597988725587,16.371546875,0.0,8.859691098332405,16.435546875,0.045654296875,False,False,0.0,0.009719296763080365,0.0
584,30.296320867026225,,16.28365625,16.358133243869084,16.371546875,0.0,-0.08279913221485913,16.435546875,0.045654296875,False,False,0.0,0.006535255143489849,0.0
585,30.348328195046633,,16.28365625,16.362527549427572,16.371546875,0.0,4.243598654866219,16.435546875,0.045654296875,False,False,0.0,0.004394305558491851,0.0
586,30.400474226102233,,16.28365625,16.349661967985103,16.28365625,0.0,0.043253302574157715,16.34765625,0.04541015625,False,False,0.0,-0.012865581442468965,-0.087890625
587,30.452466888120398,,16.28365625,16.343858807273186,16.371546875,0.0,-0.04526228236500174,16.435546875,0.045654296875,False,False,0.0,-0.00580316071190623,0.087890625
588,30.504352735122666,,16.28365625,16.352929418260487,16.371546875,0.0,-0.08281522546894848,16.435546875,0.045654296875,False,False,0.0,0.009070610987294003,0.0
589,30.55644965497777,,16.28365625,16.359028497088353,16.371546875,0.0,0.2497679740190506,16.435546875,0.045654296875,False,False,0.0,0.006099078827872972,0.0
590,30.608440187061206,,16.28365625,16.33433654894221,16.28365625,0.0,0.12102194130420685,16.34765625,0.04541015625,False,False,0.0,-0.02469194814614184,-0.087890625
591,30.660715773003176,,16.28365625,16.31773368300874,16.28365625,0.0,0.0459153950214386,16.34765625,0.04541015625,False,False,0.0,-0.016602865933464273,0.0
592,30.71264000912197,,16.28365625,16.306569915955073,16.28365625,0.0,0.03787145018577576,16.34765625,0.04541015625,False,False,0.0,-0.011163767053659512,0.0
593,30.76496100309305,,16.28365625,16.299063398988192,16.28365625,0.0,0.0459153950214386,16.34765625,0.04541015625,False,False,0.0,-0.0075065169668846465,0.0
594,30.817142478190362,,16.28365625,16.29401601697966,16.28365625,0.0,0.04323452711105347,16.34765625,0.04541015625,False,False,0.0,-0.00504738200854149,0.0
595,30.868867177981883,,16.28365625,16.28936829400004,16.28365625,0.0,0.037868767976760864,16.34765625,0.04541015625,False,False,0.0,-0.004647722979626678,0.0
596,30.920599453151226,,16.28365625,16.28749702838563,16.28365625,0.0,1.161714345216751,16.34765625,0.04541015625,False,False,0.0,-0.0018712656143975437,0.0
597,30.972779707051814,,16.28365625,16.286238789386495,16.28365625,0.0,0.037868767976760864,16.34765625,0.04541015625,False,False,0.0,-0.0012582389991280252,0.0
598,31.024671184131876,,16.28365625,16.28539274948348,16.28365625,0.0,0.04590936005115509,16.34765625,0.04541015625,False,False,0.0,-0.0008460399030241206,0.0
599,31.076523662079126,,16.28365625,16.284823872252694,16.28365625,0.0,0.04590936005115509,16.34765625,0.04541015625,False,False,0.0,-0.0005688772307905765,0.0
600,31.128967340104282,,16.28365625,16.284441359202713,16.28365625,0.0,0.03786340355873108,16.34765625,0.04541015625,False,False,0.0,-0.000382513049970612,0.0
601,31.181012687040493,,16.28365625,16.284184157427905,16.28365625,0.0,0.5099321901798248,16.34765625,0.04541015625,False,False,0.0,-0.00025720177481503015,0.0
602,31.232916405191645,,16.28365625,16.28401121495452,16.28365625,0.0,4.602971747517586,16.34765625,0.04541015625,False,False,0.0,-0.00017294247339805224,0.0
603,31.28482466004789,,16.28365625,16.28389492843542,16.28365625,0.0,0.6332970410585403,16.34765625,0.04541015625,False,False,0.0,-0.0001162865191020046,0.0
604,31.33712193206884,,16.28365625,16.283816737379976,16.28365625,0.0,0.04588320851325989,16.34765625,0.04541015625,False,False,0.0,-7.819105545081584e-05,0.0
605,31.38895224314183,,16.28365625,16.28376416171429,16.28365625,0.0,0.045882537961006165,16.34765625,0.04541015625,False,False,0.0,-5.257566567706817e-05,0.0
606,31.441229755058885,,16.28365625,16.28372880983669,16.28365625,0.0,0.045882537961006165,16.34765625,0.04541015625,False,False,0.0,-3.535187761372072e-05,0.0
607,31.493171325186267,,16.28365625,16.28370503923419,16.28365625,0.0,9.114431217312813,16.34765625,0.04541015625,False,False,0.0,-2.37706024961426e-05,0.0
608,31.545519781066105,,16.28365625,16.323113697697476,16.371546875,0.0,-0.08286886964924634,16.435546875,0.045654296875,False,False,0.0,0.03940865846328734,0.087890625
609,31.597167500993237,,16.28365625,16.338980406581783,16.371546875,0.0,1.5183991938829422,16.435546875,0.045654296875,False,False,0.0,0.015866708884317404,0.0
610,31.64989780704491,,16.28365625,16.349649181635595,16.371546875,0.0,-0.0828795984853059,16.435546875,0.045654296875,False,False,0.0,0.010668775053801482,0.0
611,31.7018853391055,,16.28365625,16.356822865981773,16.371546875,0.0,5.589981414377689,16.435546875,0.045654296875,False,False,0.0,0.0071736843461849276,0.0
612,31.754098000004888,,16.28365625,16.345826138836145,16.28365625,0.0,7.762560322880745,16.34765625,0.04541015625,False,False,0.0,-0.010996727145624163,-0.087890625
613,31.80641749408096,,16.28365625,16.325459283253426,16.28365625,0.0,0.03511682152748108,16.34765625,0.04541015625,False,False,0.0,-0.02036685558272211,0.0
614,31.858107935171574,,16.28365625,16.311764609559606,16.28365625,0.0,0.03511682152748108,16.34765625,0.04541015625,False,False,0.0,-0.013694673693805726,0.0
615,31.910191857023165,,16.28365625,16.30255631096788,16.28365625,0.0,0.13972297310829163,16.34765625,0.04541015625,False,False,0.0,-0.009208298591715902,0.0
616,31.962258315179497,,16.28365625,16.296364650994803,16.28365625,0.0,0.04315808415412903,16.34765625,0.04541015625,False,False,0.0,-0.006191659973069363,0.0
617,32.01425086706877,,16.28365625,16.29220137882891,16.28365625,0.0,0.03510609269142151,16.34765625,0.04541015625,False,False,0.0,-0.0041632721658970695,0.0
618,32.06593982712366,,16.28365625,16.28940199462456,16.28365625,0.0,0.037787631154060364,16.34765625,0.04541015625,False,False,0.0,-0.0027993842043656514,0.0
619,32.11792171210982,,16.28365625,16.288367760592138,16.28365625,0.0,1.1616338789463043,16.34765625,0.04541015625,False,False,0.0,-0.0010342340324314137,0.0
620,32.17023709509522,,16.28365625,16.286824269722153,16.28365625,0.0,0.3060031682252884,16.34765625,0.04541015625,False,False,0.0,-0.0015434908699774041,0.0
621,32.222371275071055,,16.28365625,16.285786426461176,16.28365625,0.0,-3.0494399741292,16.34765625,0.04541015625,False,False,0.0,-0.001037843260974114,0.0
622,32.27419080911204,,16.28365625,16.313881549402495,16.371546875,0.0,7.427257373929024,16.435546875,0.045654296875,False,False,0.0,0.028095122941323325,0.087890625
623,32.32629350805655,,16.28365625,16.332772710068237,16.371546875,0.0,-47.48024940490723,16.435546875,0.045654296875,False,False,0.0,0.018891160665731377,0.0
624,32.37861640914343,,16.28365625,16.316682157749884,16.28365625,0.0,1.3627566397190094,16.34765625,0.04541015625,False,False,0.0,-0.016090552318360096,-0.087890625
625,32.4303243891336,,16.28365625,16.305862870371023,8.109828125,0.0,-33.33430588245392,8.173828125,0.022705078125,True,False,0.0,-0.010819287378865283,-8.173828125
626,32.482012034161016,,16.28365625,16.298587981537473,16.28365625,0.0,0.03773398697376251,16.34765625,0.04541015625,False,False,0.0,-0.007274888833535442,8.173828125
627,32.53414797410369,,16.28365625,16.3066690025358,16.28365625,0.0,0.037723928689956665,16.34765625,0.04541015625,False,False,0.0,0.008081020998332633,0.0
628,32.586268950020894,,16.28365625,16.29913002480507,16.28365625,0.0,0.04308968782424927,16.34765625,0.04541015625,False,False,0.0,-0.007538977730717988,0.0
629,32.63832270517014,,16.28365625,16.29406081617893,16.28365625,0.0,-46.855337619781494,16.34765625,0.04541015625,False,False,0.0,-0.005069208626139243,0.0
630,32.6903293679934,,16.28365625,16.290652280298715,16.28365625,0.0,0.03772929310798645,16.34765625,0.04541015625,False,False,0.0,-0.003408535880225827,0.0
631,32.742706176126376,,16.28365625,16.288360380772858,16.28365625,0.0,0.043093711137771606,16.34765625,0.04541015625,False,False,0.0,-0.0022918995258578434,0.0
632,32.79446904407814,,16.28365625,16.288360380772858,8.109828125,0.0,-33.414782881736755,8.173828125,0.022705078125,True,False,0.0,0.0,-8.173828125
633,32.846386244054884,,16.28365625,16.31561227628167,16.371546875,0.0,-0.08297615800984204,16.435546875,0.045654296875,False,False,0.0,0.027251895508811685,8.26171875
634,32.89810187113471,,16.28365625,16.333936450821792,16.371546875,0.0,-0.08297615800984204,16.435546875,0.045654296875,False,False,0.0,0.018324174540111926,0.0
635,32.949936795048416,,16.28365625,16.317464657032573,16.28365625,0.0,0.040400102734565735,16.34765625,0.04541015625,False,False,0.0,-0.016471793789207823,-0.087890625
636,33.001683903159574,,16.28365625,16.34172767064373,16.371546875,0.0,0.48294849693775177,16.435546875,0.045654296875,False,False,0.0,0.024263013611147244,0.087890625
637,33.05358356703073,,16.28365625,16.351496441990843,16.371546875,0.0,-0.08299627457745373,16.435546875,0.045654296875,False,False,0.0,0.009768771347125949,0.0
638,33.10543539817445,,16.28365625,16.358064963844644,16.371546875,0.0,-0.08299761568196118,16.435546875,0.045654296875,False,False,0.0,0.006568521853807852,0.0
639,33.15730507997796,,16.28365625,16.36248163793914,16.371546875,0.0,-0.010586679636617191,16.435546875,0.045654296875,False,False,0.0,0.004416674094500195,0.0
640,33.20914748404175,,16.28365625,16.336658440850275,16.28365625,0.0,0.0457330048084259,16.34765625,0.04541015625,False,False,0.0,-0.02582319708886871,-0.087890625
641,33.260966926114634,,16.28365625,16.31929492312772,16.28365625,0.0,-63.82034718990326,16.34765625,0.04541015625,False,False,0.0,-0.01736351772254352,0.0
642,33.31292023812421,,16.28365625,16.30761969381108,16.28365625,0.0,2.3872900754213333,16.34765625,0.04541015625,False,False,0.0,-0.011675229316637115,0.0
643,33.364725791150704,,16.28365625,16.29976926961857,16.28365625,0.0,0.139600932598114,16.34765625,0.04541015625,False,False,0.0,-0.007850424192497485,0.0
644,33.41651477012783,,16.28365625,16.29449064439153,16.28365625,0.0,0.04572227597236633,16.34765625,0.04541015625,False,False,0.0,-0.0052786252270493605,0.0
645,33.468269545119256,,16.28365625,16.290941296788862,16.28365625,0.0,1.794518530368805,16.34765625,0.04541015625,False,False,0.0,-0.00354934760267156,0.0
646,33.520053709158674,,16.28365625,16.28855471546083,16.28365625,0.0,0.034988075494766235,16.34765625,0.04541015625,False,False,0.0,-0.002386581328039483,0.0
647,33.57189279911108,,16.28365625,16.302770290675863,16.371546875,0.0,-0.08302913163788617,16.435546875,0.045654296875,False,False,0.0,0.014215575215018816,0.087890625
648,33.623708351980895,,16.28365625,16.32530149970045,16.371546875,0.0,4.256773665547371,16.435546875,0.045654296875,False,False,0.0,0.022531209024577947,0.0
649,33.675575368106365,,16.28365625,16.340451484648582,16.371546875,0.0,-64.62772965431213,16.435546875,0.045654296875,False,False,0.0,0.015149984948124029,0.0
650,33.72733014309779,,16.28365625,16.35063833452771,16.371546875,0.0,4.559842497110367,16.435546875,0.045654296875,False,False,0.0,0.010186849879119109,0.0
651,33.77918893704191,,16.28365625,16.35748797238643,16.371546875,0.0,-0.083070705877617,16.435546875,0.045654296875,False,False,0.0,0.00684963785872128,0.0
652,33.83111358201131,,16.28365625,16.349121012632633,16.371546875,0.0,0.08054271340370178,16.435546875,0.045654296875,False,False,0.0,-0.00836695975380053,0.0
653,33.882923839148134,,16.28365625,16.32767475639418,16.28365625,0.0,0.04298575222492218,16.34765625,0.04541015625,False,False,0.0,-0.021446256238448314,-0.087890625
654,33.93481891020201,,16.28365625,16.313254293699448,16.28365625,0.0,0.03762200474739075,16.34765625,0.04541015625,False,False,0.0,-0.014420462694744174,0.0
655,33.98663220414892,,16.28365625,16.30355797458351,16.28365625,0.0,0.034941136837005615,16.34765625,0.04541015625,False,False,0.0,-0.009696319115931828,0.0
656,34.038519628113136,,16.28365625,16.294629424080156,16.28365625,0.0,0.6786645948886871,16.34765625,0.04541015625,False,False,0.0,-0.008928550503355837,0.0
657,34.0935480510816,,16.28365625,16.291034612251497,16.28365625,0.0,0.04297032952308655,16.34765625,0.04541015625,False,False,0.0,-0.003594811828662614,0.0
658,34.14606923004612,,16.28365625,16.289706507046226,16.28365625,0.0,0.042969658970832825,16.34765625,0.04541015625,False,False,0.0,-0.0013281052052604991,0.0
659,34.199627607129514,,16.28365625,16.288617460777903,16.28365625,0.0,0.03760591149330139,16.34765625,0.04541015625,False,False,0.0,-0.0010890462683335045,0.0
660,34.25138145708479,,16.28365625,16.286992168127064,16.28365625,0.0,7.899155169725418,16.34765625,0.04541015625,False,False,0.0,-0.0016252926508286691,0.0
661,34.30294841900468,,16.28365625,16.28589932134864,16.28365625,0.0,0.037600547075271606,16.34765625,0.04541015625,False,False,0.0,-0.0010928467784196982,0.0
662,34.35533800604753,,16.28365625,16.28516449117483,16.28365625,0.0,0.04564650356769562,16.34765625,0.04541015625,False,False,0.0,-0.0007348301738261398,0.0
663,34.407279374077916,,16.28365625,16.284670391365953,16.28365625,0.0,0.30312851071357727,16.34765625,0.04541015625,False,False,0.0,-0.0004940998088613924,0.0
664,34.45886779902503,,16.28365625,16.300035727596665,16.371546875,0.0,4.962124899029732,16.435546875,0.045654296875,False,False,0.0,0.015365336230701132,0.087890625
665,34.510515835136175,,16.28365625,16.323462779485997,16.371546875,0.0,-0.08311496232636273,16.435546875,0.045654296875,False,False,0.0,0.023427051889342465,0.0
666,34.566151089034975,,16.28365625,16.33211791667852,16.371546875,0.0,0.3969944268465042,16.435546875,0.045654296875,False,False,0.0,0.008655137192533857,0.0
667,34.618201474193484,,16.28365625,16.339215129176388,16.371546875,0.0,8.961289823055267,16.435546875,0.045654296875,False,False,0.0,0.007097212497853889,0.0
668,34.671437500976026,,16.28365625,16.333986696608207,16.28365625,0.0,-0.06702790036797523,16.34765625,0.04541015625,False,False,0.0,-0.005228432568173957,-0.087890625
669,34.72421590005979,,16.28365625,16.317498442299357,16.28365625,0.0,4.927246123552322,16.34765625,0.04541015625,False,False,0.0,-0.01648825430885381,0.0
670,34.77702894806862,,16.28365625,16.306411740102092,16.28365625,0.0,0.037579089403152466,16.34765625,0.04541015625,False,False,0.0,-0.011086702197275144,0.0
671,34.82874461309984,,16.28365625,16.298957041544647,16.28365625,0.0,0.037579089403152466,16.34765625,0.04541015625,False,False,0.0,-0.007454698557438633,0.0
672,34.880296556977555,,16.28365625,16.293944502234623,16.28365625,0.0,0.037579089403152466,16.34765625,0.04541015625,False,False,0.0,-0.005012539310030206,0.0
673,34.932015852071345,,16.28365625,16.29057407080256,16.28365625,0.0,0.037579089403152466,16.34765625,0.04541015625,False,False,0.0,-0.0033704314320743833,0.0
674,34.983641277998686,,16.28365625,16.28830779270764,16.28365625,0.0,1.6978678107261658,16.34765625,0.04541015625,False,False,0.0,-0.0022662780949076478,0.0
675,35.03535044309683,,16.28365625,16.286783947316618,16.28365625,0.0,0.10194674134254456,16.34765625,0.04541015625,False,False,0.0,-0.0015238453910342287,0.0
676,35.08868578518741,,16.28365625,16.285759313675694,16.28365625,0.0,0.03757372498512268,16.34765625,0.04541015625,False,False,0.0,-0.0010246336409238666,0.0
677,35.140531468205154,,16.28365625,16.285070350015538,16.28365625,0.0,8.183437138795853,16.34765625,0.04541015625,False,False,0.0,-0.000688963660167019,0.0
678,35.19229076313786,,16.28365625,16.300427403350447,16.371546875,0.0,11.399400383234024,16.435546875,0.045654296875,False,False,0.0,0.015357053334923876,0.087890625
679,35.24397874297574,,16.28365625,16.323726142262842,16.371546875,0.0,5.63533253967762,16.435546875,0.045654296875,False,False,0.0,0.023298738912387762,0.0
680,35.29558335407637,,16.28365625,16.310599245557537,16.28365625,0.0,0.08047766983509064,16.34765625,0.04541015625,False,False,0.0,-0.01312689670530176,-0.087890625
681,35.34741990803741,,16.28365625,16.301772720212888,16.28365625,0.0,0.04292204976081848,16.34765625,0.04541015625,False,False,0.0,-0.00882652534465933,0.0
682,35.399050407111645,,16.28365625,16.311658077071147,16.371546875,0.0,-47.445589900016785,16.435546875,0.045654296875,False,False,0.0,0.00988535685826264,0.087890625
683,35.45061027701013,,16.28365625,16.30248467852264,16.28365625,0.0,-0.06973139941692352,16.34765625,0.04541015625,False,False,0.0,-0.009173398548512068,-0.087890625
684,35.502279536100104,,16.28365625,16.29631648533862,16.28365625,0.0,1.9821591675281525,16.34765625,0.04541015625,False,False,0.0,-0.006168193184009851,0.0
685,35.554126793053,,16.28365625,16.292168992241688,16.28365625,0.0,0.045603588223457336,16.34765625,0.04541015625,False,False,0.0,-0.004147493096922972,0.0
686,35.60581447719596,,16.28365625,16.28938021788331,16.28365625,0.0,2.164549380540848,16.34765625,0.04541015625,False,False,0.0,-0.002788774358378987,0.0
687,35.657459957990795,,16.28365625,16.287505046004735,16.28365625,0.0,0.30309632420539856,16.34765625,0.04541015625,False,False,0.0,-0.0018751718785665616,0.0
688,35.7091170870699,,16.28365625,16.286244180433584,16.28365625,0.0,0.045603588223457336,16.34765625,0.04541015625,False,False,0.0,-0.0012608655711403571,0.0
689,35.76070819818415,,16.28365625,16.285083152027305,16.28365625,0.0,-46.863561272621155,16.34765625,0.04541015625,False,False,0.0,-0.001161028406272635,0.0
690,35.812207790091634,,16.28365625,16.284615698923158,16.28365625,0.0,0.03754153847694397,16.34765625,0.04541015625,False,False,0.0,-0.0004674531041359842,0.0
691,35.86372932814993,,16.28365625,16.28430138345593,16.28365625,0.0,1.1265197396278381,16.34765625,0.04541015625,False,False,0.0,-0.0003143154672216042,0.0
692,35.91540471604094,,16.28365625,16.28409003773577,16.28365625,0.0,0.03754153847694397,16.34765625,0.04541015625,False,False,0.0,-0.00021134572017444953,0.0
693,35.96737725101411,,16.28365625,16.283947928873534,16.28365625,0.0,2.3603345453739166,16.34765625,0.04541015625,False,False,0.0,-0.00014210886223509078,0.0
694,36.019184082979336,,16.28365625,16.283852374874563,16.28365625,0.0,0.040221065282821655,16.34765625,0.04541015625,False,False,0.0,-9.555399896044037e-05,0.0
695,36.070774120045826,,16.28365625,16.28378812436566,16.28365625,0.0,9.07389834523201,16.34765625,0.04541015625,False,False,0.0,-6.425050889902195e-05,0.0
696,36.122532471083105,,16.28365625,16.283744922323475,16.28365625,0.0,0.04021838307380676,16.34765625,0.04541015625,False,False,0.0,-4.320204217833634e-05,0.0
697,36.17430819198489,,16.28365625,16.283715873270307,16.28365625,0.0,6.616988182067871,16.34765625,0.04541015625,False,False,0.0,-2.9049053182461648e-05,0.0
698,36.22591774817556,,16.28365625,16.28369634068695,16.28365625,0.0,-1.5610721334815025,16.34765625,0.04541015625,False,False,0.0,-1.9532583365844403e-05,0.0
699,36.27750315517187,,16.28365625,16.28368320697791,16.28365625,0.0,0.1582241803407669,16.34765625,0.04541015625,False,False,0.0,-1.3133709046542208e-05,0.0
700,36.32915797014721,,16.28365625,16.31246734462195,16.371546875,0.0,-0.0805031560594216,16.435546875,0.045654296875,False,False,0.0,0.02878413764403831,0.087890625
701,36.3807756730821,,16.28365625,16.3318217987738,16.371546875,0.0,-0.0805031560594216,16.435546875,0.045654296875,False,False,0.0,0.019354454151851996,0.0
702,36.43236589618027,,16.28365625,16.344835733745505,16.371546875,0.0,-0.08052796649280936,16.435546875,0.045654296875,False,False,0.0,0.013013934971695562,0.0
703,36.484131932025775,,16.28365625,16.35358630362048,16.371546875,0.0,0.12867160141468048,16.435546875,0.045654296875,False,False,0.0,0.008750569874962366,0.0
704,36.535868561128154,,16.28365625,16.359470186804412,16.371546875,0.0,-14.03340607881546,16.435546875,0.045654296875,False,False,0.0,0.005883883183940952,0.0
705,36.58751646801829,,16.28365625,16.363426509857288,16.371546875,0.0,6.573998406529427,16.435546875,0.045654296875,False,False,0.0,0.003956323052875632,0.0
706,36.63915874506347,,16.28365625,16.36706956551199,16.371546875,0.0,-0.08058362232986838,16.435546875,0.045654296875,False,False,0.0,0.003643055654691807,0.0
707,36.690682450076565,,16.28365625,16.339743363350266,16.28365625,0.0,0.09911902248859406,16.34765625,0.04541015625,False,False,0.0,-0.027326202161731317,-0.087890625
708,36.74237204203382,,16.28365625,16.321369225016717,16.28365625,0.0,0.040105730295181274,16.34765625,0.04541015625,False,False,0.0,-0.018374138333541623,0.0
709,36.79390950500965,,16.28365625,16.30901445440124,16.28365625,0.0,0.1715339720249176,16.34765625,0.04541015625,False,False,0.0,-0.012354770615473853,0.0
710,36.84564485610463,,16.28365625,16.300707106639393,16.28365625,0.0,0.040105730295181274,16.34765625,0.04541015625,False,False,0.0,-0.00830734776184272,0.0
711,36.89741091104224,,16.28365625,16.2976379524443,8.109828125,0.0,-24.44310486316681,8.173828125,0.022705078125,True,False,0.0,-0.003069154195088686,-8.173828125
712,36.94902054104023,,16.28365625,16.293057546723546,16.28365625,0.0,7.38398864865303,16.34765625,0.04541015625,False,False,0.0,-0.004580405720759018,8.173828125
713,37.0007765411865,,16.28365625,16.30579799441691,16.371546875,0.0,11.337560713291168,16.435546875,0.045654296875,False,False,0.0,0.01274044769337479,0.087890625
714,37.05252041108906,,16.28365625,16.327337327695933,16.371546875,0.0,7.094298675656319,16.435546875,0.045654296875,False,False,0.0,0.021539333279008588,0.0
715,37.10410235612653,,16.28365625,16.341820375392746,16.371546875,0.0,-0.08062117325607687,16.435546875,0.045654296875,False,False,0.0,0.014483047696813856,0.0
716,37.15577043010853,,16.28365625,16.35155877666408,16.371546875,0.0,-0.08063123153988272,16.435546875,0.045654296875,False,False,0.0,0.009738401271334851,0.0
717,37.20736170816235,,16.28365625,16.358106877678928,16.371546875,0.0,0.14466360211372375,16.435546875,0.045654296875,False,False,0.0,0.006548101014857366,0.0
718,37.25921311508864,,16.28365625,16.36250982080131,16.371546875,0.0,-0.06188326107803732,16.435546875,0.045654296875,False,False,0.0,0.004402943122386205,0.0
719,37.31087152217515,,16.28365625,16.365470359756802,16.371546875,0.0,0.6515732780098915,16.435546875,0.045654296875,False,False,0.0,0.0029605389555058537,0.0
720,37.36279587307945,,16.28365625,16.367461026150472,16.371546875,0.0,-0.08068487572018057,16.435546875,0.045654296875,False,False,0.0,0.00199066639368084,0.0
721,37.414530132198706,,16.28365625,16.368799550233575,16.371546875,0.0,8.172445446252823,16.435546875,0.045654296875,False,False,0.0,0.00133852408310986,0.0
722,37.46609981707297,,16.28365625,16.369699573827056,16.371546875,0.0,-0.02171248328522779,16.435546875,0.045654296875,False,False,0.0,0.000900023593487731,0.0
723,37.51826848112978,,16.28365625,16.370304749691314,16.371546875,0.0,6.343154087662697,16.435546875,0.045654296875,False,False,0.0,0.0006051758642513505,0.0
724,37.56985000008717,,16.28365625,16.354891357442437,16.28365625,0.0,6.39947310090065,16.34765625,0.04541015625,False,False,0.0,-0.015413392248888158,-0.087890625
725,37.6215132412035,,16.28365625,16.331554736244293,16.28365625,0.0,0.03995552659034729,16.34765625,0.04541015625,False,False,0.0,-0.023336621198154717,0.0
726,37.67326786997728,,16.28365625,16.315863192150662,16.28365625,0.0,8.542552068829536,16.34765625,0.04541015625,False,False,0.0,-0.015691544093641596,0.0
727,37.72488942602649,,16.28365625,16.305312197902108,16.28365625,0.0,6.4638253301382065,16.34765625,0.04541015625,False,False,0.0,-0.010550994248546886,0.0
728,37.77667579613626,,16.28365625,16.32701067811938,16.371546875,0.0,5.353384092450142,16.435546875,0.045654296875,False,False,0.0,0.021698480217281713,0.087890625
729,37.82839398109354,,16.28365625,16.34160073621747,16.371546875,0.0,-0.027137922879774123,16.435546875,0.045654296875,False,False,0.0,0.01459005809809355,0.0
730,37.879964370978996,,16.28365625,16.326242563601753,16.28365625,0.0,-0.06737843155860901,16.34765625,0.04541015625,False,False,0.0,-0.015358172615719923,-0.087890625
731,37.93151874211617,,16.28365625,16.318577027153434,16.28365625,0.0,0.04527166485786438,16.34765625,0.04541015625,False,False,0.0,-0.0076655364483144695,0.0
732,37.98312033619732,,16.28365625,16.335929949307967,16.371546875,0.0,-0.08079283463303,16.435546875,0.045654296875,False,False,0.0,0.01735292215454365,0.087890625
733,38.034717929083854,,16.28365625,16.347598054164678,16.371546875,0.0,1.061822846531868,16.435546875,0.045654296875,False,False,0.0,0.011668104856710215,0.0
734,38.086625372990966,,16.28365625,16.35544368787033,16.371546875,0.0,0.15790767967700958,16.435546875,0.045654296875,False,False,0.0,0.007845633705642285,0.0
735,38.13822944811545,,16.28365625,16.35834226155367,16.371546875,0.0,0.9813351184129715,16.435546875,0.045654296875,False,False,0.0,0.0028985736833533338,0.0
736,38.18995294813067,,16.28365625,16.34684778041869,16.28365625,0.0,2.1480799466371536,16.34765625,0.04541015625,False,False,0.0,-0.011494481134974421,-0.087890625
737,38.241668300004676,,16.28365625,16.32614623505353,16.28365625,0.0,0.03718279302120209,16.34765625,0.04541015625,False,False,0.0,-0.02070154536517066,0.0
738,38.293445374118164,,16.28365625,16.34101948469999,16.371546875,0.0,-0.08084714936558157,16.435546875,0.045654296875,False,False,0.0,0.014873249646456088,0.087890625
739,38.34508106019348,,16.28365625,16.351020257762276,16.371546875,0.0,-0.08084714936558157,16.435546875,0.045654296875,False,False,0.0,0.010000773062273538,0.0
740,38.3967033571098,,16.28365625,16.35774477756935,16.371546875,0.0,-0.08085184323135763,16.435546875,0.045654296875,False,False,0.0,0.006724519807079332,0.0
741,38.44829315505922,,16.28365625,16.36226634468763,16.371546875,0.0,-0.0808625720674172,16.435546875,0.045654296875,False,False,0.0,0.004521567118274561,0.0
742,38.50014309911057,,16.28365625,16.365306646417963,16.371546875,0.0,1.0134686529636383,16.435546875,0.045654296875,False,False,0.0,0.0030403017303228808,0.0
743,38.55174217419699,,16.28365625,16.36735094530144,16.371546875,0.0,-0.08087330090347677,16.435546875,0.045654296875,False,False,0.0,0.0020442988834759035,0.0
744,38.60338004515506,,16.28365625,16.36872553187069,16.371546875,0.0,0.5655283480882645,16.435546875,0.045654296875,False,False,0.0,0.001374586569255598,0.0
745,38.65530363610014,,16.28365625,16.369649803879852,16.371546875,0.0,-0.000426471519858751,16.435546875,0.045654296875,False,False,0.0,0.0009242720091720003,0.0
746,38.70686226710677,,16.28365625,16.354450971878816,16.28365625,0.0,-0.07285349071025848,16.34765625,0.04541015625,False,False,0.0,-0.015198832001033225,-0.087890625
747,38.758919802028686,,16.28365625,16.331258620991314,16.28365625,0.0,-38.84686499834061,16.34765625,0.04541015625,False,False,0.0,-0.023192350887512703,0.0
748,38.810767468996346,,16.28365625,16.315664084254557,16.28365625,0.0,0.053213685750961304,16.34765625,0.04541015625,False,False,0.0,-0.015594536736756481,0.0
749,38.86283557815477,,16.28365625,16.305178317752766,16.28365625,0.0,0.03711774945259094,16.34765625,0.04541015625,False,False,0.0,-0.010485766501801663,0.0
750,38.914764781016856,,16.28365625,16.298127688356963,16.28365625,0.0,0.03711774945259094,16.34765625,0.04541015625,False,False,0.0,-0.00705062939579193,0.0
751,38.96673148404807,,16.28365625,16.293386845151222,16.28365625,0.0,2.166786342859268,16.34765625,0.04541015625,False,False,0.0,-0.004740843205752299,0.0
752,39.01863453909755,,16.28365625,16.290199102179685,16.28365625,0.0,0.03711238503456116,16.34765625,0.04541015625,False,False,0.0,-0.0031877429715336802,0.0
753,39.07037354004569,,16.28365625,16.28726376932061,16.28365625,0.0,0.03978922963142395,16.34765625,0.04541015625,False,False,0.0,-0.00293533285906733,0.0
754,39.122224188176915,,16.28365625,16.28608194599118,16.28365625,0.0,0.5252690613269806,16.34765625,0.04541015625,False,False,0.0,-0.0011818233294320635,0.0
755,39.174209650140256,,16.28365625,16.285287287984474,16.28365625,0.0,0.03710165619850159,16.34765625,0.04541015625,False,False,0.0,-0.000794658006697091,0.0
756,39.22601326205768,,16.28365625,16.28475295994076,16.28365625,0.0,0.03710165619850159,16.34765625,0.04541015625,False,False,0.0,-0.0005343280437273279,0.0
757,39.27805664902553,,16.28365625,16.284393677764168,16.28365625,0.0,0.46089135110378265,16.34765625,0.04541015625,False,False,0.0,-0.00035928217658920403,0.0
758,39.32992848311551,,16.28365625,16.284152096428627,16.28365625,0.0,0.03977850079536438,16.34765625,0.04541015625,False,False,0.0,-0.00024158133552987238,0.0
759,39.382085499120876,,16.28365625,16.28398965713861,16.28365625,0.0,0.03977850079536438,16.34765625,0.04541015625,False,False,0.0,-0.00016243929002257573,0.0
760,39.43393218400888,,16.28365625,16.283880432959997,16.28365625,0.0,0.8873565495014191,16.34765625,0.04541015625,False,False,0.0,-0.00010922417860115274,0.0
761,39.48578511015512,,16.28365625,16.283806990622306,16.28365625,0.0,0.03977850079536438,16.34765625,0.04541015625,False,False,0.0,-7.344233767980768e-05,0.0
762,39.53774009109475,,16.28365625,16.283757607994442,16.28365625,0.0,0.03976777195930481,16.34765625,0.04541015625,False,False,0.0,-4.938262787845815e-05,0.0
763,39.58936127810739,,16.28365625,16.283724403115464,16.28365625,0.0,0.03976777195930481,16.34765625,0.04541015625,False,False,0.0,-3.320487897440216e-05,0.0
764,39.64110794500448,,16.28365625,16.283702076154835,16.28365625,0.0,-7.014442607760429,16.34765625,0.04541015625,False,False,0.0,-2.232696061810202e-05,0.0
765,39.69271689117886,,16.28365625,16.283687063506513,16.28365625,0.0,0.03975704312324524,16.34765625,0.04541015625,False,False,0.0,-1.5012648333367906e-05,0.0
766,39.74433759599924,,16.28365625,16.283676969001785,16.28365625,0.0,7.391686588525772,16.34765625,0.04541015625,False,False,0.0,-1.0094504716562369e-05,0.0
767,39.79597100405954,,16.28365625,16.283667673794575,16.28365625,0.0,0.03974027931690216,16.34765625,0.04541015625,False,False,0.0,-9.295207206605482e-06,0.0
768,39.847527876030654,,16.28365625,16.283663931359474,16.28365625,0.0,0.04778355360031128,16.34765625,0.04541015625,False,False,0.0,-3.7424350978199072e-06,0.0
769,39.89917967398651,,16.28365625,16.29948172744611,16.371546875,0.0,-0.08096918987575918,16.435546875,0.045654296875,False,False,0.0,0.015817796086651015,0.087890625
770,39.950993915088475,,16.28365625,16.312453454005812,16.371546875,0.0,-0.059516882174648345,16.435546875,0.045654296875,False,False,0.0,0.012971726559698027,0.0
771,40.00273434212431,,16.28365625,16.33181245872351,16.371546875,0.0,0.037026554346084595,16.435546875,0.045654296875,False,False,0.0,0.01935900471769969,0.0
772,40.054386862087995,,16.28365625,16.32900914099569,16.28365625,0.0,-0.748867392539978,16.34765625,0.04541015625,False,False,0.0,-0.0028033177278246058,-0.087890625
773,40.106285899179056,,16.28365625,16.314151533905502,16.28365625,0.0,0.5815035849809647,16.34765625,0.04541015625,False,False,0.0,-0.01485760709019246,0.0
774,40.15794230811298,,16.28365625,16.30416127889806,16.28365625,0.0,0.37764497101306915,16.34765625,0.04541015625,False,False,0.0,-0.009990255007437554,0.0
775,40.20963123603724,,16.28365625,16.297443831431057,16.28365625,0.0,0.047712475061416626,16.34765625,0.04541015625,False,False,0.0,-0.006717447466996873,0.0
776,40.26122897816822,,16.28365625,16.321719988504242,16.371546875,0.0,0.5492741614580154,16.435546875,0.045654296875,False,False,0.0,0.024276157073188642,0.087890625
777,40.31296462705359,,16.28365625,16.309250307770252,16.28365625,0.0,0.036966875195503235,16.34765625,0.04541015625,False,False,0.0,-0.012469680734000121,-0.087890625
778,40.364587555173784,,16.28365625,16.329658663194717,16.371546875,0.0,-0.05959332513157278,16.435546875,0.045654296875,False,False,0.0,0.02040835542447894,0.087890625
779,40.41637598210946,,16.28365625,16.34338124138213,16.371546875,0.0,-0.0005947801355432603,16.435546875,0.045654296875,False,False,0.0,0.013722578187412182,0.0
780,40.46795033616945,,16.28365625,16.352608302955346,16.371546875,0.0,1.6999096423387527,16.435546875,0.045654296875,False,False,0.0,0.009227061573227502,0.0
781,40.51972394809127,,16.28365625,16.358812579157174,16.371546875,0.0,-0.027443694707471877,16.435546875,0.045654296875,False,False,0.0,0.006204276201827952,0.0
782,40.57142611616291,,16.28365625,16.362984334475282,16.371546875,0.0,5.736612752079964,16.435546875,0.045654296875,False,False,0.0,0.004171755318111536,0.0
783,40.6230749131646,,16.28365625,16.36578942275118,16.371546875,0.0,0.031540095806121826,16.435546875,0.045654296875,False,False,0.0,0.002805088275891876,0.0
784,40.67457237909548,,16.28365625,16.352552087568473,16.28365625,0.0,6.018223240971565,16.34765625,0.04541015625,False,False,0.0,-0.01323733518270842,-0.087890625
785,40.72617491800338,,16.28365625,16.35877477993104,16.371546875,0.0,0.14685161411762238,16.435546875,0.045654296875,False,False,0.0,0.006222692362570115,0.087890625
786,40.7779345670715,,16.28365625,16.33416594952563,16.28365625,0.0,0.04760518670082092,16.34765625,0.04541015625,False,False,0.0,-0.02460883040541262,-0.087890625
787,40.82988440012559,,16.28365625,16.33059162821103,16.28365625,0.0,-0.08382375701330602,16.34765625,0.04541015625,False,False,0.0,-0.0035743213146020025,0.0
788,40.88152175419964,,16.28365625,16.315215598309095,16.28365625,0.0,0.04760518670082092,16.34765625,0.04541015625,False,False,0.0,-0.015376029901943866,0.0
789,40.93327264417894,,16.28365625,16.304876755803036,16.28365625,0.0,0.03687769174575806,16.34765625,0.04541015625,False,False,0.0,-0.010338842506058654,0.0
790,40.984906590078026,,16.28365625,16.297924918101963,16.28365625,0.0,-14.48996901512146,16.34765625,0.04541015625,False,False,0.0,-0.006951837701080876,0.0
791,41.03648335207254,,16.28365625,16.29325050243176,16.28365625,0.0,0.03955855965614319,16.34765625,0.04541015625,False,False,0.0,-0.004674415670194776,0.0
792,41.088062094990164,,16.28365625,16.29010742533512,16.28365625,0.0,3.6739517748355865,16.34765625,0.04541015625,False,False,0.0,-0.0031430770966380805,0.0
793,41.139761264203116,,16.28365625,16.287994020295336,16.28365625,0.0,0.03687635064125061,16.34765625,0.04541015625,False,False,0.0,-0.0021134050397790816,0.0
794,41.19135843310505,,16.28365625,16.286572966746583,16.28365625,0.0,0.036870986223220825,16.34765625,0.04541015625,False,False,0.0,-0.001421053548767759,0.0
795,41.24314402719028,,16.28365625,16.2856174503404,16.28365625,0.0,1.1526699364185333,16.34765625,0.04541015625,False,False,0.0,-0.000955516406179413,0.0
796,41.29484426905401,,16.28365625,16.30079527360889,16.371546875,0.0,0.2728993445634842,16.435546875,0.045654296875,False,False,0.0,0.0151778232684876,0.087890625
797,41.34644771600142,,16.28365625,16.32397349822462,16.371546875,0.0,13.509585410356522,16.435546875,0.045654296875,False,False,0.0,0.0231782246157195,0.0
798,41.39816484716721,,16.28365625,16.339558536456238,16.371546875,0.0,-0.08116767334286124,16.435546875,0.045654296875,False,False,0.0,0.015585038231620274,0.0
799,41.44982938608155,,16.28365625,16.35003791616317,16.371546875,0.0,0.044886767864227295,16.435546875,0.045654296875,False,False,0.0,0.010479379706936243,0.0
