i,t,axis_pos,axis_vel,mapper_pos_rel,mapper_pos_abs,working_offset,encoder_estimator_pos,spi_raw,spi_errors,spi_status
0,3.7960708141326904e-06,0.9869676828384399,-0.004306972026824951,0.9869612455368042,0.9839650392532349,-0.00299072265625,0.9839619398117065,0.9839630126953125,0,0
1,0.022744558984413743,0.9868553876876831,0.1034582257270813,0.986828625202179,0.9838257431983948,-0.00299072265625,0.9838092923164368,0.9837799072265625,0,0
2,0.04525028611533344,0.9865901470184326,-0.0059906248934566975,0.9865871667861938,0.98359614610672,-0.00299072265625,0.9835960865020752,0.98358154296875,0,0
3,0.06773427198641002,0.9863836765289307,-0.010855854488909245,0.9863739609718323,0.983381986618042,-0.00299072265625,0.9833773374557495,0.983367919921875,0,0
4,0.0902641098946333,0.983415424823761,-0.04156025871634483,0.9852622151374817,0.9827260971069336,-0.00299072265625,0.9831724166870117,0.983154296875,0,0
5,0.11274335510097444,0.9858049154281616,0.3932333290576935,0.9860125780105591,0.9830725789070129,-0.00299072265625,0.9830820560455322,0.98297119140625,0,0
6,0.13521482306532562,0.9858033061027527,-0.006035864818841219,0.9857962727546692,0.982804000377655,-0.00299072265625,0.9828027486801147,0.9828033447265625,0,0
7,0.1577392159961164,0.9856722950935364,-0.006475449539721012,0.9856712222099304,0.9826804399490356,-0.00299072265625,0.9826807379722595,0.9826812744140625,0,0
8,0.18021555407904088,0.9855644106864929,-0.003264250233769417,0.9855649471282959,0.982567548751831,-0.00299072265625,0.9825608730316162,0.9825592041015625,0,0
9,0.20290355803444982,0.9854421019554138,-0.006237031891942024,0.9818909168243408,0.98024982213974,-0.00299072265625,0.9816933870315552,0.9824371337890625,0,0
10,0.22546667396090925,0.9853564500808716,0.05013400316238403,0.9853461384773254,0.9823445677757263,-0.00299072265625,0.9823314547538757,0.9823150634765625,0,0
11,0.24799323407933116,0.9852222204208374,0.009051263332366943,0.9852083325386047,0.9822149276733398,-0.00299072265625,0.9822118878364563,0.982208251953125,0,0
12,0.27047688607126474,0.9851396679878235,0.0007367134094238281,0.9851394891738892,0.9821486473083496,-0.00299072265625,0.9821393489837646,0.9821319580078125,0,0
13,0.2929942610207945,0.985110878944397,0.0030091702938079834,0.9851100444793701,0.982119083404541,-0.00299072265625,0.9821187257766724,0.98211669921875,0,0
14,0.31549080298282206,0.9852086901664734,0.18439361453056335,0.9851882457733154,0.9821872711181641,-0.00299072265625,0.9821690917015076,0.98211669921875,0,0
15,0.3379818629473448,0.9851189255714417,0.014997005462646484,0.9851157665252686,0.982123851776123,-0.00299072265625,0.9821220636367798,0.98211669921875,0,0
16,0.3604666639585048,0.9851439595222473,0.04780161380767822,0.9851294159889221,0.9821352958679199,-0.00299072265625,0.9793499112129211,0.98211669921875,0,0
17,0.3831060570664704,0.9851095676422119,0.0013698935508728027,0.985109269618988,0.9821184277534485,-0.00299072265625,0.9793381690979004,0.98211669921875,0,0
18,0.40549069200642407,0.9851215481758118,0.018819034099578857,0.9851176142692566,0.9821254014968872,-0.00299072265625,0.9821231365203857,0.98211669921875,0,0
19,0.4278766599018127,0.985278844833374,0.5549702644348145,0.9808619618415833,0.9795259237289429,-0.00299072265625,0.9812832474708557,0.98211669921875,0,0
20,0.4503687380347401,0.9851086735725403,-0.00010541082156123593,0.9851086735725403,0.9821179509162903,-0.00299072265625,0.9821179509162903,0.959808349609375,0,0
21,0.47272240999154747,0.9851322770118713,0.03477051854133606,0.9851251840591431,0.9821317195892334,-0.00299072265625,0.9821274876594543,0.98211669921875,0,0
22,0.495346006937325,0.9851095676422119,0.0014065802097320557,0.9795322418212891,0.9785938858985901,-0.00299072265625,0.9808157086372375,0.98211669921875,0,0
23,0.5179729741066694,0.9851096868515015,0.001481086015701294,0.9851093292236328,0.9821184873580933,-0.00299072265625,0.9821183085441589,0.98211669921875,0,0
24,0.5404738669749349,0.9851086735725403,0.00011023879051208496,0.9851086735725403,0.9821179509162903,-0.00299072265625,0.9821179509162903,0.98211669921875,0,0
25,0.5632516120094806,0.9851586818695068,0.3415927588939667,0.9852199554443359,0.9822287559509277,-0.00299072265625,0.9822132587432861,0.98211669921875,0,0
26,0.5857462640851736,0.9851086735725403,6.318091891444055e-06,0.9851086735725403,0.9821179509162903,-0.00299072265625,0.9821179509162903,0.98211669921875,0,0
27,0.608242454007268,0.9852533340454102,0.34707629680633545,0.9852453470230103,0.9822420477867126,-0.00299072265625,0.9822144508361816,0.98211669921875,0,0
28,0.6307439589872956,0.9851086735725403,6.553530693054199e-05,0.9851086735725403,0.9821179509162903,-0.00299072265625,0.9821179509162903,0.98211669921875,0,0
29,0.6531428340822458,0.9851086139678955,-0.00022503735090140253,0.9851086139678955,0.9765408039093018,-0.00299072265625,0.9799395799636841,0.98211669921875,0,0
30,0.6757449680007994,0.9852102398872375,0.1867915391921997,0.9851893186569214,0.9821881651878357,-0.00299072265625,0.9821697473526001,0.98211669921875,0,0
31,0.6984182680025697,0.9851348996162415,0.03552237153053284,0.9851240515708923,0.9821308255195618,-0.00299072265625,0.9821261167526245,0.98211669921875,0,0
32,0.7215059550944716,0.9851086139678955,-0.00022566319967154413,0.9806647300720215,0.9793378114700317,-0.00299072265625,0.9811283946037292,0.98211669921875,0,0
33,0.7440350709948689,0.9851086139678955,-0.00022575260663870722,0.9851086139678955,0.9821178913116455,-0.00299072265625,0.9821178913116455,0.98211669921875,0,0
34,0.766764315078035,0.9851709008216858,0.09668391942977905,0.9851535558700562,0.9821558594703674,-0.00299072265625,0.9821446537971497,0.98211669921875,0,0
35,0.789274486945942,0.9851086735725403,0.00010943412780761719,0.9851086735725403,0.9821179509162903,-0.00299072265625,0.9821179509162903,0.98211669921875,0,0
36,0.8119071018882096,0.9850934147834778,-0.002148240804672241,0.9795088768005371,0.978566586971283,-0.00299072265625,0.9807846546173096,0.982086181640625,0,0
37,0.8346470680553466,0.9850314259529114,-0.0016418397426605225,0.9850248098373413,0.9820283651351929,-0.00299072265625,0.9820253252983093,0.982025146484375,0,0
38,0.8572299620136619,0.9849087595939636,-0.008935959078371525,0.9848970770835876,0.9819038510322571,-0.00299072265625,0.9819018244743347,0.981903076171875,0,0
39,0.8797565400600433,0.9847568869590759,-0.002901077503338456,0.9847474694252014,0.981752336025238,-0.00299072265625,0.9817500710487366,0.98175048828125,0,0
40,0.9025028028991073,0.984581470489502,-0.007624954916536808,0.9845749735832214,0.9815828204154968,-0.00299072265625,0.9815779328346252,0.9815673828125,0,0
41,0.9252558439038694,0.9844061136245728,-2.7492380142211914,0.9809362888336182,0.9792706370353699,-0.00299072265625,0.9806762933731079,0.9813995361328125,0,0
42,0.9477544780820608,0.9843407273292542,0.1915881335735321,0.9843209385871887,0.9813200235366821,-0.00299072265625,0.9812904000282288,0.981231689453125,0,0
43,0.970281648915261,0.9840704798698425,-0.007573128677904606,0.9840691089630127,0.9810782670974731,-0.00299072265625,0.9810672998428345,0.9810638427734375,0,0
44,0.9929850790649652,0.9839273691177368,-0.005256056785583496,0.9839193224906921,0.9766020774841309,-0.00299072265625,0.9796586632728577,0.9809112548828125,0,0
45,1.0158264709170908,0.9839052557945251,0.11212784051895142,0.9838334918022156,0.9808259606361389,-0.00299072265625,0.9802752733230591,0.9807891845703125,0,0
46,1.0414112040307373,0.9836909174919128,-0.006150097586214542,0.9836884140968323,0.9806973934173584,-0.00299072265625,0.9772769808769226,0.980682373046875,0,0
47,1.0646563910413533,0.9835811257362366,-0.004287541378289461,0.9835814237594604,0.9805871248245239,-0.00299072265625,0.9805774688720703,0.9805755615234375,0,0
48,1.0880734289530665,0.9834584593772888,-0.004563214257359505,0.9834592342376709,0.98046875,-0.00299072265625,0.9804580211639404,0.9804534912109375,0,0
49,1.1114104490261525,0.983328640460968,-0.007141115143895149,0.9833224415779114,0.9803311824798584,-0.00299072265625,0.9803310632705688,0.980316162109375,0,0
50,1.1345380060374737,0.9832214713096619,0.06782621145248413,0.978951096534729,0.9775471687316895,-0.00299072265625,0.9792487025260925,0.98016357421875,0,0
51,1.1575216390192509,0.9830160737037659,-0.0038560042157769203,0.9830063581466675,0.9800123572349548,-0.00299072265625,0.9746968150138855,0.9799957275390625,0,0
52,1.1818023959640414,0.9828684329986572,-0.569385290145874,0.9816027879714966,0.9791425466537476,-0.00299072265625,0.9798110127449036,0.9798126220703125,0,0
53,1.2055143578909338,0.9826505780220032,-0.005391121841967106,0.9826505184173584,0.9796530604362488,-0.00299072265625,0.9796465039253235,0.979644775390625,0,0
54,1.22825723211281,0.9824914932250977,0.02203419804573059,0.9824813604354858,0.9794881939888,-0.00299072265625,0.9794847369194031,0.9794769287109375,0,0
55,1.2510053468868136,0.9822836518287659,-1.3777661323547363,0.9802315831184387,0.9780591130256653,-0.00299072265625,0.9789198637008667,0.979278564453125,0,0
56,1.2737428511027247,0.9821597337722778,0.13878419995307922,0.9821347594261169,0.9791284203529358,-0.00299072265625,0.9758193492889404,0.97906494140625,0,0
57,1.2969243710394949,0.9816672801971436,0.359157532453537,0.981920063495636,0.9789812564849854,-0.00299072265625,0.9790160655975342,0.9788970947265625,0,0
58,1.3194925980642438,0.9817200899124146,-0.007910222746431828,0.9817191958427429,0.9787285327911377,-0.00299072265625,0.9787179827690125,0.9787139892578125,0,0
59,1.3422596750315279,0.9815605878829956,-0.008729786612093449,0.9815532565116882,0.9785615801811218,-0.00299072265625,0.9785610437393188,0.9785614013671875,0,0
60,1.3650017529726028,0.981438398361206,0.01757049560546875,0.9814101457595825,0.9784140586853027,-0.00299072265625,0.9784076809883118,0.9783935546875,0,0
61,1.3922935910522938,0.9796876311302185,0.21825161576271057,0.9809884428977966,0.9781520366668701,-0.00299072265625,0.9782932996749878,0.9782257080078125,0,0
62,1.4150050019379705,0.9810698628425598,0.021883845329284668,0.9810618162155151,0.9780651926994324,-0.00299072265625,0.9780516028404236,0.9780426025390625,0,0
63,1.4379202460404485,0.9802908897399902,0.517883837223053,0.9808605909347534,0.9779516458511353,-0.00299072265625,0.9780086278915405,0.97784423828125,0,0
64,1.4606138239614666,0.9806829690933228,-0.004163742531090975,0.9806737899780273,0.9776797890663147,-0.00299072265625,0.9776766896247864,0.9776763916015625,0,0
65,1.4835128081031144,0.9805235266685486,-0.008105100132524967,0.9805160760879517,0.9775243997573853,-0.00299072265625,0.9775238037109375,0.9775238037109375,0,0
66,1.5063045150600374,0.9804377555847168,0.07776293158531189,0.9804165959358215,0.9774197340011597,-0.00299072265625,0.9774084091186523,0.977386474609375,0,0
67,1.5291247589047998,0.9802553653717041,-0.005109877325594425,0.9802554845809937,0.977264940738678,-0.00299072265625,0.9772560596466064,0.9772491455078125,0,0
68,1.5520322620868683,0.9801492691040039,-0.0025170762091875076,0.9801496267318726,0.9771522283554077,-0.00299072265625,0.9771454930305481,0.977142333984375,0,0
69,1.5745122670195997,0.9748455286026001,-0.9520122408866882,0.9780977964401245,0.9759324789047241,-0.00299072265625,0.9767720103263855,0.9770050048828125,0,0
70,1.5970336790196598,0.9798741340637207,-0.0037693390622735023,0.9798745512962341,0.9768840670585632,-0.00299072265625,0.9768732786178589,0.97686767578125,0,0
71,1.6196195350494236,0.9797511696815491,0.6099649667739868,0.979898989200592,0.9769234657287598,-0.00299072265625,0.9769062995910645,0.9767303466796875,0,0
72,1.6422841679304838,0.9793469905853271,0.5140461325645447,0.9796745777130127,0.976723849773407,-0.00299072265625,0.9767402410507202,0.976593017578125,0,0
73,1.6647598950657994,0.979494571685791,0.06056636571884155,0.9794779419898987,0.9764824509620667,-0.00299072265625,0.976474940776825,0.9764404296875,0,0
74,1.6874981950968504,0.9793255925178528,-0.006421894300729036,0.9793249368667603,0.9763342142105103,-0.00299072265625,0.9763345718383789,0.9763336181640625,0,0
75,1.7101303290110081,0.9792202711105347,-0.004216969478875399,0.9792191386222839,0.9713873863220215,-0.00299072265625,0.9743377566337585,0.976226806640625,0,0
76,1.7324900559615344,0.9791133999824524,-0.006400138605386019,0.9791116714477539,0.9761208295822144,-0.00299072265625,0.9761209487915039,0.9761199951171875,0,0
77,1.7565044621005654,0.9790206551551819,-0.00417250394821167,0.9790204167366028,0.9760297536849976,-0.00299072265625,0.9760300517082214,0.9760284423828125,0,0
78,1.7791380588896573,0.978951632976532,0.00381430983543396,0.9789367318153381,0.9759433269500732,-0.00299072265625,0.9759405255317688,0.9759368896484375,0,0
79,1.8016230079811066,0.9788862466812134,-1.1912143230438232,0.976996660232544,0.9747538566589355,-0.00299072265625,0.9755375981330872,0.9758453369140625,0,0
80,1.8244960668962449,0.9787550568580627,0.009908586740493774,0.978752076625824,0.9757598042488098,-0.00299072265625,0.9757588505744934,0.9757537841796875,0,0
81,1.8472419779282063,0.9786543846130371,-0.0025934576988220215,0.9786547422409058,0.9756641387939453,-0.00299072265625,0.9756575226783752,0.97564697265625,0,0
82,1.8701691289898008,0.9785733819007874,0.008753806352615356,0.9785588383674622,0.9755645394325256,-0.00299072265625,0.9755606055259705,0.975555419921875,0,0
83,1.89298604009673,0.9784560799598694,-0.003733426798135042,0.9784560203552246,0.9754654765129089,-0.00299072265625,0.9754531383514404,0.9754486083984375,0,0
84,1.9157503771129996,0.9783806800842285,0.06171971559524536,0.9783646464347839,0.9753691554069519,-0.00299072265625,0.9753617644309998,0.975341796875,0,0
85,1.9383365099783987,0.9782553911209106,0.06509467959403992,0.9782313704490662,0.9752343893051147,-0.00299072265625,0.9752237200737,0.9563446044921875,0,0
86,1.9609953109174967,0.9782264232635498,0.249995619058609,0.9781975746154785,0.9751937985420227,-0.00299072265625,0.9751700162887573,0.9750823974609375,0,0
87,1.9835128150880337,0.9779675006866455,-0.0031529078260064125,0.9779642820358276,0.9749682545661926,-0.00299072265625,0.974962592124939,0.9749603271484375,0,0
88,2.0065302439033985,0.9778932929039001,0.09925511479377747,0.9778738021850586,0.9748767614364624,-0.00299072265625,0.9748644232749939,0.974822998046875,0,0
89,2.029392580036074,0.9777320623397827,0.02649998664855957,0.9777087569236755,0.9747141003608704,-0.00299072265625,0.9747085571289062,0.974700927734375,0,0
90,2.0524915270507336,0.9775675535202026,-1.7087106704711914,0.9706129431724548,0.9702302813529968,-0.00299072265625,0.973034143447876,0.9745635986328125,0,0
91,2.0752758448943496,0.9774352312088013,-0.006677747704088688,0.9774335026741028,0.974442720413208,-0.00299072265625,0.9744336009025574,0.955963134765625,0,0
92,2.0977554789278656,0.9773118495941162,-1.6962982416152954,0.9755133986473083,0.9695771336555481,-0.00299072265625,0.9726086258888245,0.9743194580078125,0,0
93,2.120250335894525,0.9772635102272034,0.25947168469429016,0.9772811532020569,0.9742874503135681,-0.00299072265625,0.9742730259895325,0.9741973876953125,0,0
94,2.1428354328963906,0.9770675301551819,-0.003571182955056429,0.9770640730857849,0.9740680456161499,-0.00299072265625,0.9740629196166992,0.97406005859375,0,0
95,2.1656259179580957,0.9769703149795532,0.008491367101669312,0.9769672155380249,0.9739754796028137,-0.00299072265625,0.9739741683006287,0.973968505859375,0,0
96,2.1880046450532973,0.9768610596656799,-0.006774873472750187,0.9768552184104919,0.9738636612892151,-0.00299072265625,0.9738632440567017,0.9738616943359375,0,0
97,2.210525890113786,0.9767470359802246,-0.005105943419039249,0.9767472147941589,0.9737567901611328,-0.00299072265625,0.973757266998291,0.9737548828125,0,0
98,2.2336664849426597,0.9766876697540283,-0.0004940340295433998,0.9766877889633179,0.9736970663070679,-0.00299072265625,0.9736972451210022,0.97369384765625,0,0
99,2.257156299892813,0.9767058491706848,0.04276394844055176,0.9766809940338135,0.973682165145874,-0.00299072265625,0.9736747741699219,0.973663330078125,0,0
100,2.280445745913312,0.9766862392425537,0.038904398679733276,0.9766743779182434,0.9736797213554382,-0.00299072265625,0.973675012588501,0.973663330078125,0,0
101,2.303761359071359,0.9766578674316406,0.0004889965057373047,0.9766578078269958,0.9736670851707458,-0.00299072265625,0.9736668467521667,0.973663330078125,0,0
102,2.328068559989333,0.9766575694084167,0.0001239180564880371,0.9766575694084167,0.9736668467521667,-0.00299072265625,0.9736668467521667,0.973663330078125,0,0
103,2.3527129080612212,0.9766610264778137,0.004281193017959595,0.97665935754776,0.9736682176589966,-0.00299072265625,0.9736670851707458,0.973663330078125,0,0
104,2.3778315130621195,0.9766575694084167,0.00013121962547302246,0.9766575694084167,0.9736668467521667,-0.00299072265625,0.9736668467521667,0.973663330078125,0,0
105,2.401665641926229,0.9766575694084167,0.00013121962547302246,0.9766575694084167,0.9736668467521667,-0.00299072265625,0.9736668467521667,0.973663330078125,0,0
106,2.424272275995463,0.9766575694084167,0.00013121962547302246,0.9766575694084167,0.9736668467521667,-0.00299072265625,0.9736668467521667,0.973663330078125,0,0
107,2.4470158349722624,0.9766575694084167,0.00013121962547302246,0.9766575694084167,0.9736668467521667,-0.00299072265625,0.9736668467521667,0.973663330078125,0,0
108,2.469531117938459,0.9766575694084167,0.00013121962547302246,0.9766575694084167,0.9736668467521667,-0.00299072265625,0.9736668467521667,0.973663330078125,0,0
109,2.4922904730774462,0.9767477512359619,0.20248880982398987,0.9767348170280457,0.9737356901168823,-0.00299072265625,0.9737116694450378,0.973663330078125,0,0
110,2.5159622319042683,0.9766738414764404,0.021998435258865356,0.9766680002212524,0.9736747741699219,-0.00299072265625,0.9736718535423279,0.973663330078125,0,0
111,2.5389568828977644,0.9766577482223511,0.00010851025581359863,0.9766575694084167,0.9736668467521667,-0.00299072265625,0.9736668467521667,0.973663330078125,0,0
112,2.56151172099635,0.9766575694084167,0.00010851025581359863,0.9766575694084167,0.9736668467521667,-0.00299072265625,0.9736668467521667,0.973663330078125,0,0
113,2.584272687090561,0.9766722321510315,0.021603405475616455,0.9766669273376465,0.9736747145652771,-0.00299072265625,0.9736722707748413,0.973663330078125,0,0
114,2.606946320971474,0.9766575694084167,0.00010848045349121094,0.9766575694084167,0.9736668467521667,-0.00299072265625,0.9736668467521667,0.973663330078125,0,0
115,2.629643027903512,0.9766575694084167,0.00010848045349121094,0.9766575694084167,0.9736668467521667,-0.00299072265625,0.9736668467521667,0.973663330078125,0,0
116,2.652268070029095,0.9766575694084167,0.00010851025581359863,0.9766575694084167,0.9736668467521667,-0.00299072265625,0.9736668467521667,0.973663330078125,0,0
117,2.6752694800961763,0.976730465888977,0.11723151803016663,0.9767097234725952,0.9737116694450378,-0.00299072265625,0.9736992716789246,0.973663330078125,0,0
118,2.697935834992677,0.9766579270362854,0.0005851089954376221,0.9766578078269958,0.9736670851707458,-0.00299072265625,0.9736670851707458,0.973663330078125,0,0
119,2.7204111178871244,0.9766575694084167,0.00010827183723449707,0.9766575694084167,0.9736668467521667,-0.00299072265625,0.9736668467521667,0.973663330078125,0,0
120,2.7432637319434434,0.9766575694084167,0.00010827183723449707,0.9766575694084167,0.9736668467521667,-0.00299072265625,0.9736668467521667,0.973663330078125,0,0
121,2.765783662907779,0.9760587811470032,0.2843330204486847,0.9765889048576355,0.9736806154251099,-0.00299072265625,0.9737486243247986,0.973663330078125,0,0
122,2.788282722933218,0.9766575694084167,0.00010827183723449707,0.9766575694084167,0.9736668467521667,-0.00299072265625,0.9736668467521667,0.973663330078125,0,0
123,2.810943542048335,0.9766575694084167,0.00010827183723449707,0.9766575694084167,0.9736668467521667,-0.00299072265625,0.9736668467521667,0.973663330078125,0,0
124,2.833517137914896,0.9766575694084167,0.00010827183723449707,0.9766575694084167,0.9736668467521667,-0.00299072265625,0.9736668467521667,0.973663330078125,0,0
125,2.856033735908568,0.9766575694084167,0.00010827183723449707,0.9766575694084167,0.9736668467521667,-0.00299072265625,0.9736668467521667,0.973663330078125,0,0
126,2.878533055074513,0.9766575694084167,0.00010827183723449707,0.9766575694084167,0.9736668467521667,-0.00299072265625,0.9736668467521667,0.973663330078125,0,0
127,2.9039357521105558,0.976667046546936,0.012774258852005005,0.9766630530357361,0.9736714363098145,-0.00299072265625,0.9736700057983398,0.973663330078125,0,0
128,2.926938458113,0.9766647815704346,0.010658293962478638,0.9766625761985779,0.973671019077301,-0.00299072265625,0.9736697673797607,0.973663330078125,0,0
129,2.9495225918944925,0.9752703309059143,0.025127345696091652,0.9763259887695312,0.9735105633735657,-0.00299072265625,0.9736763834953308,0.9736328125,0,0
130,2.972161337034777,0.9765333533287048,-0.0066270241513848305,0.976533055305481,0.9735425710678101,-0.00299072265625,0.9735336899757385,0.9735260009765625,0,0
131,2.996201391099021,0.9763811230659485,-0.007409335114061832,0.9763689041137695,0.9733763337135315,-0.00299072265625,0.9733748435974121,0.9733734130859375,0,0
132,3.0190484679769725,0.9757827520370483,0.2787450850009918,0.9761930704116821,0.973259687423706,-0.00299072265625,0.9732973575592041,0.97320556640625,0,0
133,3.041554898954928,0.9760472774505615,-0.008392930962145329,0.9760452508926392,0.9730542898178101,-0.00299072265625,0.9730430841445923,0.9730377197265625,0,0
134,3.0640390140470117,0.9759109020233154,0.02915051579475403,0.975895881652832,0.9729016423225403,-0.00299072265625,0.9728900790214539,0.972869873046875,0,0
135,3.0867815921083093,0.9756942391395569,-0.0044068992137908936,0.9756854772567749,0.9726915955543518,-0.00299072265625,0.9726887941360474,0.972686767578125,0,0
136,3.10953491111286,0.9754952192306519,-0.005978823639452457,0.9754865765571594,0.9724928140640259,-0.00299072265625,0.9724898934364319,0.9724884033203125,0,0
137,3.13227276597172,0.9752833247184753,-0.008757979609072208,0.9752820134162903,0.9722874760627747,-0.00299072265625,0.9722790122032166,0.9722747802734375,0,0
138,3.1549474000930786,0.9751001596450806,-0.007618040777742863,0.9750992655754089,0.9720993041992188,-0.00299072265625,0.9720942974090576,0.9720916748046875,0,0
139,3.1775297368876636,0.9749318361282349,-0.008974046446383,0.9749190807342529,0.9719265699386597,-0.00299072265625,0.9719252586364746,0.971923828125,0,0
140,3.2002734451089054,0.9747788906097412,-0.004906029440462589,0.974775493144989,0.9717795848846436,-0.00299072265625,0.9717745780944824,0.971771240234375,0,0
141,3.2229579479899257,0.9746002554893494,-0.009234816767275333,0.9745961427688599,0.9716050624847412,-0.00299072265625,0.971605122089386,0.971588134765625,0,0
142,3.2462739679031074,0.9744282364845276,-0.0038480469956994057,0.9744288921356201,0.9714314937591553,-0.00299072265625,0.97142493724823,0.9714202880859375,0,0
143,3.268777342978865,0.9742757678031921,-0.005896956659853458,0.9742758274078369,0.9712814092636108,-0.00299072265625,0.9712729454040527,0.9712677001953125,0,0
144,3.2912755699362606,0.9741548299789429,-0.0021343231201171875,0.9741482734680176,0.9711533188819885,-0.00299072265625,0.9711493849754333,0.9711456298828125,0,0
145,3.313948980998248,0.974016547203064,-0.0038926610723137856,0.974010169506073,0.9710153341293335,-0.00299072265625,0.9710115194320679,0.97100830078125,0,0
146,3.3365148189477623,0.9739135503768921,0.022608906030654907,0.973907470703125,0.9709081053733826,-0.00299072265625,0.970898449420929,0.97088623046875,0,0
147,3.3590293789748102,0.9738268852233887,0.1629776656627655,0.9738125801086426,0.9708137512207031,-0.00299072265625,0.970798671245575,0.9707489013671875,0,0
148,3.3815244580619037,0.9736048579216003,-0.004690290428698063,0.9735981225967407,0.9706019163131714,-0.00299072265625,0.9705988168716431,0.9705963134765625,0,0
149,3.404646441107616,0.9734519720077515,-0.005614429712295532,0.9734453558921814,0.9704505801200867,-0.00299072265625,0.9704468846321106,0.9704437255859375,0,0
150,3.427183761028573,0.9732996225357056,-0.006531179882586002,0.9732993841171265,0.9703088402748108,-0.00299072265625,0.970309317111969,0.9702911376953125,0,0
151,3.4497804869897664,0.9731786251068115,-0.005987287499010563,0.9731663465499878,0.970173716545105,-0.00299072265625,0.9701721668243408,0.9701690673828125,0,0
152,3.472523157019168,0.9689722657203674,-1.0697293281555176,0.9718061685562134,0.9693288207054138,-0.00299072265625,0.9698560237884521,0.97003173828125,0,0
153,3.4951813840307295,0.9729030728340149,-0.008386642672121525,0.9728907942771912,0.9698982834815979,-0.00299072265625,0.9698969125747681,0.9698944091796875,0,0
154,3.517778462031856,0.9727655053138733,-0.004825265146791935,0.9727551341056824,0.9697619676589966,-0.00299072265625,0.969760000705719,0.969757080078125,0,0
155,3.5405105580575764,0.9726178646087646,-0.010867864824831486,0.9725303053855896,0.9696970582008362,-0.00299072265625,0.9697632193565369,0.95355224609375,0,0
156,3.565655960002914,0.9724781513214111,-0.006814867723733187,0.9724763631820679,0.9694855213165283,-0.00299072265625,0.9694857597351074,0.969482421875,0,0
157,3.5882916490081698,0.9724248051643372,-0.9305005669593811,0.9711844325065613,0.9688606858253479,-0.00299072265625,0.9693126082420349,0.9693450927734375,0,0
158,3.6113262630533427,0.9722035527229309,-0.00780570600181818,0.972201406955719,0.9692105650901794,-0.00299072265625,0.9692109823226929,0.9691925048828125,0,0
159,3.63404793292284,0.9720664620399475,-0.007686496712267399,0.972064197063446,0.9690732955932617,-0.00299072265625,0.969066858291626,0.96905517578125,0,0
160,3.6570465099066496,0.971929132938385,-0.0002361834340263158,0.9719290733337402,0.9689344763755798,-0.00299072265625,0.9689256548881531,0.9689178466796875,0,0
161,3.6795859029516578,0.971774160861969,-0.004684180021286011,0.9717745780944824,0.9687840938568115,-0.00299072265625,0.9687694907188416,0.9687652587890625,0,0
162,3.7025528689846396,0.9716340899467468,-0.007142872083932161,0.9716244339942932,0.9686319231987,-0.00299072265625,0.9686312675476074,0.9686126708984375,0,0
163,3.7253192430362105,0.9714846014976501,-0.0060402462258934975,0.9714845418930054,0.9684939980506897,-0.00299072265625,0.968481719493866,0.968475341796875,0,0
164,3.748044356936589,0.9713166356086731,-0.005526096560060978,0.971316933631897,0.9683172106742859,-0.00299072265625,0.9683122038841248,0.9683074951171875,0,0
165,3.771288451971486,0.9711641073226929,-0.005690158344805241,0.9711642861366272,0.9681645035743713,-0.00299072265625,0.968159556388855,0.9681549072265625,0,0
166,3.794042641064152,0.9710350632667542,-0.0034776630345731974,0.9710295796394348,0.9680378437042236,-0.00299072265625,0.968037486076355,0.9680328369140625,0,0
167,3.8168147921096534,0.9708908796310425,-0.005794823635369539,0.9708900451660156,0.9678994417190552,-0.00299072265625,0.9678958654403687,0.9678802490234375,0,0
168,3.8398085909429938,0.9707531929016113,-0.004364312626421452,0.970744252204895,0.967749297618866,-0.00299072265625,0.967747151851654,0.967742919921875,0,0
169,3.8625662059057504,0.9706980586051941,-1.253923773765564,0.9687998294830322,0.9667936563491821,-0.00299072265625,0.96748286485672,0.967620849609375,0,0
170,3.885321782901883,0.9705248475074768,-0.002226263517513871,0.9705250263214111,0.9675344228744507,-0.00299072265625,0.967523455619812,0.9675140380859375,0,0
171,3.9083113230299205,0.9704493284225464,-0.005415113177150488,0.9704480171203613,0.9674572348594666,-0.00299072265625,0.9674574732780457,0.9674530029296875,0,0
172,3.9310692900326103,0.970405101776123,0.0017300248146057129,0.9704007506370544,0.9674044847488403,-0.00299072265625,0.9673972725868225,0.9673919677734375,0,0
173,3.954288125038147,0.9703481793403625,0.0035702884197235107,0.9703453779220581,0.9673536419868469,-0.00299072265625,0.9673526883125305,0.96734619140625,0,0
174,3.9771445540245622,0.9703530669212341,0.12202709913253784,0.9703344106674194,0.9673369526863098,-0.00299072265625,0.9673223495483398,0.96728515625,0,0
175,4.000178205082193,0.9702039957046509,-0.0028743455186486244,0.9702044129371643,0.9672138094902039,-0.00299072265625,0.9672141671180725,0.967193603515625,0,0
176,4.023057040991262,0.9701249003410339,0.24676474928855896,0.9672340154647827,0.9653512835502625,-0.00299072265625,0.9665235280990601,0.96710205078125,0,0
177,4.045686304103583,0.9701097011566162,0.42114540934562683,0.9701480865478516,0.9671511650085449,-0.00299072265625,0.9671163558959961,0.9669952392578125,0,0
178,4.068597604054958,0.9696627855300903,0.24648889899253845,0.969916820526123,0.9669598937034607,-0.00299072265625,0.9669819474220276,0.9669036865234375,0,0
179,4.091315384954214,0.9698071479797363,-0.0026511852629482746,0.9698078632354736,0.9668173789978027,-0.00299072265625,0.9668107628822327,0.966796875,0,0
180,4.1145883679855615,0.969700276851654,-0.00543028162792325,0.9697002172470093,0.9667097330093384,-0.00299072265625,0.9667102098464966,0.966705322265625,0,0
181,4.137305427109823,0.9696582555770874,0.04575517773628235,0.9696472883224487,0.9666516780853271,-0.00299072265625,0.9666458368301392,0.9666290283203125,0,0
182,4.16028581908904,0.9695646166801453,-0.0004756748676300049,0.9695647358894348,0.9665740132331848,-0.00299072265625,0.9665703177452087,0.966552734375,0,0
183,4.1832980250474066,0.9695619344711304,0.09337177872657776,0.9695370197296143,0.9665344953536987,-0.00299072265625,0.9665194749832153,0.96649169921875,0,0
184,4.206579175079241,0.9694527387619019,0.03809592127799988,0.9694417119026184,0.9664427042007446,-0.00299072265625,0.9664328098297119,0.9664154052734375,0,0
185,4.229468160076067,0.9693244695663452,-0.006533057428896427,0.9693199396133423,0.9663286805152893,-0.00299072265625,0.9634562134742737,0.9663238525390625,0,0
186,4.252427292056382,0.9692067503929138,-0.00030446070013567805,0.9692013263702393,0.9662092924118042,-0.00299072265625,0.9662080407142639,0.9662017822265625,0,0
187,4.2748360929545015,0.9691075682640076,0.009545102715492249,0.9690987467765808,0.9661054611206055,-0.00299072265625,0.9614744186401367,0.966094970703125,0,0
188,4.297556838020682,0.969003438949585,-0.005386025179177523,0.9689998626708984,0.9660086035728455,-0.00299072265625,0.9660084247589111,0.96600341796875,0,0
189,4.320349229965359,0.9689222574234009,0.014998584985733032,0.968914806842804,0.9659229516983032,-0.00299072265625,0.9645344018936157,0.9658966064453125,0,0
190,4.3433122700080276,0.9688323140144348,0.044830530881881714,0.9688234925270081,0.9658293724060059,-0.00299072265625,0.9658202528953552,0.965789794921875,0,0
191,4.366007551085204,0.9681373834609985,0.31802088022232056,0.9686470031738281,0.96573406457901,-0.00299072265625,0.9657891392707825,0.9656829833984375,0,0
192,4.38860118505545,0.9686189889907837,-0.0006181300850585103,0.968619167804718,0.965628445148468,-0.00299072265625,0.965628445148468,0.9656219482421875,0,0
193,4.411561632994562,0.9685806035995483,0.009298563003540039,0.968578040599823,0.9655865430831909,-0.00299072265625,0.9655854105949402,0.965576171875,0,0
194,4.434311599005014,0.9684906601905823,0.464432030916214,0.9686601758003235,0.9656842350959778,-0.00299072265625,0.9656787514686584,0.965545654296875,0,0
195,4.457080157939345,0.9685457944869995,0.003606051206588745,0.968544602394104,0.9655536413192749,-0.00299072265625,0.9655531644821167,0.965545654296875,0,0
196,4.480101698078215,0.9685980677604675,-1.6070308685302734,0.9668372273445129,0.9647654294967651,-0.00299072265625,0.9654076099395752,0.9655303955078125,0,0
197,4.503063885960728,0.9685574769973755,0.04186451435089111,0.9685473442077637,0.9655535221099854,-0.00299072265625,0.9655486345291138,0.9655303955078125,0,0
198,4.525818852009252,0.9671594500541687,0.020183110609650612,0.9681891202926636,0.9653756618499756,-0.00299072265625,0.965548038482666,0.9655303955078125,0,0
199,4.5483558010309935,0.9685278534889221,0.00013342499732971191,0.9685278534889221,0.9655371308326721,-0.00299072265625,0.9655371308326721,0.9655303955078125,0,0
200,4.571572691900656,0.9685277938842773,-0.00022420288587454706,0.9685277938842773,0.9655370712280273,-0.00299072265625,0.9637898802757263,0.9655303955078125,0,0
201,4.594377788016573,0.9685901999473572,0.10202747583389282,0.9685697555541992,0.965570330619812,-0.00299072265625,0.9655591249465942,0.9655303955078125,0,0
202,4.617312180111185,0.9685277938842773,-1.2872674465179443,0.9667806029319763,0.9647186398506165,-0.00299072265625,0.9653754234313965,0.9655303955078125,0,0
203,4.640109386993572,0.9685277938842773,-0.00022429229284171015,0.9685277938842773,0.9655370712280273,-0.00299072265625,0.9655370712280273,0.9655303955078125,0,0
204,4.663061389932409,0.9685277938842773,-1.753077745437622,0.9667806029319763,0.9644732475280762,-0.00299072265625,0.9651980400085449,0.9655303955078125,0,0
205,4.685815226053819,0.9685277938842773,-0.00022429229284171015,0.9685277938842773,0.9655370712280273,-0.00299072265625,0.9655370712280273,0.9655303955078125,0,0
206,4.708832025062293,0.9685277938842773,-0.00022429229284171015,0.9685277938842773,0.9655370712280273,-0.00299072265625,0.9655370712280273,0.9655303955078125,0,0
207,4.732825617073104,0.9685277938842773,-0.00022429229284171015,0.9685277938842773,0.9655370712280273,-0.00299072265625,0.9655370712280273,0.9655303955078125,0,0
208,4.756236043991521,0.9685277938842773,-0.00022429229284171015,0.9685277938842773,0.9655370712280273,-0.00299072265625,0.9655370712280273,0.9655303955078125,0,0
209,4.7789997139479965,0.9685277938842773,-0.00022429229284171015,0.9685277938842773,0.9655370712280273,-0.00299072265625,0.9655370712280273,0.9655303955078125,0,0
210,4.801567774033174,0.9685696363449097,0.06566855311393738,0.968555748462677,0.9655606746673584,-0.00299072265625,0.9655523300170898,0.9655303955078125,0,0
211,4.824445018079132,0.9685277938842773,-0.00022438169980887324,0.9685277938842773,0.9655370712280273,-0.00299072265625,0.9655370712280273,0.9655303955078125,0,0
212,4.847080188104883,0.9685277938842773,-0.00022438169980887324,0.9685277938842773,0.9655370712280273,-0.00299072265625,0.9655370712280273,0.9655303955078125,0,0
213,4.8698260250967,0.9685278534889221,-1.579523268446792e-05,0.9685278534889221,0.9655371308326721,-0.00299072265625,0.9655371308326721,0.9655303955078125,0,0
214,4.892566455062479,0.9681888222694397,0.22054354846477509,0.9684747457504272,0.9655683040618896,-0.00299072265625,0.9656073451042175,0.9655303955078125,0,0
215,4.915564550086856,0.9685277938842773,-0.00022460521722678095,0.9685277938842773,0.9655370712280273,-0.00299072265625,0.9655370712280273,0.9655303955078125,0,0
216,4.938374313060194,0.9685278534889221,-0.00017994643712881953,0.9685278534889221,0.9655371308326721,-0.00299072265625,0.9655370712280273,0.9655303955078125,0,0
217,4.961317963898182,0.968593418598175,0.12529528141021729,0.9685778021812439,0.9655805826187134,-0.00299072265625,0.9655667543411255,0.9655303955078125,0,0
218,4.984270077897236,0.9682879447937012,0.24606174230575562,0.9685590267181396,0.9655935764312744,-0.00299072265625,0.9656066298484802,0.9655303955078125,0,0
219,5.007441672030836,0.9685280323028564,0.00040850043296813965,0.9685280323028564,0.9655373096466064,-0.00299072265625,0.9655371308326721,0.9655303955078125,0,0
220,5.03032043389976,0.9685109853744507,0.2418818473815918,0.9685842990875244,0.9656068682670593,-0.00299072265625,0.9655999541282654,0.9655303955078125,0,0
221,5.053150901105255,0.9685277938842773,-0.00022479893232230097,0.9685277938842773,0.9655370712280273,-0.00299072265625,0.9655370712280273,0.9655303955078125,0,0
222,5.079872278030962,0.9685893654823303,0.08925673365592957,0.9685598611831665,0.965559720993042,-0.00299072265625,0.9655516147613525,0.9655303955078125,0,0
223,5.1044793298933655,0.968539297580719,0.05560991168022156,0.9685210585594177,0.9655249118804932,-0.00299072265625,0.9655174016952515,0.9654998779296875,0,0
224,5.128082162933424,0.9683219194412231,0.24232134222984314,0.9684262871742249,0.9654403328895569,-0.00299072265625,0.965431809425354,0.9653472900390625,0,0
225,5.151423424016684,0.9681476354598999,-0.006423801649361849,0.9681409001350403,0.9651427268981934,-0.00299072265625,0.9651379585266113,0.965118408203125,0,0
226,5.174823573091999,0.9678838849067688,-0.012175650335848331,0.9678705334663391,0.9648785591125488,-0.00299072265625,0.9648778438568115,0.9648590087890625,0,0
227,5.1975706880912185,0.9676192402839661,-0.0010966811096295714,0.9675940871238708,0.9645935297012329,-0.00299072265625,0.9645765423774719,0.9645538330078125,0,0
228,5.223331345943734,0.9672883152961731,-0.0132113266736269,0.9672773480415344,0.964284360408783,-0.00299072265625,0.9642788171768188,0.964263916015625,0,0
229,5.2460790909826756,0.966998815536499,-0.010983572341501713,0.9669866561889648,0.9639937877655029,-0.00299072265625,0.9639931917190552,0.9639739990234375,0,0
230,5.269089112058282,0.9667429327964783,-0.010059700347483158,0.9667360782623291,0.9637399911880493,-0.00299072265625,0.9637346267700195,0.9637298583984375,0,0
231,5.292117577046156,0.9665279984474182,-0.008360967971384525,0.9665202498435974,0.963523805141449,-0.00299072265625,0.9635210633277893,0.9635162353515625,0,0
232,5.314839672995731,0.9663293957710266,-0.008457900024950504,0.9663285613059998,0.9633380174636841,-0.00299072265625,0.9633386731147766,0.96331787109375,0,0
233,5.337858732091263,0.9661784172058105,0.05712190270423889,0.9661624431610107,0.9631661772727966,-0.00299072265625,0.9631582498550415,0.963134765625,0,0
234,5.3603333660867065,0.9634265899658203,-0.351840615272522,0.965201735496521,0.9625291228294373,-0.00299072265625,0.9628980755805969,0.9629364013671875,0,0
235,5.383312145946547,0.9655484557151794,0.21630334854125977,0.9657678008079529,0.9628048539161682,-0.00299072265625,0.9628224968910217,0.9627532958984375,0,0
236,5.406325463904068,0.9655818939208984,-0.010022983886301517,0.9655705094337463,0.9625772833824158,-0.00299072265625,0.9605939984321594,0.9625701904296875,0,0
237,5.428834154037759,0.9654464721679688,0.06548109650611877,0.9654228091239929,0.9624207615852356,-0.00299072265625,0.9624112844467163,0.9623870849609375,0,0
238,5.451574916020036,0.9652005434036255,-0.009561151266098022,0.9651908874511719,0.9621968865394592,-0.00299072265625,0.9621942043304443,0.962188720703125,0,0
239,5.474086161935702,0.964992105960846,-0.012101859785616398,0.9649866223335266,0.9619953036308289,-0.00299072265625,0.9619860053062439,0.96197509765625,0,0
240,5.49683946208097,0.9642384648323059,0.12363267689943314,0.964686393737793,0.9617918133735657,-0.00299072265625,0.961826503276825,0.961761474609375,0,0
241,5.519707076018676,0.9645529985427856,-0.012385115958750248,0.9645450115203857,0.9615532755851746,-0.00299072265625,0.9615532159805298,0.9615325927734375,0,0
242,5.542696708114818,0.9643334746360779,-0.011051639914512634,0.9643305540084839,0.9613396525382996,-0.00299072265625,0.9613398909568787,0.961334228515625,0,0
243,5.565459026955068,0.9641748070716858,0.21406766772270203,0.9641925096511841,0.9612001180648804,-0.00299072265625,0.9611818194389343,0.9611053466796875,0,0
244,5.588093457045034,0.9638895988464355,-0.011036724783480167,0.9638876914978027,0.9608970880508423,-0.00299072265625,0.9608864188194275,0.96087646484375,0,0
245,5.610871460055932,0.9636654257774353,-0.011185870505869389,0.9636601209640503,0.9606648087501526,-0.00299072265625,0.9606561064720154,0.9606475830078125,0,0
246,5.633580833906308,0.9634624719619751,0.00811852514743805,0.9634547233581543,0.9604623913764954,-0.00299072265625,0.9575917720794678,0.9604339599609375,0,0
247,5.656084357062355,0.9632326364517212,-0.010336549021303654,0.9632319211959839,0.9602413177490234,-0.00299072265625,0.9602327346801758,0.9488525390625,0,0
248,5.678826991003007,0.9630276560783386,-0.009636268950998783,0.9630206227302551,0.9600290060043335,-0.00299072265625,0.9600216746330261,0.9600067138671875,0,0
249,5.701605845941231,0.9628760814666748,0.13409289717674255,0.962836742401123,0.9598385691642761,-0.00299072265625,0.959831714630127,0.9597930908203125,0,0
250,5.7255648819264024,0.9622426629066467,0.16408886015415192,0.9625649452209473,0.9596177935600281,-0.00299072265625,0.9596529006958008,0.9595947265625,0,0
251,5.748075609095395,0.9624015688896179,0.002701878547668457,0.9623920321464539,0.959396243095398,-0.00299072265625,0.959391176700592,0.959381103515625,0,0
252,5.770497743040323,0.9621864557266235,-0.009673536755144596,0.9621810913085938,0.959189772605896,-0.00299072265625,0.9591826796531677,0.95916748046875,0,0
253,5.793120079906657,0.9619845151901245,-0.00887647271156311,0.9619823694229126,0.9589875936508179,-0.00299072265625,0.9576404690742493,0.9589691162109375,0,0
254,5.815558863105252,0.9617860317230225,-0.008720189332962036,0.9617839455604553,0.958793044090271,-0.00299072265625,0.9587841033935547,0.958770751953125,0,0
255,5.838299958966672,0.9616016149520874,-0.00843706727027893,0.9616007208824158,0.9586100578308105,-0.00299072265625,0.9586067199707031,0.958587646484375,0,0
256,5.860813501058146,0.9614142179489136,-0.009219453670084476,0.9614057540893555,0.9584132432937622,-0.00299072265625,0.9584118723869324,0.958404541015625,0,0
257,5.883299061097205,0.9612820148468018,0.1273123174905777,0.961285412311554,0.958284318447113,-0.00299072265625,0.9582651257514954,0.958221435546875,0,0
258,5.906312027014792,0.9610669016838074,-0.00745378527790308,0.9610666632652283,0.9580761790275574,-0.00299072265625,0.9580768942832947,0.9580535888671875,0,0
259,5.928819752996787,0.9609184265136719,-0.005919099319726229,0.9609158039093018,0.9579247832298279,-0.00299072265625,0.9579248428344727,0.9579010009765625,0,0
260,5.951764089986682,0.9607694149017334,-0.007394418586045504,0.960763692855835,0.9577721953392029,-0.00299072265625,0.9557536244392395,0.957763671875,0,0
261,5.974310704972595,0.9606336355209351,0.00698515772819519,0.9606269001960754,0.9576300382614136,-0.00299072265625,0.9576236009597778,0.957611083984375,0,0
262,5.996824765112251,0.9605046510696411,0.020850494503974915,0.9605001211166382,0.9575076699256897,-0.00299072265625,0.9574918746948242,0.9574737548828125,0,0
263,6.019447714090347,0.9603662490844727,-0.0036841630935668945,0.9603596329689026,0.9573647975921631,-0.00299072265625,0.9573609232902527,0.9573516845703125,0,0
264,6.042059161933139,0.9602594971656799,-0.004228145349770784,0.9602527618408203,0.9572564959526062,-0.00299072265625,0.957253634929657,0.957244873046875,0,0
265,6.064568611094728,0.9601473808288574,0.32231590151786804,0.960224449634552,0.9572435021400452,-0.00299072265625,0.957229495048523,0.957122802734375,0,0
266,6.087065004976466,0.9600239396095276,0.004719927906990051,0.9600203037261963,0.9570288062095642,-0.00299072265625,0.9570278525352478,0.9570159912109375,0,0
267,6.109648046083748,0.9599173069000244,-0.00012303906260058284,0.959911584854126,0.954494059085846,-0.00299072265625,0.9559721350669861,0.9569091796875,0,0
268,6.132319624070078,0.9598311185836792,0.014457613229751587,0.9598265290260315,0.9568343162536621,-0.00299072265625,0.956832230091095,0.956817626953125,0,0
269,6.1550217950716615,0.9594233632087708,0.13021709024906158,0.9596946239471436,0.9567452073097229,-0.00299072265625,0.9567790627479553,0.95672607421875,0,0
270,6.177565187914297,0.9593613147735596,0.16276122629642487,0.959625244140625,0.9566748142242432,-0.00299072265625,0.9567070603370667,0.9566497802734375,0,0
271,6.200069118058309,0.9595436453819275,-0.006121010519564152,0.9595386385917664,0.9565423727035522,-0.00299072265625,0.9565372467041016,0.9565277099609375,0,0
272,6.222576603991911,0.9594054222106934,-0.005539865233004093,0.959405243396759,0.9564146399497986,-0.00299072265625,0.9564023017883301,0.956390380859375,0,0
273,6.24531670100987,0.9592611193656921,-0.008229539729654789,0.9592545628547668,0.9562621116638184,-0.00299072265625,0.9562615156173706,0.9562530517578125,0,0
274,6.267854389967397,0.9591175317764282,-0.0038711135275661945,0.9591163396835327,0.9561254978179932,-0.00299072265625,0.956116259098053,0.9561004638671875,0,0
275,6.290336468955502,0.958979070186615,-0.006575688719749451,0.9589779376983643,0.9559872150421143,-0.00299072265625,0.9559839367866516,0.955963134765625,0,0
276,6.31319789797999,0.9588724374771118,-0.0013304809108376503,0.9588726758956909,0.9558782577514648,-0.00299072265625,0.9558694958686829,0.9558563232421875,0,0
277,6.3355734220240265,0.9587957262992859,-0.0022394508123397827,0.9587961435317993,0.9558055400848389,-0.00299072265625,0.9558057188987732,0.9557952880859375,0,0
278,6.358071110909805,0.9587851762771606,0.004905596375465393,0.9587839245796204,0.9557928442955017,-0.00299072265625,0.9557923078536987,0.955780029296875,0,0
279,6.3805668379645795,0.9587664604187012,-0.00016079843044281006,0.9587664604187012,0.9557757377624512,-0.00299072265625,0.9557757377624512,0.9557647705078125,0,0
280,6.403073434950784,0.9587664604187012,-0.0002353638701606542,0.9587664604187012,0.9557757377624512,-0.00299072265625,0.9557757377624512,0.9557647705078125,0,0
281,6.425824087113142,0.9587969779968262,0.050033703446388245,0.9587891101837158,0.9557950496673584,-0.00299072265625,0.9557896256446838,0.9557647705078125,0,0
282,6.448237258940935,0.9587734937667847,0.01020289957523346,0.9587709903717041,0.9557791948318481,-0.00299072265625,0.9557779431343079,0.9557647705078125,0,0
283,6.471026984974742,0.9587664604187012,-0.0002353638701606542,0.9587664604187012,0.9557757377624512,-0.00299072265625,0.9557757377624512,0.9557647705078125,0,0
284,6.493572785053402,0.9587798714637756,0.018286675214767456,0.9587751626968384,0.9557830095291138,-0.00299072265625,0.9557808041572571,0.9557647705078125,0,0
285,6.516438121907413,0.9578753113746643,-0.0533435121178627,0.9584646224975586,0.9556200504302979,-0.00299072265625,0.9557652473449707,0.9557647705078125,0,0
286,6.538840478984639,0.9587666392326355,-4.945695764035918e-05,0.9587666392326355,0.9557759165763855,-0.00299072265625,0.9557759165763855,0.9557647705078125,0,0
287,6.561438537901267,0.9587664604187012,-0.00023572149802930653,0.9587664604187012,0.9557757377624512,-0.00299072265625,0.9557757377624512,0.9557647705078125,0,0
288,6.584126486908644,0.9586611986160278,0.16045083105564117,0.9587735533714294,0.9558058977127075,-0.00299072265625,0.9558212757110596,0.9557647705078125,0,0
289,6.606702658114955,0.958233118057251,0.06312383711338043,0.9586101770401001,0.9557101726531982,-0.00299072265625,0.9557961225509644,0.9557647705078125,0,0
290,6.629091348033398,0.9587668180465698,0.00022591650485992432,0.9587666988372803,0.9557759165763855,-0.00299072265625,0.9557759165763855,0.9557647705078125,0,0
291,6.651711629936472,0.9588014483451843,0.05785609781742096,0.9587906002998352,0.9557963013648987,-0.00299072265625,0.9557905197143555,0.9557647705078125,0,0
292,6.674343504011631,0.9588107466697693,0.0816010981798172,0.95880126953125,0.9558062553405762,-0.00299072265625,0.9557983875274658,0.9557647705078125,0,0
293,6.6968460460193455,0.9587664604187012,-0.00023607912589795887,0.9587664604187012,0.9557757377624512,-0.00299072265625,0.9557757377624512,0.9557647705078125,0,0
294,6.719323975965381,0.95878005027771,0.020036891102790833,0.9587752223014832,0.9557830095291138,-0.00299072265625,0.9557808041572571,0.9557647705078125,0,0
295,6.7418305550236255,0.9587671756744385,0.0008962452411651611,0.9587669372558594,0.9557761549949646,-0.00299072265625,0.9557760953903198,0.9557647705078125,0,0
296,6.764306134078652,0.9587666392326355,-4.9993399443337694e-05,0.9587666392326355,0.9557759165763855,-0.00299072265625,0.9557759165763855,0.9557647705078125,0,0
297,6.786831268109381,0.9587664604187012,-0.00023625793983228505,0.9587664604187012,0.9557757377624512,-0.00299072265625,0.9557757377624512,0.9557647705078125,0,0
298,6.809333346085623,0.9587664604187012,-0.00023625793983228505,0.9587664604187012,0.9557757377624512,-0.00299072265625,0.9557757377624512,0.9557647705078125,0,0
299,6.831956851063296,0.9587668180465698,0.000464022159576416,0.9587668180465698,0.9557760953903198,-0.00299072265625,0.955776035785675,0.9557647705078125,0,0
300,6.854494207073003,0.9581106305122375,0.21568146347999573,0.9586095809936523,0.9557352662086487,-0.00299072265625,0.9558498859405518,0.9557647705078125,0,0
301,6.877113451948389,0.9587755799293518,0.013494938611984253,0.9587728977203369,0.9557811617851257,-0.00299072265625,0.9557780027389526,0.9557647705078125,0,0
302,6.900347009068355,0.9587636590003967,0.008920326828956604,0.9587566256523132,0.9557643532752991,-0.00299072265625,0.9557625651359558,0.95574951171875,0,0
303,6.923108641989529,0.9587442874908447,0.12704917788505554,0.9587519764900208,0.9557497501373291,-0.00299072265625,0.9539226293563843,0.9556884765625,0,0
304,6.94583435007371,0.9585817456245422,-0.006234258878976107,0.9585745334625244,0.9555795192718506,-0.00299072265625,0.9555753469467163,0.95556640625,0,0
305,6.968311687931418,0.9584287405014038,-0.005325303412973881,0.9584252238273621,0.9554274082183838,-0.00299072265625,0.9554235935211182,0.955413818359375,0,0
306,6.990963265998289,0.9582487940788269,-0.008611083962023258,0.9582457542419434,0.9552547335624695,-0.00299072265625,0.9552479386329651,0.955230712890625,0,0
307,7.01345336297527,0.9574211239814758,0.0028328991029411554,0.9578677415847778,0.954986572265625,-0.00299072265625,0.9550934433937073,0.955078125,0,0
308,7.035968682030216,0.957971453666687,0.014113083481788635,0.9579541087150574,0.9549586772918701,-0.00299072265625,0.9549553394317627,0.9549407958984375,0,0
309,7.058599631069228,0.9578343033790588,-0.003269121516495943,0.9578347206115723,0.9548441767692566,-0.00299072265625,0.9548444747924805,0.954833984375,0,0
310,7.081082913093269,0.9577903151512146,-0.488309383392334,0.9569363594055176,0.9542795419692993,-0.00299072265625,0.9546738266944885,0.954742431640625,0,0
311,7.104216508101672,0.9576665163040161,-0.0030381539836525917,0.955519437789917,0.9533193707466125,-0.00299072265625,0.9541753530502319,0.9546661376953125,0,0
312,7.126961862901226,0.9575904607772827,-0.002769992221146822,0.9575909376144409,0.9546003341674805,-0.00299072265625,0.9546005725860596,0.95458984375,0,0
313,7.149583071004599,0.9575306177139282,-0.0025464757345616817,0.9575214982032776,0.9545263648033142,-0.00299072265625,0.9545239210128784,0.9545135498046875,0,0
314,7.172255686018616,0.9574395418167114,-0.0007286370382644236,0.9574393033981323,0.9544485807418823,-0.00299072265625,0.9544485807418823,0.9544219970703125,0,0
315,7.194831115892157,0.9573548436164856,-1.0440484285354614,0.9560216069221497,0.9535384774208069,-0.00299072265625,0.9541465640068054,0.9543304443359375,0,0
316,7.217458713101223,0.9564038515090942,0.23388995230197906,0.9570979475975037,0.9542196393013,-0.00299072265625,0.9543191194534302,0.9542388916015625,0,0
317,7.240328198065981,0.9571393728256226,-0.007337599992752075,0.9571335911750793,0.9541420936584473,-0.00299072265625,0.9541417360305786,0.954132080078125,0,0
318,7.262850258033723,0.9570589661598206,0.02645064890384674,0.9570445418357849,0.9540495872497559,-0.00299072265625,0.9540442228317261,0.9540252685546875,0,0
319,7.285328502999619,0.9569371938705444,-0.006227597594261169,0.9569346904754639,0.9539437294006348,-0.00299072265625,0.9539437890052795,0.9539337158203125,0,0
320,7.307832526043057,0.9569032192230225,0.09273844957351685,0.9568872451782227,0.9538900256156921,-0.00299072265625,0.9538795351982117,0.9538421630859375,0,0
321,7.330200809054077,0.9567516446113586,-0.0024651000276207924,0.9567520618438721,0.9537615180015564,-0.00299072265625,0.9537524580955505,0.9537353515625,0,0
322,7.352707220939919,0.956632137298584,-0.006413981784135103,0.9566298723220825,0.9536387324333191,-0.00299072265625,0.9536385536193848,0.9536285400390625,0,0
323,7.375095281982794,0.9565075039863586,-0.005326197016984224,0.9565072655677795,0.9535166621208191,-0.00299072265625,0.9535103440284729,0.9534912109375,0,0
324,7.39800508110784,0.9564008712768555,-0.0023758267052471638,0.9564014077186584,0.9534039497375488,-0.00299072265625,0.9533963203430176,0.9533843994140625,0,0
325,7.421085139038041,0.9563101530075073,0.01052848994731903,0.9563012719154358,0.9533085823059082,-0.00299072265625,0.9533067345619202,0.9532928466796875,0,0
326,7.444508065935224,0.9562022089958191,-0.003284887410700321,0.9549611806869507,0.9526159763336182,-0.00299072265625,0.9531219601631165,0.9532012939453125,0,0
327,7.467782234074548,0.9561260938644409,-0.0036128018982708454,0.95612633228302,0.9531357884407043,-0.00299072265625,0.9531362652778625,0.953125,0,0
328,7.491175939096138,0.9560507535934448,-0.0010050837881863117,0.9560510516166687,0.9530511498451233,-0.00299072265625,0.953045129776001,0.953033447265625,0,0
329,7.514381959103048,0.9559758305549622,0.0512457937002182,0.9559634923934937,0.9529608488082886,-0.00299072265625,0.9529487490653992,0.9529266357421875,0,0
330,7.537608165061101,0.9558971524238586,0.14652372896671295,0.9558871388435364,0.9528835415840149,-0.00299072265625,0.9528636336326599,0.95281982421875,0,0
331,7.560891296016052,0.9557293057441711,-0.004395276308059692,0.9557295441627502,0.9527390003204346,-0.00299072265625,0.9527233839035034,0.9527130126953125,0,0
332,7.5849931829143316,0.9556331038475037,0.01196618378162384,0.9556295275688171,0.9526376128196716,-0.00299072265625,0.952626645565033,0.952606201171875,0,0
333,7.608294184086844,0.9555150866508484,-0.0049615949392318726,0.9555156826972961,0.9525251984596252,-0.00299072265625,0.952525794506073,0.9524993896484375,0,0
334,7.631617593113333,0.9554108381271362,-0.006131351459771395,0.9554091095924377,0.952418327331543,-0.00299072265625,0.9524186253547668,0.9524078369140625,0,0
335,7.654752928996459,0.9552881121635437,-0.007219121791422367,0.9552865028381348,0.9522958993911743,-0.00299072265625,0.9522963762283325,0.9522857666015625,0,0
336,7.678357909899205,0.9552165865898132,0.060223549604415894,0.9552081227302551,0.9522123336791992,-0.00299072265625,0.95220547914505,0.952178955078125,0,0
337,7.701494819950312,0.9550740122795105,-0.001988858450204134,0.9550706148147583,0.9520745277404785,-0.00299072265625,0.9520682096481323,0.952056884765625,0,0
338,7.724666822003201,0.9549519419670105,-0.006027073599398136,0.9549397230148315,0.9519464373588562,-0.00299072265625,0.9519453048706055,0.951934814453125,0,0
339,7.747896767919883,0.9548386931419373,-0.006772116292268038,0.9548311233520508,0.9518389701843262,-0.00299072265625,0.9518386125564575,0.9518280029296875,0,0
340,7.771013103891164,0.9547381401062012,-0.00335237430408597,0.9547384977340698,0.9517441987991333,-0.00299072265625,0.9517344832420349,0.95172119140625,0,0
341,7.794525938108563,0.9546476006507874,-0.005758912768214941,0.9546464085578918,0.9516556262969971,-0.00299072265625,0.9516559839248657,0.9516448974609375,0,0
342,7.817680180072784,0.9545584917068481,-0.00676474766805768,0.9545549154281616,0.9515639543533325,-0.00299072265625,0.9515642523765564,0.9515533447265625,0,0
343,7.840996847953647,0.9544638991355896,-0.005006410647183657,0.9544634222984314,0.9514727592468262,-0.00299072265625,0.9514731168746948,0.9514617919921875,0,0
344,7.864135887939483,0.954418957233429,0.048369549214839935,0.9543970823287964,0.9513995051383972,-0.00299072265625,0.9513925313949585,0.9513702392578125,0,0
345,7.8875385550782084,0.9542956352233887,-0.0030990615487098694,0.9542960524559021,0.9495744705200195,-0.00299072265625,0.9508879780769348,0.9512786865234375,0,0
346,7.910911204991862,0.9542044997215271,-0.004559383261948824,0.9542041420936584,0.9512135982513428,-0.00299072265625,0.9512140154838562,0.951202392578125,0,0
347,7.934425093932077,0.9537308812141418,0.07409633696079254,0.954073429107666,0.9511191844940186,-0.00299072265625,0.9511560201644897,0.95111083984375,0,0
348,7.9589937389828265,0.9540396928787231,0.0011328011751174927,0.9540385603904724,0.9510475993156433,-0.00299072265625,0.9510474801063538,0.9510345458984375,0,0
349,7.982239869888872,0.953966498374939,0.09594883024692535,0.9539788961410522,0.9496404528617859,-0.00299072265625,0.9505807161331177,0.9509429931640625,0,0
350,8.005960980895907,0.9538764357566833,0.019207820296287537,0.9538645148277283,0.9508708119392395,-0.00299072265625,0.9508678913116455,0.9508514404296875,0,0
351,8.029246686026454,0.9537778496742249,-0.001281306380406022,0.953778088092804,0.9507874846458435,-0.00299072265625,0.9507876038551331,0.9507598876953125,0,0
352,8.052395744016394,0.9536697268486023,-0.005177960731089115,0.9536699652671814,0.9506794810295105,-0.00299072265625,0.9506673216819763,0.950653076171875,0,0
353,8.075626245932654,0.9535990953445435,0.04750506579875946,0.9535837173461914,0.9505900144577026,-0.00299072265625,0.950584352016449,0.9505615234375,0,0
354,8.09901835792698,0.9534581303596497,-0.0021232818253338337,0.9534576535224915,0.9504669308662415,-0.00299072265625,0.950467050075531,0.9504547119140625,0,0
355,8.122379322070628,0.9533803462982178,0.0535176545381546,0.9533742070198059,0.9503780007362366,-0.00299072265625,0.9503723978996277,0.9503326416015625,0,0
356,8.146122822072357,0.9532365798950195,0.10546303540468216,0.9532617330551147,0.950271487236023,-0.00299072265625,0.948672890663147,0.950225830078125,0,0
357,8.169401248916984,0.953122079372406,-0.41942304372787476,0.9525039792060852,0.9499208331108093,-0.00299072265625,0.9501065015792847,0.9501190185546875,0,0
358,8.192638491978869,0.9530070424079895,0.1015363559126854,0.9530429840087891,0.950048565864563,-0.00299072265625,0.9500306248664856,0.9499969482421875,0,0
359,8.216160269919783,0.9529166221618652,0.009715333580970764,0.9529132843017578,0.9499215483665466,-0.00299072265625,0.9499076008796692,0.94989013671875,0,0
360,8.239511179039255,0.9528305530548096,0.07058645039796829,0.9528298377990723,0.9498353004455566,-0.00299072265625,0.9498274326324463,0.949798583984375,0,0
361,8.262885882984847,0.9527143836021423,0.09644737839698792,0.952740490436554,0.949749767780304,-0.00299072265625,0.9497443437576294,0.94970703125,0,0
362,8.286029496928677,0.9526330828666687,-0.004679352510720491,0.9526329040527344,0.9496423006057739,-0.00299072265625,0.9496427178382874,0.949615478515625,0,0
363,8.309507979080081,0.9513405561447144,-0.1748431921005249,0.9522742629051208,0.9494051933288574,-0.00299072265625,0.9483434557914734,0.9495391845703125,0,0
364,8.332785814069211,0.9524497985839844,-0.0027795289643108845,0.9524502754211426,0.9494597911834717,-0.00299072265625,0.9494602084159851,0.9494476318359375,0,0
365,8.355931427096948,0.9523746967315674,-0.00082009332254529,0.9523679614067078,0.9493729472160339,-0.00299072265625,0.9493682980537415,0.9493560791015625,0,0
366,8.379283243091777,0.9522942304611206,0.010601602494716644,0.9522761702537537,0.9492819309234619,-0.00299072265625,0.9492791295051575,0.9492645263671875,0,0
367,8.402442707912996,0.9521763920783997,-0.3838993310928345,0.9517328143119812,0.9489920735359192,-0.00299072265625,0.9491902589797974,0.94915771484375,0,0
368,8.425903561059386,0.9518916606903076,0.08839292824268341,0.9520620703697205,0.9491026401519775,-0.00299072265625,0.949108898639679,0.949066162109375,0,0
369,8.44901239592582,0.9520200490951538,0.07367802411317825,0.9520217180252075,0.9490276575088501,-0.00299072265625,0.9490209817886353,0.9489898681640625,0,0
370,8.472163842990994,0.9518787860870361,0.0947631374001503,0.951926589012146,0.9489389657974243,-0.00299072265625,0.9489350914955139,0.9488983154296875,0,0
371,8.495439381105825,0.9518264532089233,0.0006473734974861145,0.9518261551856995,0.9488354325294495,-0.00299072265625,0.9488354325294495,0.948822021484375,0,0
372,8.518589402083308,0.9517601132392883,0.012627914547920227,0.9517552852630615,0.9487635493278503,-0.00299072265625,0.948761522769928,0.9487457275390625,0,0
373,8.541806495981291,0.9516586065292358,-0.005603708326816559,0.9516565799713135,0.9486657381057739,-0.00299072265625,0.948665976524353,0.948638916015625,0,0
374,8.56491366494447,0.9515818953514099,-0.004352078307420015,0.951569139957428,0.9485757350921631,-0.00299072265625,0.9485743641853333,0.9485626220703125,0,0
375,8.588005908066407,0.9514890313148499,-0.0022584651596844196,0.9514894485473633,0.9484989047050476,-0.00299072265625,0.9484863877296448,0.9484710693359375,0,0
376,8.611234539886937,0.9513975381851196,-0.0019082878716289997,0.9513980746269226,0.9484035968780518,-0.00299072265625,0.9483938217163086,0.9483795166015625,0,0
377,8.634255189914256,0.9512901902198792,-0.004277579952031374,0.951290488243103,0.9482930898666382,-0.00299072265625,0.9482846856117249,0.948272705078125,0,0
378,8.657897690078244,0.9511460661888123,0.09310153871774673,0.9512022137641907,0.9482114315032959,-0.00299072265625,0.9482028484344482,0.9481658935546875,0,0
379,8.68116119201295,0.9511028528213501,0.05150493234395981,0.9510983228683472,0.9481041431427002,-0.00299072265625,0.9480990767478943,0.94805908203125,0,0
380,8.705180098069832,0.9509766101837158,-0.007160939741879702,0.9509702920913696,0.9479789137840271,-0.00299072265625,0.9479790925979614,0.947967529296875,0,0
381,8.728538783965632,0.950894296169281,-0.0016177003271877766,0.9508947730064392,0.9479042291641235,-0.00299072265625,0.9479043483734131,0.9478912353515625,0,0
382,8.752118987962604,0.9508302807807922,-0.34293633699417114,0.9504280090332031,0.9475987553596497,-0.00299072265625,0.9478070735931396,0.94781494140625,0,0
383,8.775418434059247,0.9507578015327454,-0.002288319868966937,0.9507485628128052,0.9477518200874329,-0.00299072265625,0.947750449180603,0.9477386474609375,0,0
384,8.798772047040984,0.9506667256355286,-0.47230076789855957,0.9501686096191406,0.9473773241043091,-0.00299072265625,0.9476378560066223,0.947662353515625,0,0
385,8.822042141109705,0.9506050944328308,-0.0007535144686698914,0.9506052136421204,0.9476076364517212,-0.00299072265625,0.9475987553596497,0.9475860595703125,0,0
386,8.845396457007155,0.9505149722099304,-0.006058328785002232,0.9505124688148499,0.9475215077400208,-0.00299072265625,0.9475217461585999,0.947509765625,0,0
387,8.868439310928807,0.9504368901252747,-0.001841299468651414,0.9504368901252747,0.947446346282959,-0.00299072265625,0.9474465250968933,0.9474334716796875,0,0
388,8.892031051917002,0.9503831267356873,0.06249440461397171,0.9503848552703857,0.9464095830917358,-0.00299072265625,0.9470911622047424,0.9473419189453125,0,0
389,8.915267664939165,0.950051486492157,0.07320090383291245,0.9502624869346619,0.9472886919975281,-0.00299072265625,0.9472957253456116,0.9472503662109375,0,0
390,8.938794092042372,0.9495449662208557,-0.03272399678826332,0.9500296711921692,0.947121262550354,-0.00299072265625,0.9471593499183655,0.9471282958984375,0,0
391,8.962133555905893,0.950027346611023,0.06063921004533768,0.9500321745872498,0.947030246257782,-0.00299072265625,0.9470191597938538,0.946990966796875,0,0
392,8.985279595013708,0.949856162071228,-0.007116370834410191,0.9498428702354431,0.9468503594398499,-0.00299072265625,0.9468497037887573,0.9468231201171875,0,0
393,9.008521541021764,0.9496803879737854,-5.321955541148782e-05,0.9496761560440063,0.946675181388855,-0.00299072265625,0.9466679692268372,0.9466552734375,0,0
394,9.031806523911655,0.9494900107383728,-0.009828493930399418,0.9494884610176086,0.946497917175293,-0.00299072265625,0.9464986324310303,0.9464874267578125,0,0
395,9.054920099908486,0.9493524432182312,-0.006498084403574467,0.9493393301963806,0.9463472962379456,-0.00299072265625,0.9463462233543396,0.9463348388671875,0,0
396,9.078271565027535,0.9487748742103577,-0.0005599802825599909,0.9490941166877747,0.9461777210235596,-0.00299072265625,0.9462132453918457,0.9461822509765625,0,0
397,9.101567491889,0.9490694999694824,0.005735762417316437,0.9490631818771362,0.9460665583610535,-0.00299072265625,0.9460597038269043,0.946044921875,0,0
398,9.124797753058374,0.9489256739616394,-0.0031304284930229187,0.9489259123802185,0.9459285140037537,-0.00299072265625,0.9459204077720642,0.9459075927734375,0,0
399,9.148112179944292,0.9488205909729004,-0.00014279784227255732,0.9488204121589661,0.9458296895027161,-0.00299072265625,0.9447808861732483,0.94580078125,0,0
400,9.17140934895724,0.9487270712852478,-0.0043002222664654255,0.9487273097038269,0.945736825466156,-0.00299072265625,0.9457371234893799,0.9457244873046875,0,0
401,9.19463088689372,0.9486674070358276,-0.0006122593767940998,0.9486676454544067,0.9456769227981567,-0.00299072265625,0.9456769227981567,0.9456634521484375,0,0
402,9.217912167077884,0.9486369490623474,-0.0004632328636944294,0.9486371278762817,0.9456464052200317,-0.00299072265625,0.9450026750564575,0.9456329345703125,0,0
403,9.241282335016876,0.948605477809906,-0.002340905833989382,0.9486058950424194,0.9456153512001038,-0.00299072265625,0.9456155896186829,0.9456024169921875,0,0
404,9.264527688035741,0.9485222101211548,0.0707566887140274,0.9485945105552673,0.9456170201301575,-0.00299072265625,0.9456207752227783,0.945587158203125,0,0
405,9.287669005105272,0.9485943913459778,0.030814066529273987,0.9485887885093689,0.9455963373184204,-0.00299072265625,0.9455927610397339,0.945556640625,0,0
406,9.310980024980381,0.9485138058662415,-0.0020131925120949745,0.9485144019126892,0.9455238580703735,-0.00299072265625,0.9455240964889526,0.9455108642578125,0,0
407,9.334378415020183,0.948436975479126,0.020517364144325256,0.9484322667121887,0.9454402923583984,-0.00299072265625,0.9454250931739807,0.945404052734375,0,0
408,9.357639397960156,0.9483150243759155,-0.0037268255837261677,0.9483155608177185,0.9453250765800476,-0.00299072265625,0.945325493812561,0.9453125,0,0
409,9.381174064939842,0.9482085108757019,-0.0048891156911849976,0.9482082724571228,0.9452179074287415,-0.00299072265625,0.9452183842658997,0.9451904296875,0,0
410,9.404946323949844,0.9481169581413269,-0.002408072352409363,0.9481175541877747,0.9441733360290527,-0.00299072265625,0.9448376893997192,0.9451141357421875,0,0
411,9.428156343987212,0.9480412006378174,-0.0037268255837261677,0.9480409026145935,0.9450502991676331,-0.00299072265625,0.9450505971908569,0.945037841796875,0,0
412,9.451424771919847,0.9479588270187378,0.011561766266822815,0.9479560256004333,0.9449641108512878,-0.00299072265625,0.9449621438980103,0.9449462890625,0,0
413,9.474791736109182,0.9478428363800049,-0.0036746941041201353,0.9478319883346558,0.9448387026786804,-0.00299072265625,0.9448361992835999,0.94482421875,0,0
414,9.497918053064495,0.9477164149284363,-0.007645868696272373,0.9477053880691528,0.9447139501571655,-0.00299072265625,0.9447136521339417,0.9447021484375,0,0
415,9.521414183080196,0.9475986957550049,-0.0015363935381174088,0.9475898146629333,0.94459468126297,-0.00299072265625,0.9445921778678894,0.944580078125,0,0
416,9.54465018492192,0.9475236535072327,0.028206299990415573,0.9475201964378357,0.944527268409729,-0.00299072265625,0.9445202946662903,0.9445037841796875,0,0
417,9.569282718002796,0.9474315643310547,-0.0010074154706671834,0.9474315643310547,0.9444408416748047,-0.00299072265625,0.9444409608840942,0.944427490234375,0,0
418,9.592656682012603,0.9473749995231628,0.005742799490690231,0.9473640322685242,0.9443694949150085,-0.00299072265625,0.9443647861480713,0.9443511962890625,0,0
419,9.616147461114451,0.9473532438278198,0.017075099050998688,0.9473361372947693,0.9443421363830566,-0.00299072265625,0.9443371891975403,0.9443206787109375,0,0
420,9.639526257989928,0.947310209274292,0.0006390959024429321,0.9473100304603577,0.9443193078041077,-0.00299072265625,0.9443193078041077,0.944305419921875,0,0
421,9.662920556031168,0.9472623467445374,-0.0036971429362893105,0.9465877413749695,0.9438497424125671,-0.00299072265625,0.9438595771789551,0.9442596435546875,0,0
422,9.686203371966258,0.947217583656311,-0.0011043702252209187,0.9472178220748901,0.9442271590232849,-0.00299072265625,0.9442273378372192,0.9442138671875,0,0
423,9.709794243099168,0.9471738338470459,0.0019056275486946106,0.9471732974052429,0.9441824555397034,-0.00299072265625,0.9441821575164795,0.9441680908203125,0,0
424,9.733199133072048,0.9464656710624695,-0.054383534938097,0.9470161199569702,0.9440970420837402,-0.00299072265625,0.9441428184509277,0.944122314453125,0,0
425,9.756742356112227,0.9471118450164795,-0.003749389434233308,0.9470990300178528,0.9441055655479431,-0.00299072265625,0.9441040754318237,0.944091796875,0,0
426,9.77983006206341,0.9470652341842651,-0.0975373387336731,0.9469554424285889,0.944050133228302,-0.00299072265625,0.9440900683403015,0.944061279296875,0,0
427,9.80535590602085,0.9468285441398621,0.034606173634529114,0.9470071196556091,0.944036066532135,-0.00299072265625,0.94404137134552,0.944000244140625,0,0
428,9.828715129988268,0.9469678401947021,0.010242734104394913,0.9469640851020813,0.9439719319343567,-0.00299072265625,0.9439704418182373,0.9439544677734375,0,0
429,9.851940205087885,0.9469283223152161,-0.00018062861636281013,0.9469283223152161,0.9439375996589661,-0.00299072265625,0.9439375996589661,0.9439239501953125,0,0
430,9.876075000036508,0.946913480758667,0.0005495026707649231,0.9469133019447327,0.9439225792884827,-0.00299072265625,0.9432840943336487,0.94390869140625,0,0
431,9.899409760953858,0.9469179511070251,0.006733454763889313,0.9469162225723267,0.9439247846603394,-0.00299072265625,0.943924069404602,0.94390869140625,0,0
432,9.922448558965698,0.9469135403633118,0.0006686672568321228,0.9469133615493774,0.9439225792884827,-0.00299072265625,0.9439225792884827,0.94390869140625,0,0
433,9.946035949047655,0.9468978047370911,-0.4007015824317932,0.9464983940124512,0.9436638355255127,-0.00299072265625,0.9438700079917908,0.9438934326171875,0,0
434,9.96941641299054,0.9468230605125427,0.06743325293064117,0.9468796849250793,0.9438937306404114,-0.00299072265625,0.9438943266868591,0.9438629150390625,0,0
435,9.992926358012483,0.9468210339546204,-0.0007097646594047546,0.9468212723731995,0.9438305497169495,-0.00299072265625,0.9438305497169495,0.943817138671875,0,0
436,10.01629613689147,0.9468033909797668,0.07073382288217545,0.946802020072937,0.9438087940216064,-0.00299072265625,0.9438008069992065,0.9437713623046875,0,0
437,10.03989171097055,0.9467138648033142,-0.0015293587930500507,0.9467141032218933,0.9437234997749329,-0.00299072265625,0.9437236785888672,0.9437103271484375,0,0
438,10.064173856982961,0.9466580748558044,0.05248734727501869,0.9466841816902161,0.943693995475769,-0.00299072265625,0.943690836429596,0.94366455078125,0,0
439,10.087758450070396,0.9466376304626465,-0.0011791852302849293,0.9466379880905151,0.9436472654342651,-0.00299072265625,0.9436474442481995,0.943634033203125,0,0
440,10.110955117968842,0.9466230869293213,-0.00017335684970021248,0.9466230869293213,0.9436323642730713,-0.00299072265625,0.9436323642730713,0.9436187744140625,0,0
441,10.134446081938222,0.9465966820716858,-0.005858149845153093,0.9465916156768799,0.9436004161834717,-0.00299072265625,0.9436002969741821,0.9435882568359375,0,0
442,10.157711860956624,0.9465298056602478,-0.0043978323228657246,0.9465299844741821,0.943539559841156,-0.00299072265625,0.9435399174690247,0.9435272216796875,0,0
443,10.180975530063733,0.9464368224143982,0.019205547869205475,0.9464332461357117,0.9434369802474976,-0.00299072265625,0.9434234499931335,0.9434051513671875,0,0
444,10.204671493032947,0.9462658166885376,-0.009427067823708057,0.946255624294281,0.9432640075683594,-0.00299072265625,0.9432509541511536,0.9432373046875,0,0
445,10.227826290996745,0.9459213614463806,0.030955052003264427,0.9460622668266296,0.9430834650993347,-0.00299072265625,0.9430875182151794,0.94305419921875,0,0
446,10.25114532909356,0.9459044933319092,-0.007288780994713306,0.9459035396575928,0.9429128766059875,-0.00299072265625,0.9429041147232056,0.9428863525390625,0,0
447,10.2744752750732,0.9457167983055115,0.04173602536320686,0.945737898349762,0.9427450895309448,-0.00299072265625,0.9424867033958435,0.942718505859375,0,0
448,10.297674407018349,0.9455754160881042,0.006330851465463638,0.9455730319023132,0.9425749182701111,-0.00299072265625,0.9425662159919739,0.9425506591796875,0,0
449,10.32080022408627,0.9454296231269836,0.02098611742258072,0.9454260468482971,0.9424341917037964,-0.00299072265625,0.942419171333313,0.9423980712890625,0,0
450,10.344101466005668,0.945245087146759,0.016210291534662247,0.9452374577522278,0.9422402381896973,-0.00299072265625,0.942231297492981,0.9422149658203125,0,0
451,10.367426523007452,0.9450761675834656,-0.008406453765928745,0.9450653195381165,0.9420737028121948,-0.00299072265625,0.9420737624168396,0.942047119140625,0,0
452,10.390960393939167,0.9449471235275269,-0.00801160279661417,0.9449425339698792,0.94195157289505,-0.00299072265625,0.9419518113136292,0.9419403076171875,0,0
453,10.41431739507243,0.9448205828666687,-0.00327303446829319,0.9448211789131165,0.9418306946754456,-0.00299072265625,0.9418198466300964,0.941802978515625,0,0
454,10.438788854982704,0.9446694254875183,-0.006864217109978199,0.9446676969528198,0.9416770339012146,-0.00299072265625,0.9416775703430176,0.941650390625,0,0
455,10.462086708052084,0.9445028305053711,-0.008101043291389942,0.944499671459198,0.9415088295936584,-0.00299072265625,0.9415023922920227,0.9414825439453125,0,0
456,10.485437301918864,0.9443528652191162,0.004132796078920364,0.9443419575691223,0.9413474202156067,-0.00299072265625,0.9413428902626038,0.9413299560546875,0,0
457,10.508801691932604,0.9441661834716797,-0.004256569314748049,0.9441649913787842,0.9411648511886597,-0.00299072265625,0.9411585330963135,0.9411468505859375,0,0
458,10.531962879002094,0.9439653158187866,-0.007646583952009678,0.9439533352851868,0.9409608244895935,-0.00299072265625,0.9409593343734741,0.940948486328125,0,0
459,10.555279861902818,0.9437447190284729,0.004408437758684158,0.9437412023544312,0.9407404065132141,-0.00299072265625,0.9407335519790649,0.9407196044921875,0,0
460,10.578696215059608,0.9435215592384338,0.031915970146656036,0.9435105919837952,0.9405157566070557,-0.00299072265625,0.940500020980835,0.9404754638671875,0,0
461,10.601834976114333,0.9432556629180908,-0.011714636348187923,0.94324791431427,0.9402564764022827,-0.00299072265625,0.9402430653572083,0.9402313232421875,0,0
462,10.625347994966432,0.942987322807312,-0.011736988089978695,0.9429763555526733,0.9399826526641846,-0.00299072265625,0.9399815201759338,0.9399566650390625,0,0
463,10.648592960089445,0.9427399635314941,0.003193962387740612,0.9427269101142883,0.9397293925285339,-0.00299072265625,0.9397249817848206,0.9397125244140625,0,0
464,10.671980554005131,0.9424858689308167,-0.007445482537150383,0.942475438117981,0.9394814372062683,-0.00299072265625,0.9394785165786743,0.939453125,0,0
465,10.69520083302632,0.9422368407249451,0.004862867761403322,0.9422436952590942,0.939253568649292,-0.00299072265625,0.9392397403717041,0.9392242431640625,0,0
466,10.718941315077245,0.9420689344406128,-0.00446526613086462,0.9420601725578308,0.9390682578086853,-0.00299072265625,0.9390551447868347,0.9390411376953125,0,0
467,10.74245535209775,0.9419052600860596,-0.003623349592089653,0.9418989419937134,0.9389026165008545,-0.00299072265625,0.9388955235481262,0.938873291015625,0,0
468,10.76619113003835,0.941739559173584,-0.006014994345605373,0.9417376518249512,0.9387468695640564,-0.00299072265625,0.9386624693870544,0.938720703125,0,0
469,10.789704740978777,0.9415873885154724,-0.0017979815602302551,0.9415736794471741,0.9385808110237122,-0.00299072265625,0.9385796785354614,0.938568115234375,0,0
470,10.813364204019308,0.941431999206543,-0.0035488815046846867,0.9414327144622803,0.9384422302246094,-0.00299072265625,0.9384298920631409,0.93841552734375,0,0
471,10.83704972290434,0.9413107633590698,-0.003802206367254257,0.9412984848022461,0.9383053183555603,-0.00299072265625,0.9383002519607544,0.9382781982421875,0,0
472,10.860567779047415,0.9411506652832031,-0.008026685565710068,0.9411427974700928,0.9381511807441711,-0.00299072265625,0.9381474256515503,0.9381256103515625,0,0
473,10.884220426902175,0.9409611821174622,-0.009129371494054794,0.9409582614898682,0.93793123960495,-0.00299072265625,0.9379604458808899,0.9379425048828125,0,0
474,10.907822927925736,0.9407431483268738,-0.009270938113331795,0.9407451152801514,0.9377538561820984,-0.00299072265625,0.9377503395080566,0.937713623046875,0,0
475,10.932854255894199,0.9405303001403809,-0.010150106623768806,0.9405180811882019,0.9375205636024475,-0.00299072265625,0.9375095367431641,0.9375,0,0
476,10.95714636403136,0.002776622772216797,-0.011518716812133789,0.0027735233306884766,0.999782919883728,-0.00299072265625,0.9997711181640625,0.9997711181640625,0,0
477,10.980682234978303,0.0027456283569335938,0.2758055329322815,0.002692699432373047,0.9996781349182129,-0.00299072265625,0.999642550945282,0.99957275390625,0,0
478,11.004571049008518,0.0023713111877441406,0.5115942358970642,0.0025513172149658203,0.9995592832565308,-0.00299072265625,0.9995202422142029,0.9993896484375,0,0
479,11.02818273496814,0.00226593017578125,0.02904987335205078,0.0022559165954589844,0.999258279800415,-0.00299072265625,0.9992431402206421,0.999237060546875,0,0
480,11.051700791111216,0.002124786376953125,0.04085135459899902,0.0021015405654907227,0.9991006851196289,-0.00299072265625,0.999086320400238,0.9990692138671875,0,0
481,11.07564497506246,0.001951456069946289,-0.005118728615343571,0.001947641372680664,0.9989497661590576,-0.00299072265625,0.9989451766014099,0.9989471435546875,0,0
482,11.099577641114593,0.001828908920288086,-0.003569008782505989,0.0018297433853149414,0.9911717772483826,-0.00299072265625,0.992190420627594,0.9988250732421875,0,0
483,11.123549917014316,0.0017240047454833984,0.0630912184715271,0.0017064809799194336,0.9987108707427979,-0.00299072265625,0.9987037181854248,0.9986724853515625,0,0
484,11.146607382921502,0.001501321792602539,-0.009499789215624332,0.0014948844909667969,0.9985024929046631,-0.00299072265625,0.9985020756721497,0.998504638671875,0,0
485,11.169193997979164,0.001340627670288086,-0.004798472858965397,0.0013370513916015625,0.9983410835266113,-0.00299072265625,0.9983360767364502,0.9983367919921875,0,0
486,11.191707540070638,0.0011813640594482422,-0.008635521866381168,0.0011740922927856445,0.9981824159622192,-0.00299072265625,0.9981818795204163,0.9981842041015625,0,0
487,11.214297655038536,0.0010834932327270508,0.0508425235748291,0.0010654926300048828,0.9980688095092773,-0.00299072265625,0.9980594515800476,0.998046875,0,0
488,11.236954289022833,0.0009136199951171875,-3.782108783721924,0.9961355924606323,0.9949626326560974,-0.00299072265625,0.9971764087677002,0.9979095458984375,0,0
489,11.259692829102278,0.9990149736404419,0.3264769911766052,0.00042819976806640625,0.997671365737915,-0.00299072265625,0.997885525226593,0.997772216796875,0,0
490,11.282374592032284,0.0007895231246948242,0.17277157306671143,0.000700831413269043,0.9976977109909058,-0.00299072265625,0.9976785778999329,0.9976348876953125,0,0
491,11.30607150006108,0.00047016143798828125,-0.0074954042211174965,0.00047004222869873047,0.9974796772003174,-0.00299072265625,0.9974691867828369,0.997467041015625,0,0
492,11.328702467028052,0.0003186464309692383,-3.7459208965301514,0.9955806136131287,0.9943926334381104,-0.00299072265625,0.996320903301239,0.9972991943359375,0,0
493,11.351303212111816,0.00020194053649902344,0.47086942195892334,0.00027883052825927734,0.9972937107086182,-0.00299072265625,0.9972783327102661,0.99713134765625,0,0
494,11.373833531048149,0.9999986886978149,-0.006459535099565983,0.9999863505363464,0.9969937801361084,-0.00299072265625,0.996992290019989,0.9969940185546875,0,0
495,11.396532868035138,3.826618194580078e-05,0.3388521671295166,0.9999740719795227,0.9969622492790222,-0.00299072265625,0.9969207048416138,0.9968414306640625,0,0
496,11.419322815956548,0.9922647476196289,-1.328945517539978,0.9974154829978943,0.9953582286834717,-0.00299072265625,0.9963297843933105,0.9966583251953125,0,0
497,11.44194789393805,0.9996225237846375,0.31857168674468994,0.9995981454849243,0.9965924620628357,-0.00299072265625,0.9965637922286987,0.9964752197265625,0,0
498,11.466026707086712,0.9993016719818115,0.03439891338348389,0.999284029006958,0.9962900280952454,-0.00299072265625,0.9962846040725708,0.99627685546875,0,0
499,11.489087820984423,0.9991031885147095,-0.006966472137719393,0.99909907579422,0.9961075782775879,-0.00299072265625,0.9961071014404297,0.9961090087890625,0,0
500,11.511933990987018,0.9989443421363831,-0.004701496101915836,0.9989413022994995,0.9959436058998108,-0.00299072265625,0.9959394931793213,0.995941162109375,0,0
501,11.534964307909831,0.9987626075744629,-0.00858324859291315,0.9987612962722778,0.9957706928253174,-0.00299072265625,0.9957711696624756,0.995758056640625,0,0
502,11.557930848095566,0.9985784292221069,-0.0058637866750359535,0.9985787272453308,0.9955882430076599,-0.00299072265625,0.9955818057060242,0.995574951171875,0,0
503,11.580704889027402,0.9977551102638245,0.5859280228614807,0.9983938932418823,0.9954946637153625,-0.00299072265625,0.9955543875694275,0.9953765869140625,0,0
504,11.603786650113761,0.9982687830924988,0.07947468757629395,0.9982438087463379,0.995243489742279,-0.00299072265625,0.9952306747436523,0.995208740234375,0,0
505,11.626329025020823,0.9980021715164185,-0.009261847473680973,0.9979991316795349,0.9950079321861267,-0.00299072265625,0.9949951767921448,0.9949951171875,0,0
506,11.648952807066962,0.9977704882621765,-0.00912773609161377,0.9977577924728394,0.9947651624679565,-0.00299072265625,0.9947637319564819,0.9947509765625,0,0
507,11.671452773967758,0.997510552406311,-0.009232223965227604,0.9974982738494873,0.9945051670074463,-0.00299072265625,0.9944930076599121,0.9944915771484375,0,0
508,11.696142788976431,0.9974330067634583,0.23852938413619995,0.9973702430725098,0.9943408966064453,-0.00299072265625,0.9942736029624939,0.9942474365234375,0,0
509,11.720237713074312,0.9970372915267944,-0.006050885654985905,0.9970269799232483,0.9940338134765625,-0.00299072265625,0.9940318465232849,0.9940185546875,0,0
510,11.743083067936823,0.99709153175354,0.5231562852859497,0.9970670938491821,0.9940553307533264,-0.00299072265625,0.9940047264099121,0.9938507080078125,0,0
511,11.765797794098035,0.9967495203018188,-0.0017443301621824503,0.9967494010925293,0.9937586784362793,-0.00299072265625,0.9937587976455688,0.9937591552734375,0,0
512,11.788431168999523,0.9967032074928284,-0.0021989948581904173,0.9967032670974731,0.9937126636505127,-0.00299072265625,0.9902095198631287,0.99371337890625,0,0
513,11.810926062054932,0.9968358278274536,0.25147056579589844,0.9968111515045166,0.9938072562217712,-0.00299072265625,0.9937730431556702,0.99371337890625,0,0
514,11.83368478808552,0.9967041611671448,-0.00022494794393423945,0.9967041611671448,0.9937134385108948,-0.00299072265625,0.9937134385108948,0.99371337890625,0,0
515,11.856298550963402,0.9966889023780823,-0.00018769549205899239,0.9966889023780823,0.9936981797218323,-0.00299072265625,0.9936981797218323,0.9936981201171875,0,0
516,11.878915722016245,0.9966736435890198,-0.00015044258907437325,0.9966736435890198,0.9936829209327698,-0.00299072265625,0.9936829209327698,0.993682861328125,0,0
517,11.901302783051506,0.9966737031936646,0.06491535902023315,0.9966593384742737,0.9936632513999939,-0.00299072265625,0.9936449527740479,0.9936370849609375,0,0
518,11.924922097939998,0.9966282248497009,0.44856804609298706,0.9967016577720642,0.9937161803245544,-0.00299072265625,0.9936886429786682,0.993560791015625,0,0
519,11.947667341912165,0.9964482188224792,-0.00033691537100821733,0.9964454174041748,0.9934542775154114,-0.00299072265625,0.9934446215629578,0.993438720703125,0,0
520,11.970286197960377,0.9964075684547424,0.3552495241165161,0.9964125156402588,0.9934111833572388,-0.00299072265625,0.9933851361274719,0.9932861328125,0,0
521,11.992922628065571,0.9961245656013489,0.0028665363788604736,0.9961137771606445,0.9931210875511169,-0.00299072265625,0.9931190609931946,0.9931182861328125,0,0
522,12.015433761989698,0.9961152076721191,0.33596688508987427,0.9960935711860657,0.9930807948112488,-0.00299072265625,0.9930334091186523,0.992950439453125,0,0
523,12.038306690985337,0.995860755443573,0.11068364977836609,0.9958402514457703,0.9928376078605652,-0.00299072265625,0.9928159713745117,0.9927825927734375,0,0
524,12.060798400081694,0.9956207871437073,-0.007810384966433048,0.9956186413764954,0.992627739906311,-0.00299072265625,0.9926210641860962,0.99261474609375,0,0
525,12.08329060790129,0.9955195784568787,0.36570197343826294,0.9956142902374268,0.9926058053970337,-0.00299072265625,0.9925732016563416,0.9924774169921875,0,0
526,12.106475851032883,0.9953596591949463,-0.003414691425859928,0.9953600168228149,0.9923694729804993,-0.00299072265625,0.992360532283783,0.9923553466796875,0,0
527,12.128936040913686,0.9952576160430908,-0.0023269953671842813,0.9952546954154968,0.9922635555267334,-0.00299072265625,0.9922632575035095,0.9922637939453125,0,0
528,12.151436137966812,0.995148241519928,-0.007102819159626961,0.9951459169387817,0.9921550154685974,-0.00299072265625,0.9921551942825317,0.992156982421875,0,0
529,12.17420699307695,0.9950398802757263,-0.005322130396962166,0.9950289726257324,0.9920356869697571,-0.00299072265625,0.9920334815979004,0.992034912109375,0,0
530,12.196676682913676,0.994999349117279,0.16821688413619995,0.9949650168418884,0.9919628500938416,-0.00299072265625,0.9919443726539612,0.9918975830078125,0,0
531,12.219445094000548,0.9941225051879883,0.4228479564189911,0.9947472810745239,0.9918498396873474,-0.00299072265625,0.9892749190330505,0.9917755126953125,0,0
532,12.242446430027485,0.9947370290756226,0.021954476833343506,0.9947310090065002,0.9917385578155518,-0.00299072265625,0.9917359352111816,0.991729736328125,0,0
533,12.264953620033339,0.994774341583252,0.12524175643920898,0.994747519493103,0.9917480945587158,-0.00299072265625,0.9917340874671936,0.99169921875,0,0
534,12.287545365048572,0.9946587681770325,-0.001380861271172762,0.9878878593444824,0.9873887300491333,-0.00299072265625,0.990086555480957,0.991668701171875,0,0
535,12.310052110115066,0.9946293234825134,-0.003139197826385498,0.9946165084838867,0.9916236400604248,-0.00299072265625,0.9916219115257263,0.9916229248046875,0,0
536,12.332520578056574,0.9945228099822998,-0.007192403078079224,0.9945204257965088,0.9915295243263245,-0.00299072265625,0.9915295839309692,0.9915313720703125,0,0
537,12.355208767112345,0.9943979382514954,-0.005389333702623844,0.9943980574607849,0.991407573223114,-0.00299072265625,0.9914079904556274,0.99139404296875,0,0
538,12.377779400907457,0.9942760467529297,-0.007341385819017887,0.9942641258239746,0.9912709593772888,-0.00299072265625,0.9912700057029724,0.99127197265625,0,0
539,12.400806902907789,0.994154155254364,-0.005232872441411018,0.994154155254364,0.9911636710166931,-0.00299072265625,0.9911640286445618,0.9911651611328125,0,0
540,12.423453147988766,0.9940667748451233,-0.003221303690224886,0.9940640926361084,0.9910730719566345,-0.00299072265625,0.9910728931427002,0.9910736083984375,0,0
541,12.44632257707417,0.9939731955528259,-0.006029963959008455,0.9939714670181274,0.9909805059432983,-0.00299072265625,0.9909805655479431,0.9909820556640625,0,0
542,12.468812173930928,0.9938801527023315,-0.001805485226213932,0.9938807487487793,0.9908833503723145,-0.00299072265625,0.9908742308616638,0.990875244140625,0,0
543,12.494329371023923,0.9938048720359802,-0.0003153691068291664,0.9938048720359802,0.9908103942871094,-0.00299072265625,0.9908016324043274,0.9907989501953125,0,0
544,12.516941837966442,0.9938666820526123,0.18920469284057617,0.9938297271728516,0.9908264875411987,-0.00299072265625,0.9908015727996826,0.990753173828125,0,0
545,12.53967169392854,0.9937704205513,0.08900907635688782,0.9937421679496765,0.9907436370849609,-0.00299072265625,0.9907321929931641,0.9907073974609375,0,0
546,12.562224345980212,0.9936676621437073,-0.0021115844137966633,0.9936584234237671,0.9906643033027649,-0.00299072265625,0.9906608462333679,0.99066162109375,0,0
547,12.584926534909755,0.9936056733131409,-0.0018880674615502357,0.9936059713363647,0.9906153678894043,-0.00299072265625,0.9906156063079834,0.9906158447265625,0,0
548,12.607452298980206,0.9935473799705505,0.002396136522293091,0.9935429096221924,0.9905465841293335,-0.00299072265625,0.9905408620834351,0.99053955078125,0,0
549,12.630058248061687,0.9934263825416565,-0.007609874941408634,0.9934218525886536,0.9904308319091797,-0.00299072265625,0.990431010723114,0.9904327392578125,0,0
550,12.653322990052402,0.9932651519775391,-0.00871256086975336,0.9932548403739929,0.9902631640434265,-0.00299072265625,0.9902533292770386,0.9902496337890625,0,0
551,12.676457196008414,0.9930764436721802,0.0005707442760467529,0.9930697679519653,0.9900732636451721,-0.00299072265625,0.990066647529602,0.9900665283203125,0,0
552,12.699309828924015,0.9909002780914307,0.0265358854085207,0.992438018321991,0.9897075891494751,-0.00299072265625,0.9899544715881348,0.9898834228515625,0,0
553,12.721935925073922,0.9927034974098206,-0.006499976851046085,0.9926946759223938,0.9897009134292603,-0.00299072265625,0.9896983504295349,0.9897003173828125,0,0
554,12.744798853993416,0.9925288558006287,0.02581334114074707,0.9925207495689392,0.9895240664482117,-0.00299072265625,0.9895119071006775,0.9635009765625,0,0
555,12.767303413944319,0.992324709892273,-0.00754320714622736,0.9923230409622192,0.9893321990966797,-0.00299072265625,0.9893324375152588,0.98931884765625,0,0
556,12.790046622045338,0.992139458656311,-0.006626784801483154,0.992139458656311,0.9891451597213745,-0.00299072265625,0.9891367554664612,0.9891357421875,0,0
557,12.81268534809351,0.9919557571411133,-0.006217002868652344,0.9919565320014954,0.9889661073684692,-0.00299072265625,0.988959789276123,0.98895263671875,0,0
558,12.835298981983215,0.9918043613433838,-0.003415585495531559,0.9918010830879211,0.9888050556182861,-0.00299072265625,0.9887999892234802,0.988800048828125,0,0
559,12.857939653098583,0.9916900396347046,-0.0035945179406553507,0.9916846752166748,0.9886931777000427,-0.00299072265625,0.9846469163894653,0.9886932373046875,0,0
560,12.88045237888582,0.9915849566459656,0.6228278875350952,0.991752564907074,0.9887714982032776,-0.00299072265625,0.9887383580207825,0.98858642578125,0,0
561,12.903228901093826,0.9916252493858337,0.1916102170944214,0.9915862083435059,0.9885836243629456,-0.00299072265625,0.9885594248771667,0.9885101318359375,0,0
562,12.926056331023574,0.9914232492446899,-0.0033789281733334064,0.991423487663269,0.9884292483329773,-0.00299072265625,0.9884206652641296,0.9884185791015625,0,0
563,12.948552371934056,0.9913016557693481,-0.0023505985736846924,0.991301953792572,0.9883044362068176,-0.00299072265625,0.9882968664169312,0.9882965087890625,0,0
564,12.97130513493903,0.9911253452301025,0.01491209864616394,0.9911150336265564,0.9881213307380676,-0.00299072265625,0.9881178140640259,0.98809814453125,0,0
565,12.993789769010618,0.9909125566482544,0.0036094782408326864,0.9909000992774963,0.9879052042961121,-0.00299072265625,0.9879010319709778,0.9878997802734375,0,0
566,13.016441422048956,0.9906628727912903,-0.012238144874572754,0.990658700466156,0.9876676797866821,-0.00299072265625,0.9876610636711121,0.9876556396484375,0,0
567,13.040114792063832,0.9904159307479858,-0.008013875223696232,0.9904083013534546,0.9874134063720703,-0.00299072265625,0.987409770488739,0.9874114990234375,0,0
568,13.062801981111988,0.9901866912841797,-0.010047883726656437,0.9901751279830933,0.9871819019317627,-0.00299072265625,0.9871798157691956,0.9871826171875,0,0
569,13.085723409894854,0.9901036024093628,0.18675929307937622,0.9900503158569336,0.9870443344116211,-0.00299072265625,0.9870143532752991,0.9869537353515625,0,0
570,13.108445653924718,0.9897403120994568,-0.009146393276751041,0.9897318482398987,0.9867393970489502,-0.00299072265625,0.9867311120033264,0.986724853515625,0,0
571,13.131092881085351,0.989592969417572,0.2433091700077057,0.9895728230476379,0.9865669012069702,-0.00299072265625,0.9865362048149109,0.9864654541015625,0,0
572,13.153959994902834,0.9892744421958923,0.4665062427520752,0.9893478155136108,0.9863499402999878,-0.00299072265625,0.9802260994911194,0.9861907958984375,0,0
573,13.176684350008145,0.9865407347679138,0.15507914125919342,0.9884798526763916,0.9857265949249268,-0.00299072265625,0.9859680533409119,0.9858856201171875,0,0
574,13.200681146001443,0.988614559173584,-1.0872752666473389,0.9847986698150635,0.9839138388633728,-0.00299072265625,0.9855913519859314,0.9855804443359375,0,0
575,13.225246826885268,0.9883360266685486,-0.009466768242418766,0.9883121252059937,0.9853089451789856,-0.00299072265625,0.9852990508079529,0.98529052734375,0,0
576,13.252536443062127,0.9880304932594299,-0.6862550377845764,0.9877448081970215,0.985111653804779,-0.00299072265625,0.9850825667381287,0.9849853515625,0,0
577,13.280583628918976,0.9877448081970215,-0.011232406832277775,0.9877296686172485,0.9847321510314941,-0.00299072265625,0.984717071056366,0.9846954345703125,0,0
578,13.307194451102987,0.9875361323356628,0.06350454688072205,0.9875075221061707,0.9786351323127747,-0.00299072265625,0.9822055101394653,0.9844818115234375,0,0
579,13.32981738098897,0.9861422181129456,-1.8039464950561523,0.9797315001487732,0.9797825217247009,-0.00299072265625,0.9837298393249512,0.9842376708984375,0,0
580,13.352841198910028,0.9870927929878235,0.07549190521240234,0.9870595335960388,0.9794233441352844,-0.00299072265625,0.9826846122741699,0.9840240478515625,0,0
581,13.375666998093948,0.9868175387382507,-0.009884477593004704,0.9868146777153015,0.9838237762451172,-0.00299072265625,0.9838240742683411,0.9838104248046875,0,0
582,13.398582834983245,0.9867368340492249,0.31077322363853455,0.9867444038391113,0.9837455749511719,-0.00299072265625,0.9837068319320679,0.9836273193359375,0,0
583,13.421607632888481,0.9864332675933838,-0.008908838964998722,0.9864224791526794,0.9834293127059937,-0.00299072265625,0.9834274649620056,0.9834136962890625,0,0
584,13.445839205058292,0.9862037897109985,-0.009914667345583439,0.9861909747123718,0.9831990599632263,-0.00299072265625,0.9831982851028442,0.9832000732421875,0,0
585,13.468604820081964,0.9859769940376282,-0.008238286711275578,0.9859756231307983,0.9829779863357544,-0.00299072265625,0.9829705953598022,0.9829559326171875,0,0
586,13.49157810001634,0.9857619404792786,-0.01168790552765131,0.9857491254806519,0.9827566742897034,-0.00299072265625,0.9827553629875183,0.9827423095703125,0,0
587,13.514366585062817,0.9855477809906006,-0.00878962967544794,0.9855332374572754,0.982538640499115,-0.00299072265625,0.9825300574302673,0.9825286865234375,0,0
588,13.53808612190187,0.985356330871582,0.022897779941558838,0.9853488206863403,0.9823514223098755,-0.00299072265625,0.9823381304740906,0.9823150634765625,0,0
589,13.561072329059243,0.9851899147033691,-1.4348604679107666,0.9829899072647095,0.9811840057373047,-0.00299072265625,0.9820089936256409,0.9821624755859375,0,0
590,13.584329070989043,0.9850321412086487,-0.000638604280538857,0.9850321412086487,0.9820414185523987,-0.00299072265625,0.9820302128791809,0.982025146484375,0,0
591,13.607326185097918,0.9849249720573425,-0.0008845929987728596,0.9849213361740112,0.9819251894950867,-0.00299072265625,0.9819191694259644,0.9819183349609375,0,0
592,13.630080780945718,0.9848414063453674,0.009494274854660034,0.984838604927063,0.9818467497825623,-0.00299072265625,0.9818456768989563,0.981842041015625,0,0
593,13.652829210972413,0.9847573637962341,-0.0006983880884945393,0.9847574830055237,0.9817630052566528,-0.00299072265625,0.9817520976066589,0.98175048828125,0,0
594,13.675849712919444,0.9846653342247009,-0.0057424320839345455,0.9846644401550293,0.9816737174987793,-0.00299072265625,0.981674075126648,0.9816741943359375,0,0
595,13.698715494014323,0.9845892786979675,-0.005295515526086092,0.9845768809318542,0.9815841913223267,-0.00299072265625,0.9815823435783386,0.9815826416015625,0,0
596,13.721575831063092,0.9844812750816345,-0.004103424027562141,0.9800946116447449,0.9793313145637512,-0.00299072265625,0.9807469844818115,0.981475830078125,0,0
597,13.74458094406873,0.9843735694885254,0.002937525510787964,0.9843650460243225,0.9813727140426636,-0.00299072265625,0.9813708662986755,0.9813690185546875,0,0
598,13.767363189021125,0.9842735528945923,0.004338055849075317,0.9842717051506042,0.9812737703323364,-0.00299072265625,0.9812651872634888,0.98126220703125,0,0
599,13.790325450943783,0.9841610193252563,-0.004304618574678898,0.9841611385345459,0.9811705946922302,-0.00299072265625,0.9811709523200989,0.9811553955078125,0,0
600,13.813326360890642,0.9840609431266785,-0.0072103459388017654,0.984054684638977,0.9810633063316345,-0.00299072265625,0.9810633659362793,0.9810638427734375,0,0
601,13.836391418939456,0.9839701652526855,-0.006018254905939102,0.9839641451835632,0.9809725880622864,-0.00299072265625,0.9809720516204834,0.9809722900390625,0,0
602,13.859331606887281,0.9840528964996338,0.2637598514556885,0.984005868434906,0.9809985160827637,-0.00299072265625,0.9809706211090088,0.98089599609375,0,0
603,13.882078462047502,0.9838263392448425,-0.005653322208672762,0.9838138818740845,0.9808205962181091,-0.00299072265625,0.9808193445205688,0.9808197021484375,0,0
604,13.905077853938565,0.9837348461151123,-0.0012202267535030842,0.9837351441383362,0.9807445406913757,-0.00299072265625,0.9807446599006653,0.980743408203125,0,0
605,13.927971875062212,0.9836505055427551,-0.0006390514317899942,0.9836450219154358,0.9806536436080933,-0.00299072265625,0.9806530475616455,0.98065185546875,0,0
606,13.950843859929591,0.9836332201957703,0.09469112753868103,0.9836116433143616,0.9806141257286072,-0.00299072265625,0.9805991053581238,0.9805755615234375,0,0
607,13.973838639911264,0.983479917049408,-0.0063016717322170734,0.983475387096405,0.980484127998352,-0.00299072265625,0.980483889579773,0.9804840087890625,0,0
608,13.99658894003369,0.9833840727806091,-0.001220286125317216,0.9833841919898987,0.9803935885429382,-0.00299072265625,0.9803937673568726,0.9803924560546875,0,0
609,14.019591386895627,0.9833499193191528,0.08226341009140015,0.983324408531189,0.9803234934806824,-0.00299072265625,0.9803074598312378,0.98028564453125,0,0
610,14.042369853937998,0.9776130318641663,-0.5775080919265747,0.9816231727600098,0.9793394207954407,-0.00299072265625,0.9801474213600159,0.980194091796875,0,0
611,14.065137394005433,0.9831176400184631,0.008479982614517212,0.9831143021583557,0.9801190495491028,-0.00299072265625,0.9801077246665955,0.9801025390625,0,0
612,14.088335932930931,0.9829983711242676,0.012309521436691284,0.9829941987991333,0.9800023436546326,-0.00299072265625,0.9799914360046387,0.97998046875,0,0
613,14.111086992081255,0.9828749895095825,0.015431255102157593,0.982861340045929,0.9798666834831238,-0.00299072265625,0.9798632264137268,0.9798583984375,0,0
614,14.134000143967569,0.9827232360839844,-0.0014891924802213907,0.9827023148536682,0.9755055904388428,-0.00299072265625,0.9784747362136841,0.979705810546875,0,0
615,14.157994586974382,0.9825584292411804,-0.007121832109987736,0.9825582504272461,0.9795678853988647,-0.00299072265625,0.9795615673065186,0.97955322265625,0,0
616,14.18083722004667,0.9771803617477417,-2.531304359436035,0.9782947301864624,0.9769876599311829,-0.00299072265625,0.9791630506515503,0.979400634765625,0,0
617,14.203982277074829,0.9822384715080261,-0.006071568466722965,0.9822346568107605,0.9792385697364807,-0.00299072265625,0.9792336225509644,0.9792327880859375,0,0
618,14.226607393007725,0.9817410111427307,0.3922583758831024,0.9820911884307861,0.9791620373725891,-0.00299072265625,0.9791756272315979,0.97906494140625,0,0
619,14.24958746903576,0.9803317785263062,0.136859729886055,0.9815482497215271,0.9787595868110657,-0.00299072265625,0.9789668321609497,0.9788970947265625,0,0
620,14.272594786947593,0.9818132519721985,-0.00037995027378201485,0.9818132519721985,0.9788225293159485,-0.00299072265625,0.9788227081298828,0.9788055419921875,0,0
621,14.295644622994587,0.9817841053009033,0.0015348196029663086,0.9817836880683899,0.9787927269935608,-0.00299072265625,0.9787924885749817,0.9787750244140625,0,0
622,14.318859623977914,0.9817681312561035,0.0007674098014831543,0.9817679524421692,0.9787771701812744,-0.00299072265625,0.9787771701812744,0.9787750244140625,0,0
623,14.342301846947521,0.9817680716514587,0.0005958676338195801,0.9817678928375244,0.9787771701812744,-0.00299072265625,0.9787771701812744,0.9787750244140625,0,0
624,14.365372478961945,0.9817678928375244,0.0002530217170715332,0.9817677140235901,0.9787769913673401,-0.00299072265625,0.9787769913673401,0.9787750244140625,0,0
625,14.38959808810614,0.981861412525177,0.2649720013141632,0.9818645119667053,0.9788652062416077,-0.00299072265625,0.9788458943367004,0.9787750244140625,0,0
626,14.412336221896112,0.9817677140235901,-9.73343921941705e-05,0.9817677140235901,0.9787769913673401,-0.00299072265625,0.9787769913673401,0.9787750244140625,0,0
627,14.434966115048155,0.9817676544189453,-0.0002239942696178332,0.9817676544189453,0.9787769317626953,-0.00299072265625,0.9787769317626953,0.9787750244140625,0,0
628,14.457589952042326,0.9817677140235901,4.416704177856445e-05,0.9817677140235901,0.9787769913673401,-0.00299072265625,0.9787769913673401,0.9787750244140625,0,0
629,14.480584084056318,0.9817807674407959,0.017493218183517456,0.9817759990692139,0.9746714234352112,-0.00299072265625,0.9772151708602905,0.9787750244140625,0,0
630,14.503096237080172,0.9815293550491333,0.36646348237991333,0.9818354845046997,0.9788703918457031,-0.00299072265625,0.9788769483566284,0.9787750244140625,0,0
631,14.525995313888416,0.9817677140235901,6.598234176635742e-05,0.9817677140235901,0.9787769913673401,-0.00299072265625,0.9787769913673401,0.9787750244140625,0,0
632,14.548590058926493,0.9818611145019531,0.26447969675064087,0.9818676710128784,0.9788694977760315,-0.00299072265625,0.9788506031036377,0.9787750244140625,0,0
633,14.57134613697417,0.9817861914634705,0.024868547916412354,0.9817795157432556,0.978786826133728,-0.00299072265625,0.9787831902503967,0.9787750244140625,0,0
634,14.59409388108179,0.9817677140235901,-0.00010582805407466367,0.9817677140235901,0.9787769913673401,-0.00299072265625,0.9787769913673401,0.9787750244140625,0,0
635,14.616848292062059,0.981067955493927,0.32272759079933167,0.9816733598709106,0.9788070321083069,-0.00299072265625,0.9788607954978943,0.978759765625,0,0
636,14.639624980976805,0.9817587733268738,-2.570303201675415,0.9784971475601196,0.9767507910728455,-0.00299072265625,0.9782648086547852,0.978759765625,0,0
637,14.662341669900343,0.9810681343078613,0.3435371518135071,0.9816679358482361,0.9787697792053223,-0.00299072265625,0.9788450598716736,0.9787445068359375,0,0
638,14.684880434069782,0.9797757267951965,0.3532370626926422,0.9772357940673828,0.9766873121261597,-0.00299072265625,0.9781946539878845,0.9787445068359375,0,0
639,14.70762151107192,0.9817219972610474,0.00016891956329345703,0.9817219972610474,0.9787312746047974,-0.00299072265625,0.9787312746047974,0.978729248046875,0,0
640,14.730094552971423,0.9817066192626953,-0.00015890644863247871,0.9817066192626953,0.9787158966064453,-0.00299072265625,0.9787158966064453,0.9787139892578125,0,0
641,14.753094740910456,0.9816900491714478,-0.0026772026903927326,0.9816902875900269,0.978699803352356,-0.00299072265625,0.9787000417709351,0.97869873046875,0,0
642,14.776727908058092,0.9817048907279968,0.043002039194107056,0.9816964268684387,0.9787024259567261,-0.00299072265625,0.978696346282959,0.9786834716796875,0,0
643,14.799349318956956,0.981503963470459,0.3747241199016571,0.9817067980766296,0.9787390828132629,-0.00299072265625,0.9787421226501465,0.9786376953125,0,0
644,14.822098433971405,0.9815998673439026,-0.00023406746913678944,0.9815998673439026,0.9786091446876526,-0.00299072265625,0.9786091446876526,0.978607177734375,0,0
645,14.844864845043048,0.9816548824310303,0.21198073029518127,0.9816409945487976,0.9786408543586731,-0.00299072265625,0.9786180257797241,0.9785614013671875,0,0
646,14.867600014898926,0.981543779373169,0.006590366363525391,0.9815419912338257,0.9785507321357727,-0.00299072265625,0.9785499572753906,0.978546142578125,0,0
647,14.890099964104593,0.9815245270729065,0.001382380723953247,0.9815241694450378,0.9785295128822327,-0.00299072265625,0.9785193800926208,0.978515625,0,0
648,14.912856338080019,0.9814791679382324,-0.00573313282802701,0.9814765453338623,0.9784855246543884,-0.00299072265625,0.978485643863678,0.978485107421875,0,0
649,14.935628286097199,0.9813737869262695,0.001471519353799522,0.9813635349273682,0.9783690571784973,-0.00299072265625,0.978364884853363,0.978363037109375,0,0
650,14.958354623056948,0.9812166690826416,-0.0031107370741665363,0.9812133312225342,0.9782173037528992,-0.00299072265625,0.9782116413116455,0.97821044921875,0,0
651,14.981254497077316,0.9810549020767212,-0.008661509491503239,0.9810492992401123,0.9780576825141907,-0.00299072265625,0.9780508279800415,0.9780426025390625,0,0
652,15.004234129097313,0.9810965061187744,0.31944721937179565,0.981032133102417,0.9780213236808777,-0.00299072265625,0.9779820442199707,0.9779052734375,0,0
653,15.027319909073412,0.9808214902877808,-0.0006148219108581543,0.9808216691017151,0.9778309464454651,-0.00299072265625,0.9778146147727966,0.977813720703125,0,0
654,15.052134589990601,0.9807755947113037,-0.00080108642578125,0.980775773525238,0.9777851700782776,-0.00299072265625,0.9777851700782776,0.977783203125,0,0
655,15.07497105607763,0.9807697534561157,0.0320780873298645,0.9807562828063965,0.9777629971504211,-0.00299072265625,0.9777600169181824,0.977752685546875,0,0
656,15.098370668012649,0.9807302951812744,-0.00013822363689541817,0.9807302951812744,0.9777395725250244,-0.00299072265625,0.9777395725250244,0.9777374267578125,0,0
657,15.12109996797517,0.9798650741577148,0.26010265946388245,0.9805170893669128,0.9777299761772156,-0.00299072265625,0.9778360724449158,0.97772216796875,0,0
658,15.143986989976838,0.9800528883934021,0.2832958400249481,0.9805734753608704,0.9777417778968811,-0.00299072265625,0.9778168201446533,0.97772216796875,0,0
659,15.166637067915872,0.9807709455490112,0.3146107494831085,0.9808034300804138,0.9778117537498474,-0.00299072265625,0.9777969121932983,0.9777069091796875,0,0
660,15.18923988705501,0.9786578416824341,0.03738958388566971,0.9801278114318848,0.9774678349494934,-0.00299072265625,0.9776703119277954,0.97760009765625,0,0
661,15.212105074897408,0.9789366722106934,0.023285431787371635,0.9799664616584778,0.9773088097572327,-0.00299072265625,0.9774929881095886,0.977447509765625,0,0
662,15.234768209047616,0.9802082180976868,0.337349534034729,0.9803539514541626,0.9773799777030945,-0.00299072265625,0.9773732423782349,0.9772796630859375,0,0
663,15.257858451921493,0.9801434278488159,0.025333911180496216,0.980121910572052,0.9771249294281006,-0.00299072265625,0.9771194458007812,0.97711181640625,0,0
664,15.280860472936183,0.9799836874008179,0.02233099937438965,0.9799737334251404,0.9769731163978577,-0.00299072265625,0.9769666194915771,0.976959228515625,0,0
665,15.303679347038269,0.9797866344451904,-0.009006142616271973,0.9797829389572144,0.9767916202545166,-0.00299072265625,0.9767788052558899,0.976776123046875,0,0
666,15.326613702112809,0.9795693755149841,-0.0121726393699646,0.9795567989349365,0.976563572883606,-0.00299072265625,0.9765616059303284,0.9765625,0,0
667,15.349241761025041,0.979309618473053,-0.012507915496826172,0.9793078899383545,0.9763132333755493,-0.00299072265625,0.9763039946556091,0.9763031005859375,0,0
668,15.371864303015172,0.9790605306625366,-0.011733174324035645,0.9790510535240173,0.9760587811470032,-0.00299072265625,0.9760515093803406,0.976043701171875,0,0
669,15.394647343084216,0.9788095951080322,-0.010429322719573975,0.9788057804107666,0.975807785987854,-0.00299072265625,0.9758001565933228,0.975799560546875,0,0
670,15.417371494928375,0.9785767197608948,-0.010332465171813965,0.9785760045051575,0.9755855202674866,-0.00299072265625,0.9755735397338867,0.9755706787109375,0,0
671,15.440362553112209,0.978431761264801,0.23070859909057617,0.9784218072891235,0.9754224419593811,-0.00299072265625,0.9754045009613037,0.9753265380859375,0,0
672,15.462863261112943,0.978115975856781,0.008442968130111694,0.9781030416488647,0.975107729434967,-0.00299072265625,0.9751028418540955,0.97509765625,0,0
673,15.485526301898062,0.9778655171394348,-0.011360676027834415,0.9778600931167603,0.974868655204773,-0.00299072265625,0.9748687744140625,0.974853515625,0,0
674,15.508361306041479,0.9777559041976929,0.1988796591758728,0.9777407646179199,0.9747346043586731,-0.00299072265625,0.9747110605239868,0.9746551513671875,0,0
675,15.530894106952474,0.973781168460846,-0.8320947885513306,0.9763752818107605,0.9740122556686401,-0.00299072265625,0.9743872284889221,0.974456787109375,0,0
676,15.553615258075297,0.9772507548332214,-0.0075463661924004555,0.9772498607635498,0.9742593169212341,-0.00299072265625,0.974248468875885,0.9742431640625,0,0
677,15.576617538928986,0.9770516753196716,-0.003940552938729525,0.9770408868789673,0.9740484356880188,-0.00299072265625,0.9740470051765442,0.974029541015625,0,0
678,15.59911513607949,0.9768462777137756,-0.010273427702486515,0.9768385291099548,0.9738472104072571,-0.00299072265625,0.9738401770591736,0.9738311767578125,0,0
679,15.62200049101375,0.9766456484794617,-0.005251765716820955,0.9766339659690857,0.973637580871582,-0.00299072265625,0.9736347198486328,0.9736175537109375,0,0
680,15.645863656885922,0.9764138460159302,-0.010258735157549381,0.9764105677604675,0.9734196662902832,-0.00299072265625,0.9734200835227966,0.973419189453125,0,0
681,15.668616604991257,0.9761996865272522,-0.011361421085894108,0.9761969447135925,0.9732058048248291,-0.00299072265625,0.9732062816619873,0.97320556640625,0,0
682,15.69148631207645,0.9760178923606873,0.007957875728607178,0.9760080575942993,0.9730115532875061,-0.00299072265625,0.9730004072189331,0.972991943359375,0,0
683,15.714121483033523,0.9758109450340271,0.033185333013534546,0.9757936000823975,0.972797691822052,-0.00299072265625,0.9727900624275208,0.9727630615234375,0,0
684,15.736863838043064,0.9755564332008362,-0.009133965708315372,0.9755456447601318,0.9725525975227356,-0.00299072265625,0.9725436568260193,0.9725341796875,0,0
685,15.759639786090702,0.9751295447349548,0.29808321595191956,0.975341796875,0.9723947048187256,-0.00299072265625,0.9724103212356567,0.972320556640625,0,0
686,15.782372585963458,0.9751452207565308,-0.007695944048464298,0.9751332402229309,0.9721407294273376,-0.00299072265625,0.9721391201019287,0.9721221923828125,0,0
687,15.805262922076508,0.9749459624290466,-0.006786973215639591,0.9749396443367004,0.9719435572624207,-0.00299072265625,0.9719406962394714,0.9719390869140625,0,0
688,15.828119222074747,0.9747512936592102,-0.006518722046166658,0.9747363328933716,0.9717440605163574,-0.00299072265625,0.9717428684234619,0.97174072265625,0,0
689,15.850998410023749,0.974534273147583,-0.005818367935717106,0.9745257496833801,0.9715309143066406,-0.00299072265625,0.9715290069580078,0.971527099609375,0,0
690,15.873617063043639,0.9743364453315735,-0.0074426233768463135,0.9743275046348572,0.9713336229324341,-0.00299072265625,0.9713308811187744,0.9713287353515625,0,0
691,15.896386844106019,0.9741384983062744,-0.007070392370223999,0.974138081073761,0.9711475968360901,-0.00299072265625,0.9711368680000305,0.97113037109375,0,0
692,15.919372475938872,0.9740086197853088,0.0759287178516388,0.9739905595779419,0.9709944725036621,-0.00299072265625,0.9709792733192444,0.970947265625,0,0
693,15.94203270203434,0.9737903475761414,-0.009268672205507755,0.973787248134613,0.9707964658737183,-0.00299072265625,0.9707968235015869,0.970794677734375,0,0
694,15.964872502023354,0.9736189842224121,-0.0067952582612633705,0.9736157059669495,0.9706180691719055,-0.00299072265625,0.970614492893219,0.970611572265625,0,0
695,15.987758653005585,0.9734175801277161,-0.01020017359405756,0.9734079241752625,0.970415472984314,-0.00299072265625,0.970403790473938,0.97039794921875,0,0
696,16.010638766922057,0.9732096195220947,-0.008844167925417423,0.9732075333595276,0.9702168703079224,-0.00299072265625,0.9702103734016418,0.9701995849609375,0,0
697,16.033496326068416,0.9730424880981445,-0.00475385831668973,0.9730309247970581,0.9700375199317932,-0.00299072265625,0.9700351357460022,0.97003173828125,0,0
698,16.056006589904428,0.9728638529777527,-0.008062214590609074,0.972858190536499,0.9698668122291565,-0.00299072265625,0.9698665738105774,0.9698486328125,0,0
699,16.078871611971408,0.9727664589881897,0.14141112565994263,0.9727520942687988,0.9697538018226624,-0.00299072265625,0.9697309732437134,0.9696807861328125,0,0
700,16.10150739410892,0.971321702003479,0.1029287725687027,0.9723391532897949,0.9694710969924927,-0.00299072265625,0.9695953726768494,0.9695281982421875,0,0
701,16.12440921110101,0.9723812937736511,0.010675787925720215,0.9723657965660095,0.969371497631073,-0.00299072265625,0.9693662524223328,0.9693450927734375,0,0
702,16.14816265599802,0.9722031950950623,-0.005655915010720491,0.9721893072128296,0.9691970944404602,-0.00299072265625,0.9691888689994812,0.96917724609375,0,0
703,16.17149754590355,0.9720180630683899,-0.006393701769411564,0.9720113277435303,0.9690164923667908,-0.00299072265625,0.9690122008323669,0.9690093994140625,0,0
704,16.194901305949315,0.9718353748321533,-0.0065726349130272865,0.971835196018219,0.9688448309898376,-0.00299072265625,0.9688327312469482,0.9688262939453125,0,0
705,16.218377880984917,0.9717220067977905,0.07815518975257874,0.9716901779174805,0.9686901569366455,-0.00299072265625,0.9686716198921204,0.9686431884765625,0,0
706,16.24204373289831,0.9714851975440979,-0.005805373657494783,0.9672107100486755,0.9664539694786072,-0.00299072265625,0.9681857824325562,0.9684600830078125,0,0
707,16.266569321975112,0.9713825583457947,0.1530781388282776,0.9713602662086487,0.9683519601821899,-0.00299072265625,0.9668232202529907,0.968292236328125,0,0
708,16.29017010005191,0.9711501002311707,-0.005798161495476961,0.9711493253707886,0.9681493639945984,-0.00299072265625,0.9681433439254761,0.9681396484375,0,0
709,16.313789618900046,0.9710028171539307,0.004044026136398315,0.970991313457489,0.9679954648017883,-0.00299072265625,0.9679920673370361,0.967987060546875,0,0
710,16.337373489979655,0.9708449840545654,0.007352083921432495,0.9708355665206909,0.9678361415863037,-0.00299072265625,0.9678258895874023,0.9678192138671875,0,0
711,16.360930434893817,0.9706803560256958,0.02080032229423523,0.9706619381904602,0.9676652550697327,-0.00299072265625,0.9676598906517029,0.9676513671875,0,0
712,16.384423601906747,0.9704687595367432,-0.009829104878008366,0.9704623818397522,0.9674714207649231,-0.00299072265625,0.9655938148498535,0.9674530029296875,0,0
713,16.40817123092711,0.9700409173965454,0.2590622305870056,0.970329225063324,0.9673729538917542,-0.00299072265625,0.9673755764961243,0.96728515625,0,0
714,16.431719397893175,0.9701701402664185,0.03041878342628479,0.9701583385467529,0.9671640396118164,-0.00299072265625,0.9648166298866272,0.9671478271484375,0,0
715,16.45518391788937,0.9700397849082947,-0.00629770802333951,0.9700360894203186,0.967045247554779,-0.00299072265625,0.9670388698577881,0.9670257568359375,0,0
716,16.478908603079617,0.9700684547424316,0.2745892405509949,0.9700510501861572,0.9670431017875671,-0.00299072265625,0.9669929146766663,0.9669342041015625,0,0
717,16.502577306935564,0.969921350479126,0.18828898668289185,0.9699110388755798,0.9669087529182434,-0.00299072265625,0.9668874144554138,0.9668426513671875,0,0
718,16.526169955031946,0.9697773456573486,0.04125186800956726,0.9697588682174683,0.9667581915855408,-0.00299072265625,0.9667486548423767,0.96673583984375,0,0
719,16.54979858500883,0.9696599841117859,0.0035368800163269043,0.9696450233459473,0.9666521549224854,-0.00299072265625,0.9666506052017212,0.966644287109375,0,0
720,16.57353712199256,0.9695634245872498,-0.0031688218005001545,0.9695637226104736,0.9665639996528625,-0.00299072265625,0.9665576815605164,0.966552734375,0,0
721,16.59722715895623,0.9694953560829163,0.008856326341629028,0.9694856405258179,0.9664881825447083,-0.00299072265625,0.9664831161499023,0.9664764404296875,0,0
722,16.620789455017075,0.9693958759307861,-0.004063189495354891,0.9693957567214966,0.962792694568634,-0.00299072265625,0.9655622839927673,0.966400146484375,0,0
723,16.644318881910294,0.9694270491600037,0.15552064776420593,0.9694119691848755,0.9664105772972107,-0.00299072265625,0.9635146856307983,0.9663543701171875,0,0
724,16.668167289113626,0.9693812727928162,0.06700024008750916,0.9693644642829895,0.9663674831390381,-0.00299072265625,0.9663585424423218,0.966339111328125,0,0
725,16.691670381929725,0.9693216681480408,0.0010773241519927979,0.9693213701248169,0.9663305878639221,-0.00299072265625,0.9627255797386169,0.9663238525390625,0,0
726,16.715312456013635,0.9693708419799805,0.06914567947387695,0.9693506956100464,0.9663530588150024,-0.00299072265625,0.9663435816764832,0.9663238525390625,0,0
727,16.73884075297974,0.9693247079849243,0.004541605710983276,0.969322919845581,0.9663317203521729,-0.00299072265625,0.9663310050964355,0.9663238525390625,0,0
728,16.763470619916916,0.9693238139152527,0.003490835428237915,0.9693224430084229,0.9627264738082886,-0.00299072265625,0.9654893279075623,0.9663238525390625,0,0
729,16.787058064015582,0.9693567156791687,0.047046810388565063,0.9693410396575928,0.9663456678390503,-0.00299072265625,0.9663392901420593,0.9663238525390625,0,0
730,16.810711323982105,0.9693825840950012,0.10161459445953369,0.9693626165390015,0.9627584218978882,-0.00299072265625,0.9655088186264038,0.9663238525390625,0,0
731,16.834368286887184,0.9693689942359924,0.0725870132446289,0.9693514704704285,0.9663540720939636,-0.00299072265625,0.96634441614151,0.9663238525390625,0,0
732,16.857797862030566,0.9693683385848999,0.20871657133102417,0.9693924188613892,0.96639484167099,-0.00299072265625,0.9649673700332642,0.9663238525390625,0,0
733,16.88141967705451,0.9693300127983093,0.012185066938400269,0.9693261981010437,0.9663342237472534,-0.00299072265625,0.9663324952125549,0.9663238525390625,0,0
734,16.904927141033113,0.9673975706100464,0.3421190083026886,0.969120442867279,0.966325044631958,-0.00299072265625,0.9664232134819031,0.966278076171875,0,0
735,16.92867762199603,0.9691622257232666,-6.386649329215288e-05,0.9691547751426697,0.9661628007888794,-0.00299072265625,0.9661620855331421,0.966156005859375,0,0
736,16.952312659006566,0.9662867784500122,-1.1873815059661865,0.9673670530319214,0.9653589725494385,-0.00299072265625,0.9660651087760925,0.96600341796875,0,0
737,16.975837714970112,0.9688788652420044,-0.007425547577440739,0.9688764810562134,0.9658858180046082,-0.00299072265625,0.9658863544464111,0.9658660888671875,0,0
738,16.99955469602719,0.9687548279762268,-0.004326107911765575,0.9687550067901611,0.96575528383255,-0.00299072265625,0.9657491445541382,0.9657440185546875,0,0
739,17.02305280789733,0.9686105847358704,-0.009966211393475533,0.9686022400856018,0.965610682964325,-0.00299072265625,0.965610921382904,0.965606689453125,0,0
740,17.04656023508869,0.9684504270553589,-0.005041495431214571,0.9684499502182007,0.9654500484466553,-0.00299072265625,0.9654439091682434,0.9654388427734375,0,0
741,17.070185142103583,0.9682644605636597,0.006015017628669739,0.9682436585426331,0.9652500748634338,-0.00299072265625,0.9652477502822876,0.965240478515625,0,0
742,17.093939587008208,0.9680533409118652,-0.08634982258081436,0.9679869413375854,0.9651091694831848,-0.00299072265625,0.9650918841362,0.96502685546875,0,0
743,17.12080270401202,0.9679008722305298,-0.004751206375658512,0.967890202999115,0.9648961424827576,-0.00299072265625,0.9648944735527039,0.9648895263671875,0,0
744,17.144469185033813,0.9677851796150208,-0.00719499820843339,0.9677783846855164,0.9647876024246216,-0.00299072265625,0.9647881984710693,0.96478271484375,0,0
745,17.168419572990388,0.9676947593688965,0.017481237649917603,0.9676823616027832,0.9646890163421631,-0.00299072265625,0.9646860957145691,0.96466064453125,0,0
746,17.192045443924144,0.9641690850257874,-0.5909630060195923,0.9667419791221619,0.9642089009284973,-0.00299072265625,0.9645423293113708,0.9645233154296875,0,0
747,17.215548536973074,0.9671773314476013,0.24552850425243378,0.9674333930015564,0.9644724726676941,-0.00299072265625,0.9644638299942017,0.964385986328125,0,0
748,17.239322369918227,0.9673231244087219,0.02104245126247406,0.967309832572937,0.9643112421035767,-0.00299072265625,0.9643039107322693,0.96429443359375,0,0
749,17.26293594390154,0.9672088623046875,-0.006368235684931278,0.9672000408172607,0.9642086029052734,-0.00299072265625,0.9642086029052734,0.964202880859375,0,0
750,17.286566518014297,0.9671080112457275,-0.004691794980317354,0.9671077728271484,0.9641172289848328,-0.00299072265625,0.964117705821991,0.964111328125,0,0
751,17.31018816702999,0.9670172929763794,-0.005176083650439978,0.9670037031173706,0.964011013507843,-0.00299072265625,0.9640101790428162,0.9639892578125,0,0
752,17.33368364907801,0.966910719871521,-0.0010931791039183736,0.966910719871521,0.9639161825180054,-0.00299072265625,0.9639054536819458,0.963897705078125,0,0
753,17.357189130969346,0.9668178558349609,-0.0038500134833157063,0.9668181538581848,0.9638277292251587,-0.00299072265625,0.963813066482544,0.96380615234375,0,0
754,17.381685701897368,0.9667270183563232,-0.0016148397698998451,0.9667274951934814,0.963729977607727,-0.00299072265625,0.9637216925621033,0.963714599609375,0,0
755,17.405432091094553,0.9666195511817932,-0.0035743420012295246,0.9666200280189514,0.9636295437812805,-0.00299072265625,0.9636160135269165,0.9636077880859375,0,0
756,17.428946553962305,0.9665443301200867,-0.0012125088833272457,0.9665446877479553,0.9635540246963501,-0.00299072265625,0.9635541439056396,0.9635467529296875,0,0
757,17.45268548000604,0.9663899540901184,0.2279076874256134,0.9665359258651733,0.9635576009750366,-0.00299072265625,0.9609589576721191,0.9634857177734375,0,0
758,17.47616592491977,0.9664381146430969,-0.0003334732027724385,0.9664381146430969,0.9634475111961365,-0.00299072265625,0.9634475708007812,0.96343994140625,0,0
759,17.499687443953007,0.9663909077644348,-0.003462746739387512,0.9663912653923035,0.9634007811546326,-0.00299072265625,0.963401198387146,0.9633941650390625,0,0
760,17.523164241109043,0.9663662910461426,-0.005660727620124817,0.9663611054420471,0.9633698463439941,-0.00299072265625,0.9633699059486389,0.9633636474609375,0,0
761,17.546683483058587,0.966315746307373,-0.0009445110335946083,0.9630886912345886,0.961716890335083,-0.00299072265625,0.9629994630813599,0.9633026123046875,0,0
762,17.570184723939747,0.96628737449646,0.10920475423336029,0.9662689566612244,0.9632694721221924,-0.00299072265625,0.9632520079612732,0.9632110595703125,0,0
763,17.59369016904384,0.966112494468689,0.010149195790290833,0.9661006927490234,0.9631028175354004,-0.00299072265625,0.9630973935127258,0.9630889892578125,0,0
764,17.617168059106916,0.965947687625885,-0.004945681430399418,0.9659483432769775,0.962951123714447,-0.00299072265625,0.9629431366920471,0.9629364013671875,0,0
765,17.64068426308222,0.9657930135726929,-0.002829879755154252,0.9657834768295288,0.962791383266449,-0.00299072265625,0.9627869129180908,0.9627685546875,0,0
766,17.66417069011368,0.9656795859336853,0.07472319900989532,0.9656614661216736,0.9626599550247192,-0.00299072265625,0.9626391530036926,0.962615966796875,0,0
767,17.687703819945455,0.9655065536499023,-0.0022711018100380898,0.9655070900917053,0.9625166058540344,-0.00299072265625,0.9625074863433838,0.962493896484375,0,0
768,17.7112150429748,0.9654274582862854,-0.005594061221927404,0.965416669845581,0.959307849407196,-0.00299072265625,0.961696445941925,0.9624176025390625,0,0
769,17.734686746960506,0.9653694033622742,-0.002226457465440035,0.9653698801994324,0.9623793363571167,-0.00299072265625,0.9623795747756958,0.962371826171875,0,0
770,17.758152248105034,0.9651592373847961,0.21234281361103058,0.9653434753417969,0.9623637199401855,-0.00299072265625,0.9623575806617737,0.9622955322265625,0,0
771,17.781695638084784,0.9640287756919861,0.010223415680229664,0.9650202393531799,0.9621938467025757,-0.00299072265625,0.9622969627380371,0.9622344970703125,0,0
772,17.805206953082234,0.9652026891708374,-0.0002893512137234211,0.9652027487754822,0.9622121453285217,-0.00299072265625,0.9622121453285217,0.9622039794921875,0,0
773,17.828689527930692,0.9651877880096436,-0.8120898008346558,0.9642373919487,0.9617723822593689,-0.00299072265625,0.9621652960777283,0.9621734619140625,0,0
774,17.852161306887865,0.9651954174041748,0.056908562779426575,0.9651811718940735,0.9621850848197937,-0.00299072265625,0.962177574634552,0.962158203125,0,0
775,17.87654808210209,0.9631304144859314,-0.20008456707000732,0.9646578431129456,0.9619314670562744,-0.00299072265625,0.9621135592460632,0.9620513916015625,0,0
776,17.900065674912184,0.9648958444595337,-0.008209855295717716,0.9648951292037964,0.9618954062461853,-0.00299072265625,0.9618895053863525,0.961883544921875,0,0
777,17.92353643500246,0.9646878838539124,-0.009431779384613037,0.9646819233894348,0.9616816639900208,-0.00299072265625,0.9616760015487671,0.961669921875,0,0
778,17.946945694973692,0.964441180229187,-0.011279523372650146,0.9644275903701782,0.9614326357841492,-0.00299072265625,0.9614214897155762,0.9614105224609375,0,0
779,17.97094419389032,0.9641367793083191,0.18554241955280304,0.9642040133476257,0.958850085735321,-0.00299072265625,0.960655152797699,0.96112060546875,0,0
780,17.994467712938786,0.9638577699661255,-0.012330145575106144,0.9638439416885376,0.9608516097068787,-0.00299072265625,0.960838794708252,0.9608306884765625,0,0
781,18.018072695005685,0.9635642170906067,-0.016651617363095284,0.9635522961616516,0.9605604410171509,-0.00299072265625,0.9605571031570435,0.960540771484375,0,0
782,18.04156406596303,0.9632798433303833,-0.009089395403862,0.9632782340049744,0.9602783918380737,-0.00299072265625,0.9602726697921753,0.9602508544921875,0,0
783,18.065054215025157,0.9630133509635925,-0.0034345092717558146,0.9630067944526672,0.9600151777267456,-0.00299072265625,0.9600009918212891,0.959991455078125,0,0
784,18.088828899897635,0.962780773639679,-0.0015271756565198302,0.9627662301063538,0.9575536847114563,-0.00299072265625,0.9592700004577637,0.959747314453125,0,0
785,18.112476232927293,0.962547779083252,-0.007882625795900822,0.9625463485717773,0.9595521092414856,-0.00299072265625,0.9595419764518738,0.95953369140625,0,0
786,18.13608178892173,0.9601680636405945,-0.3203526437282562,0.9618497490882874,0.959155261516571,-0.00299072265625,0.959355354309082,0.959320068359375,0,0
787,18.15970278903842,0.9621428847312927,0.011049166321754456,0.9621291160583496,0.9591355323791504,-0.00299072265625,0.9591202735900879,0.9591064453125,0,0
788,18.183183253044263,0.9619212746620178,-0.010348902083933353,0.9619085192680359,0.9589154720306396,-0.00299072265625,0.9589147567749023,0.9589080810546875,0,0
789,18.206680641975254,0.9617226123809814,-0.005997777916491032,0.9617138504981995,0.9587189555168152,-0.00299072265625,0.958716869354248,0.958709716796875,0,0
790,18.23016781010665,0.9615404605865479,-0.00762945506721735,0.9615272283554077,0.9585347771644592,-0.00299072265625,0.9585342407226562,0.958526611328125,0,0
791,18.25381225394085,0.9613533020019531,-0.009164274670183659,0.9613431096076965,0.9583511352539062,-0.00299072265625,0.9583417773246765,0.9583282470703125,0,0
792,18.277436644071713,0.9611586928367615,-0.008657635189592838,0.9611455202102661,0.9581531286239624,-0.00299072265625,0.9581415057182312,0.9581298828125,0,0
793,18.300997291924432,0.9609735012054443,0.06425370275974274,0.9609498381614685,0.9579488039016724,-0.00299072265625,0.957933783531189,0.9579010009765625,0,0
794,18.32455834792927,0.9607070088386536,-0.01011799369007349,0.9607012271881104,0.9577100872993469,-0.00299072265625,0.9576992988586426,0.9576873779296875,0,0
795,18.348061812110245,0.9605029225349426,-0.007696554996073246,0.9605026245117188,0.9575029611587524,-0.00299072265625,0.9574971199035645,0.957489013671875,0,0
796,18.372683696914464,0.9602891802787781,-0.00891099963337183,0.9602769017219543,0.9572839140892029,-0.00299072265625,0.957283079624176,0.9572601318359375,0,0
797,18.396169401006773,0.9600734710693359,-0.0071229045279324055,0.9600626826286316,0.9570637345314026,-0.00299072265625,0.957054853439331,0.9570465087890625,0,0
798,18.419679031940177,0.9598462581634521,-0.006839782930910587,0.9598375558853149,0.9568427205085754,-0.00299072265625,0.9568406939506531,0.9568328857421875,0,0
799,18.44319379189983,0.9596292972564697,-0.01060232613235712,0.9596190452575684,0.9566233158111572,-0.00299072265625,0.9551042318344116,0.95660400390625,0,0
800,18.466575626051053,0.95793217420578,-0.1570659577846527,0.959107518196106,0.9548877477645874,-0.00299072265625,0.9561431407928467,0.9564056396484375,0,0
801,18.490438274107873,0.9592421054840088,-0.0004995169001631439,0.959229052066803,0.9562344551086426,-0.00299072265625,0.9562321305274963,0.956207275390625,0,0
802,18.51405692193657,0.9590697288513184,-0.0029358575120568275,0.9590703845024109,0.9560730457305908,-0.00299072265625,0.9560648798942566,0.9560546875,0,0
803,18.53757160808891,0.9589260220527649,-0.007637173403054476,0.9589179754257202,0.9559263586997986,-0.00299072265625,0.9559224843978882,0.955902099609375,0,0
804,18.5610510900151,0.9588236808776855,0.0750492513179779,0.95881187915802,0.9558115601539612,-0.00299072265625,0.9557914137840271,0.9557647705078125,0,0
805,18.584564405027777,0.9586279988288879,-0.006936938501894474,0.958626925945282,0.9556364417076111,-0.00299072265625,0.9556243419647217,0.9556121826171875,0,0
806,18.608185071963817,0.9585146903991699,0.005431026220321655,0.9584977030754089,0.9555038809776306,-0.00299072265625,0.9546228051185608,0.9464874267578125,0,0
807,18.631710313959047,0.9583684802055359,-0.0043367003090679646,0.9583577513694763,0.9553637504577637,-0.00299072265625,0.9553619623184204,0.955352783203125,0,0
808,18.655173962935805,0.9582734704017639,0.10268327593803406,0.9582709670066833,0.9552652835845947,-0.00299072265625,0.9552473425865173,0.9552154541015625,0,0
809,18.678690722910687,0.9581009745597839,-1.1024779081344604,0.9569988250732422,0.9544365406036377,-0.00299072265625,0.9550296664237976,0.955078125,0,0
810,18.70219390792772,0.9579636454582214,-0.006557211745530367,0.9579567909240723,0.9532269835472107,-0.00299072265625,0.9545788168907166,0.9549560546875,0,0
811,18.725818501086906,0.9578337669372559,-0.004761845804750919,0.9578343033790588,0.9548400640487671,-0.00299072265625,0.9548305869102478,0.9548187255859375,0,0
812,18.74920029891655,0.9577133059501648,-0.005171686410903931,0.9577124118804932,0.9547217488288879,-0.00299072265625,0.9538820385932922,0.9547119140625,0,0
813,18.772566891973838,0.9576049447059631,-0.004173353314399719,0.9575964212417603,0.9546013474464417,-0.00299072265625,0.9545990228652954,0.95458984375,0,0
814,18.79617731901817,0.9574680328369141,-0.0039051477797329426,0.9574616551399231,0.954465389251709,-0.00299072265625,0.9544620513916016,0.9544525146484375,0,0
815,18.81969146709889,0.9573313593864441,-0.004083962179720402,0.9573206901550293,0.9543265700340271,-0.00299072265625,0.9543248414993286,0.954315185546875,0,0
816,18.84319293103181,0.9572099447250366,-0.0017519297543913126,0.9572100639343262,0.9542125463485718,-0.00299072265625,0.9535710215568542,0.954193115234375,0,0
817,18.866702449973673,0.9571021795272827,-0.0035476391203701496,0.9571026563644409,0.9541053175926208,-0.00299072265625,0.9540971517562866,0.9540863037109375,0,0
818,18.8902867839206,0.9569835662841797,-0.007079288829118013,0.9569801092147827,0.9539892077445984,-0.00299072265625,0.953989565372467,0.9539794921875,0,0
819,18.913822487927973,0.9568755626678467,0.10699644684791565,0.9568824172019958,0.9538780450820923,-0.00299072265625,0.9538607001304626,0.953826904296875,0,0
820,18.93745085899718,0.9567055106163025,-0.00395014975219965,0.9567058682441711,0.9537153840065002,-0.00299072265625,0.9537066221237183,0.9536895751953125,0,0
821,18.961099636973813,0.9566552042961121,0.0769481211900711,0.9566367864608765,0.9536360502243042,-0.00299072265625,0.9536240100860596,0.9535980224609375,0,0
822,18.98456423007883,0.9565698504447937,-0.000418767798691988,0.9565698504447937,0.9535791277885437,-0.00299072265625,0.953579306602478,0.9535675048828125,0,0
823,19.00819263793528,0.9566363096237183,0.19392210245132446,0.9566404819488525,0.953640341758728,-0.00299072265625,0.9536231756210327,0.9535675048828125,0,0
824,19.03159658308141,0.956570029258728,-0.00023257735301740468,0.956570029258728,0.953579306602478,-0.00299072265625,0.953579306602478,0.9535675048828125,0,0
825,19.055067176930606,0.9565705060958862,0.0005720406770706177,0.9565703272819519,0.9535796046257019,-0.00299072265625,0.9535794854164124,0.9535675048828125,0,0
826,19.078565621981397,0.9565703272819519,0.000370711088180542,0.9565703272819519,0.9535794854164124,-0.00299072265625,0.9535794854164124,0.9535675048828125,0,0
827,19.10207310388796,0.9565702080726624,-0.00014337898755911738,0.9565702080726624,0.9535794854164124,-0.00299072265625,0.9535794854164124,0.9535675048828125,0,0
828,19.12557617900893,0.956570029258728,-0.00023278596927411854,0.956570029258728,0.953579306602478,-0.00299072265625,0.953579306602478,0.9535675048828125,0,0
829,19.149217568105087,0.9565549492835999,-1.8775471062326687e-06,0.9565549492835999,0.9535642266273499,-0.00299072265625,0.9535642266273499,0.95355224609375,0,0
830,19.17269619810395,0.9565147757530212,-0.006029398180544376,0.9565082788467407,0.9535169005393982,-0.00299072265625,0.9535168409347534,0.9535064697265625,0,0
831,19.196195069001988,0.9564006328582764,0.13412345945835114,0.9564674496650696,0.9534716010093689,-0.00299072265625,0.9534576535224915,0.9534149169921875,0,0
832,19.219699939945713,0.956308901309967,-0.006461546756327152,0.9562968015670776,0.9533036947250366,-0.00299072265625,0.9533026218414307,0.9532928466796875,0,0
833,19.243366254959255,0.9561419486999512,-0.0077505409717559814,0.9561405181884766,0.9531499147415161,-0.00299072265625,0.9531506299972534,0.953125,0,0
834,19.266950180986896,0.955989420413971,-0.006461591459810734,0.9559814929962158,0.9529850482940674,-0.00299072265625,0.9529820084571838,0.952972412109375,0,0
835,19.290558570995927,0.9557788372039795,0.12311144173145294,0.9558394551277161,0.9528523683547974,-0.00299072265625,0.952257513999939,0.952789306640625,0,0
836,19.31406359001994,0.9556381106376648,-0.006193489767611027,0.9556306600570679,0.9526342749595642,-0.00299072265625,0.9526311159133911,0.9526214599609375,0,0
837,19.33757662703283,0.9554694294929504,-0.0049045393243432045,0.9554699063301086,0.9524726271629333,-0.00299072265625,0.952464759349823,0.95245361328125,0,0
838,19.361078812973574,0.9553139805793762,-0.0073707555420696735,0.9553036093711853,0.9523115754127502,-0.00299072265625,0.9523019194602966,0.9522857666015625,0,0
839,19.384583425009623,0.9551491737365723,-0.003764674998819828,0.9551500082015991,0.952150285243988,-0.00299072265625,0.9521441459655762,0.9521331787109375,0,0
840,19.408465109067038,0.9550163149833679,0.05312050133943558,0.9550055265426636,0.9520103335380554,-0.00299072265625,0.9519922137260437,0.95196533203125,0,0
841,19.43196059204638,0.9548294544219971,-0.006670393981039524,0.9548288583755493,0.9518383741378784,-0.00299072265625,0.951829731464386,0.951812744140625,0,0
842,19.455454166047275,0.9535549879074097,-0.11670809984207153,0.9544323682785034,0.9515905976295471,-0.00299072265625,0.9516934752464294,0.95166015625,0,0
843,19.478959592990577,0.95453941822052,-0.005508200265467167,0.9545393586158752,0.9515489339828491,-0.00299072265625,0.9515402317047119,0.9515228271484375,0,0
844,19.502601889893413,0.9544181823730469,-0.0036008660681545734,0.9544074535369873,0.9514133334159851,-0.00299072265625,0.9514115452766418,0.9514007568359375,0,0
845,19.526203853078187,0.9540677070617676,0.10674223303794861,0.9542883038520813,0.951314389705658,-0.00299072265625,0.9513253569602966,0.9512786865234375,0,0
846,19.54943833593279,0.9541895985603333,-0.003325194586068392,0.9541786909103394,0.9511845707893372,-0.00299072265625,0.9511827826499939,0.951171875,0,0
847,19.572735967114568,0.9540820121765137,-0.002788752317428589,0.9540825486183167,0.9497394561767578,-0.00299072265625,0.9497184753417969,0.9510650634765625,0,0
848,19.596039839088917,0.9539954662322998,-0.004696295130997896,0.9539915919303894,0.9510001540184021,-0.00299072265625,0.9510002136230469,0.95098876953125,0,0
849,19.619357526069507,0.9538988471031189,-0.0032806778326630592,0.9538993239402771,0.9509049654006958,-0.00299072265625,0.9508944153785706,0.9508819580078125,0,0
850,19.642719082068652,0.953793466091156,-0.005724482703953981,0.953792154788971,0.9508014917373657,-0.00299072265625,0.9508018493652344,0.9507904052734375,0,0
851,19.66599038010463,0.9537007808685303,-0.4372919797897339,0.9531992077827454,0.9504170417785645,-0.00299072265625,0.9506855010986328,0.9506988525390625,0,0
852,19.689110826933756,0.9536008834838867,-0.006544106639921665,0.9535945057868958,0.9506032466888428,-0.00299072265625,0.9505903720855713,0.9505767822265625,0,0
853,19.712443549884483,0.951892077922821,-0.2401869148015976,0.9531295299530029,0.9503477811813354,-0.00299072265625,0.9504971504211426,0.950469970703125,0,0
854,19.736895140027627,0.9533687233924866,-0.006484613288193941,0.9533653855323792,0.950374186038971,-0.00299072265625,0.9503743648529053,0.9503631591796875,0,0
855,19.76006610505283,0.9532734155654907,-0.0032808645628392696,0.9532738924026489,0.9502795934677124,-0.00299072265625,0.9502699375152588,0.95025634765625,0,0
856,19.783368235919625,0.9531847238540649,0.011180594563484192,0.9531746506690979,0.9501823782920837,-0.00299072265625,0.9501797556877136,0.950164794921875,0,0
857,19.806583756115288,0.9530817866325378,-0.002625331748276949,0.953076958656311,0.9500855803489685,-0.00299072265625,0.950085461139679,0.9500732421875,0,0
858,19.82992242393084,0.9530313014984131,0.06409462541341782,0.9530216455459595,0.9500225782394409,-0.00299072265625,0.9500097632408142,0.949981689453125,0,0
859,19.853092889068648,0.9529058337211609,0.09090174734592438,0.9529233574867249,0.949927031993866,-0.00299072265625,0.9499082565307617,0.9498748779296875,0,0
860,19.87643590895459,0.9527912139892578,-0.0038323854096233845,0.9527864456176758,0.9497954249382019,-0.00299072265625,0.9497953653335571,0.9497833251953125,0,0
861,19.89972659596242,0.9527256488800049,-0.0005094269290566444,0.9515069723129272,0.9489725232124329,-0.00299072265625,0.9495198130607605,0.94970703125,0,0
862,19.922947616083547,0.9526481032371521,-0.0032885600812733173,0.9526485204696655,0.9496579766273499,-0.00299072265625,0.9496583938598633,0.94964599609375,0,0
863,19.946196747012436,0.9510671496391296,-0.2703621983528137,0.9522212743759155,0.949436604976654,-0.00299072265625,0.9495870471000671,0.9495697021484375,0,0
864,19.96957450802438,0.9524650573730469,-0.004600034095346928,0.9524650573730469,0.9494745135307312,-0.00299072265625,0.9494749307632446,0.949462890625,0,0
865,19.99272995395586,0.9523590207099915,-0.0013962839730083942,0.9523555636405945,0.9493575692176819,-0.00299072265625,0.949353039264679,0.9493408203125,0,0
866,20.016073604114354,0.9522894024848938,-0.005829380825161934,0.9522829055786133,0.9492912888526917,-0.00299072265625,0.9492914080619812,0.94927978515625,0,0
867,20.039553252980113,0.9521801471710205,0.024934008717536926,0.9521721601486206,0.9491790533065796,-0.00299072265625,0.9491692185401917,0.9491424560546875,0,0
868,20.062870549969375,0.9520533084869385,-0.00582949910312891,0.9520410895347595,0.949047863483429,-0.00299072265625,0.949046790599823,0.94903564453125,0,0
869,20.086215477902442,0.951977550983429,-0.0008152576629072428,0.9519743919372559,0.9489783048629761,-0.00299072265625,0.9489717483520508,0.9489593505859375,0,0
870,20.110576622886583,0.9518913626670837,0.0037891417741775513,0.951889157295227,0.9488977193832397,-0.00299072265625,0.9488970041275024,0.948883056640625,0,0
871,20.13372995890677,0.9517762660980225,-0.005755037534981966,0.9517641663551331,0.9487727284431458,-0.00299072265625,0.948772668838501,0.948760986328125,0,0
872,20.157383569981903,0.9516408443450928,-0.0037508467212319374,0.9516413807868958,0.948647141456604,-0.00299072265625,0.9486374855041504,0.9486236572265625,0,0
873,20.18046992388554,0.9515241384506226,0.0012559440219774842,0.9515101313591003,0.9485170245170593,-0.00299072265625,0.9485141634941101,0.9485015869140625,0,0
874,20.203735128976405,0.9513816833496094,-0.006462858058512211,0.95136958360672,0.9483764171600342,-0.00299072265625,0.948368489742279,0.9483489990234375,0,0
875,20.227111574960873,0.9511846899986267,-0.008020029403269291,0.9511826038360596,0.9481881856918335,-0.00299072265625,0.9481779336929321,0.9481658935546875,0,0
876,20.25048568705097,0.9510014057159424,0.005286581814289093,0.9509910345077515,0.9479891061782837,-0.00299072265625,0.9479814767837524,0.947967529296875,0,0
877,20.273718799930066,0.9507746696472168,-0.010061615146696568,0.9507705569267273,0.9477795362472534,-0.00299072265625,0.9477689266204834,0.94775390625,0,0
878,20.2970740608871,0.9505992531776428,-0.009294205345213413,0.9505890607833862,0.9475971460342407,-0.00299072265625,0.9475971460342407,0.9475860595703125,0,0
879,20.3204603579361,0.9504415988922119,-0.006515160668641329,0.9504361748695374,0.9474451541900635,-0.00299072265625,0.947445273399353,0.9474334716796875,0,0
880,20.34385426598601,0.9502943158149719,-0.009011142887175083,0.9502840638160706,0.9472920894622803,-0.00299072265625,0.9472918510437012,0.947265625,0,0
881,20.36710817599669,0.9499398469924927,0.06916780024766922,0.950074315071106,0.9471111297607422,-0.00299072265625,0.9471170902252197,0.94708251953125,0,0
882,20.390454787993804,0.9499046802520752,-0.007997863925993443,0.9499015212059021,0.9469106197357178,-0.00299072265625,0.9469016790390015,0.9468841552734375,0,0
883,20.413749289000407,0.9497401714324951,-0.008221381343901157,0.9497341513633728,0.946739137172699,-0.00299072265625,0.9467290639877319,0.94671630859375,0,0
884,20.436820459086448,0.9495768547058105,-0.010121279396116734,0.9495666027069092,0.9465746879577637,-0.00299072265625,0.9465746283531189,0.9465484619140625,0,0
885,20.46008466393687,0.9493979215621948,-0.007312455214560032,0.94938725233078,0.9463933110237122,-0.00299072265625,0.9463918209075928,0.9463653564453125,0,0
886,20.483396275900304,0.9492027163505554,-0.007766955532133579,0.9491994976997375,0.9462087154388428,-0.00299072265625,0.946196436882019,0.9461822509765625,0,0
887,20.506836832966655,0.9490277171134949,-0.009160214103758335,0.9490176439285278,0.9460256695747375,-0.00299072265625,0.946025550365448,0.946014404296875,0,0
888,20.530072316061705,0.9488636255264282,-0.006448202766478062,0.9488548636436462,0.945859968662262,-0.00299072265625,0.94585782289505,0.945831298828125,0,0
889,20.553397113922983,0.9486650228500366,-0.27726197242736816,0.9483423829078674,0.9454788565635681,-0.00299072265625,0.9456433653831482,0.9456329345703125,0,0
890,20.576741245109588,0.9484447240829468,-0.009666905738413334,0.9484370946884155,0.9454457759857178,-0.00299072265625,0.9454330205917358,0.9414520263671875,0,0
891,20.600111820036545,0.9479936361312866,0.05527234449982643,0.9481934905052185,0.9452141523361206,-0.00299072265625,0.9452229142189026,0.9451904296875,0,0
892,20.623380987904966,0.9480134844779968,0.05457194149494171,0.9480050802230835,0.9450002908706665,-0.00299072265625,0.9449863433837891,0.9449615478515625,0,0
893,20.646524250041693,0.9477465748786926,-0.012773857451975346,0.9477348923683167,0.9447431564331055,-0.00299072265625,0.9447302222251892,0.9447174072265625,0,0
894,20.66971858497709,0.947521448135376,0.012692216783761978,0.947501003742218,0.9445070028305054,-0.00299072265625,0.9444950819015503,0.9444732666015625,0,0
895,20.69324136292562,0.9472610354423523,-0.007819232530891895,0.9472543001174927,0.9442582130432129,-0.00299072265625,0.9442552924156189,0.9442291259765625,0,0
896,20.716459420975298,0.9470475316047668,-0.006969884969294071,0.9470438361167908,0.9440461993217468,-0.00299072265625,0.9440420269966125,0.94403076171875,0,0
897,20.739747181069106,0.9468567967414856,0.0021347254514694214,0.9468538761138916,0.9438554644584656,-0.00299072265625,0.9438470005989075,0.9438323974609375,0,0
898,20.76282925810665,0.9466570615768433,-0.01006187591701746,0.9466512799263,0.9436601400375366,-0.00299072265625,0.9436566829681396,0.943634033203125,0,0
899,20.786109573906288,0.9464814066886902,-0.007387206424027681,0.946470320224762,0.9434784650802612,-0.00299072265625,0.9434776902198792,0.9434661865234375,0,0
900,20.809494537999853,0.9462881088256836,0.04744157940149307,0.9457463026046753,0.9429761171340942,-0.00299072265625,0.9432598352432251,0.94329833984375,0,0
901,20.83285763207823,0.9461649060249329,-0.006023847032338381,0.9461520314216614,0.9431586265563965,-0.00299072265625,0.943157434463501,0.943145751953125,0,0
902,20.85610676300712,0.9460110068321228,-0.005815231241285801,0.9460108280181885,0.9430203437805176,-0.00299072265625,0.9430139660835266,0.9429931640625,0,0
903,20.87945859809406,0.9452152848243713,-0.12148550152778625,0.945732593536377,0.9428033232688904,-0.00299072265625,0.9428895115852356,0.94287109375,0,0
904,20.9029616729822,0.9457356333732605,-0.0042059095576405525,0.9457364082336426,0.9427460432052612,-0.00299072265625,0.9427353143692017,0.942718505859375,0,0
905,20.92658500606194,0.9455997943878174,-0.003118154127150774,0.9455996751785278,0.9426090717315674,-0.00299072265625,0.9426023364067078,0.9425811767578125,0,0
906,20.94982367497869,0.9454631209373474,-0.000972386565990746,0.9454537630081177,0.9424596428871155,-0.00299072265625,0.9424559473991394,0.94244384765625,0,0
907,20.973232212942094,0.945286214351654,0.0022164657711982727,0.9452751874923706,0.9422777891159058,-0.00299072265625,0.9422735571861267,0.9422607421875,0,0
908,20.99646080704406,0.9451102018356323,-0.006001525558531284,0.9450995326042175,0.9421064257621765,-0.00299072265625,0.9421040415763855,0.94207763671875,0,0
909,21.019890401046723,0.9449416995048523,0.0040716566145420074,0.9449326992034912,0.9419402480125427,-0.00299072265625,0.9419389367103577,0.941925048828125,0,0
910,21.043124495074153,0.9447763562202454,-0.008832749910652637,0.9447739720344543,0.9417740702629089,-0.00299072265625,0.9417685270309448,0.9417572021484375,0,0
911,21.066380922915414,0.944606602191925,-0.0092276306822896,0.944593071937561,0.9416005611419678,-0.00299072265625,0.9415907859802246,0.9415740966796875,0,0
912,21.089837979059666,0.9444196820259094,-0.008698639459908009,0.9444088935852051,0.9414173364639282,-0.00299072265625,0.9414047598838806,0.9413909912109375,0,0
913,21.113395330961794,0.9442267417907715,-0.008542188443243504,0.9442245960235596,0.9412339925765991,-0.00299072265625,0.9412344694137573,0.9412078857421875,0,0
914,21.136821609921753,0.9440633058547974,0.019375117495656013,0.9440658688545227,0.9410748481750488,-0.00299072265625,0.940711498260498,0.9410400390625,0,0
915,21.160107370931655,0.943898618221283,0.0014713592827320099,0.943892776966095,0.9404778480529785,-0.00299072265625,0.9408318400382996,0.9408721923828125,0,0
916,21.184787163045257,0.9437233805656433,-0.007670504041016102,0.9437211751937866,0.9407305121421814,-0.00299072265625,0.9407309889793396,0.9407196044921875,0,0
917,21.208410385996103,0.9435619711875916,-0.0087657505646348,0.9435538053512573,0.9405626058578491,-0.00299072265625,0.940562903881073,0.9405517578125,0,0
918,21.231827202020213,0.943043053150177,0.019747616723179817,0.9433923363685608,0.9404026865959167,-0.00299072265625,0.9404013156890869,0.9403839111328125,0,0
919,21.2573998789303,0.9432417750358582,-0.008385776542127132,0.943233847618103,0.9399688243865967,-0.00299072265625,0.9401967525482178,0.9402313232421875,0,0
920,21.28082056599669,0.9430956244468689,-0.004064454697072506,0.9430962800979614,0.9401057958602905,-0.00299072265625,0.940095067024231,0.9400787353515625,0,0
921,21.30424949200824,0.9429487586021423,-0.0008085641311481595,0.9429455399513245,0.9399545192718506,-0.00299072265625,0.9399542808532715,0.9399261474609375,0,0
922,21.327489716000855,0.9428064823150635,-0.005487533751875162,0.9427956342697144,0.9398016333580017,-0.00299072265625,0.9397999048233032,0.939788818359375,0,0
923,21.350846958113834,0.9426553845405579,-0.0023806379176676273,0.942654550075531,0.939663827419281,-0.00299072265625,0.9396638870239258,0.93963623046875,0,0
924,21.3742601450067,0.9425310492515564,-0.006277292035520077,0.9425202012062073,0.9395270347595215,-0.00299072265625,0.9395247101783752,0.93951416015625,0,0
925,21.3975240169093,0.942384660243988,-0.008758356794714928,0.9423782825469971,0.9393872618675232,-0.00299072265625,0.9393876194953918,0.939361572265625,0,0
926,21.421073738951236,0.9422410726547241,-0.0035653021186590195,0.9422377347946167,0.9392399787902832,-0.00299072265625,0.9392353296279907,0.939208984375,0,0
927,21.444400684908032,0.9421196579933167,-0.0020453990437090397,0.9421200752258301,0.9391295909881592,-0.00299072265625,0.9391260147094727,0.9391021728515625,0,0
928,21.46761316806078,0.9420150518417358,0.0074242884293198586,0.9420164823532104,0.9390257000923157,-0.00299072265625,0.938930094242096,0.938995361328125,0,0
929,21.490845133084804,0.9419226050376892,-0.00024236648459918797,0.9419225454330444,0.9389318227767944,-0.00299072265625,0.9389280080795288,0.93890380859375,0,0
930,21.51411576406099,0.9418622851371765,-0.003252409165725112,0.9418493509292603,0.9388557076454163,-0.00299072265625,0.9388540983200073,0.9388427734375,0,0
931,21.537609654013067,0.9418197274208069,0.004190717823803425,0.941641092300415,0.9387087821960449,-0.00299072265625,0.9387810826301575,0.9387969970703125,0,0
932,21.56074432306923,0.9417828321456909,0.011097388342022896,0.9417880773544312,0.9387975931167603,-0.00299072265625,0.938797116279602,0.93878173828125,0,0
933,21.58410736103542,0.9417850971221924,-0.00022749417985323817,0.9417850971221924,0.9387943744659424,-0.00299072265625,0.9387943744659424,0.93878173828125,0,0
934,21.60747108492069,0.9417850971221924,-0.00022749417985323817,0.9417850971221924,0.9387943744659424,-0.00299072265625,0.9387943744659424,0.93878173828125,0,0
935,21.630825955886394,0.9417873620986938,0.0032593710348010063,0.9417864680290222,0.9387955665588379,-0.00299072265625,0.9387950897216797,0.93878173828125,0,0
936,21.654250067891553,0.9417851567268372,8.542370051145554e-05,0.9417851567268372,0.9387944340705872,-0.00299072265625,0.9387944340705872,0.93878173828125,0,0
937,21.677501440048218,0.9417851567268372,2.5818124413490295e-05,0.9417851567268372,0.9387944340705872,-0.00299072265625,0.9387944340705872,0.93878173828125,0,0
938,21.700760757084936,0.9417873620986938,0.0035499362275004387,0.941786527633667,0.9387955069541931,-0.00299072265625,0.9387951493263245,0.93878173828125,0,0
939,21.72409216593951,0.9417851567268372,0.00010776706039905548,0.9417851567268372,0.9387944340705872,-0.00299072265625,0.9387944340705872,0.93878173828125,0,0
940,21.747474184958264,0.9417685270309448,0.009786062873899937,0.9417725801467896,0.9387820363044739,-0.00299072265625,0.9387814998626709,0.9387664794921875,0,0
941,21.770845520077273,0.9416927099227905,-0.006299740634858608,0.9416915774345398,0.9387009739875793,-0.00299072265625,0.9387013912200928,0.938690185546875,0,0
942,21.79398633702658,0.941538393497467,-0.007402427494525909,0.9415294528007507,0.9385344982147217,-0.00299072265625,0.9385323524475098,0.9385223388671875,0,0
943,21.81722583808005,0.9413501024246216,0.0025291892234236,0.9413571357727051,0.938367486000061,-0.00299072265625,0.9383108615875244,0.9383392333984375,0,0
944,21.84049452492036,0.9412037134170532,-0.00937684066593647,0.9411903619766235,0.938197672367096,-0.00299072265625,0.938196063041687,0.9381866455078125,0,0
945,21.863768989918754,0.9410505890846252,-0.0031332597136497498,0.941044270992279,0.9380480051040649,-0.00299072265625,0.9380447864532471,0.9380340576171875,0,0
946,21.887014009989798,0.94088214635849,-0.005659013986587524,0.9408824443817139,0.9378919005393982,-0.00299072265625,0.9378787279129028,0.9378662109375,0,0
947,21.910248344996944,0.9406697154045105,-0.010919123888015747,0.9406673908233643,0.9376767873764038,-0.00299072265625,0.937663733959198,0.9376373291015625,0,0
948,21.933475475991145,0.0035578387323766947,0.8353607654571533,0.0032561607658863068,0.00017988448962569237,-0.00299072265625,7.637836824869737e-05,0.999908447265625,0,0
949,21.956763071008027,0.002763032913208008,0.054644882678985596,0.0027303695678710938,0.9997272491455078,-0.00299072265625,0.9997113347053528,0.99969482421875,0,0
950,21.980411682045087,0.0025229454040527344,0.025743961334228516,0.9963332414627075,0.995647132396698,-0.00299072265625,0.9989690780639648,0.9994964599609375,0,0
951,22.003879515919834,0.002331972122192383,0.02566218376159668,0.0023168325424194336,0.9993233680725098,-0.00299072265625,0.9993078708648682,0.999298095703125,0,0
952,22.02710112906061,0.0021179914474487305,-0.004713834263384342,0.002112150192260742,0.999117374420166,-0.00299072265625,0.9991129636764526,0.999114990234375,0,0
953,22.050538444891572,0.0019207000732421875,-0.007187427021563053,0.0019075870513916016,0.9989151954650879,-0.00299072265625,0.9989006519317627,0.9989013671875,0,0
954,22.07397792697884,0.0017061233520507812,-0.006352961994707584,0.001699686050415039,0.9987034797668457,-0.00299072265625,0.9987004399299622,0.998687744140625,0,0
955,22.09713609609753,0.001493215560913086,-0.010882616974413395,0.0014791488647460938,0.9984867572784424,-0.00299072265625,0.9984863996505737,0.99847412109375,0,0
956,22.120474264025688,0.001268148422241211,-0.009824634529650211,0.0012638568878173828,0.9982661008834839,-0.00299072265625,0.9982581734657288,0.998260498046875,0,0
957,22.144345615059137,0.0010548830032348633,-0.009027422405779362,0.0010467767715454102,0.998050332069397,-0.00299072265625,0.9980444312095642,0.998046875,0,0
958,22.16751476493664,0.0008831024169921875,-0.007179678417742252,0.0008699893951416016,0.9978774785995483,-0.00299072265625,0.9978768229484558,0.99786376953125,0,0
959,22.190909655066207,0.0006861686706542969,-0.004929542541503906,0.0006812810897827148,0.9976832866668701,-0.00299072265625,0.9976785778999329,0.9976806640625,0,0
960,22.214261952089146,0.0005424022674560547,0.04308211803436279,0.0005257129669189453,0.9975290298461914,-0.00299072265625,0.9975225329399109,0.9975128173828125,0,0
961,22.23763089790009,0.0003712177276611328,0.02189260721206665,0.00036084651947021484,0.9973676204681396,-0.00299072265625,0.9973520636558533,0.997344970703125,0,0
962,22.261026659049094,0.00021135807037353516,-0.004236578941345215,0.00020503997802734375,0.997208833694458,-0.00299072265625,0.997205376625061,0.9972076416015625,0,0
963,22.284413123037666,0.00025963783264160156,0.7586056590080261,0.0003190040588378906,0.9898573160171509,-0.00299072265625,0.9949796199798584,0.9970550537109375,0,0
964,22.307512995088473,0.9998789429664612,-0.008118748664855957,0.9998757243156433,0.990962564945221,-0.00299072265625,0.9955521821975708,0.9968719482421875,0,0
965,22.330851460108534,0.9997615218162537,0.42098987102508545,0.9998393654823303,0.9968403577804565,-0.00299072265625,0.996796727180481,0.9966888427734375,0,0
966,22.354224867885932,0.9995240569114685,-0.005980552174150944,0.9948590993881226,0.9942928552627563,-0.00299072265625,0.9961800575256348,0.99652099609375,0,0
967,22.377526018070057,0.9995191097259521,0.2156965732574463,0.9994654655456543,0.9964608550071716,-0.00299072265625,0.9964297413825989,0.9963836669921875,0,0
968,22.400919537059963,0.999271810054779,0.0055084228515625,0.9992588758468628,0.9962648153305054,-0.00299072265625,0.9962624311447144,0.9962615966796875,0,0
969,22.42412300198339,0.999167263507843,0.0010750889778137207,0.9991622567176819,0.996170699596405,-0.00299072265625,0.9961701035499573,0.9961700439453125,0,0
970,22.447423262987286,0.9991412162780762,0.07847148180007935,0.9991183876991272,0.9961221814155579,-0.00299072265625,0.9961104393005371,0.9960784912109375,0,0
971,22.47075980110094,0.9979056119918823,1.2240134477615356,0.9991795420646667,0.9963055849075317,-0.00299072265625,0.9963518381118774,0.9960174560546875,0,0
972,22.49412741395645,0.9983960390090942,0.816563606262207,0.9990946054458618,0.9961775541305542,-0.00299072265625,0.9961724877357483,0.9959564208984375,0,0
973,22.51748178503476,0.9986609220504761,0.5140848755836487,0.9990028142929077,0.996026337146759,-0.00299072265625,0.9960046410560608,0.995880126953125,0,0
974,22.5407555650454,0.9987949132919312,0.020438969135284424,0.9987891316413879,0.9957960844039917,-0.00299072265625,0.9957925081253052,0.99578857421875,0,0
975,22.56412336206995,0.9987022876739502,-0.0012196903117001057,0.9987025856971741,0.9957119822502136,-0.00299072265625,0.995712161064148,0.9957122802734375,0,0
976,22.588611155049875,0.9987210631370544,0.41725701093673706,0.9987590312957764,0.9957576394081116,-0.00299072265625,0.9957159161567688,0.9956207275390625,0,0
977,22.611854731105268,0.9985223412513733,-0.005906224716454744,0.9985186457633972,0.9955276250839233,-0.00299072265625,0.9955276250839233,0.9955291748046875,0,0
978,22.635156270116568,0.9875479936599731,-1.475622534751892,0.9966143369674683,0.9944953918457031,-0.00299072265625,0.9954654574394226,0.9954071044921875,0,0
979,22.658499882090837,0.9982425570487976,-0.005429149605333805,0.9982362985610962,0.9952401518821716,-0.00299072265625,0.9952371120452881,0.9952392578125,0,0
980,22.681736495113,0.9982869029045105,0.2851356863975525,0.9982582926750183,0.995246410369873,-0.00299072265625,0.9951927065849304,0.9951324462890625,0,0
981,22.705113200005144,0.9980297684669495,-0.0035147671587765217,0.9980301856994629,0.9950397610664368,-0.00299072265625,0.9950401186943054,0.995025634765625,0,0
982,22.72843009000644,0.9979088306427002,-0.00613778829574585,0.9979076385498047,0.9949169754981995,-0.00299072265625,0.9949174523353577,0.9949188232421875,0,0
983,22.751833443064243,0.9979392886161804,0.44839954376220703,0.997978150844574,0.9949670433998108,-0.00299072265625,0.9949228167533875,0.9948272705078125,0,0
984,22.775156333111227,0.9977401494979858,-0.0035377745516598225,0.9977403283119202,0.9947498440742493,-0.00299072265625,0.9911822080612183,0.9947357177734375,0,0
985,22.798523649107665,0.9976067543029785,-0.0018020274583250284,0.9975926280021667,0.9945996403694153,-0.00299072265625,0.9945971369743347,0.9945831298828125,0,0
986,22.821730762021616,0.9975556135177612,0.36029571294784546,0.9975542426109314,0.994544506072998,-0.00299072265625,0.994505763053894,0.9944305419921875,0,0
987,22.845265429932624,0.9972661733627319,-0.0055505046620965,0.997259795665741,0.9871682524681091,-0.00299072265625,0.992106020450592,0.9942626953125,0,0
988,22.868485376005992,0.9971919059753418,0.40170568227767944,0.9972259402275085,0.9942259192466736,-0.00299072265625,0.9941868782043457,0.99407958984375,0,0
989,22.89178584003821,0.9968999028205872,-0.007353604771196842,0.9968960285186768,0.9938982129096985,-0.00299072265625,0.9938941597938538,0.993896484375,0,0
990,22.91498502693139,0.9966867566108704,-0.007785887457430363,0.9966769218444824,0.9936819672584534,-0.00299072265625,0.9936730861663818,0.9936676025390625,0,0
991,22.93854939797893,0.9965116381645203,0.04220739006996155,0.9964451193809509,0.9934418797492981,-0.00299072265625,0.993431568145752,0.9934234619140625,0,0
992,22.96266269311309,0.9962039589881897,0.41401371359825134,0.9962761402130127,0.9932690262794495,-0.00299072265625,0.9932307004928589,0.9931182861328125,0,0
993,22.985913638956845,0.9958354234695435,-0.010967315174639225,0.9958224892616272,0.9928271174430847,-0.00299072265625,0.9928211569786072,0.9928131103515625,0,0
994,23.009229640010744,0.995527446269989,-0.014379682019352913,0.9955129623413086,0.992520272731781,-0.00299072265625,0.9925122857093811,0.9925079345703125,0,0
995,23.032495086081326,0.9952298998832703,0.0017805695533752441,0.995216429233551,0.9922217726707458,-0.00299072265625,0.9922105669975281,0.9922027587890625,0,0
996,23.05583625403233,0.9949148893356323,-0.012964131310582161,0.9949027895927429,0.991909921169281,-0.00299072265625,0.9918948411941528,0.9918975830078125,0,0
997,23.07909223693423,0.9945971965789795,-0.013731541112065315,0.9945942759513855,0.9916035532951355,-0.00299072265625,0.9915951490402222,0.9915924072265625,0,0
998,23.102237683953717,0.9943358898162842,-0.00887376256287098,0.9943252205848694,0.9913322329521179,-0.00299072265625,0.9913264513015747,0.9913177490234375,0,0
999,23.1255172600504,0.9940935969352722,-0.0071077654138207436,0.994092583656311,0.9910982847213745,-0.00299072265625,0.9910880923271179,0.9910888671875,0,0
1000,23.149206093046814,0.9939489960670471,0.11286163330078125,0.9939196109771729,0.9909060001373291,-0.00299072265625,0.99088454246521,0.9908599853515625,0,0
1001,23.172464075963944,0.9936622977256775,0.006340682506561279,0.9936562180519104,0.9906607270240784,-0.00299072265625,0.9906482696533203,0.9906463623046875,0,0
1002,23.1958848729264,0.9934400320053101,-0.004485160578042269,0.9934379458427429,0.9904376268386841,-0.00299072265625,0.9904316663742065,0.9904327392578125,0,0
1003,23.219296985073015,0.9933091402053833,0.1471937894821167,0.9932706356048584,0.9902593493461609,-0.00299072265625,0.9902373552322388,0.990203857421875,0,0
1004,23.242760282941163,0.9923272132873535,0.43356412649154663,0.9929727911949158,0.9900639057159424,-0.00299072265625,0.990086555480957,0.9899444580078125,0,0
1005,23.26599061791785,0.9926878213882446,-0.010721624828875065,0.9926806092262268,0.9896845817565918,-0.00299072265625,0.9896779656410217,0.9896697998046875,0,0
1006,23.28949091490358,0.9924691319465637,0.041387975215911865,0.9924472570419312,0.9894474148750305,-0.00299072265625,0.989433765411377,0.9894256591796875,0,0
1007,23.312818341888487,0.9896600246429443,0.026188910007476807,0.9917309284210205,0.9890815615653992,-0.00299072265625,0.9892759323120117,0.989166259765625,0,0
1008,23.33612925093621,0.9888703227043152,0.11552176624536514,0.9914013147354126,0.9887205362319946,-0.00299072265625,0.9890304207801819,0.9889068603515625,0,0
1009,23.359248179011047,0.9916455745697021,-0.010043264366686344,0.9916367530822754,0.9886415004730225,-0.00299072265625,0.988630473613739,0.9886322021484375,0,0
1010,23.382498217979446,0.9914002418518066,-1.6234667301177979,0.9894396662712097,0.9875295758247375,-0.00299072265625,0.9882563948631287,0.98834228515625,0,0
1011,23.4059456998948,0.9910725951194763,-0.009864688850939274,0.9910706281661987,0.9880732297897339,-0.00299072265625,0.9880661964416504,0.988067626953125,0,0
1012,23.429195072036237,0.991059422492981,0.3707553744316101,0.9909830689430237,0.9879602789878845,-0.00299072265625,0.9816173911094666,0.987823486328125,0,0
1013,23.452458184910938,0.9906027317047119,-0.009536982513964176,0.9905984401702881,0.9876036643981934,-0.00299072265625,0.9875932335853577,0.987579345703125,0,0
1014,23.47562757600099,0.9903714656829834,-0.007525564171373844,0.9903629422187805,0.9873663783073425,-0.00299072265625,0.987363338470459,0.9873504638671875,0,0
1015,23.498895169934258,0.990196168422699,0.02884805202484131,0.9901731014251709,0.987179160118103,-0.00299072265625,0.9871596693992615,0.987152099609375,0,0
1016,23.52239998499863,0.9899575114250183,-0.006780625320971012,0.989957869052887,0.9869673848152161,-0.00299072265625,0.9869552254676819,0.9869537353515625,0,0
1017,23.54589952295646,0.9897753596305847,-0.007741869427263737,0.9897745847702026,0.9867839217185974,-0.00299072265625,0.9867720603942871,0.9867706298828125,0,0
1018,23.569398023886606,0.9896097183227539,-0.007205368019640446,0.9896073341369629,0.9866164326667786,-0.00299072265625,0.9866167902946472,0.986602783203125,0,0
1019,23.59263250697404,0.9894586801528931,-0.009500504471361637,0.9894545674324036,0.9864633083343506,-0.00299072265625,0.9864635467529297,0.9864501953125,0,0
1020,23.615908341947943,0.9893367290496826,0.38659483194351196,0.9894275069236755,0.9864310026168823,-0.00299072265625,0.9864043593406677,0.9863128662109375,0,0
1021,23.639008621918038,0.9892457127571106,0.11794924736022949,0.9892207384109497,0.9862219095230103,-0.00299072265625,0.9861934185028076,0.9861602783203125,0,0
1022,23.66237632697448,0.9890594482421875,0.05614691972732544,0.9890304207801819,0.9860329031944275,-0.00299072265625,0.9860221147537231,0.9860076904296875,0,0
1023,23.685392070095986,0.9888597726821899,-0.0042473976500332355,0.9888601303100586,0.9858695864677429,-0.00299072265625,0.9858572483062744,0.9858551025390625,0,0
1024,23.708498110063374,0.9884759187698364,0.7572762966156006,0.9888851642608643,0.9859376549720764,-0.00299072265625,0.9859323501586914,0.9857330322265625,0,0
1025,23.73153931600973,0.9886010885238647,-0.005841941572725773,0.9886003136634827,0.9856097102165222,-0.00299072265625,0.9856062531471252,0.985595703125,0,0
1026,23.754496115026996,0.9884949326515198,-2.185457229614258,0.985497772693634,0.9844239950180054,-0.00299072265625,0.9853060841560364,0.9854736328125,0,0
1027,23.777666487032548,0.9883686304092407,-0.006959497928619385,0.9883580207824707,0.9853659868240356,-0.00299072265625,0.9853655099868774,0.9853515625,0,0
1028,23.80083095189184,0.98824143409729,-0.006668806541711092,0.988235592842102,0.98524409532547,-0.00299072265625,0.9852436780929565,0.9852447509765625,0,0
1029,23.824148620013148,0.9881600141525269,0.34000644087791443,0.9881893992424011,0.9851840734481812,-0.00299072265625,0.9851549863815308,0.9850616455078125,0,0
1030,23.84727893699892,0.9879201650619507,-0.008338064886629581,0.987914502620697,0.9849228858947754,-0.00299072265625,0.9849101901054382,0.9849090576171875,0,0
1031,23.87047610594891,0.987770140171051,0.006824016571044922,0.9877667427062988,0.9847658276557922,-0.00299072265625,0.9847586750984192,0.9847564697265625,0,0
1032,23.893788866931573,0.9876083135604858,-0.0065650949254632,0.987597644329071,0.9846044778823853,-0.00299072265625,0.9846023321151733,0.9846038818359375,0,0
1033,23.917079572100192,0.987487256526947,0.0368935763835907,0.9874759912490845,0.9844728112220764,-0.00299072265625,0.9748777747154236,0.9844512939453125,0,0
1034,23.94044953607954,0.983573853969574,-0.3695281445980072,0.9806381464004517,0.9801730513572693,-0.00299072265625,0.9835360050201416,0.9842529296875,0,0
1035,23.96616662107408,0.9869983196258545,-0.004978776443749666,0.9869915843009949,0.9839953780174255,-0.00299072265625,0.9839829206466675,0.983978271484375,0,0
1036,23.989524085074663,0.9867265224456787,-0.014798791147768497,0.9867085218429565,0.9837163686752319,-0.00299072265625,0.9837118983268738,0.98370361328125,0,0
1037,24.01295517804101,0.9865767955780029,0.6316806674003601,0.9866551756858826,0.9836567640304565,-0.00299072265625,0.9835836887359619,0.983428955078125,0,0
1038,24.03602307010442,0.9862038493156433,-0.008137941360473633,0.9862039685249329,0.9832136034965515,-0.00299072265625,0.9832031726837158,0.9832000732421875,0,0
1039,24.0592410529498,0.9861171841621399,0.06595763564109802,0.9861007332801819,0.9830990433692932,-0.00299072265625,0.9830831289291382,0.983062744140625,0,0
1040,24.08214500010945,0.986024022102356,-0.0001811687834560871,0.986024022102356,0.983033299446106,-0.00299072265625,0.983033299446106,0.9830322265625,0,0
1041,24.105548463994637,0.9860866069793701,0.36395859718322754,0.9861450791358948,0.9831493496894836,-0.00299072265625,0.9831293225288391,0.9830322265625,0,0
1042,24.128655893029645,0.986024022102356,0.0001468062400817871,0.986024022102356,0.983033299446106,-0.00299072265625,0.983033299446106,0.9830322265625,0,0
1043,24.151917302049696,0.9861243963241577,0.14412152767181396,0.986090898513794,0.9830850958824158,-0.00299072265625,0.9830697774887085,0.9830322265625,0,0
1044,24.17486015590839,0.9860242009162903,0.00016885995864868164,0.986024022102356,0.983033299446106,-0.00299072265625,0.983033299446106,0.9830322265625,0,0
1045,24.197921344079077,0.9859613180160522,-0.003280759323388338,0.9859616756439209,0.98297119140625,-0.00299072265625,0.9829587340354919,0.9829559326171875,0,0
1046,24.22118634590879,0.9859287142753601,0.12749910354614258,0.9858998656272888,0.9828829169273376,-0.00299072265625,0.9828619360923767,0.9828338623046875,0,0
1047,24.2444525139872,0.985670804977417,-0.005732179619371891,0.9856621623039246,0.9826682209968567,-0.00299072265625,0.9826651811599731,0.982666015625,0,0
1048,24.26739140599966,0.9854875802993774,-0.00865283701568842,0.9854753613471985,0.9824822545051575,-0.00299072265625,0.9824774861335754,0.9824676513671875,0,0
1049,24.29078855505213,0.985275387763977,-0.00947240088135004,0.9852733612060547,0.9822758436203003,-0.00299072265625,0.9822686314582825,0.982269287109375,0,0
1050,24.31392101990059,0.984891951084137,0.4085870385169983,0.9851150512695312,0.9765806198120117,-0.00299072265625,0.9804444909095764,0.982025146484375,0,0
1051,24.336933189071715,0.984849750995636,0.09093886613845825,0.9848186373710632,0.9818160533905029,-0.00299072265625,0.9817898869514465,0.9817657470703125,0,0
1052,24.360309302108362,0.9846101403236389,0.12197792530059814,0.9845686554908752,0.9815680980682373,-0.00299072265625,0.9815415143966675,0.98150634765625,0,0
1053,24.383792395005003,0.9842466115951538,-0.01310110092163086,0.9842371940612793,0.9777838587760925,-0.00299072265625,0.9802606701850891,0.981231689453125,0,0
1054,24.406909100944176,0.9840719103813171,0.30385395884513855,0.9841004610061646,0.9811030626296997,-0.00299072265625,0.9810670614242554,0.980987548828125,0,0
1055,24.430159806041047,0.9830668568611145,0.3326052725315094,0.9836975336074829,0.9808050394058228,-0.00299072265625,0.9808837175369263,0.98077392578125,0,0
1056,24.45305153192021,0.9826159477233887,0.32876065373420715,0.9834834337234497,0.9806448817253113,-0.00299072265625,0.9806699752807617,0.980560302734375,0,0
1057,24.476463198894635,0.9833669066429138,-0.008199305273592472,0.9833577275276184,0.9803638458251953,-0.00299072265625,0.980360746383667,0.9803619384765625,0,0
1058,24.499716053018346,0.9831829071044922,0.023837804794311523,0.9831696152687073,0.980175793170929,-0.00299072265625,0.9801710247993469,0.9801483154296875,0,0
1059,24.522782870102674,0.9829704165458679,-0.005875111557543278,0.9829637408256531,0.9799689054489136,-0.00299072265625,0.9799648523330688,0.979949951171875,0,0
1060,24.54592416808009,0.9827840924263,-0.9375331401824951,0.9811738133430481,0.9788491129875183,-0.00299072265625,0.9797529578208923,0.979766845703125,0,0
1061,24.569148984970525,0.9825940132141113,-0.005949944723397493,0.9825767874717712,0.979584276676178,-0.00299072265625,0.9795836210250854,0.9795684814453125,0,0
1062,24.592468671966344,0.9823905825614929,-0.010420353151857853,0.9823792576789856,0.9793861508369446,-0.00299072265625,0.979380190372467,0.9793701171875,0,0
1063,24.61546098906547,0.9821933507919312,-0.0073209116235375404,0.9821923971176147,0.9792017340660095,-0.00299072265625,0.9791877269744873,0.97918701171875,0,0
1064,24.638892231043428,0.9820408821105957,-0.0064938971772789955,0.982027530670166,0.9790354371070862,-0.00299072265625,0.9790343046188354,0.979034423828125,0,0
1065,24.662155620986596,0.9819681644439697,0.1905885934829712,0.9819416999816895,0.9789402484893799,-0.00299072265625,0.9789080619812012,0.978851318359375,0,0
1066,24.68517803098075,0.9791238903999329,-0.13077005743980408,0.981006920337677,0.9784607291221619,-0.00299072265625,0.9787446856498718,0.9786834716796875,0,0
1067,24.708395885070786,0.981539785861969,-0.005220562685281038,0.9815376400947571,0.978546679019928,-0.00299072265625,0.9785429835319519,0.9785308837890625,0,0
1068,24.731492832070217,0.9813937544822693,0.029573410749435425,0.981385350227356,0.978384256362915,-0.00299072265625,0.9783739447593689,0.978363037109375,0,0
1069,24.75452888989821,0.9787206053733826,-0.07556171715259552,0.980567455291748,0.9780973196029663,-0.00299072265625,0.978304386138916,0.9782257080078125,0,0
1070,24.777653076918796,0.9811029434204102,0.02730107307434082,0.9810945391654968,0.9781014323234558,-0.00299072265625,0.9730126261711121,0.9780731201171875,0,0
1071,24.800679764943197,0.981012761592865,0.29359182715415955,0.9759865403175354,0.974851667881012,-0.00299072265625,0.9768452048301697,0.977935791015625,0,0
1072,24.82383198896423,0.9808208346366882,-0.005765201523900032,0.9808200001716614,0.9778294563293457,-0.00299072265625,0.9778299331665039,0.9778289794921875,0,0
1073,24.84700880595483,0.9808326959609985,0.21878787875175476,0.9808193445205688,0.9778192639350891,-0.00299072265625,0.9777960777282715,0.9777374267578125,0,0
1074,24.870556806912646,0.9807162284851074,0.30987098813056946,0.9807706475257874,0.9777793288230896,-0.00299072265625,0.9777512550354004,0.9776611328125,0,0
1075,24.893778492929414,0.9807179570198059,0.17936629056930542,0.980686604976654,0.9776805639266968,-0.00299072265625,0.9776634573936462,0.9776153564453125,0,0
1076,24.916810922091827,0.9806870222091675,0.16054600477218628,0.9806516766548157,0.9776496887207031,-0.00299072265625,0.97762131690979,0.9775848388671875,0,0
1077,24.94003373896703,0.9807126522064209,0.35888737440109253,0.9806812405586243,0.9776650071144104,-0.00299072265625,0.9776337146759033,0.9775390625,0,0
1078,24.96312416694127,0.9805230498313904,0.02659893035888672,0.9805112481117249,0.9775188565254211,-0.00299072265625,0.9775158762931824,0.977508544921875,0,0
1079,24.986672427039593,0.9804699420928955,-0.0041571264155209064,0.9804695844650269,0.9774790406227112,-0.00299072265625,0.9774793982505798,0.97747802734375,0,0
1080,25.00988768809475,0.9803109169006348,0.35018497705459595,0.9805354475975037,0.9775637984275818,-0.00299072265625,0.9775453805923462,0.9774627685546875,0,0
1081,25.033297003014013,0.9804836511611938,0.03487631678581238,0.9804722666740417,0.9774788618087769,-0.00299072265625,0.9774738550186157,0.9774627685546875,0,0
1082,25.056474782992154,0.9804596900939941,0.004753410816192627,0.9804578423500061,0.9774667620658875,-0.00299072265625,0.9774661064147949,0.9774627685546875,0,0
1083,25.079696452012286,0.9804559946060181,0.0002605319023132324,0.9804558753967285,0.9774650931358337,-0.00299072265625,0.9774650931358337,0.9774627685546875,0,0
1084,25.103146193083376,0.9804587364196777,0.024526923894882202,0.9804521799087524,0.9774594902992249,-0.00299072265625,0.9774554371833801,0.977447509765625,0,0
1085,25.126165139954537,0.9761200547218323,0.04038146510720253,0.9798445701599121,0.9771983623504639,-0.00299072265625,0.9775617122650146,0.977447509765625,0,0
1086,25.149539585923776,0.9804405570030212,-0.00022417308355215937,0.9804405570030212,0.9774498343467712,-0.00299072265625,0.9774498343467712,0.977447509765625,0,0
1087,25.17276427289471,0.9804415702819824,0.0014521479606628418,0.9804412126541138,0.9774503707885742,-0.00299072265625,0.9774500131607056,0.977447509765625,0,0
1088,25.19590105302632,0.9804098010063171,-0.00017210887745022774,0.9804031252861023,0.9774081110954285,-0.00299072265625,0.9774033427238464,0.9774017333984375,0,0
1089,25.219066221965477,0.9803372621536255,0.01794031262397766,0.9803258180618286,0.9773337841033936,-0.00299072265625,0.9773315191268921,0.977325439453125,0,0
1090,25.242579092970118,0.9802432060241699,0.001139134168624878,0.9802427887916565,0.9772518873214722,-0.00299072265625,0.9772517085075378,0.9772491455078125,0,0
1091,25.26555865094997,0.9801501631736755,-0.0016325118485838175,0.9801501631736755,0.9771594405174255,-0.00299072265625,0.9771595597267151,0.9771575927734375,0,0
1092,25.288783838041127,0.9800422787666321,-0.0038903062231838703,0.9800424575805664,0.9770519137382507,-0.00299072265625,0.9770522713661194,0.97705078125,0,0
1093,25.31207178393379,0.979904055595398,-0.00638625118881464,0.9799042344093323,0.9769138693809509,-0.00299072265625,0.9769052863121033,0.976898193359375,0,0
1094,25.33569919108413,0.9798259735107422,0.24402019381523132,0.9798242449760437,0.9768139123916626,-0.00299072265625,0.9767828583717346,0.9767303466796875,0,0
1095,25.359167062910274,0.9765450954437256,-0.19788847863674164,0.9789553880691528,0.9763756990432739,-0.00299072265625,0.9766367077827454,0.9765472412109375,0,0
1096,25.382682230090722,0.9793859124183655,-0.005246401764452457,0.9793751239776611,0.9763811826705933,-0.00299072265625,0.9763796329498291,0.97637939453125,0,0
1097,25.40655930293724,0.9792218208312988,-0.0033022465649992228,0.979206919670105,0.9762139320373535,-0.00299072265625,0.976212739944458,0.9762115478515625,0,0
1098,25.43004469294101,0.9790493249893188,0.013565778732299805,0.9790434241294861,0.9760440587997437,-0.00299072265625,0.9760335087776184,0.9760284423828125,0,0
1099,25.45355226797983,0.978852391242981,-0.007645905949175358,0.9788515567779541,0.9758610129356384,-0.00299072265625,0.975850522518158,0.9758453369140625,0,0
1100,25.47698756493628,0.9786892533302307,-0.005634397733956575,0.9786851406097412,0.9756871461868286,-0.00299072265625,0.9756788015365601,0.975677490234375,0,0
1101,25.500447565922514,0.9784455299377441,0.3238377273082733,0.9786030650138855,0.9756147861480713,-0.00299072265625,0.9755881428718567,0.9755096435546875,0,0
1102,25.5239704370033,0.9783484935760498,-0.00787708256393671,0.978337287902832,0.9753434062004089,-0.00299072265625,0.9753419756889343,0.975341796875,0,0
1103,25.54755853000097,0.9781650900840759,-0.009829134680330753,0.9781517386436462,0.9751592874526978,-0.00299072265625,0.9751462936401367,0.9751434326171875,0,0
1104,25.57105832709931,0.9779358506202698,-0.009844035841524601,0.9779228568077087,0.9749265909194946,-0.00299072265625,0.9749153852462769,0.97491455078125,0,0
1105,25.59518628800288,0.9776769876480103,-0.009896219708025455,0.9776635766029358,0.9746711850166321,-0.00299072265625,0.9746581315994263,0.9746551513671875,0,0
1106,25.6188687318936,0.9774313569068909,0.2866367995738983,0.9774970412254333,0.9744977355003357,-0.00299072265625,0.9744676351547241,0.974395751953125,0,0
1107,25.64218423399143,0.9772300720214844,0.09324216842651367,0.9771897792816162,0.9741867184638977,-0.00299072265625,0.9723829030990601,0.9741363525390625,0,0
1108,25.665664975065738,0.9769206047058105,0.05057257413864136,0.9768951535224915,0.9738739132881165,-0.00299072265625,0.9738554954528809,0.973846435546875,0,0
1109,25.690165342064574,0.9766063094139099,0.022908151149749756,0.9765941500663757,0.9735937118530273,-0.00299072265625,0.9735813736915588,0.97357177734375,0,0
1110,25.71319177094847,0.9763097763061523,-0.010582208633422852,0.9763044118881226,0.9733037352561951,-0.00299072265625,0.9732983708381653,0.973297119140625,0,0
1111,25.736323218094185,0.9757407903671265,0.30375757813453674,0.9760580062866211,0.973118782043457,-0.00299072265625,0.9731281399726868,0.9730377197265625,0,0
1112,25.75943018309772,0.9758522510528564,0.051592737436294556,0.9758305549621582,0.972832202911377,-0.00299072265625,0.9706117510795593,0.9727935791015625,0,0
1113,25.78232733393088,0.9755598902702332,-0.012094677425920963,0.9755558371543884,0.9725615382194519,-0.00299072265625,0.9725511074066162,0.9725341796875,0,0
1114,25.80680277501233,0.9753258228302002,0.0068968236446380615,0.9753108024597168,0.9723141193389893,-0.00299072265625,0.9723095297813416,0.9723052978515625,0,0
1115,25.830179702024907,0.9750691652297974,-0.01010552141815424,0.9750590324401855,0.9720650315284729,-0.00299072265625,0.9720619916915894,0.9720458984375,0,0
1116,25.853286186000332,0.9748271107673645,-0.010232181288301945,0.9748241305351257,0.9718332886695862,-0.00299072265625,0.9718244075775146,0.9718170166015625,0,0
1117,25.87612617108971,0.9746636152267456,0.07771444320678711,0.9746467471122742,0.9716470241546631,-0.00299072265625,0.9716298580169678,0.9716033935546875,0,0
1118,25.89950269111432,0.9744322896003723,0.019622057676315308,0.9744247794151306,0.9714255332946777,-0.00299072265625,0.9714161157608032,0.971405029296875,0,0
1119,25.922437601024285,0.9742721915245056,0.008863389492034912,0.9742574691772461,0.9712617993354797,-0.00299072265625,0.9712585806846619,0.97125244140625,0,0
1120,25.945287697017193,0.9741237163543701,-0.007356495596468449,0.9741114974021912,0.9711183309555054,-0.00299072265625,0.9711173176765442,0.9711151123046875,0,0
1121,25.968336255056784,0.9739863276481628,-0.00637331698089838,0.9739729762077332,0.9709808230400085,-0.00299072265625,0.9709804058074951,0.970977783203125,0,0
1122,25.993335898034275,0.9739358425140381,0.11510831117630005,0.9739134311676025,0.9667397737503052,-0.00299072265625,0.9699128270149231,0.970855712890625,0,0
1123,26.01692686090246,0.9737577438354492,-0.0028418609872460365,0.973758339881897,0.9707609415054321,-0.00299072265625,0.9707527756690979,0.9707489013671875,0,0
1124,26.0404286950361,0.9736554026603699,0.003721773624420166,0.9736542105674744,0.9706630706787109,-0.00299072265625,0.97064608335495,0.97064208984375,0,0
1125,26.064687934005633,0.9709181189537048,-0.26531875133514404,0.9729814529418945,0.9703475832939148,-0.00299072265625,0.9705838561058044,0.97052001953125,0,0
1126,26.088312062900513,0.9734067320823669,-0.0032370989210903645,0.9734035730361938,0.9704056978225708,-0.00299072265625,0.9704010486602783,0.97039794921875,0,0
1127,26.111940786009654,0.9732846617698669,-0.0050476789474487305,0.9732847213745117,0.9702942967414856,-0.00299072265625,0.9702855348587036,0.97027587890625,0,0
1128,26.135419250000268,0.9731624126434326,-0.004481494892388582,0.9731628894805908,0.9701724648475647,-0.00299072265625,0.9685664176940918,0.97015380859375,0,0
1129,26.15906508290209,0.9704815149307251,-0.2617800831794739,0.9725037217140198,0.9698627591133118,-0.00299072265625,0.9701035618782043,0.9700469970703125,0,0
1130,26.182555732084438,0.9729346036911011,-0.00373673508875072,0.9729204773902893,0.9658733010292053,-0.00299072265625,0.9689812064170837,0.9699249267578125,0,0
1131,26.206436323933303,0.9715955257415771,0.1406252682209015,0.9726249575614929,0.9697980880737305,-0.00299072265625,0.9698911905288696,0.96978759765625,0,0
1132,26.229940362041816,0.9726588726043701,-0.004765362478792667,0.9726593494415283,0.969668984413147,-0.00299072265625,0.969656765460968,0.9696502685546875,0,0
1133,26.25343669601716,0.9725188612937927,-2.007861375808716,0.9705139994621277,0.968582034111023,-0.00299072265625,0.9694011211395264,0.9694976806640625,0,0
1134,26.276859455974773,0.9724382758140564,0.1053617000579834,0.9724151492118835,0.9694151282310486,-0.00299072265625,0.969401478767395,0.9693756103515625,0,0
1135,26.300435900921002,0.9722669124603271,0.0067157745361328125,0.9722545742988586,0.9692620635032654,-0.00299072265625,0.9692594408988953,0.9692535400390625,0,0
1136,26.324941841885448,0.972127377986908,-0.008058727718889713,0.9721249938011169,0.9691343307495117,-0.00299072265625,0.9691348671913147,0.9691162109375,0,0
1137,26.348699008114636,0.9720194935798645,-0.0024185781367123127,0.9720197319984436,0.9690198302268982,-0.00299072265625,0.969013512134552,0.9690093994140625,0,0
1138,26.37230826797895,0.971730649471283,0.2754434645175934,0.9719640612602234,0.9689978361129761,-0.00299072265625,0.9689927697181702,0.968902587890625,0,0
1139,26.39581012004055,0.9718288779258728,0.007356464862823486,0.9718124866485596,0.9657009243965149,-0.00299072265625,0.9681233167648315,0.96881103515625,0,0
1140,26.419425880070776,0.971701443195343,-0.00604710029438138,0.9716986417770386,0.968707799911499,-0.00299072265625,0.9686969518661499,0.96868896484375,0,0
1141,26.44293973199092,0.971560537815094,-0.005369097925722599,0.9715610146522522,0.9685706496238708,-0.00299072265625,0.9685617685317993,0.9685516357421875,0,0
1142,26.466310584917665,0.9715170860290527,0.15563037991523743,0.9715016484260559,0.9685002565383911,-0.00299072265625,0.9684819579124451,0.96844482421875,0,0
1143,26.489947085967287,0.9714497923851013,0.07693734765052795,0.9714276194572449,0.9684297442436218,-0.00299072265625,0.9641680121421814,0.9683990478515625,0,0
1144,26.51354099297896,0.9713952541351318,0.00016623735427856445,0.9713952541351318,0.9684045314788818,-0.00299072265625,0.9684045314788818,0.9683990478515625,0,0
1145,26.537064790027216,0.9711233973503113,0.2833402454853058,0.9714347124099731,0.9684668183326721,-0.00299072265625,0.9684602618217468,0.9683837890625,0,0
1146,26.56088223401457,0.97144615650177,0.10196319222450256,0.9714226126670837,0.9684255719184875,-0.00299072265625,0.9672396183013916,0.9683837890625,0,0
1147,26.584327104967088,0.9694842100143433,-0.05343376845121384,0.9710234999656677,0.968225359916687,-0.00299072265625,0.9684327244758606,0.9683837890625,0,0
1148,26.607596052112058,0.9715537428855896,0.2899485230445862,0.9715074300765991,0.9660519361495972,-0.00299072265625,0.9655013084411621,0.9683837890625,0,0
1149,26.630848590051755,0.9714101552963257,0.03867030143737793,0.971398115158081,0.9684032201766968,-0.00299072265625,0.9664734601974487,0.9683837890625,0,0
1150,26.65415936894715,0.9713728427886963,0.6260815858840942,0.9715676307678223,0.9685767292976379,-0.00299072265625,0.9685300588607788,0.9683837890625,0,0
1151,26.677809776971117,0.9713486433029175,-0.0012797713279724121,0.9713490009307861,0.9683583378791809,-0.00299072265625,0.9683585166931152,0.968353271484375,0,0
1152,26.701222334057093,0.9713804125785828,0.17768311500549316,0.9713274240493774,0.9683209657669067,-0.00299072265625,0.9682825207710266,0.9682464599609375,0,0
1153,26.72535940608941,0.9710873961448669,-0.006353677250444889,0.9710809588432312,0.9680847525596619,-0.00299072265625,0.9642592668533325,0.9680633544921875,0,0
1154,26.748963702935725,0.9709200263023376,-0.005005181767046452,0.9709205031394958,0.9679301977157593,-0.00299072265625,0.9679195284843445,0.9679107666015625,0,0
1155,26.772539870114997,0.970859944820404,0.13996070623397827,0.9708406329154968,0.967832624912262,-0.00299072265625,0.9669186472892761,0.9677734375,0,0
1156,26.79658873891458,0.9695020914077759,0.09948888421058655,0.9704722762107849,0.9676375985145569,-0.00299072265625,0.9677164554595947,0.9676361083984375,0,0
1157,26.820202497998253,0.9705390334129333,0.2425994873046875,0.9706013798713684,0.9676102995872498,-0.00299072265625,0.9675799012184143,0.9675140380859375,0,0
1158,26.843577129067853,0.9703460335731506,-1.1159991025924683,0.968593418598175,0.9628632068634033,-0.00299072265625,0.9661566615104675,0.9673919677734375,0,0
1159,26.866814648965374,0.9701202511787415,0.27333277463912964,0.9703352451324463,0.9673660397529602,-0.00299072265625,0.9673594236373901,0.96728515625,0,0
1160,26.89050285308622,0.9701604247093201,-0.006786853540688753,0.9672036170959473,0.9657192826271057,-0.00299072265625,0.9669138193130493,0.9671630859375,0,0
1161,26.91406413097866,0.9700242280960083,-0.007025390863418579,0.9700207710266113,0.9670298099517822,-0.00299072265625,0.9670301675796509,0.9670257568359375,0,0
1162,26.937683315947652,0.9699196219444275,0.012897223234176636,0.9699073433876038,0.9669143557548523,-0.00299072265625,0.9669119715690613,0.9669036865234375,0,0
1163,26.961297927889973,0.9697777032852173,-0.004514814354479313,0.969765305519104,0.9667719602584839,-0.00299072265625,0.9667707681655884,0.966766357421875,0,0
1164,26.98488415009342,0.9697432518005371,0.14744725823402405,0.9697290062904358,0.9667282700538635,-0.00299072265625,0.9667109847068787,0.9666748046875,0,0
1165,27.008572539081797,0.9696301221847534,0.07709866762161255,0.9695998430252075,0.9666001200675964,-0.00299072265625,0.966590166091919,0.9665679931640625,0,0
1166,27.031858095899224,0.9695160388946533,0.014610648155212402,0.9695103168487549,0.966517984867096,-0.00299072265625,0.9665162563323975,0.9665069580078125,0,0
1167,27.05509830196388,0.9694114327430725,-0.006310672499239445,0.969398021697998,0.9664053916931152,-0.00299072265625,0.9664045572280884,0.966400146484375,0,0
1168,27.078558599110693,0.9670135378837585,-0.23084889352321625,0.9688013792037964,0.966038703918457,-0.00299072265625,0.9662936329841614,0.966278076171875,0,0
1169,27.101941155968234,0.9691941738128662,0.01396968960762024,0.9691897034645081,0.9661979675292969,-0.00299072265625,0.9661961197853088,0.9661712646484375,0,0
1170,27.12524023093283,0.9690747857093811,-0.004917502403259277,0.969075083732605,0.9660846590995789,-0.00299072265625,0.9660851359367371,0.966064453125,0,0
1171,27.1484823259525,0.9679031372070312,0.09501712024211884,0.9687315821647644,0.9659262299537659,-0.00299072265625,0.966042160987854,0.965972900390625,0,0
1172,27.171719457022846,0.9688765406608582,-0.00415763258934021,0.9688769578933716,0.9658864140510559,-0.00299072265625,0.965874195098877,0.9658660888671875,0,0
1173,27.19491188507527,0.9687627553939819,0.004872381687164307,0.9687590003013611,0.9657677412033081,-0.00299072265625,0.9657630920410156,0.9657440185546875,0,0
1174,27.218186368001625,0.9686437845230103,0.21947135031223297,0.9687003493309021,0.9657116532325745,-0.00299072265625,0.9656898379325867,0.9656219482421875,0,0
1175,27.241302036913112,0.9685907363891602,0.0895775854587555,0.9685657024383545,0.9655582308769226,-0.00299072265625,0.9655420184135437,0.96551513671875,0,0
1176,27.264463539002463,0.9684730768203735,0.11693593859672546,0.9684404134750366,0.9654352068901062,-0.00299072265625,0.9654225707054138,0.96539306640625,0,0
1177,27.287970206001773,0.9682353734970093,-0.008978874422609806,0.9682231545448303,0.961762547492981,-0.00299072265625,0.964177131652832,0.9652099609375,0,0
1178,27.31108522694558,0.9680185914039612,-0.009515316225588322,0.9680081009864807,0.9650161862373352,-0.00299072265625,0.9650067090988159,0.964996337890625,0,0
1179,27.334513319889084,0.9677774906158447,-1.7120848894119263,0.9656227231025696,0.9637525081634521,-0.00299072265625,0.9645421504974365,0.9647674560546875,0,0
1180,27.357714673969895,0.9675796627998352,-0.0077794501557946205,0.9675687551498413,0.9645756483078003,-0.00299072265625,0.9645735025405884,0.964569091796875,0,0
1181,27.380839749937877,0.9674205780029297,-0.009165377356112003,0.9674127697944641,0.9644214510917664,-0.00299072265625,0.9644213318824768,0.96441650390625,0,0
1182,27.404314103070647,0.9672906398773193,-1.6786096096038818,0.9656124711036682,0.96327143907547,-0.00299072265625,0.9641298651695251,0.9642791748046875,0,0
1183,27.42756667896174,0.9671570062637329,-0.0067664687521755695,0.9671537280082703,0.9641625285148621,-0.00299072265625,0.9641588926315308,0.964141845703125,0,0
1184,27.450696161948144,0.9670048952102661,-0.006356746423989534,0.9670011401176453,0.9640101194381714,-0.00299072265625,0.9640102386474609,0.9640045166015625,0,0
1185,27.47392408992164,0.9668186902999878,-0.008778185583651066,0.9668167233467102,0.9612031579017639,-0.00299072265625,0.9632338881492615,0.96380615234375,0,0
1186,27.497206850908697,0.9667119979858398,0.17876020073890686,0.9666888117790222,0.9636795520782471,-0.00299072265625,0.9636568427085876,0.9636077880859375,0,0
1187,27.520561740966514,0.9664203524589539,-0.00774273369461298,0.9664085507392883,0.9634155035018921,-0.00299072265625,0.9634034037590027,0.9633941650390625,0,0
1188,27.543948852922767,0.9661921262741089,-0.0073107341304421425,0.9661824703216553,0.9631875157356262,-0.00299072265625,0.9631853699684143,0.9631805419921875,0,0
1189,27.566973744891584,0.9659950733184814,-0.0042784069664776325,0.9659945964813232,0.9630001187324524,-0.00299072265625,0.9629896283149719,0.962982177734375,0,0
1190,27.590230820933357,0.9658178091049194,0.004781514406204224,0.965815544128418,0.9628241062164307,-0.00299072265625,0.9628106355667114,0.962799072265625,0,0
1191,27.613299859920517,0.9656322002410889,-0.008421167731285095,0.965627908706665,0.9626368880271912,-0.00299072265625,0.962637186050415,0.962615966796875,0,0
1192,27.63653771393001,0.965474545955658,0.014377504587173462,0.96546870470047,0.9624767303466797,-0.00299072265625,0.9624651670455933,0.9624481201171875,0,0
1193,27.65969484508969,0.9653077721595764,-0.0033325860276818275,0.9653044939041138,0.9623066782951355,-0.00299072265625,0.9623023271560669,0.9622955322265625,0,0
1194,27.682820403017104,0.9648721814155579,0.21230186522006989,0.9652113914489746,0.9622272253036499,-0.00299072265625,0.9622222185134888,0.962158203125,0,0
1195,27.70637557003647,0.9650604724884033,0.029278293251991272,0.9650484919548035,0.9620543122291565,-0.00299072265625,0.9620504379272461,0.9620361328125,0,0
1196,27.729554794030264,0.9648958444595337,-0.005501017905771732,0.9648919701576233,0.9618960022926331,-0.00299072265625,0.9618900418281555,0.961883544921875,0,0
1197,27.75282833306119,0.9647430181503296,-0.0068793753162026405,0.96474289894104,0.9617524147033691,-0.00299072265625,0.9617437720298767,0.96173095703125,0,0
1198,27.77605776092969,0.9646061062812805,-0.005702183116227388,0.964595377445221,0.9616013765335083,-0.00299072265625,0.9615999460220337,0.9615936279296875,0,0
1199,27.799728445941582,0.9644606709480286,-0.007028461433947086,0.9644544720649719,0.9614630937576294,-0.00299072265625,0.9614630937576294,0.9614410400390625,0,0
1200,27.82322496501729,0.9643165469169617,-0.0077585880644619465,0.9643042087554932,0.9613110423088074,-0.00299072265625,0.9613100290298462,0.9613037109375,0,0
1201,27.8463549669832,0.9641796946525574,-0.0052551934495568275,0.9641792178153992,0.9611886739730835,-0.00299072265625,0.9611763954162598,0.9611663818359375,0,0
1202,27.869571710005403,0.9640344977378845,-0.0038993065245449543,0.9640281796455383,0.9610370397567749,-0.00299072265625,0.9610366821289062,0.961029052734375,0,0
1203,27.892693490022793,0.9640100002288818,0.28747057914733887,0.9640117883682251,0.9610116481781006,-0.00299072265625,0.9609678387641907,0.949188232421875,0,0
1204,27.915853010024875,0.9637580513954163,-0.008816705085337162,0.9637525081634521,0.9607609510421753,-0.00299072265625,0.9607610702514648,0.96075439453125,0,0
1205,27.93931428901851,0.9617881178855896,-0.1848069429397583,0.9631028771400452,0.9604203701019287,-0.00299072265625,0.9606194496154785,0.960601806640625,0,0
1206,27.96252712397836,0.9634624719619751,-0.005717442370951176,0.963452935218811,0.9604578614234924,-0.00299072265625,0.9604557156562805,0.96044921875,0,0
1207,27.985707441112027,0.9633097052574158,-0.007736667990684509,0.9632964730262756,0.9603043794631958,-0.00299072265625,0.9603033065795898,0.960296630859375,0,0
1208,28.008970571914688,0.9631454944610596,-0.0020295828580856323,0.9631319642066956,0.9601390361785889,-0.00299072265625,0.9601367115974426,0.9601287841796875,0,0
1209,28.03232105495408,0.9629999995231628,0.11645689606666565,0.9629799127578735,0.9599780440330505,-0.00299072265625,0.959964394569397,0.959930419921875,0,0
1210,28.055721814977005,0.9627611041069031,-0.007394180633127689,0.9627601504325867,0.9597658514976501,-0.00299072265625,0.9597564339637756,0.959747314453125,0,0
1211,28.07906285393983,0.9625980854034424,-0.0071038310416042805,0.9625933170318604,0.9596022367477417,-0.00299072265625,0.9595954418182373,0.9595794677734375,0,0
1212,28.10223813308403,0.9624708294868469,-0.7014980316162109,0.9613866209983826,0.9589735865592957,-0.00299072265625,0.95937579870224,0.959442138671875,0,0
1213,28.125338135985658,0.9623197317123413,-0.006053403951227665,0.962318480014801,0.9593278765678406,-0.00299072265625,0.9593281745910645,0.959320068359375,0,0
1214,28.14849811908789,0.9622138142585754,0.00033906102180480957,0.9622137546539307,0.9592229127883911,-0.00299072265625,0.9592090249061584,0.959197998046875,0,0
1215,28.17172241699882,0.9621210098266602,-0.0016204426065087318,0.962121307849884,0.9591307640075684,-0.00299072265625,0.9591197371482849,0.9591064453125,0,0
1216,28.194731309078634,0.9620292782783508,-0.001985505223274231,0.962029755115509,0.9590392112731934,-0.00299072265625,0.9590267539024353,0.959014892578125,0,0
1217,28.217937977053225,0.9619377255439758,-0.0019780551083385944,0.9619381427764893,0.9589407444000244,-0.00299072265625,0.9589324593544006,0.95892333984375,0,0
1218,28.241326349088922,0.9618306159973145,-0.0027305935509502888,0.9618310928344727,0.9588406085968018,-0.00299072265625,0.9588282108306885,0.9588165283203125,0,0
1219,28.264489331981167,0.9617236256599426,-0.0037140706554055214,0.961724042892456,0.9587334990501404,-0.00299072265625,0.9587211608886719,0.958709716796875,0,0
1220,28.287649057107046,0.9616182446479797,-0.0051446412689983845,0.9616056680679321,0.9586119055747986,-0.00299072265625,0.958611011505127,0.9586029052734375,0,0
1221,28.31087946589105,0.9614949822425842,-0.002872216049581766,0.9614954590797424,0.9584981203079224,-0.00299072265625,0.9584905505180359,0.9584808349609375,0,0
1222,28.33420244907029,0.9614236354827881,0.0907815545797348,0.9614039659500122,0.9584043025970459,-0.00299072265625,0.9583874940872192,0.9583587646484375,0,0
1223,28.35744430194609,0.9612508416175842,-0.00423570116981864,0.9612511396408081,0.9582567811012268,-0.00299072265625,0.9582463502883911,0.9582366943359375,0,0
1224,28.380615822970867,0.9611788392066956,0.11877341568470001,0.9611751437187195,0.9581799507141113,-0.00299072265625,0.9581552743911743,0.9581146240234375,0,0
1225,28.40432606311515,0.9610074758529663,-0.002335817087441683,0.9610008001327515,0.9580058455467224,-0.00299072265625,0.9580011963844299,0.9579925537109375,0,0
1226,28.427586786914617,0.9608850479125977,-0.0025295321829617023,0.9608855843544006,0.957895040512085,-0.00299072265625,0.9578953385353088,0.9578704833984375,0,0
1227,28.450739993015304,0.9607716798782349,-0.00431774603202939,0.9607645273208618,0.9577729105949402,-0.00299072265625,0.9577725529670715,0.957763671875,0,0
1228,28.473873605951667,0.9606267213821411,-0.006731734611093998,0.9606251120567322,0.957634449005127,-0.00299072265625,0.9576238393783569,0.957611083984375,0,0
1229,28.497189366957173,0.9604818224906921,-0.0075289467349648476,0.9604737758636475,0.9574823379516602,-0.00299072265625,0.957482099533081,0.95745849609375,0,0
1230,28.520362868905067,0.960350751876831,-0.003676997497677803,0.9603513479232788,0.9573609232902527,-0.00299072265625,0.9573613405227661,0.9573516845703125,0,0
1231,28.543834110954776,0.9602903723716736,0.07824207842350006,0.9602774977684021,0.9572805762290955,-0.00299072265625,0.9572610855102539,0.9572296142578125,0,0
1232,28.566990982973948,0.960169792175293,0.11501063406467438,0.9601669311523438,0.9571719169616699,-0.00299072265625,0.9571451544761658,0.947296142578125,0,0
1233,28.590244391933084,0.9600062370300293,0.004451483488082886,0.9599974751472473,0.9570002555847168,-0.00299072265625,0.956995964050293,0.9569854736328125,0,0
1234,28.613500670995563,0.9598563313484192,-0.007841975428164005,0.9598483443260193,0.9568567872047424,-0.00299072265625,0.9568566083908081,0.9568328857421875,0,0
1235,28.636611989000812,0.9597101211547852,-0.0039751240983605385,0.9597037434577942,0.9567074775695801,-0.00299072265625,0.9567041993141174,0.956695556640625,0,0
1236,28.659948081942275,0.9595443606376648,-0.00796863529831171,0.9595420956611633,0.9565513730049133,-0.00299072265625,0.956544816493988,0.9565277099609375,0,0
1237,28.683125029085204,0.9593912959098816,-0.005040631163865328,0.9593832492828369,0.9563883543014526,-0.00299072265625,0.9563840627670288,0.9563751220703125,0,0
1238,28.70670904801227,0.959225058555603,-0.00812517199665308,0.9592218399047852,0.9562241435050964,-0.00299072265625,0.9562167525291443,0.956207275390625,0,0
1239,28.72995316097513,0.9590898156166077,0.07356308400630951,0.9590746164321899,0.9560766220092773,-0.00299072265625,0.9560675024986267,0.9560394287109375,0,0
1240,28.752948144916445,0.9589080810546875,0.04125727713108063,0.9588939547538757,0.955897867679596,-0.00299072265625,0.9558919668197632,0.95587158203125,0,0
1241,28.776129924925044,0.9587278366088867,0.024016574025154114,0.9587166905403137,0.9557229280471802,-0.00299072265625,0.9557197093963623,0.9556884765625,0,0
1242,28.79925333405845,0.9585620760917664,0.00959959626197815,0.9585580229759216,0.955565869808197,-0.00299072265625,0.9555643796920776,0.955535888671875,0,0
1243,28.822251688921824,0.958414614200592,-0.006754443980753422,0.9584135413169861,0.9554228782653809,-0.00299072265625,0.9531841278076172,0.9553985595703125,0,0
1244,28.845577171072364,0.9583053588867188,-0.0010398778831586242,0.9582955241203308,0.9553035497665405,-0.00299072265625,0.955302357673645,0.955291748046875,0,0
1245,28.868576674023643,0.9582003951072693,-0.003923297394067049,0.9582006931304932,0.9552102088928223,-0.00299072265625,0.9552068114280701,0.9551849365234375,0,0
1246,28.891694436082616,0.9581160545349121,0.003072693943977356,0.9581125378608704,0.9551212787628174,-0.00299072265625,0.9551205039024353,0.955108642578125,0,0
1247,28.915002973983064,0.9580062031745911,0.2734839916229248,0.9581118226051331,0.9551249742507935,-0.00299072265625,0.9551025032997131,0.95501708984375,0,0
1248,28.938235956942663,0.9559919834136963,-0.5571067929267883,0.9567096829414368,0.9545901417732239,-0.00299072265625,0.9549644589424133,0.954925537109375,0,0
1249,28.96161995898001,0.9578815698623657,-0.0004814569838345051,0.9578816294670105,0.9548909068107605,-0.00299072265625,0.9548910856246948,0.9548797607421875,0,0
1250,28.984961329959333,0.9578527808189392,0.001954883337020874,0.9578522443771362,0.9548612833023071,-0.00299072265625,0.954861044883728,0.9548492431640625,0,0
1251,29.00832798006013,0.9578447341918945,0.10499627888202667,0.9578225016593933,0.9548232555389404,-0.00299072265625,0.9548060297966003,0.95477294921875,0,0
1252,29.031610036967322,0.9576683640480042,-0.006129116285592318,0.9576665759086609,0.9546757340431213,-0.00299072265625,0.95467609167099,0.9546661376953125,0,0
1253,29.054839150048792,0.9571091532707214,0.229271799325943,0.9575119614601135,0.9545761942863464,-0.00299072265625,0.954594075679779,0.9545135498046875,0,0
1254,29.07822026195936,0.9573214650154114,0.015037626028060913,0.9573101997375488,0.954317569732666,-0.00299072265625,0.9543108940124512,0.95428466796875,0,0
1255,29.10133676393889,0.9571331143379211,0.04914642870426178,0.9571114778518677,0.9541146159172058,-0.00299072265625,0.9541080594062805,0.9540863037109375,0,0
1256,29.124602783937007,0.9569005370140076,-0.004564851988106966,0.9568899273872375,0.9538986682891846,-0.00299072265625,0.9538983702659607,0.953887939453125,0,0
1257,29.147967915050685,0.9567551016807556,0.05087484419345856,0.9567455053329468,0.9537407159805298,-0.00299072265625,0.953728437423706,0.953704833984375,0,0
1258,29.17121650907211,0.9565533399581909,-0.006174416281282902,0.9565488696098328,0.9535509347915649,-0.00299072265625,0.9535464644432068,0.9535369873046875,0,0
1259,29.194487269967794,0.9563938975334167,-0.007679433561861515,0.9563859701156616,0.9533942937850952,-0.00299072265625,0.9533873796463013,0.953369140625,0,0
1260,29.2177130500786,0.9562322497367859,-0.0049748728051781654,0.9562233090400696,0.9532294273376465,-0.00299072265625,0.9532262086868286,0.953216552734375,0,0
1261,29.24111047689803,0.956063985824585,-0.005384729243814945,0.9560646414756775,0.9530673027038574,-0.00299072265625,0.9530600309371948,0.9530487060546875,0,0
1262,29.26432860805653,0.9559242725372314,0.036882415413856506,0.9559040069580078,0.9529081583023071,-0.00299072265625,0.9529007077217102,0.9528656005859375,0,0
1263,29.287512331968173,0.9557104706764221,-0.011382431723177433,0.9556998014450073,0.9527072310447693,-0.00299072265625,0.9527068138122559,0.95269775390625,0,0
1264,29.31071625999175,0.9555296897888184,-0.007314428687095642,0.9555299282073975,0.9525397419929504,-0.00299072265625,0.9517947435379028,0.9525146484375,0,0
1265,29.33386996597983,0.9553481936454773,-0.0064576128497719765,0.9553364515304565,0.9523424506187439,-0.00299072265625,0.9523410797119141,0.95233154296875,0,0
1266,29.35734698502347,0.9552369117736816,0.1293887346982956,0.9552183747291565,0.9522178769111633,-0.00299072265625,0.9522042870521545,0.9521636962890625,0,0
1267,29.380580893950537,0.9550281763076782,-0.005243257619440556,0.9550173878669739,0.9520233273506165,-0.00299072265625,0.9520217180252075,0.951995849609375,0,0
1268,29.403988470090553,0.9548748135566711,-0.003999010659754276,0.9548754096031189,0.9518848657608032,-0.00299072265625,0.9518740177154541,0.9518585205078125,0,0
1269,29.427337360102683,0.9547539353370667,-0.0014434908516705036,0.9547542929649353,0.9517636895179749,-0.00299072265625,0.9517638683319092,0.951751708984375,0,0
1270,29.450638823909685,0.9546480774879456,-0.0063608745113015175,0.9546462893486023,0.9516556262969971,-0.00299072265625,0.951655924320221,0.9516448974609375,0,0
1271,29.473842622013763,0.9545554518699646,-0.001890526618808508,0.9545558094978333,0.9515652060508728,-0.00299072265625,0.9515516757965088,0.9515380859375,0,0
1272,29.497213697992265,0.9544551372528076,-0.0065397401340305805,0.9544488191604614,0.9514575600624084,-0.00299072265625,0.9514573812484741,0.951446533203125,0,0
1273,29.520519199082628,0.9543263912200928,-0.006085255183279514,0.9543257355690002,0.9499581456184387,-0.00299072265625,0.9510291218757629,0.951324462890625,0,0
1274,29.54373872000724,0.9543099403381348,0.13190683722496033,0.9542856216430664,0.9512787461280823,-0.00299072265625,0.951260507106781,0.9512176513671875,0,0
1275,29.566838887985796,0.9541016817092896,-0.0037832187954336405,0.9540985226631165,0.9511072635650635,-0.00299072265625,0.9511072039604187,0.951080322265625,0,0
1276,29.589967649895698,0.9539603590965271,-0.005362742580473423,0.9539495706558228,0.9509555101394653,-0.00299072265625,0.9509537816047668,0.9509429931640625,0,0
1277,29.613101467024535,0.9538243412971497,-0.005973690655082464,0.9538225531578064,0.950831949710846,-0.00299072265625,0.9508323669433594,0.9508209228515625,0,0
1278,29.63651000498794,0.9537301063537598,0.07482774555683136,0.9537302255630493,0.9507352709770203,-0.00299072265625,0.9507232308387756,0.95068359375,0,0
1279,29.66008817194961,0.9536101818084717,-0.004334674682468176,0.9535977244377136,0.9506044387817383,-0.00299072265625,0.950603187084198,0.950592041015625,0,0
1280,29.68334230291657,0.9533771276473999,0.10849685966968536,0.9535015225410461,0.9505224823951721,-0.00299072265625,0.9505243897438049,0.950469970703125,0,0
1281,29.707086191978306,0.9534128308296204,0.051127418875694275,0.9533896446228027,0.950394868850708,-0.00299072265625,0.950386643409729,0.9503631591796875,0,0
1282,29.73037263797596,0.9531804919242859,-0.008007839322090149,0.953169584274292,0.9501758813858032,-0.00299072265625,0.9501746296882629,0.943817138671875,0,0
1283,29.75372121296823,0.9529116153717041,-0.013312690891325474,0.952905535697937,0.949907660484314,-0.00299072265625,0.949892520904541,0.9498748779296875,0,0
1284,29.777150640031323,0.9526094794273376,-0.011032805778086185,0.9526021480560303,0.9496102929115295,-0.00299072265625,0.9495991468429565,0.9495849609375,0,0
1285,29.800342364003882,0.9523296356201172,-0.006972246337682009,0.9523151516914368,0.9493224620819092,-0.00299072265625,0.9493095874786377,0.9492950439453125,0,0
1286,29.823864754056558,0.9520688652992249,-0.010004633106291294,0.9520668387413025,0.9490669965744019,-0.00299072265625,0.9490615725517273,0.94903564453125,0,0
1287,29.84709840407595,0.9518505930900574,-0.3809766173362732,0.9514092803001404,0.9486600160598755,-0.00299072265625,0.9488373398780823,0.948822021484375,0,0
1288,29.870342534966767,0.9516653418540955,-0.008313567377626896,0.9516575336456299,0.94866544008255,-0.00299072265625,0.948658287525177,0.948638916015625,0,0
1289,29.89359298092313,0.9515053033828735,-0.0014143290463835,0.951505184173584,0.948514461517334,-0.00299072265625,0.9485032558441162,0.948486328125,0,0
1290,29.916747261071578,0.9513585567474365,0.0010592415928840637,0.9513543248176575,0.9483630061149597,-0.00299072265625,0.9483622312545776,0.9483489990234375,0,0
1291,29.940032985061407,0.951214075088501,-0.002219058806076646,0.9512031674385071,0.9482100605964661,-0.00299072265625,0.9482089281082153,0.94818115234375,0,0
1292,29.963105098111555,0.9503768682479858,-0.03883867338299751,0.9509032368659973,0.9466766715049744,-0.00299072265625,0.9476426243782043,0.9480133056640625,0,0
1293,29.98638580390252,0.9508222341537476,-0.011055455543100834,0.9508163332939148,0.9478251934051514,-0.00299072265625,0.9478145837783813,0.9477996826171875,0,0
1294,30.00990065606311,0.9506033658981323,-0.009848461486399174,0.9506021738052368,0.9476077556610107,-0.00299072265625,0.9475978016853333,0.9475860595703125,0,0
1295,30.03309639892541,0.9503854513168335,-0.009230122901499271,0.9503762125968933,0.9473838806152344,-0.00299072265625,0.947376549243927,0.947357177734375,0,0
1296,30.056352270999923,0.9501798152923584,0.04334116727113724,0.950166642665863,0.9471713900566101,-0.00299072265625,0.9471593499183655,0.9471282958984375,0,0
1297,30.079741087043658,0.9499338865280151,-0.011144929565489292,0.9487520456314087,0.946352481842041,-0.00299072265625,0.9468603730201721,0.9469146728515625,0,0
1298,30.103250216925517,0.9497380256652832,-0.008671456016600132,0.9497336149215698,0.9467357993125916,-0.00299072265625,0.9467276930809021,0.94671630859375,0,0
1299,30.126612978056073,0.9495348334312439,-0.00852250400930643,0.9495256543159485,0.9465306997299194,-0.00299072265625,0.9465287327766418,0.9465179443359375,0,0
1300,30.149975646054372,0.9493643641471863,0.11498573422431946,0.9493744969367981,0.9463727474212646,-0.00299072265625,0.9463590383529663,0.946319580078125,0,0
1301,30.17338222102262,0.9491616487503052,0.00825614482164383,0.9491469860076904,0.9461534023284912,-0.00299072265625,0.9461512565612793,0.9461212158203125,0,0
1302,30.196645369986072,0.9489551186561584,-0.008008473552763462,0.948945939540863,0.9459510445594788,-0.00299072265625,0.9454221129417419,0.9459381103515625,0,0
1303,30.219995538005605,0.9487573504447937,-0.008492761291563511,0.9487525224685669,0.9457533955574036,-0.00299072265625,0.9457505941390991,0.94573974609375,0,0
1304,30.243493928108364,0.9485623240470886,-0.0055497814901173115,0.9485597014427185,0.9455686807632446,-0.00299072265625,0.945557713508606,0.9455413818359375,0,0
1305,30.266612912062556,0.9483755230903625,-0.009461336769163609,0.9483620524406433,0.9453697204589844,-0.00299072265625,0.9453598856925964,0.945343017578125,0,0
1306,30.2899837649893,0.9481781721115112,-0.00888766348361969,0.9481679201126099,0.9451727271080017,-0.00299072265625,0.945170521736145,0.945159912109375,0,0
1307,30.313362285029143,0.9479506611824036,0.06235477700829506,0.9479960203170776,0.9450085163116455,-0.00299072265625,0.9445406794548035,0.944976806640625,0,0
1308,30.336646230891347,0.9477836489677429,0.059173326939344406,0.9478343725204468,0.9448524117469788,-0.00299072265625,0.9448415637016296,0.9448089599609375,0,0
1309,30.359897176967934,0.9469322562217712,-0.10960468649864197,0.9474340677261353,0.9445563554763794,-0.00299072265625,0.9446330666542053,0.9446258544921875,0,0
1310,30.383034012047574,0.9474935531616211,0.05270620435476303,0.947472095489502,0.9444743394851685,-0.00299072265625,0.944465160369873,0.944427490234375,0,0
1311,30.406851215055212,0.9473087191581726,0.019312698394060135,0.947292149066925,0.9442967176437378,-0.00299072265625,0.9442887902259827,0.9442596435546875,0,0
1312,30.430107994936407,0.9471397399902344,-0.005423230119049549,0.9471398591995239,0.944149374961853,-0.00299072265625,0.9441460967063904,0.944122314453125,0,0
1313,30.453351181931794,0.9470182657241821,-0.0026963320560753345,0.9470189213752747,0.9440284371376038,-0.00299072265625,0.9440193176269531,0.944000244140625,0,0
1314,30.476504609920084,0.9468963146209717,-0.005803224630653858,0.9468840956687927,0.9438914656639099,-0.00299072265625,0.9438897967338562,0.943878173828125,0,0
1315,30.499606871046126,0.9467634558677673,-0.007412550039589405,0.9467591047286987,0.943767786026001,-0.00299072265625,0.9437677264213562,0.943756103515625,0,0
1316,30.522725855000317,0.9466364979743958,-0.006101277656853199,0.9466362595558167,0.943645715713501,-0.00299072265625,0.9436335563659668,0.9436187744140625,0,0
1317,30.545866949949414,0.9465148448944092,-0.004275911021977663,0.9465059638023376,0.9435109496116638,-0.00299072265625,0.9435084462165833,0.9434967041015625,0,0
1318,30.56897576688789,0.9463934898376465,-0.0031881225295364857,0.9463843703269958,0.9433891773223877,-0.00299072265625,0.9433867335319519,0.9433746337890625,0,0
1319,30.59223052789457,0.9462703466415405,-0.004320618696510792,0.9456867575645447,0.9429078102111816,-0.00299072265625,0.943168580532074,0.9432525634765625,0,0
1320,30.61535539990291,0.9461479783058167,-0.00417163735255599,0.9461445808410645,0.9431485533714294,-0.00299072265625,0.9431421756744385,0.9431304931640625,0,0
1321,30.638521197950467,0.9460132718086243,-0.00971487071365118,0.9460100531578064,0.9430190324783325,-0.00299072265625,0.9430193901062012,0.9430084228515625,0,0
1322,30.661730960011482,0.9458884000778198,-0.004633632488548756,0.9458889961242676,0.9428946375846863,-0.00299072265625,0.9423500895500183,0.94287109375,0,0
1323,30.685045941965654,0.9457669854164124,-0.002674122340977192,0.9457674622535706,0.9427676796913147,-0.00299072265625,0.9427618384361267,0.9427490234375,0,0
1324,30.708011185983196,0.9456449747085571,-0.005632010288536549,0.9456444978713989,0.9426539540290833,-0.00299072265625,0.9426543712615967,0.942626953125,0,0
1325,30.731011115014553,0.9455376267433167,-0.004156795330345631,0.9455381631851196,0.942547619342804,-0.00299072265625,0.9425368905067444,0.9425201416015625,0,0
1326,30.754375393968076,0.9454254508018494,-0.006242979317903519,0.9454171657562256,0.9424253702163696,-0.00299072265625,0.9424251914024353,0.942413330078125,0,0
1327,30.777729358058423,0.9453132748603821,0.0012821033596992493,0.9453009963035583,0.9423063397407532,-0.00299072265625,0.9423038363456726,0.942291259765625,0,0
1328,30.801231228979304,0.945178210735321,-0.007517033256590366,0.9451724886894226,0.942180871963501,-0.00299072265625,0.9421806931495667,0.942169189453125,0,0
1329,30.824388063978404,0.9450645446777344,-0.0037544909864664078,0.9450651407241821,0.9420709013938904,-0.00299072265625,0.9416082501411438,0.942047119140625,0,0
1330,30.847781602060422,0.9449267387390137,-0.004357987083494663,0.944927453994751,0.9419370293617249,-0.00299072265625,0.9419283270835876,0.9419097900390625,0,0
1331,30.871023362968117,0.9447835087776184,-0.007867211475968361,0.9447760581970215,0.9417840838432312,-0.00299072265625,0.9417837262153625,0.9417724609375,0,0
1332,30.894159829011187,0.9446373581886292,-0.006973164156079292,0.9446280598640442,0.9416330456733704,-0.00299072265625,0.9416308403015137,0.941619873046875,0,0
1333,30.9173831269145,0.9444869756698608,-0.004417626652866602,0.9444736838340759,0.9414802193641663,-0.00299072265625,0.9414789080619812,0.94146728515625,0,0
1334,30.9407297950238,0.9443162083625793,-0.007822577841579914,0.9443071484565735,0.9413122534751892,-0.00299072265625,0.9413100481033325,0.9412994384765625,0,0
1335,30.963916371110827,0.9441326856613159,-0.0077406419441103935,0.9441239833831787,0.9411290884017944,-0.00299072265625,0.9411272406578064,0.9411163330078125,0,0
1336,30.987018614076078,0.9439575672149658,0.005662955343723297,0.9439510703086853,0.9409544467926025,-0.00299072265625,0.9409469366073608,0.9409332275390625,0,0
1337,31.010381151922047,0.9437939524650574,-0.004954141099005938,0.943785548210144,0.9407931566238403,-0.00299072265625,0.940792441368103,0.9407806396484375,0,0
1338,31.03373117209412,0.9435054063796997,0.004947664216160774,0.9436330795288086,0.9406638145446777,-0.00299072265625,0.9406707286834717,0.940643310546875,0,0
1339,31.057084358064458,0.9435322284698486,0.0016023237258195877,0.9435269236564636,0.9405354857444763,-0.00299072265625,0.9405344724655151,0.940521240234375,0,0
1340,31.08039137790911,0.943388044834137,-0.007532103918492794,0.943385660648346,0.9403948783874512,-0.00299072265625,0.940391480922699,0.94036865234375,0,0
1341,31.104005638044327,0.9432556629180908,-0.006727440748363733,0.9432493448257446,0.9402579665184021,-0.00299072265625,0.9402579069137573,0.94024658203125,0,0
1342,31.127149881096557,0.943144679069519,-0.006235702894628048,0.9431419372558594,0.940151035785675,-0.00299072265625,0.9401513934135437,0.9401397705078125,0,0
1343,31.150499419076368,0.943082332611084,-0.000468953512609005,0.943082332611084,0.940091609954834,-0.00299072265625,0.9400848746299744,0.9400634765625,0,0
1344,31.1737349210307,0.9430519938468933,-0.00017839530482888222,0.9430519938468933,0.9400612711906433,-0.00299072265625,0.9400574564933777,0.940032958984375,0,0
1345,31.196867126971483,0.9430120587348938,0.03181438520550728,0.9430397748947144,0.9400538206100464,-0.00299072265625,0.9400548338890076,0.940032958984375,0,0
1346,31.220023239962757,0.9430367946624756,0.00011216290295124054,0.9430367946624756,0.9400460720062256,-0.00299072265625,0.9400460720062256,0.940032958984375,0,0
1347,31.24340164801106,0.9430214762687683,-0.00020076194778084755,0.9430214762687683,0.9400307536125183,-0.00299072265625,0.9400307536125183,0.9400177001953125,0,0
1348,31.266641613096,0.9430026412010193,-0.004700925666838884,0.9429916143417358,0.9399993419647217,-0.00299072265625,0.9399988055229187,0.9399871826171875,0,0
1349,31.289756874088198,0.9429131150245667,-0.007398051209747791,0.9428989887237549,0.9399071931838989,-0.00299072265625,0.9399065375328064,0.9398956298828125,0,0
1350,31.313235542038456,0.9427635669708252,0.011966006830334663,0.9427620768547058,0.9397637248039246,-0.00299072265625,0.9397582411766052,0.9397430419921875,0,0
1351,31.336529840016738,0.9425979256629944,-0.004239007364958525,0.9425894618034363,0.9395910501480103,-0.00299072265625,0.9395864009857178,0.9395751953125,0,0
1352,31.359884562902153,0.9424418807029724,-0.07100366055965424,0.9423441290855408,0.9394052624702454,-0.00299072265625,0.9394381046295166,0.939422607421875,0,0
1353,31.383033713093027,0.942254364490509,0.017911549657583237,0.9422944784164429,0.9393035769462585,-0.00299072265625,0.9393020868301392,0.9392852783203125,0,0
1354,31.40675032394938,0.942128598690033,0.007853256538510323,0.942162275314331,0.9391766786575317,-0.00299072265625,0.9391793012619019,0.9391632080078125,0,0
1355,31.43012069608085,0.9420434832572937,-0.0022795465774834156,0.9420398473739624,0.9390419125556946,-0.00299072265625,0.9390375018119812,0.93902587890625,0,0
1356,31.453362920088693,0.9419105648994446,0.006959163583815098,0.941899299621582,0.9389045834541321,-0.00299072265625,0.9389018416404724,0.9388885498046875,0,0
1357,31.476529421983287,0.9416913390159607,-0.0030395237263292074,0.9417340159416199,0.9387469291687012,-0.00299072265625,0.9387492537498474,0.9387359619140625,0,0
1358,31.49974590493366,0.9416171908378601,0.0013861210318282247,0.9416073560714722,0.93861323595047,-0.00299072265625,0.9386110901832581,0.9385986328125,0,0
1359,31.522993203019723,0.9414778351783752,-0.003553627524524927,0.9414716958999634,0.9384768009185791,-0.00299072265625,0.9384721517562866,0.9384613037109375,0,0
1360,31.54637740808539,0.9413244724273682,-0.005334316752851009,0.9413250088691711,0.9383347034454346,-0.00299072265625,0.9383259415626526,0.9383087158203125,0,0
1361,31.569494910072535,0.9411816596984863,-0.002167828381061554,0.9411877989768982,0.9381981492042542,-0.00299072265625,0.9381989240646362,0.93817138671875,0,0
1362,31.592748652910814,0.9410355687141418,-0.007524799555540085,0.9410346150398254,0.9380440711975098,-0.00299072265625,0.9380408525466919,0.938018798828125,0,0
1363,31.616117598023266,0.9408825039863586,-0.004410457331687212,0.9408828616142273,0.9378923177719116,-0.00299072265625,0.9378801584243774,0.9378662109375,0,0
1364,31.64042602200061,0.9407153129577637,-0.004440261051058769,0.9407150149345398,0.9377151727676392,-0.00299072265625,0.9377090334892273,0.9376983642578125,0,0
1365,31.663777949055657,0.9405649900436401,-0.00825495831668377,0.9405618906021118,0.9375631809234619,-0.00299072265625,0.9375687837600708,0.93756103515625,0,0
1366,31.68687730305828,0.002991539193317294,0.07214409112930298,0.002966165542602539,0.9999659061431885,-0.00299072265625,0.999955415725708,0.9999237060546875,0,0
1367,31.71003452804871,0.002931356430053711,0.394814133644104,0.0029295682907104492,0.9999219179153442,-0.00299072265625,0.9998815655708313,0.999786376953125,0,0
1368,31.733134029898793,0.0026378631591796875,-0.006950974464416504,0.002627134323120117,0.9996324777603149,-0.00299072265625,0.999631404876709,0.9996337890625,0,0
1369,31.756384308915585,0.002470731735229492,-2.8521265983581543,0.9985951781272888,0.9976544380187988,-0.00299072265625,0.9991055130958557,0.9994659423828125,0,0
1370,31.779528978047892,0.002301812171936035,-0.006049276329576969,0.0022978782653808594,0.9993001222610474,-0.00299072265625,0.9992960691452026,0.999298095703125,0,0
1371,31.80276038707234,0.0019369125366210938,0.5251474976539612,0.0022897720336914062,0.9993125200271606,-0.00299072265625,0.9931537508964539,0.9991607666015625,0,0
1372,31.826131517998874,0.002149343490600586,0.2904096245765686,0.0021135807037353516,0.9991018772125244,-0.00299072265625,0.9990607500076294,0.998992919921875,0,0
1373,31.849407945992425,0.0019272565841674805,0.13308334350585938,0.001893758773803711,0.9988884925842285,-0.00299072265625,0.9988711476325989,0.99884033203125,0,0
1374,31.872540374053642,0.0016607046127319336,-0.009155691601336002,0.0016484260559082031,0.9986559152603149,-0.00299072265625,0.9986544847488403,0.9986572265625,0,0
1375,31.89578495011665,0.0014785528182983398,-0.0073896655812859535,0.0014777183532714844,0.9984869956970215,-0.00299072265625,0.9984763860702515,0.99847412109375,0,0
1376,31.918882007012144,0.001310110092163086,-0.009326816536486149,0.001297593116760254,0.9983044862747192,-0.00299072265625,0.9983035922050476,0.9983062744140625,0,0
1377,31.942259267903864,0.0011419057846069336,-0.004647851921617985,0.0011425018310546875,0.9981521368026733,-0.00299072265625,0.9981414079666138,0.998138427734375,0,0
1378,31.9653958810959,0.001007080078125,-0.006100715138018131,0.000993967056274414,0.997999906539917,-0.00299072265625,0.9979984164237976,0.9980010986328125,0,0
1379,31.988762567052618,0.0008519887924194336,-0.005333305336534977,0.0008523464202880859,0.9978526830673218,-0.00299072265625,0.9978471994400024,0.997833251953125,0,0
1380,32.01306289806962,0.0006844997406005859,-0.007367194630205631,0.0006723403930664062,0.9976792335510254,-0.00299072265625,0.997678279876709,0.9976654052734375,0,0
1381,32.03641795506701,0.0005213022232055664,-0.008127153851091862,0.0005171298980712891,0.9975258111953735,-0.00299072265625,0.9975259900093079,0.997528076171875,0,0
1382,32.05977401207201,0.00045239925384521484,0.05472564697265625,0.00043582916259765625,0.9974393844604492,-0.00299072265625,0.9974290132522583,0.997406005859375,0,0
1383,32.083041661884636,0.0003361701965332031,-0.003314435947686434,0.00033473968505859375,0.9973440170288086,-0.00299072265625,0.9973442554473877,0.9973297119140625,0,0
1384,32.106378718977794,0.00019752979278564453,-0.006763995625078678,0.00018477439880371094,0.9971914291381836,-0.00299072265625,0.9971902966499329,0.9971771240234375,0,0
1385,32.12954616500065,0.9999467730522156,-0.012664915062487125,0.999936580657959,0.9969448447227478,-0.00299072265625,0.9969356656074524,0.9969329833984375,0,0
1386,32.15289244404994,0.999661922454834,-0.010861814953386784,0.9996537566184998,0.9966574311256409,-0.00299072265625,0.996654748916626,0.99664306640625,0,0
1387,32.17615055688657,0.9976706504821777,0.33348163962364197,0.9991596937179565,0.9963963031768799,-0.00299072265625,0.9965114593505859,0.9963531494140625,0,0
1388,32.19938663300127,0.999142587184906,-0.004975856281816959,0.9991365075111389,0.9961403608322144,-0.00299072265625,0.9961304068565369,0.996124267578125,0,0
1389,32.222655449062586,0.9989824891090393,0.03188943862915039,0.9989631175994873,0.9959689378738403,-0.00299072265625,0.995963454246521,0.995941162109375,0,0
1390,32.24580285907723,0.9988235235214233,0.013784646987915039,0.9988168478012085,0.9958242177963257,-0.00299072265625,0.9912146329879761,0.995819091796875,0,0
1391,32.26912910095416,0.9986710548400879,-0.004298151470720768,0.9986603856086731,0.9956663846969604,-0.00299072265625,0.995664656162262,0.99566650390625,0,0
1392,32.292434490984306,0.998642086982727,0.02042287588119507,0.9986364245414734,0.9956434369087219,-0.00299072265625,0.9956402778625488,0.995635986328125,0,0
1393,32.31565128895454,0.9940208196640015,-0.4546409547328949,0.997323215007782,0.9951238632202148,-0.00299072265625,0.9956434965133667,0.9956207275390625,0,0
1394,32.338771088048816,0.9987145066261292,0.4309505820274353,0.9987600445747375,0.9957605004310608,-0.00299072265625,0.9957268238067627,0.9956207275390625,0,0
1395,32.361797128105536,0.9986316561698914,0.04732745885848999,0.9986168146133423,0.9956130385398865,-0.00299072265625,0.995610237121582,0.99560546875,0,0
1396,32.386142088100314,0.99859619140625,-0.00022959712077863514,0.99859619140625,0.99560546875,-0.00299072265625,0.99560546875,0.99560546875,0,0
1397,32.40952131105587,0.9985962510108948,4.6312808990478516e-05,0.9985962510108948,0.9956055283546448,-0.00299072265625,0.9956055283546448,0.99560546875,0,0
1398,32.432767572114244,0.9987958669662476,0.3401058316230774,0.998733401298523,0.9957109093666077,-0.00299072265625,0.9956699013710022,0.9955902099609375,0,0
1399,32.455888259923086,0.9985488057136536,-0.0037235617637634277,0.9985489845275879,0.995558500289917,-0.00299072265625,0.9955589771270752,0.9955596923828125,0,0
1400,32.47904935409315,0.9982389807701111,0.5022081136703491,0.9985584616661072,0.9955904483795166,-0.00299072265625,0.995576798915863,0.9954376220703125,0,0
1401,32.50230278191157,0.997753918170929,0.49793121218681335,0.9983072876930237,0.9953684210777283,-0.00299072265625,0.9953953623771667,0.9952392578125,0,0
1402,32.5256428939756,0.9980550408363342,0.009582698345184326,0.9980387091636658,0.9950456023216248,-0.00299072265625,0.9922318458557129,0.9950408935546875,0,0
1403,32.54876384092495,0.9978330135345459,-0.004469275940209627,0.9978213310241699,0.9948270916938782,-0.00299072265625,0.9948253035545349,0.9948272705078125,0,0
1404,32.57204223098233,0.9977169632911682,0.35558003187179565,0.9977156519889832,0.9946995377540588,-0.00299072265625,0.9946627020835876,0.99456787109375,0,0
1405,32.5954315289855,0.9973273873329163,-0.0072038182988762856,0.997317910194397,0.9943240284919739,-0.00299072265625,0.9943208694458008,0.9943084716796875,0,0
1406,32.61891380697489,0.9970691204071045,-0.007546425797045231,0.9970641136169434,0.9940661787986755,-0.00299072265625,0.9940617680549622,0.994049072265625,0,0
1407,32.64217677200213,0.9969156384468079,0.07473757863044739,0.9968898892402649,0.9938840866088867,-0.00299072265625,0.9938669204711914,0.9938507080078125,0,0
1408,32.665399458957836,0.996630847454071,-0.003940701484680176,0.9966172575950623,0.9936224818229675,-0.00299072265625,0.9936202168464661,0.993621826171875,0,0
1409,32.68895658897236,0.996367871761322,-0.011614889837801456,0.9963580965995789,0.9933615922927856,-0.00299072265625,0.9933587908744812,0.9933624267578125,0,0
1410,32.71214927593246,0.9960986375808716,-0.012888939119875431,0.996090829372406,0.9930956959724426,-0.00299072265625,0.9930860996246338,0.9930877685546875,0,0
1411,32.73541238903999,0.9958155155181885,-0.011622520163655281,0.9958043694496155,0.9928106665611267,-0.00299072265625,0.9928095936775208,0.9927978515625,0,0
1412,32.75918488902971,0.9955649971961975,0.015407949686050415,0.9955472350120544,0.9925473928451538,-0.00299072265625,0.9925315976142883,0.992523193359375,0,0
1413,32.782270279945806,0.9952751398086548,-0.004291356075555086,0.9952613115310669,0.9922650456428528,-0.00299072265625,0.9922617673873901,0.99224853515625,0,0
1414,32.80582048394717,0.9950088262557983,-0.012680859304964542,0.9949937462806702,0.9920016527175903,-0.00299072265625,0.9919942021369934,0.9919891357421875,0,0
1415,32.82910398603417,0.9949379563331604,0.2811773419380188,0.9948570728302002,0.991828978061676,-0.00299072265625,0.9917892813682556,0.991729736328125,0,0
1416,32.85230952501297,0.9944753050804138,0.01902863383293152,0.9944588541984558,0.991463303565979,-0.00299072265625,0.9914498329162598,0.9914398193359375,0,0
1417,32.87540306407027,0.9941854476928711,-0.009223997592926025,0.9941798448562622,0.9911836981773376,-0.00299072265625,0.9911782145500183,0.991180419921875,0,0
1418,32.8985609728843,0.993948221206665,-0.00954437255859375,0.993939995765686,0.990939736366272,-0.00299072265625,0.9909336566925049,0.990936279296875,0,0
1419,32.92219252907671,0.9937348961830139,-0.009268701076507568,0.9937272071838379,0.990735650062561,-0.00299072265625,0.9907357096672058,0.9907379150390625,0,0
1420,32.945519604953006,0.9929126501083374,0.44059762358665466,0.9935649633407593,0.9906402826309204,-0.00299072265625,0.9906843304634094,0.9905548095703125,0,0
1421,32.9689536979422,0.9933764338493347,-0.007174819707870483,0.9933755397796631,0.9903849363327026,-0.00299072265625,0.9903785586357117,0.9903717041015625,0,0
1422,32.99215784808621,0.9932361841201782,0.02731412649154663,0.9932191967964172,0.9902174472808838,-0.00299072265625,0.9902089238166809,0.9638519287109375,0,0
1423,33.01531518390402,0.9930564165115356,-0.006534338928759098,0.9930553436279297,0.9900554418563843,-0.00299072265625,0.9900497198104858,0.99005126953125,0,0
1424,33.038375129923224,0.9928907752037048,-0.003762841457501054,0.9928773641586304,0.9898837208747864,-0.00299072265625,0.9866076111793518,0.9898681640625,0,0
1425,33.061407984932885,0.9928928017616272,-1.7340419292449951,0.9909380674362183,0.9890315532684326,-0.00299072265625,0.9897410869598389,0.98968505859375,0,0
1426,33.08478778204881,0.9925207495689392,-0.005179346539080143,0.9925212860107422,0.9895308613777161,-0.00299072265625,0.9895223379135132,0.9895172119140625,0,0
1427,33.10817108000629,0.9923931360244751,0.008954405784606934,0.9923790693283081,0.9893855452537537,-0.00299072265625,0.9893820881843567,0.9893798828125,0,0
1428,33.13129708194174,0.9923478960990906,0.4388008713722229,0.992400586605072,0.9893999099731445,-0.00299072265625,0.9893662333488464,0.9892578125,0,0
1429,33.15437347302213,0.9923195838928223,0.43514227867126465,0.9923239350318909,0.9893121123313904,-0.00299072265625,0.9892680048942566,0.9891510009765625,0,0
1430,33.17739493888803,0.9921153783798218,0.06432691216468811,0.9920967817306519,0.9890984892845154,-0.00299072265625,0.9890897870063782,0.98907470703125,0,0
1431,33.20044790394604,0.9920200109481812,0.06373831629753113,0.9919923543930054,0.9889938235282898,-0.00299072265625,0.9889804720878601,0.9889678955078125,0,0
1432,33.2238040540833,0.9919259548187256,0.07802838087081909,0.9919013977050781,0.9889025688171387,-0.00299072265625,0.9888930916786194,0.9888763427734375,0,0
1433,33.24704344407655,0.9917917251586914,-0.0010148287983611226,0.9917910099029541,0.9888002276420593,-0.00299072265625,0.9888002276420593,0.988800048828125,0,0
1434,33.27006615092978,0.9914490580558777,0.4551096558570862,0.9918294548988342,0.9888705015182495,-0.00299072265625,0.9888745546340942,0.9887542724609375,0,0
1435,33.293297578115016,0.9917365312576294,0.008633643388748169,0.9917338490486145,0.9887422323226929,-0.00299072265625,0.9887411594390869,0.988739013671875,0,0
1436,33.31632445100695,0.991849958896637,0.21184062957763672,0.9918214678764343,0.9888134002685547,-0.00299072265625,0.9887816905975342,0.988739013671875,0,0
1437,33.33978808205575,0.9917300343513489,-0.0002252459671581164,0.9917300343513489,0.9887393116950989,-0.00299072265625,0.9887393116950989,0.988739013671875,0,0
1438,33.36307080509141,0.9917300343513489,-3.2026638984680176,0.9885368943214417,0.9872430562973022,-0.00299072265625,0.9884433150291443,0.988739013671875,0,0
1439,33.386447177035734,0.9917300343513489,-0.00022548438573721796,0.9917300343513489,0.9887393116950989,-0.00299072265625,0.9887393116950989,0.988739013671875,0,0
1440,33.40979271498509,0.9917777180671692,0.06448245048522949,0.9917606711387634,0.9887627363204956,-0.00299072265625,0.9887542128562927,0.988739013671875,0,0
1441,33.43291642097756,0.9917523264884949,-3.172750234603882,0.9885499477386475,0.9868054986000061,-0.00299072265625,0.9883073568344116,0.988739013671875,0,0
1442,33.45615170104429,0.9918307065963745,0.32818812131881714,0.9918347001075745,0.9888275265693665,-0.00299072265625,0.9847501516342163,0.9887237548828125,0,0
1443,33.4792954439763,0.9918307662010193,0.30711060762405396,0.9918296933174133,0.9888215065002441,-0.00299072265625,0.9887927770614624,0.9887237548828125,0,0
1444,33.50315268407576,0.9917162656784058,0.002009451389312744,0.9917157292366028,0.9887248277664185,-0.00299072265625,0.9887244701385498,0.9887237548828125,0,0
1445,33.526374036911875,0.9917505383491516,0.04898512363433838,0.9866343140602112,0.9862398505210876,-0.00299072265625,0.9881153106689453,0.9887237548828125,0,0
1446,33.54954974306747,0.9917148351669312,-3.202425718307495,0.9885216951370239,0.9867794513702393,-0.00299072265625,0.9884281158447266,0.9887237548828125,0,0
1447,33.57279152306728,0.9917150139808655,0.00028833746910095215,0.9917150139808655,0.9887241125106812,-0.00299072265625,0.9887241125106812,0.9887237548828125,0,0
1448,33.596077801892534,0.9853101372718811,-1.1443743705749512,0.9897702932357788,0.987587571144104,-0.00299072265625,0.9886266589164734,0.9887237548828125,0,0
1449,33.619450598955154,0.9917148351669312,0.00011667609214782715,0.9853099584579468,0.9855310320854187,-0.00299072265625,0.9878750443458557,0.9887237548828125,0,0
1450,33.64237573207356,0.9917148351669312,0.0001315772533416748,0.9917148351669312,0.9887241125106812,-0.00299072265625,0.9887241125106812,0.9887237548828125,0,0
1451,33.66542225307785,0.9917148351669312,-0.00016635657812003046,0.9917148351669312,0.9887241125106812,-0.00299072265625,0.9887241125106812,0.9887237548828125,0,0
1452,33.688582587987185,0.9917213916778564,0.008684694766998291,0.991718590259552,0.9887272715568542,-0.00299072265625,0.9887259006500244,0.9887237548828125,0,0
1453,33.711815404938534,0.9916991591453552,-0.0005913078784942627,0.9916993379592896,0.9823075532913208,-0.00299072265625,0.9867652058601379,0.98870849609375,0,0
1454,33.73504987009801,0.9916675686836243,-0.0026998519897460938,0.9916679263114929,0.988677442073822,-0.00299072265625,0.9886683821678162,0.9886627197265625,0,0
1455,33.758077854057774,0.9915916919708252,-0.005933403968811035,0.9915782809257507,0.9885856509208679,-0.00299072265625,0.9885849356651306,0.98858642578125,0,0
1456,33.781644427916035,0.9915161728858948,-0.0004499556962400675,0.9915162324905396,0.9885255098342896,-0.00299072265625,0.9885257482528687,0.988525390625,0,0
1457,33.80518320691772,0.9914706349372864,-0.00015950249508023262,0.9914706349372864,0.9884799122810364,-0.00299072265625,0.9884799122810364,0.9884796142578125,0,0
1458,33.82841313397512,0.9916313290596008,0.6002973318099976,0.9916682243347168,0.9886524081230164,-0.00299072265625,0.9885919094085693,0.98846435546875,0,0
1459,33.85166757996194,0.9914553761482239,-0.0002343654923606664,0.9914553761482239,0.9884646534919739,-0.00299072265625,0.9884646534919739,0.98846435546875,0,0
1460,33.875205951044336,0.9914402961730957,4.291533969080774e-06,0.9914402961730957,0.9884495735168457,-0.00299072265625,0.9884495735168457,0.9884490966796875,0,0
1461,33.898275417042896,0.9914089441299438,-0.001299560535699129,0.991409182548523,0.9884185194969177,-0.00299072265625,0.9884186387062073,0.9884185791015625,0,0
1462,33.921467918902636,0.9914326071739197,0.1266193389892578,0.9914064407348633,0.9884032011032104,-0.00299072265625,0.9883874654769897,0.9883575439453125,0,0
1463,33.94479730911553,0.9902016520500183,0.40641096234321594,0.9911314845085144,0.988336443901062,-0.00299072265625,0.9884324073791504,0.98828125,0,0
1464,33.96818316192366,0.9912258386611938,-0.0011656000278890133,0.9912261366844177,0.9882354140281677,-0.00299072265625,0.9882286787033081,0.98822021484375,0,0
1465,33.99148158892058,0.9903131723403931,0.3970603346824646,0.9911072254180908,0.988227903842926,-0.00299072265625,0.9882703423500061,0.9881439208984375,0,0
1466,34.01468420191668,0.9910444617271423,-0.006284296978265047,0.991041898727417,0.9880509376525879,-0.00299072265625,0.988051176071167,0.9880523681640625,0,0
1467,34.03780224197544,0.9909657835960388,-0.0029019122011959553,0.9909660816192627,0.987975537776947,-0.00299072265625,0.9879758954048157,0.9879608154296875,0,0
1468,34.06110813189298,0.990894079208374,-2.3187811374664307,0.9877486228942871,0.98678058385849,-0.00299072265625,0.9877176880836487,0.9878997802734375,0,0
1469,34.084423745051026,0.9908294677734375,-0.0007268192712217569,0.990829586982727,0.9878389239311218,-0.00299072265625,0.9878252148628235,0.987823486328125,0,0
1470,34.10763761703856,0.9857434630393982,0.7129048109054565,0.9909507036209106,0.9879342317581177,-0.00299072265625,0.9878745675086975,0.9877166748046875,0,0
1471,34.132520593935624,0.9906394481658936,-0.006053865421563387,0.9906311631202698,0.9876396059989929,-0.00299072265625,0.9876391291618347,0.987640380859375,0,0
1472,34.155764668947086,0.9870190620422363,0.3862265944480896,0.9902423024177551,0.9875284433364868,-0.00299072265625,0.9877901077270508,0.9875640869140625,0,0
1473,34.17893520789221,0.9905083775520325,-0.001799553632736206,0.9905088543891907,0.9812659621238708,-0.00299072265625,0.9856200814247131,0.987518310546875,0,0
1474,34.20217517297715,0.990477442741394,-0.0032379627227783203,0.9904776811599731,0.9874871969223022,-0.00299072265625,0.9874874949455261,0.98748779296875,0,0
1475,34.22534674894996,0.9904316663742065,-0.0029026870615780354,0.99043208360672,0.9874415993690491,-0.00299072265625,0.9874306321144104,0.9874267578125,0,0
1476,34.248589880997315,0.9903242588043213,-0.0037148017436265945,0.9903156161308289,0.987321674823761,-0.00299072265625,0.9873183965682983,0.9873199462890625,0,0
1477,34.271819567075,0.9902663230895996,0.1388373076915741,0.9902284741401672,0.9872146248817444,-0.00299072265625,0.9871896505355835,0.987152099609375,0,0
1478,34.295077309943736,0.9899901747703552,-0.007529259659349918,0.9899885058403015,0.9869977235794067,-0.00299072265625,0.986991286277771,0.9869842529296875,0,0
1479,34.318296367069706,0.989829957485199,-0.007566571701318026,0.989822506904602,0.9868304133415222,-0.00299072265625,0.9868300557136536,0.9868316650390625,0,0
1480,34.34154633199796,0.9896837472915649,-0.004847110249102116,0.9896732568740845,0.9866800308227539,-0.00299072265625,0.9866777062416077,0.9866790771484375,0,0
1481,34.364596037892625,0.9895309209823608,-0.0033420929685235023,0.9895316958427429,0.9804040193557739,-0.00299072265625,0.9846656918525696,0.9865264892578125,0,0
1482,34.38762724399567,0.9894929528236389,0.22742483019828796,0.9894567131996155,0.9864481687545776,-0.00299072265625,0.9864128232002258,0.986358642578125,0,0
1483,34.41093274601735,0.989238440990448,0.03323283791542053,0.9892204403877258,0.9862228631973267,-0.00299072265625,0.9862136244773865,0.9862060546875,0,0
1484,34.43417889601551,0.9890854954719543,-0.006985217798501253,0.9890758395195007,0.9860832691192627,-0.00299072265625,0.9860825538635254,0.986083984375,0,0
1485,34.45726810209453,0.9889821410179138,-0.0027383873239159584,0.9889787435531616,0.9859808683395386,-0.00299072265625,0.9829551577568054,0.9859771728515625,0,0
1486,34.48031632602215,0.9870389103889465,0.33116671442985535,0.9887838363647461,0.985939085483551,-0.00299072265625,0.9860022068023682,0.985870361328125,0,0
1487,34.504036214901134,0.9887739419937134,-0.006203026045113802,0.9887689352035522,0.985777735710144,-0.00299072265625,0.9857778549194336,0.98577880859375,0,0
1488,34.527175347087905,0.988670825958252,-0.006754370406270027,0.9886633157730103,0.9856711626052856,-0.00299072265625,0.9856708645820618,0.9856719970703125,0,0
1489,34.55045962589793,0.988555371761322,-0.005808086134493351,0.9847574830055237,0.9832171201705933,-0.00299072265625,0.9849827885627747,0.985565185546875,0,0
1490,34.57355725788511,0.9884487390518188,-0.001479179598391056,0.9884398579597473,0.9854457974433899,-0.00299072265625,0.9854424595832825,0.985443115234375,0,0
1491,34.59711985103786,0.988288402557373,-0.008423120714724064,0.9882805943489075,0.9852890372276306,-0.00299072265625,0.9852797389030457,0.9852752685546875,0,0
1492,34.62035874207504,0.9881117343902588,-0.008974404074251652,0.9880992770195007,0.9851062297821045,-0.00299072265625,0.9851053953170776,0.9850921630859375,0,0
1493,34.6438115760684,0.9879133701324463,-0.007022351957857609,0.987906277179718,0.9849100112915039,-0.00299072265625,0.9849071502685547,0.9849090576171875,0,0
1494,34.66707292990759,0.9878317713737488,0.3702448308467865,0.9878497123718262,0.9848487377166748,-0.00299072265625,0.9848108887672424,0.9847259521484375,0,0
1495,34.69018557993695,0.9858384728431702,0.2464907020330429,0.9873198866844177,0.9845597147941589,-0.00299072265625,0.9823896884918213,0.98455810546875,0,0
1496,34.7136009701062,0.9874931573867798,-2.838869571685791,0.9845431447029114,0.9826897382736206,-0.00299072265625,0.9840532541275024,0.9844207763671875,0,0
1497,34.73669449100271,0.987452507019043,0.19698858261108398,0.9873894453048706,0.9843786954879761,-0.00299072265625,0.9843459129333496,0.9842987060546875,0,0
1498,34.75992436311208,0.9871894717216492,0.006060004234313965,0.9871863722801208,0.9841879606246948,-0.00299072265625,0.9841792583465576,0.9841766357421875,0,0
1499,34.783071069046855,0.9824516177177429,-0.14364467561244965,0.9865139722824097,0.9791752696037292,-0.00299072265625,0.9831276535987854,0.9840850830078125,0,0
