i,t,axis_pos,axis_vel,mapper_pos_rel,mapper_pos_abs,working_offset,encoder_estimator_pos,spi_raw,spi_errors,spi_status
0,2.2600870579481125e-06,0.0020759105682373047,0.254310667514801,0.0020476579666137695,0.9990427494049072,-0.00299072265625,0.9913349747657776,0.9989471435546875,0,0
1,0.02240406209602952,0.0019379854202270508,0.0001043081283569336,0.0019379854202270508,0.998947262763977,-0.00299072265625,0.998947262763977,0.9989471435546875,0,0
2,0.04487099312245846,0.0019440650939941406,0.00893312692642212,0.0019421577453613281,0.998950719833374,-0.00299072265625,0.9989494681358337,0.9989471435546875,0,0
3,0.06761877494864166,0.002344369888305664,0.5902723073959351,0.0022008419036865234,0.9991731643676758,-0.00299072265625,0.9991109371185303,0.9989471435546875,0,0
4,0.09036859404295683,0.001961946487426758,0.03232085704803467,0.0019533634185791016,0.998960018157959,-0.00299072265625,0.9989553689956665,0.9989471435546875,0,0
5,0.1131198019720614,0.0019540786743164062,0.023543834686279297,0.0019490718841552734,0.9989564418792725,-0.00299072265625,0.9928314685821533,0.9989471435546875,0,0
6,0.1354946589563042,0.0006768703460693359,0.5787463784217834,0.001787424087524414,0.9989700317382812,-0.00299072265625,0.999113917350769,0.9989471435546875,0,0
7,0.15913030807860196,0.0019407272338867188,0.004194796085357666,0.0019398927688598633,0.9989488124847412,-0.00299072265625,0.998948335647583,0.9989471435546875,0,0
8,0.18163838796317577,0.0021020174026489258,0.6482898592948914,0.002156972885131836,0.9991550445556641,-0.00299072265625,0.9991179704666138,0.9989471435546875,0,0
9,0.20411494793370366,0.0020083189010620117,0.10669970512390137,0.001987934112548828,0.9989892244338989,-0.00299072265625,0.9989767074584961,0.9989471435546875,0,0
10,0.22657367610372603,0.0019477605819702148,0.014491438865661621,0.0019447803497314453,0.9989528656005859,-0.00299072265625,0.9989508390426636,0.9989471435546875,0,0
11,0.2491315701045096,0.0019378662109375,-0.00023835900356061757,0.0019378662109375,0.9912643432617188,-0.00299072265625,0.995945394039154,0.9989471435546875,0,0
12,0.2714982239995152,0.0019378662109375,-0.0002311468415427953,0.0019378662109375,0.9989471435546875,-0.00299072265625,0.9989471435546875,0.9989471435546875,0,0
13,0.2940074880607426,0.0019452571868896484,0.00975954532623291,0.0019421577453613281,0.998950719833374,-0.00299072265625,0.9989497065544128,0.9989471435546875,0,0
14,0.3166478080675006,0.002071380615234375,0.20230436325073242,0.0020329952239990234,0.9990270137786865,-0.00299072265625,0.9990032315254211,0.9989471435546875,0,0
15,0.33902372093871236,0.002096891403198242,0.2537129521369934,0.002043008804321289,0.9990370273590088,-0.00299072265625,0.9990119338035583,0.9989471435546875,0,0
16,0.3616262620780617,0.001938939094543457,0.0014289021492004395,0.0019385814666748047,0.9989476203918457,-0.00299072265625,0.9989475607872009,0.9989471435546875,0,0
17,0.3843852849677205,0.0019379854202270508,-1.6272069842671044e-05,0.0019379854202270508,0.9928250908851624,-0.00299072265625,0.9966140985488892,0.9989471435546875,0,0
18,0.40712610399350524,0.0021017789840698242,0.6118701696395874,0.0021560192108154297,0.9991550445556641,-0.00299072265625,0.9991178512573242,0.9989471435546875,0,0
19,0.42962284991517663,0.002062082290649414,0.21641546487808228,0.0020334720611572266,0.9990296363830566,-0.00299072265625,0.9990072250366211,0.9989471435546875,0,0
20,0.4520030599087477,0.0015904903411865234,0.556117832660675,0.0020110607147216797,0.999075174331665,-0.00299072265625,0.9991040825843811,0.9989471435546875,0,0
21,0.47453747200779617,0.0019378662109375,-0.00023192170192487538,0.0019378662109375,0.9989471435546875,-0.00299072265625,0.9989471435546875,0.9989471435546875,0,0
22,0.49713253206573427,0.0013480186462402344,0.8535451292991638,0.0020394325256347656,0.991457462310791,-0.00299072265625,0.9961899518966675,0.9989471435546875,0,0
23,0.5199094989802688,0.0019527673721313477,0.021620631217956543,0.0019481182098388672,0.9989557266235352,-0.00299072265625,0.9989525675773621,0.9989471435546875,0,0
24,0.5423743380233645,0.0020939111709594727,0.4624786376953125,0.0021108388900756836,0.999108076095581,-0.00299072265625,0.9990760087966919,0.9989471435546875,0,0
25,0.5648751030676067,0.0020689964294433594,0.4556540846824646,0.002097010612487793,0.9991002082824707,-0.00299072265625,0.9990742206573486,0.9989471435546875,0,0
26,0.5872506820596755,0.002038717269897461,-3.396259307861328,0.997235894203186,0.9960943460464478,-0.00299072265625,0.9980525374412537,0.9989471435546875,0,0
27,0.60980563191697,0.0018208026885986328,0.5418419241905212,0.002038717269897461,0.9990862607955933,-0.00299072265625,0.999099612236023,0.9989471435546875,0,0
28,0.6323140440508723,0.0019378662109375,-0.00023251774837262928,0.0019378662109375,0.9989471435546875,-0.00299072265625,0.9951164722442627,0.9989471435546875,0,0
29,0.6551333069801331,0.0018262863159179688,0.5377287864685059,0.0020651817321777344,0.999098539352417,-0.00299072265625,0.9990981221199036,0.9989471435546875,0,0
30,0.6777269979938865,0.0019394159317016602,0.001816093921661377,0.0019385814666748047,0.9989476203918457,-0.00299072265625,0.9989475607872009,0.9989471435546875,0,0
31,0.7009095000103116,0.0019381046295166016,0.0002365708351135254,0.0019381046295166016,0.998947262763977,-0.00299072265625,0.998947262763977,0.9989471435546875,0,0
32,0.7236739669460803,0.0022846460342407227,0.719828724861145,0.002233266830444336,0.9992104768753052,-0.00299072265625,0.9914363026618958,0.9989471435546875,0,0
33,0.7469774880446494,0.0019435882568359375,0.00770258903503418,0.0019407272338867188,0.9989495277404785,-0.00299072265625,0.9989488124847412,0.9989471435546875,0,0
34,0.770438025938347,0.0022088289260864258,0.6708563566207886,0.002082228660583496,0.9990568161010742,-0.00299072265625,0.9990153312683105,0.9989471435546875,0,0
35,0.7977137910202146,0.0014476776123046875,0.5900469422340393,0.0020581483840942383,0.999110221862793,-0.00299072265625,0.9991062879562378,0.9989471435546875,0,0
36,0.8215454199817032,0.0020537376403808594,0.06641995906829834,0.0019459724426269531,0.9989488124847412,-0.00299072265625,0.9912648797035217,0.9989471435546875,0,0
37,0.8539308321196586,0.001941084861755371,0.003544628620147705,0.0019394159317016602,0.9940922856330872,-0.00299072265625,0.9971528053283691,0.9989471435546875,0,0
38,0.8772672780323774,0.0019892454147338867,0.047853291034698486,0.0019741058349609375,0.9989769458770752,-0.00299072265625,0.9989715814590454,0.99896240234375,0,0
39,0.9020717560779303,0.0019540786743164062,-3.8405003547668457,0.9981229305267334,0.9966297149658203,-0.00299072265625,0.9982184767723083,0.99896240234375,0,0
40,0.925661793909967,0.002083897590637207,0.20269888639450073,0.002032637596130371,0.9990293979644775,-0.00299072265625,0.9990094900131226,0.99896240234375,0,0
41,0.9484056869987398,0.0005738735198974609,0.42360150814056396,0.00171661376953125,0.9989099502563477,-0.00299072265625,0.9942148923873901,0.9989471435546875,0,0
42,0.9710633018985391,0.0019388198852539062,0.0013244152069091797,0.9958162903785706,0.9951170086860657,-0.00299072265625,0.9975838661193848,0.9989471435546875,0,0
43,0.9936356409452856,0.00185394287109375,0.5909337401390076,0.002062082290649414,0.99910569190979,-0.00299072265625,0.9991132616996765,0.9989471435546875,0,0
44,1.016171535011381,0.0019006729125976562,0.5136784911155701,0.002086162567138672,0.9991011619567871,-0.00299072265625,0.9990850687026978,0.9989471435546875,0,0
45,1.038903335109353,0.0021344423294067383,0.6746408939361572,0.0021823644638061523,0.9991468191146851,-0.00299072265625,0.9991009831428528,0.9989471435546875,0,0
46,1.0620643929578364,0.001972198486328125,0.046468138694763184,0.001954793930053711,0.9989578723907471,-0.00299072265625,0.998950183391571,0.9989471435546875,0,0
47,1.0887128640897572,0.0019845962524414062,-3.7771477699279785,0.9971121549606323,0.9959709644317627,-0.00299072265625,0.9979462623596191,0.9989471435546875,0,0
48,1.1113979609217495,0.0019681453704833984,0.044799208641052246,0.00195920467376709,0.9989650249481201,-0.00299072265625,0.9989595413208008,0.9989471435546875,0,0
49,1.1340798910241574,0.998943567276001,0.344312846660614,0.0015866756439208984,0.998833417892456,-0.00299072265625,0.9990502595901489,0.9989471435546875,0,0
50,1.1571826171129942,0.0020346641540527344,0.14356428384780884,0.002003788948059082,0.9990030527114868,-0.00299072265625,0.99898362159729,0.9989471435546875,0,0
51,1.1799442321062088,0.0020914077758789062,0.4592376947402954,0.0021092891693115234,0.9990915060043335,-0.00299072265625,0.9990436434745789,0.9989471435546875,0,0
52,1.2031960859894753,0.001946091651916504,0.0107649564743042,0.0019431114196777344,0.9989514350891113,-0.00299072265625,0.9989494681358337,0.9989471435546875,0,0
53,1.226272959029302,0.9958158135414124,-0.873126745223999,0.00014269351959228516,0.9979283809661865,-0.00299072265625,0.9988300800323486,0.9989471435546875,0,0
54,1.2490991670638323,0.9965552091598511,-0.35275599360466003,0.0005974769592285156,0.998304009437561,-0.00299072265625,0.9989831447601318,0.9989471435546875,0,0
55,1.2716403570957482,0.9989702105522156,-0.1350206732749939,0.0009429454803466797,0.9984405040740967,-0.00299072265625,0.9989830851554871,0.9989471435546875,0,0
56,1.2942675100639462,0.0019385814666748047,0.0009077191352844238,0.0019383430480957031,0.9989475011825562,-0.00299072265625,0.9989474415779114,0.9989471435546875,0,0
57,1.3171045880299062,0.0015826225280761719,-2.281547784805298,0.9990043640136719,0.9972758293151855,-0.00299072265625,0.9987444877624512,0.9989471435546875,0,0
58,1.3398376849945635,0.0011935234069824219,0.519967257976532,0.0019006729125976562,0.9990153312683105,-0.00299072265625,0.9991001486778259,0.9989471435546875,0,0
59,1.3625953560695052,0.0017352104187011719,0.85928875207901,0.0020923614501953125,0.9991650581359863,-0.00299072265625,0.999183714389801,0.9989471435546875,0,0
60,1.385153342038393,0.0019426345825195312,0.0062271952629089355,0.0019409656524658203,0.9989492893218994,-0.00299072265625,0.99894779920578,0.9989471435546875,0,0
61,1.4091498230118304,0.0019388198852539062,0.0013842582702636719,0.9942557215690613,0.9940916299819946,-0.00299072265625,0.9971523880958557,0.9989471435546875,0,0
62,1.431644180091098,0.0019382238388061523,0.0005055665969848633,0.0019381046295166016,0.9989473819732666,-0.00299072265625,0.9989473819732666,0.9989471435546875,0,0
63,1.4543959440197796,0.002048015594482422,0.1690603494644165,0.0020143985748291016,0.9990124702453613,-0.00299072265625,0.9989940524101257,0.9989471435546875,0,0
64,1.4769045601133257,0.0019683837890625,0.044770002365112305,0.00195920467376709,0.9989650249481201,-0.00299072265625,0.9989584684371948,0.9989471435546875,0,0
65,1.4996959529817104,0.9959705471992493,-0.5268305540084839,0.0002818107604980469,0.9980535507202148,-0.00299072265625,0.9988223910331726,0.9989471435546875,0,0
66,1.5232859910465777,0.0019378662109375,-0.00023835900356061757,0.0019378662109375,0.9989471435546875,-0.00299072265625,0.9989471435546875,0.9989471435546875,0,0
67,1.5458429590798914,0.002105116844177246,0.2656574249267578,0.9959282279014587,0.9952117800712585,-0.00299072265625,0.9976510405540466,0.9989471435546875,0,0
68,1.5684096671175212,0.0019379854202270508,-3.8414227962493896,0.9981073141098022,0.9966140985488892,-0.00299072265625,0.9982029795646667,0.9989471435546875,0,0
69,1.5910726159345359,0.9981119632720947,-0.4772399365901947,0.0005774497985839844,0.9982056617736816,-0.00299072265625,0.9988319873809814,0.9989471435546875,0,0
70,1.6136614729184657,0.001944422721862793,0.009506821632385254,0.0019423961639404297,0.9989509582519531,-0.00299072265625,0.9989495873451233,0.9989471435546875,0,0
71,1.636145404074341,0.0008658170700073242,1.0756548643112183,0.0018665790557861328,0.9990910291671753,-0.00299072265625,0.9992539882659912,0.9989471435546875,0,0
72,1.6588522049132735,0.0019383430480957031,0.000565648078918457,0.0019381046295166016,0.9989473819732666,-0.00299072265625,0.9989474415779114,0.9989471435546875,0,0
73,1.681415542960167,0.0020128488540649414,0.5028015971183777,0.002090930938720703,0.9991052150726318,-0.00299072265625,0.9990877509117126,0.9989471435546875,0,0
74,1.703921456122771,0.0019378662109375,-0.0002318024926353246,0.0019378662109375,0.9989471435546875,-0.00299072265625,0.9989471435546875,0.9989471435546875,0,0
75,1.7265299789141864,0.0019472837448120117,0.013707995414733887,0.001943826675415039,0.9989521503448486,-0.00299072265625,0.9989506006240845,0.9989471435546875,0,0
76,1.749255649978295,0.0019381046295166016,0.0002747774124145508,0.0019381046295166016,0.998947262763977,-0.00299072265625,0.998947262763977,0.9989471435546875,0,0
77,1.7718492290005088,0.0020352602005004883,0.13916069269180298,0.002002716064453125,0.9990017414093018,-0.00299072265625,0.9989856481552124,0.9989471435546875,0,0
78,1.7944660109933466,0.0020923614501953125,0.6691651940345764,0.002179861068725586,0.999176025390625,-0.00299072265625,0.9961205720901489,0.9989471435546875,0,0
79,1.817274275003001,0.0019402503967285156,0.0034477710723876953,0.001939535140991211,0.9989485740661621,-0.00299072265625,0.9951175451278687,0.9989471435546875,0,0
80,1.8396570030599833,0.0019385814666748047,0.000952303409576416,0.0019383430480957031,0.9989476203918457,-0.00299072265625,0.9989474415779114,0.9989471435546875,0,0
81,1.8623206370975822,0.0001773834228515625,0.3824217617511749,0.0016047954559326172,0.998848557472229,-0.00299072265625,0.9990609288215637,0.9989471435546875,0,0
82,1.8848471229430288,0.9981119632720947,-0.477271169424057,0.000922083854675293,0.9984230995178223,-0.00299072265625,0.9940555691719055,0.9989471435546875,0,0
83,1.907522276043892,0.0020148754119873047,0.48124587535858154,0.002096414566040039,0.9991042613983154,-0.00299072265625,0.9990814924240112,0.9989471435546875,0,0
84,1.9300549291074276,0.0020029544830322266,0.1002233624458313,0.0019807815551757812,0.9989832639694214,-0.00299072265625,0.9989704489707947,0.9989471435546875,0,0
85,1.9529178771190345,0.0022301673889160156,0.5982199907302856,0.0021855831146240234,0.9991670846939087,-0.00299072265625,0.9991134405136108,0.9989471435546875,0,0
86,1.9754056970123202,0.0019409656524658203,0.004155576229095459,0.0019398927688598633,0.9989488124847412,-0.00299072265625,0.9989482760429382,0.9989471435546875,0,0
87,1.9979045731015503,0.0019379854202270508,6.496906280517578e-05,0.0019379854202270508,0.998947262763977,-0.00299072265625,0.998947262763977,0.9989471435546875,0,0
88,2.0206598551012576,0.0019378662109375,-0.0002330541901756078,0.0019378662109375,0.9989471435546875,-0.00299072265625,0.9989471435546875,0.9989471435546875,0,0
89,2.043152044992894,0.0019381046295166016,0.0001316666603088379,0.0019379854202270508,0.998947262763977,-0.00299072265625,0.998947262763977,0.9989471435546875,0,0
90,2.0656589209102094,0.0019378662109375,-0.00023341181804426014,0.0019378662109375,0.9989471435546875,-0.00299072265625,0.9989471435546875,0.9989471435546875,0,0
91,2.0882965370547026,0.0019332170486450195,0.5784611105918884,0.002084493637084961,0.9991145133972168,-0.00299072265625,0.9991093277931213,0.9989471435546875,0,0
92,2.110663875937462,0.0019378662109375,-0.00023293498088605702,0.0019378662109375,0.9989471435546875,-0.00299072265625,0.9989471435546875,0.9989471435546875,0,0
93,2.133227380923927,0.0001857280731201172,0.2765556871891022,0.0014417171478271484,0.9987515211105347,-0.00299072265625,0.9990643858909607,0.9989471435546875,0,0
94,2.155855163000524,0.0019379854202270508,-2.4974347979878075e-05,0.0019379854202270508,0.998947262763977,-0.00299072265625,0.998947262763977,0.9989471435546875,0,0
95,2.1785576860420406,0.0020694732666015625,0.21110910177230835,0.002034425735473633,0.9990291595458984,-0.00299072265625,0.9990008473396301,0.9989471435546875,0,0
96,2.2011592090129852,0.0019947290420532227,0.08611077070236206,0.0019783973693847656,0.9989782571792603,-0.00299072265625,0.9989689588546753,0.9989471435546875,0,0
97,2.223688547965139,0.0019420385360717773,0.006032288074493408,0.0019407272338867188,0.9989495277404785,-0.00299072265625,0.9989488124847412,0.9682159423828125,0,0
98,2.2461582380346954,0.0021086931228637695,0.293601930141449,0.0020589828491210938,0.9990509748458862,-0.00299072265625,0.9990221261978149,0.9989471435546875,0,0
99,2.2686691689305007,0.0019379854202270508,8.624792098999023e-05,0.0019379854202270508,0.998947262763977,-0.00299072265625,0.998947262763977,0.9989471435546875,0,0
100,2.291169414995238,0.0019394159317016602,0.0020978450775146484,0.0019388198852539062,0.9989478588104248,-0.00299072265625,0.9989476799964905,0.9989471435546875,0,0
101,2.3137027169577777,0.0019379854202270508,-0.00015956164861563593,0.0019379854202270508,0.998947262763977,-0.00299072265625,0.9959455132484436,0.9989471435546875,0,0
102,2.336415962083265,0.0019381046295166016,0.00010126829147338867,0.0019379854202270508,0.998947262763977,-0.00299072265625,0.998947262763977,0.9989471435546875,0,0
103,2.358924096915871,0.0019378662109375,-0.00023400786449201405,0.0019378662109375,0.9989471435546875,-0.00299072265625,0.9928249716758728,0.9989471435546875,0,0
104,2.381546786054969,0.0019683837890625,0.040714144706726074,0.0019572973251342773,0.9989633560180664,-0.00299072265625,0.9989573955535889,0.9989471435546875,0,0
105,2.4041609580162913,0.002075791358947754,0.06423544883728027,0.0019681453704833984,0.9989726543426514,-0.00299072265625,0.9989649653434753,0.9989471435546875,0,0
106,2.42871873290278,0.0020879507064819336,0.2544482946395874,0.994368851184845,0.9941887259483337,-0.00299072265625,0.9972226023674011,0.9989471435546875,0,0
107,2.451163237914443,0.0019381046295166016,0.0004056692123413086,0.0019381046295166016,0.9989473819732666,-0.00299072265625,0.9940912127494812,0.9989471435546875,0,0
108,2.4736542811151594,0.0021338462829589844,0.5058084726333618,0.0021238327026367188,0.9991161823272705,-0.00299072265625,0.9990786910057068,0.9989471435546875,0,0
109,2.4963399891275913,0.9996074438095093,0.5224979519844055,0.002039670944213867,0.9991008043289185,-0.00299072265625,0.9990914463996887,0.9989471435546875,0,0
110,2.520959393121302,0.0019378662109375,-0.00023478272487409413,0.0019378662109375,0.9989471435546875,-0.00299072265625,0.9989471435546875,0.9989471435546875,0,0
111,2.5443890059832484,0.001965761184692383,-1.9743036031723022,0.9989540576934814,0.9971668720245361,-0.00299072265625,0.9984309077262878,0.9989471435546875,0,0
112,2.5671549909748137,0.0019379854202270508,4.094839096069336e-05,0.0019379854202270508,0.998947262763977,-0.00299072265625,0.998947262763977,0.9989471435546875,0,0
113,2.589915292104706,0.0020875930786132812,0.24666982889175415,0.002058267593383789,0.9990546703338623,-0.00299072265625,0.9990309476852417,0.99896240234375,0,0
114,2.6124238709453493,0.0019379854202270508,-3.755093530344311e-06,0.0019379854202270508,0.998947262763977,-0.00299072265625,0.998947262763977,0.9989471435546875,0,0
115,2.6352835230063647,0.002138495445251465,0.4405120015144348,0.0021157264709472656,0.9991068840026855,-0.00299072265625,0.9990696907043457,0.9989471435546875,0,0
116,2.6578659540973604,0.0019381046295166016,0.0003241300582885742,0.0019381046295166016,0.9989473819732666,-0.00299072265625,0.998947262763977,0.9989471435546875,0,0
117,2.6804184219799936,0.001961350440979004,-3.8099703788757324,0.997096836566925,0.9959579706192017,-0.00299072265625,0.9982109665870667,0.9989471435546875,0,0
118,2.703159982105717,0.0019390583038330078,0.0016495585441589355,0.0019385814666748047,0.9989477396011353,-0.00299072265625,0.9989475607872009,0.9989471435546875,0,0
119,2.725674024084583,0.0019379854202270508,3.2901763916015625e-05,0.0019379854202270508,0.998947262763977,-0.00299072265625,0.998947262763977,0.9989471435546875,0,0
120,2.74923958000727,0.0019398927688598633,0.0026180148124694824,0.0019390583038330078,0.9989480972290039,-0.00299072265625,0.9989478588104248,0.9989471435546875,0,0
121,2.7718705849256366,0.9981209635734558,-0.4641686677932739,0.0005837678909301758,0.9982109069824219,-0.00299072265625,0.9989150762557983,0.9989471435546875,0,0
122,2.7944853310473263,0.0019739866256713867,0.053669512271881104,0.001963376998901367,0.9989684820175171,-0.00299072265625,0.9989620447158813,0.9989471435546875,0,0
123,2.816927613923326,0.0019378662109375,-0.00023543837596662343,0.0019378662109375,0.9989471435546875,-0.00299072265625,0.9989471435546875,0.9989471435546875,0,0
124,2.8395513959694654,0.001998424530029297,0.09247231483459473,0.001981019973754883,0.9989835023880005,-0.00299072265625,0.9989727735519409,0.9989471435546875,0,0
125,2.8619272909127176,0.0017168521881103516,0.5418542623519897,0.002038717269897461,0.9990862607955933,-0.00299072265625,0.999099612236023,0.9989471435546875,0,0
126,2.885872753104195,0.0019381046295166016,0.0002186298370361328,0.0019381046295166016,0.998947262763977,-0.00299072265625,0.9912644624710083,0.9989471435546875,0,0
127,2.9084231660235673,0.0019379854202270508,1.7583370208740234e-05,0.0019379854202270508,0.998947262763977,-0.00299072265625,0.998947262763977,0.9989471435546875,0,0
128,2.9309319860767573,0.0019379854202270508,-3.43918836733792e-05,0.0019379854202270508,0.998947262763977,-0.00299072265625,0.998947262763977,0.9989471435546875,0,0
129,2.9536947859451175,0.0019378662109375,-0.0002355575852561742,0.0019378662109375,0.9989471435546875,-0.00299072265625,0.9989471435546875,0.9989471435546875,0,0
130,2.9761740691028535,0.00014281272888183594,0.3362850248813629,0.0015826225280761719,0.9988300800323486,-0.00299072265625,0.9929259419441223,0.9989471435546875,0,0
131,2.998675537062809,0.0019383430480957031,0.0006809234619140625,0.0019381046295166016,0.9989473819732666,-0.00299072265625,0.9989474415779114,0.9989471435546875,0,0
132,3.0219253171235323,0.0020548105239868164,0.16857218742370605,0.0020142793655395508,0.9990122318267822,-0.00299072265625,0.9989938735961914,0.9989471435546875,0,0
133,3.0445399701129645,0.0019378662109375,-0.000235676794545725,0.0019378662109375,0.9989471435546875,-0.00299072265625,0.9989471435546875,0.9989471435546875,0,0
134,3.067045568022877,0.0019388198852539062,-2.8194985389709473,0.9981079697608948,0.9966146945953369,-0.00299072265625,0.9982033967971802,0.9989471435546875,0,0
135,3.089571647113189,0.001951456069946289,0.01974630355834961,0.0019464492797851562,0.9989542961120605,-0.00299072265625,0.9989520907402039,0.9989471435546875,0,0
136,3.112163115059957,0.0019379854202270508,4.7087669372558594e-05,0.0019379854202270508,0.998947262763977,-0.00299072265625,0.998947262763977,0.9989471435546875,0,0
137,3.1351832849904895,0.0019379854202270508,-1.2576580957102124e-05,0.0019379854202270508,0.998947262763977,-0.00299072265625,0.998947262763977,0.9989471435546875,0,0
138,3.157667085994035,0.0019387006759643555,0.0012686848640441895,0.001938462257385254,0.9989476203918457,-0.00299072265625,0.9989475011825562,0.9989471435546875,0,0
139,3.1801672209985554,0.0019459724426269531,0.011624932289123535,0.001943349838256836,0.9912689924240112,-0.00299072265625,0.9959486722946167,0.9989471435546875,0,0
140,3.2025545050855726,0.002090930938720703,0.3685823678970337,0.002075791358947754,0.9990713596343994,-0.00299072265625,0.9990427494049072,0.9989471435546875,0,0
141,3.225079935975373,0.0019807815551757812,0.06422603130340576,0.0019681453704833984,0.9989726543426514,-0.00299072265625,0.9989649653434753,0.9989471435546875,0,0
142,3.247541199903935,0.0020720958709716797,0.460127055644989,0.002099275588989258,0.9991021156311035,-0.00299072265625,0.9990754723548889,0.9989471435546875,0,0
143,3.2699324279092252,0.0019382238388061523,0.0004488229751586914,0.0019381046295166016,0.9989473819732666,-0.00299072265625,0.9989473223686218,0.9989471435546875,0,0
144,3.2925405260175467,0.0021594762802124023,0.5478654503822327,0.00214993953704834,0.9991413354873657,-0.00299072265625,0.992977499961853,0.9989471435546875,0,0
145,3.3149232720024884,0.0015492439270019531,0.7741548418998718,0.0020104646682739258,0.9991369247436523,-0.00299072265625,0.9991652965545654,0.9989471435546875,0,0
146,3.3374095549806952,0.0020210742950439453,0.13137829303741455,0.001998424530029297,0.9989984035491943,-0.00299072265625,0.9989835023880005,0.9989471435546875,0,0
147,3.3598040980286896,0.002077937126159668,0.2280644178390503,0.002033710479736328,0.9990285634994507,-0.00299072265625,0.9990052580833435,0.9989471435546875,0,0
148,3.3832959509454668,0.0019383430480957031,0.0008141994476318359,0.0019383430480957031,0.9989473819732666,-0.00299072265625,0.9989474415779114,0.9989471435546875,0,0
149,3.4057965490501374,0.0019401311874389648,0.0032650232315063477,0.0019394159317016602,0.9989484548568726,-0.00299072265625,0.9989480376243591,0.9989471435546875,0,0
150,3.4281696279067546,0.001951456069946289,0.019738197326660156,0.0019472837448120117,0.9989542961120605,-0.00299072265625,0.9989520907402039,0.9989471435546875,0,0
151,3.4506730961147696,0.0019379854202270508,-0.00013256074453238398,0.0019379854202270508,0.998947262763977,-0.00299072265625,0.998947262763977,0.9989471435546875,0,0
152,3.473045547027141,0.002185821533203125,0.6360718607902527,0.0021810531616210938,0.9991711378097534,-0.00299072265625,0.99912428855896,0.9989471435546875,0,0
153,3.4954161820933223,0.002057313919067383,-3.6545910835266113,0.9971659183502197,0.9960174560546875,-0.00299072265625,0.9979802370071411,0.9989471435546875,0,0
154,3.517918223980814,0.0011955499649047852,0.4859427511692047,0.0018222332000732422,0.9989714622497559,-0.00299072265625,0.9990870356559753,0.9989471435546875,0,0
155,3.5402979711070657,0.0020848512649536133,0.27929288148880005,0.0020569562911987305,0.9990514516830444,-0.00299072265625,0.9990246891975403,0.9989471435546875,0,0
156,3.5626917351037264,0.9912547469139099,-2.1944196224212646,0.997918426990509,0.9966261982917786,-0.00299072265625,0.9983839392662048,0.9989471435546875,0,0
157,3.5850466859992594,0.0017168521881103516,0.5456579327583313,0.002006053924560547,0.9990710020065308,-0.00299072265625,0.9991012215614319,0.9682159423828125,0,0
158,3.607424783986062,0.0019611120223999023,0.31966686248779297,0.0020689964294433594,0.9929419159889221,-0.00299072265625,0.9967029690742493,0.9989471435546875,0,0
159,3.6308003969024867,0.0019472837448120117,0.013723134994506836,0.001944422721862793,0.9989526271820068,-0.00299072265625,0.9989509582519531,0.9989471435546875,0,0
160,3.6531863280106336,0.001965045928955078,0.03962177038192749,0.001956939697265625,0.9989628791809082,-0.00299072265625,0.9989581108093262,0.9989471435546875,0,0
161,3.67554753809236,0.9991563558578491,0.1867409348487854,0.001085519790649414,0.998563289642334,-0.00299072265625,0.9990131258964539,0.9989471435546875,0,0
162,3.697936136042699,0.0019378662109375,-0.00023138526012189686,0.0019378662109375,0.9989471435546875,-0.00299072265625,0.9989471435546875,0.9989471435546875,0,0
163,3.72042667795904,0.9996048212051392,0.21211008727550507,0.0014111995697021484,0.9987261295318604,-0.00299072265625,0.9990153908729553,0.9989471435546875,0,0
164,3.7429524241015315,0.0019379854202270508,-4.541874295682646e-05,0.0019379854202270508,0.998947262763977,-0.00299072265625,0.998947262763977,0.9989471435546875,0,0
165,3.765433595981449,0.0019387006759643555,0.0012509822845458984,0.001938462257385254,0.9989476203918457,-0.00299072265625,0.9989475011825562,0.9989471435546875,0,0
166,3.7878028980921954,0.002090930938720703,0.3685421347618103,0.002081751823425293,0.9990783929824829,-0.00299072265625,0.9952191114425659,0.9989471435546875,0,0
167,3.8101760330609977,0.002062082290649414,0.21637201309204102,0.9943506717681885,0.994173526763916,-0.00299072265625,0.9972120523452759,0.9989471435546875,0,0
168,3.8325550199951977,0.001957416534423828,0.028498172760009766,0.001951456069946289,0.9941014647483826,-0.00299072265625,0.9975901246070862,0.9989471435546875,0,0
169,3.8551760991103947,0.0019379854202270508,-5.2273277105996385e-05,0.0019379854202270508,0.998947262763977,-0.00299072265625,0.998947262763977,0.9989471435546875,0,0
170,3.879817391978577,0.9996048212051392,0.04240170493721962,0.0011937618255615234,0.9985918998718262,-0.00299072265625,0.9989704489707947,0.9989471435546875,0,0
171,3.9022033240180463,0.0020334720611572266,0.13039278984069824,0.0019979476928710938,0.9989979267120361,-0.00299072265625,0.9989833235740662,0.9989471435546875,0,0
172,3.924807087983936,0.00142669677734375,0.5203710794448853,0.0019161701202392578,0.9990308284759521,-0.00299072265625,0.9991108775138855,0.99896240234375,0,0
173,3.947176557034254,0.9980810880661011,0.633097767829895,0.0012358427047729492,0.998761773109436,-0.00299072265625,0.9992273449897766,0.99896240234375,0,0
174,3.9696820059325546,0.0019540786743164062,0.001399397850036621,0.0019538402557373047,0.9989628791809082,-0.00299072265625,0.9989628195762634,0.99896240234375,0,0
175,3.992056494113058,0.0019533634185791016,0.0004311800003051758,0.9958311915397644,0.9951320290565491,-0.00299072265625,0.9975988864898682,0.99896240234375,0,0
176,4.014428202994168,0.0020558834075927734,0.16881448030471802,0.0020296573638916016,0.9990277290344238,-0.00299072265625,0.9990092515945435,0.99896240234375,0,0
177,4.036805856972933,0.002053976058959961,0.46981048583984375,0.002106189727783203,0.9991148710250854,-0.00299072265625,0.9990935921669006,0.99896240234375,0,0
178,4.059181288117543,0.0016105175018310547,0.5804590582847595,0.0019806623458862305,0.9990859031677246,-0.00299072265625,0.9991115927696228,0.9989471435546875,0,0
179,4.081684238044545,0.001940011978149414,0.0031434297561645508,0.0019394159317016602,0.998948335647583,-0.00299072265625,0.9989479780197144,0.9989471435546875,0,0
180,4.10404872498475,0.0017864704132080078,1.0408823490142822,0.0021555423736572266,0.9992259740829468,-0.00299072265625,0.9992397427558899,0.9989471435546875,0,0
181,4.127139098010957,0.002081751823425293,0.27489566802978516,0.0020548105239868164,0.9990496635437012,-0.00299072265625,0.9990235567092896,0.9989471435546875,0,0
182,4.149564214982092,0.0020923614501953125,0.34434235095977783,0.0020761489868164062,0.9990715980529785,-0.00299072265625,0.9990429282188416,0.9989471435546875,0,0
183,4.171934572979808,0.002062082290649414,0.5039862990379333,0.0021071434020996094,0.9991133213043213,-0.00299072265625,0.9990878701210022,0.9989471435546875,0,0
184,4.194301744922996,0.0019974708557128906,0.0894811749458313,0.001976490020751953,0.9989795684814453,-0.00299072265625,0.9989678263664246,0.9989471435546875,0,0
185,4.216948434943333,0.0019450187683105469,0.010415375232696533,0.0019428730010986328,0.9989513158798218,-0.00299072265625,0.9989500641822815,0.9989471435546875,0,0
186,4.239432587986812,0.002090930938720703,0.34372448921203613,0.002075791358947754,0.9990713596343994,-0.00299072265625,0.9990427494049072,0.9989471435546875,0,0
187,4.261935779126361,0.0021240711212158203,0.41750073432922363,0.002105116844177246,0.9990979433059692,-0.00299072265625,0.9990633130073547,0.9989471435546875,0,0
188,4.28436100599356,0.001971006393432617,0.049032509326934814,0.001961231231689453,0.9989666938781738,-0.00299072265625,0.9989607334136963,0.9989471435546875,0,0
189,4.3066830860916525,0.0019383430480957031,0.0006485581398010254,0.0019381046295166016,0.9989473819732666,-0.00299072265625,0.9989474415779114,0.9989471435546875,0,0
190,4.329069666098803,0.0020581483840942383,0.1986026167869568,0.0020276308059692383,0.9913409948348999,-0.00299072265625,0.9960005879402161,0.9989471435546875,0,0
191,4.3514518570154905,0.001943349838256836,-0.8694453835487366,0.0001443624496459961,0.9979296922683716,-0.00299072265625,0.998727023601532,0.9989471435546875,0,0
192,4.374949451070279,0.0020034313201904297,0.10067218542098999,0.001984834671020508,0.9989867210388184,-0.00299072265625,0.9989750981330872,0.9989471435546875,0,0
193,4.397307270905003,0.0019420385360717773,0.006153881549835205,0.0019407272338867188,0.9989495277404785,-0.00299072265625,0.9989488124847412,0.9989471435546875,0,0
194,4.419693128904328,0.002086162567138672,0.3685426115989685,0.002081751823425293,0.9990783929824829,-0.00299072265625,0.999049723148346,0.9989471435546875,0,0
195,4.442453576950356,0.001965761184692383,0.040925443172454834,0.001957416534423828,0.9989633560180664,-0.00299072265625,0.9989584684371948,0.9989471435546875,0,0
196,4.464802935020998,0.0005960464477539062,0.3681624233722687,0.0015978813171386719,0.9988428354263306,-0.00299072265625,0.9929347634315491,0.9989471435546875,0,0
197,4.487492569023743,0.9958489537239075,-0.8279392123222351,0.000164031982421875,0.9979462623596191,-0.00299072265625,0.9987385869026184,0.9989471435546875,0,0
198,4.510057778097689,0.0020618438720703125,0.4454178214073181,0.002092123031616211,0.999096155166626,-0.00299072265625,0.999071478843689,0.9989471435546875,0,0
199,4.532433005981147,0.0019378662109375,-0.0002312064461875707,0.0019378662109375,0.9989471435546875,-0.00299072265625,0.9989471435546875,0.9989471435546875,0,0
200,4.554816567106172,0.002033710479736328,0.15504604578018188,0.0020085573196411133,0.9990072250366211,-0.00299072265625,0.9989901781082153,0.9989471435546875,0,0
201,4.5772188131231815,0.0020903348922729492,0.29678601026535034,0.002062082290649414,0.9990568161010742,-0.00299072265625,0.9990296363830566,0.9989471435546875,0,0
202,4.599687854992226,0.00206911563873291,0.21641641855239868,0.9943506717681885,0.9941735863685608,-0.00299072265625,0.9972120523452759,0.9989471435546875,0,0
203,4.623190690064803,0.0020142793655395508,0.10944122076034546,0.001988649368286133,0.9989900588989258,-0.00299072265625,0.9989774823188782,0.9989471435546875,0,0
204,4.645978602115065,0.0019527673721313477,0.019736111164093018,0.0019457340240478516,0.9989537000656128,-0.00299072265625,0.9989513158798218,0.9989471435546875,0,0
205,4.668995623011142,0.0020761489868164062,0.23508036136627197,0.002033710479736328,0.9990297555923462,-0.00299072265625,0.9990025162696838,0.9989471435546875,0,0
206,4.691932053072378,0.9971875548362732,0.27082815766334534,0.0008189678192138672,0.9923253655433655,-0.00299072265625,0.9967079162597656,0.9989471435546875,0,0
207,4.715031018014997,0.0019779205322265625,0.04560375213623047,0.0019576549530029297,0.9989637136459351,-0.00299072265625,0.9989576935768127,0.9989471435546875,0,0
208,4.73847577907145,0.9981089234352112,-0.18267406523227692,0.0009201765060424805,0.9984214305877686,-0.00299072265625,0.9989709854125977,0.9989471435546875,0,0
209,4.761247043032199,0.0020215511322021484,0.11632508039474487,0.001987934112548828,0.9989891052246094,-0.00299072265625,0.9989766478538513,0.9989471435546875,0,0
210,4.784100491087884,0.0014559030532836914,0.6004196405410767,0.0020325183868408203,0.9991140365600586,-0.00299072265625,0.9991028308868408,0.9989471435546875,0,0
211,4.807235419983044,0.0019381046295166016,0.00012683868408203125,0.0019379854202270508,0.998947262763977,-0.00299072265625,0.998947262763977,0.9989471435546875,0,0
212,4.830146830994636,0.9989458918571472,0.055163562297821045,0.0011998414993286133,0.9985971450805664,-0.00299072265625,0.999051034450531,0.9989471435546875,0,0
213,4.853252925910056,0.001418471336364746,0.5490700602531433,0.001965761184692383,0.9990519285202026,-0.00299072265625,0.9991036653518677,0.9989471435546875,0,0
214,4.875995597103611,0.0020918846130371094,-2.5012426376342773,0.9982385635375977,0.9967311024665833,-0.00299072265625,0.993647038936615,0.9989471435546875,0,0
215,4.8989822110161185,0.0020334720611572266,0.14208954572677612,0.0020029544830322266,0.9989979267120361,-0.00299072265625,0.9989832639694214,0.9989471435546875,0,0
216,4.921771714929491,0.0019617080688476562,0.031746625900268555,0.001953125,0.9989587068557739,-0.00299072265625,0.9989544153213501,0.9989471435546875,0,0
217,4.944736385019496,0.0019381046295166016,0.0003345608711242676,0.0019381046295166016,0.9989473819732666,-0.00299072265625,0.998947262763977,0.9989471435546875,0,0
218,4.967520870966837,0.0019409656524658203,0.0041942596435546875,0.0019398927688598633,0.9989486932754517,-0.00299072265625,0.9989480972290039,0.9989471435546875,0,0
219,4.9905159110203385,0.0019873380661010742,0.06776267290115356,0.00196993350982666,0.998974084854126,-0.00299072265625,0.998965859413147,0.9989471435546875,0,0
220,5.013474562903866,0.0019385814666748047,0.000990450382232666,0.0019383430480957031,0.9989475011825562,-0.00299072265625,0.9989474415779114,0.9989471435546875,0,0
221,5.036482566036284,0.0020445585250854492,0.1492646336555481,0.0020078420639038086,0.9990060329437256,-0.00299072265625,0.9989849925041199,0.9989471435546875,0,0
222,5.059854383114725,0.001938939094543457,0.0014292597770690918,0.001938462257385254,0.9989476203918457,-0.00299072265625,0.9989475607872009,0.9989471435546875,0,0
223,5.0825211650226265,0.0019390583038330078,0.0015413165092468262,0.0019385814666748047,0.9928255677223206,-0.00299072265625,0.9975838661193848,0.9989471435546875,0,0
224,5.105491039110348,0.0019381046295166016,-2.8206043243408203,0.9981074929237366,0.9966142773628235,-0.00299072265625,0.9984205961227417,0.9989471435546875,0,0
225,5.128497208934277,0.001940011978149414,0.0026892423629760742,0.0019391775131225586,0.9989482164382935,-0.00299072265625,0.9989478588104248,0.9989471435546875,0,0
226,5.151493564015254,0.001947641372680664,0.013030469417572021,0.0019440650939941406,0.9989519119262695,-0.00299072265625,0.998950183391571,0.9989471435546875,0,0
227,5.174496123101562,0.0019414424896240234,0.004768013954162598,0.0019402503967285156,0.9989490509033203,-0.00299072265625,0.998948335647583,0.9989471435546875,0,0
228,5.197380736935884,0.0019394159317016602,0.0019812583923339844,0.0019388198852539062,0.9989478588104248,-0.00299072265625,0.9989476203918457,0.9989471435546875,0,0
229,5.220252759987488,0.0019379854202270508,-1.5318395526264794e-05,0.0019379854202270508,0.9912644624710083,-0.00299072265625,0.9959455132484436,0.9989471435546875,0,0
230,5.243468225002289,0.0017352104187011719,0.8425633907318115,0.002130270004272461,0.9991888999938965,-0.00299072265625,0.9991760849952698,0.9989471435546875,0,0
231,5.266224100021645,0.0019378662109375,-3.8416318893432617,0.9970817565917969,0.995945394039154,-0.00299072265625,0.9982028603553772,0.9989471435546875,0,0
232,5.289281510049477,0.0019383430480957031,0.0005357265472412109,0.0019381046295166016,0.9989473819732666,-0.00299072265625,0.9989473819732666,0.9989471435546875,0,0
233,5.312141143949702,0.0021442174911499023,0.5033231377601624,0.0021376609802246094,0.999127984046936,-0.00299072265625,0.9990774989128113,0.9989471435546875,0,0
234,5.334954518126324,0.0019402503967285156,0.0029420852661132812,0.0019391775131225586,0.9989480972290039,-0.00299072265625,0.9989477396011353,0.9989471435546875,0,0
235,5.358019575942308,0.001939535140991211,0.0022269487380981445,0.001938939094543457,0.9989478588104248,-0.00299072265625,0.9989476799964905,0.9989471435546875,0,0
236,5.380755451042205,0.9944040179252625,-1.0983655452728271,0.9997218251228333,0.9980239868164062,-0.00299072265625,0.9987967014312744,0.9989471435546875,0,0
237,5.404127194080502,0.002035856246948242,0.5094843506813049,0.0021097660064697266,0.9991154670715332,-0.00299072265625,0.9990813732147217,0.9989471435546875,0,0
238,5.42702958593145,0.0019522905349731445,0.019042134284973145,0.0019462108612060547,0.9989540576934814,-0.00299072265625,0.9989519715309143,0.9989471435546875,0,0
239,5.45019194111228,0.9996516108512878,0.27643710374832153,0.0014417171478271484,0.9987515211105347,-0.00299072265625,0.9990643858909607,0.9989471435546875,0,0
240,5.472991555929184,0.9970817565917969,-0.4842674732208252,0.0005741119384765625,0.9982028007507324,-0.00299072265625,0.9989098906517029,0.9989471435546875,0,0
241,5.495768466964364,0.00200653076171875,0.47031569480895996,0.002091050148010254,0.9990997314453125,-0.00299072265625,0.9990785121917725,0.9989471435546875,0,0
242,5.5185087490826845,0.0021132230758666992,0.3481336832046509,0.0020744800567626953,0.9990673065185547,-0.00299072265625,0.9990301132202148,0.9989471435546875,0,0
243,5.541605992941186,0.00206911563873291,0.21641474962234497,0.002026796340942383,0.9990177154541016,-0.00299072265625,0.9989979863166809,0.9989471435546875,0,0
244,5.564619996119291,0.0019381046295166016,0.00011670589447021484,0.0019379854202270508,0.998947262763977,-0.00299072265625,0.998947262763977,0.9989471435546875,0,0
245,5.587728813989088,0.0019381046295166016,0.0003694295883178711,0.0019381046295166016,0.9989473819732666,-0.00299072265625,0.998947262763977,0.9989471435546875,0,0
246,5.610855204984546,0.9996162056922913,0.22717279195785522,0.001418471336364746,0.9989750385284424,-0.00299072265625,0.9991028308868408,0.9989471435546875,0,0
247,5.634005764033645,0.0019434690475463867,0.006694793701171875,0.001941084861755371,0.9989496469497681,-0.00299072265625,0.9912660121917725,0.9989471435546875,0,0
248,5.656988081987947,0.0019379854202270508,4.9114227294921875e-05,0.0019379854202270508,0.998947262763977,-0.00299072265625,0.998947262763977,0.9989471435546875,0,0
249,5.679781734012067,0.0019381046295166016,0.0001461505889892578,0.0019379854202270508,0.998947262763977,-0.00299072265625,0.9940912127494812,0.9989471435546875,0,0
250,5.702735977945849,0.9991557002067566,0.4175427258014679,0.001357436180114746,0.9988579750061035,-0.00299072265625,0.9991114735603333,0.9989471435546875,0,0
251,5.725665740901604,0.0019379854202270508,-3.0398377930396236e-06,0.0019379854202270508,0.998947262763977,-0.00299072265625,0.998947262763977,0.9989471435546875,0,0
252,5.748516930034384,0.002081751823425293,0.25418078899383545,0.0020475387573242188,0.9913599491119385,-0.00299072265625,0.9966792464256287,0.9989471435546875,0,0
253,5.771410119021311,0.0022249221801757812,0.8336493372917175,0.002251148223876953,0.999238133430481,-0.00299072265625,0.9991794228553772,0.9989471435546875,0,0
254,5.794099252903834,0.0020334720611572266,0.14213144779205322,0.0020029544830322266,0.9989979267120361,-0.00299072265625,0.9989802837371826,0.9989471435546875,0,0
255,5.816992756910622,0.0020142793655395508,0.10944557189941406,0.001988649368286133,0.9989900588989258,-0.00299072265625,0.9989774823188782,0.9989471435546875,0,0
256,5.839778946014121,0.001718282699584961,0.5438072085380554,0.002062559127807617,0.991413414478302,-0.00299072265625,0.9967584609985352,0.9989471435546875,0,0
257,5.86363261193037,0.0019407272338867188,0.0038043856620788574,0.0019392967224121094,0.9989482164382935,-0.00299072265625,0.9989478588104248,0.9989471435546875,0,0
258,5.886972485110164,0.0020388364791870117,0.4451623558998108,0.0020918846130371094,0.9990960359573364,-0.00299072265625,0.9990641474723816,0.9989471435546875,0,0
259,5.909900451079011,0.0019379854202270508,-3.841313362121582,0.9970819354057312,0.9959455132484436,-0.00299072265625,0.9979284405708313,0.9989471435546875,0,0
260,5.93263914110139,0.0019718408584594727,0.029240787029266357,0.0019459724426269531,0.9989527463912964,-0.00299072265625,0.9989504218101501,0.9989471435546875,0,0
261,5.958222726127133,0.0021004676818847656,0.2840653657913208,0.0020515918731689453,0.9990460872650146,-0.00299072265625,0.9990144371986389,0.9989471435546875,0,0
262,5.981759764952585,0.0019681453704833984,0.02842092514038086,0.0019502639770507812,0.9989550113677979,-0.00299072265625,0.9989520907402039,0.9989471435546875,0,0
263,6.0057860049419105,0.001939535140991211,0.002045750617980957,0.0019388198852539062,0.9989478588104248,-0.00299072265625,0.9989475607872009,0.9989471435546875,0,0
264,6.029033655067906,0.002042055130004883,0.14675861597061157,0.0020009279251098633,0.999000072479248,-0.00299072265625,0.9989782571792603,0.9989471435546875,0,0
265,6.052294213091955,0.0019404888153076172,0.0034542083740234375,0.001939535140991211,0.9989485740661621,-0.00299072265625,0.9989479780197144,0.9989471435546875,0,0
266,6.07516782800667,0.001974344253540039,0.0486719012260437,0.001959085464477539,0.9989633560180664,-0.00299072265625,0.9989583492279053,0.9989471435546875,0,0
267,6.098283664090559,0.001310586929321289,0.7034955620765686,0.001983165740966797,0.9990860223770142,-0.00299072265625,0.9991441965103149,0.9989471435546875,0,0
268,6.121278611943126,0.9958158135414124,-0.4841791093349457,0.9932363033294678,0.9947613477706909,-0.00299072265625,0.9979966282844543,0.9989471435546875,0,0
269,6.144673594972119,0.0011937618255615234,0.5201665163040161,0.001961231231689453,0.9990711212158203,-0.00299072265625,0.9990996718406677,0.9989471435546875,0,0
270,6.168209743918851,0.0020499229431152344,0.17170250415802002,0.002009868621826172,0.999003529548645,-0.00299072265625,0.9989839196205139,0.9989471435546875,0,0
271,6.191629246110097,0.0019381046295166016,0.00014549493789672852,0.0019379854202270508,0.998947262763977,-0.00299072265625,0.998947262763977,0.9989471435546875,0,0
272,6.214740823023021,0.0019379854202270508,-0.00014501811529044062,0.0019379854202270508,0.998947262763977,-0.00299072265625,0.998947262763977,0.9989471435546875,0,0
273,6.238052491098642,0.0019397735595703125,0.002484560012817383,0.001938939094543457,0.9989478588104248,-0.00299072265625,0.9989475607872009,0.9989471435546875,0,0
274,6.2616380110848695,0.0019388198852539062,0.0013816356658935547,0.9958162903785706,0.9951170086860657,-0.00299072265625,0.9984208345413208,0.9989471435546875,0,0
275,6.2849951789248735,0.0021219253540039062,1.072522521018982,0.002294301986694336,0.9992892742156982,-0.00299072265625,0.9991965889930725,0.9989471435546875,0,0
276,6.308171218959615,0.001938462257385254,0.0008157491683959961,0.0019382238388061523,0.9989473819732666,-0.00299072265625,0.9989474415779114,0.9989471435546875,0,0
277,6.331435757922009,0.0019655227661132812,0.03673452138900757,0.0019555091857910156,0.9989604949951172,-0.00299072265625,0.9989556670188904,0.9989471435546875,0,0
278,6.354516057064757,0.0021425485610961914,0.2970203757286072,0.0020753145217895508,0.999053955078125,-0.00299072265625,0.9990162253379822,0.9989471435546875,0,0
279,6.377660763915628,0.0019502639770507812,0.016454041004180908,0.0019457340240478516,0.998953104019165,-0.00299072265625,0.9989513158798218,0.9989471435546875,0,0
280,6.400887581054121,0.9958238005638123,-0.8622298240661621,0.0005788803100585938,0.9982068538665771,-0.00299072265625,0.9989124536514282,0.9989471435546875,0,0
281,6.424016213044524,0.001938462257385254,0.0008305907249450684,0.9958159923553467,0.9959456920623779,-0.00299072265625,0.9982032179832458,0.9989471435546875,0,0
282,6.447362622944638,0.0021806955337524414,0.4751567244529724,0.0021364688873291016,0.9991226196289062,-0.00299072265625,0.9990515112876892,0.9989471435546875,0,0
283,6.470561828929931,0.0020891427993774414,0.24303370714187622,0.00204622745513916,0.9990332126617432,-0.00299072265625,0.9990041851997375,0.9989471435546875,0,0
284,6.493893349077553,0.0019450187683105469,0.009502828121185303,0.0019420385360717773,0.9989502429962158,-0.00299072265625,0.9959474802017212,0.9989471435546875,0,0
285,6.517187332967296,0.0020903348922729492,0.2966705560684204,0.002062082290649414,0.9990568161010742,-0.00299072265625,0.9990234971046448,0.9989471435546875,0,0
286,6.540037595899776,0.0019469261169433594,0.011953651905059814,0.0019435882568359375,0.9989519119262695,-0.00299072265625,0.998950183391571,0.9989471435546875,0,0
287,6.5631400619167835,0.0019383430480957031,0.0006881952285766602,0.0019381046295166016,0.9989473819732666,-0.00299072265625,0.9989474415779114,0.9989471435546875,0,0
288,6.586053157923743,0.0019378662109375,-0.000235676794545725,0.9958156943321228,0.995945394039154,-0.00299072265625,0.9984204769134521,0.9989471435546875,0,0
289,6.609369029989466,0.0019402503967285156,0.0031836628913879395,0.0019392967224121094,0.998948335647583,-0.00299072265625,0.99894779920578,0.9989471435546875,0,0
290,6.632705902913585,0.0019385814666748047,0.0009481906890869141,0.0019383430480957031,0.9989475011825562,-0.00299072265625,0.9989474415779114,0.9989471435546875,0,0
291,6.656164292944595,0.9960537552833557,-0.23277708888053894,0.0008101463317871094,0.9986228942871094,-0.00299072265625,0.9991143941879272,0.9989471435546875,0,0
292,6.679524036124349,0.001951456069946289,0.018024682998657227,0.0019457340240478516,0.9989537000656128,-0.00299072265625,0.9989506006240845,0.9989471435546875,0,0
293,6.70290024089627,0.00022554397583007812,-2.3649322986602783,0.000637054443359375,0.9985748529434204,-0.00299072265625,0.9992322325706482,0.9989471435546875,0,0
294,6.727248165057972,0.0019381046295166016,0.0002021193504333496,0.0019381046295166016,0.998947262763977,-0.00299072265625,0.998947262763977,0.9989471435546875,0,0
295,6.750762389041483,0.001953125,-0.0002374644682276994,0.001953125,0.99896240234375,-0.00299072265625,0.99896240234375,0.99896240234375,0,0
296,6.774559499928728,0.001953125,-0.0002374644682276994,0.001953125,0.99896240234375,-0.00299072265625,0.99896240234375,0.99896240234375,0,0
297,6.797896686941385,0.0019532442092895508,-0.0001406073715770617,0.0019532442092895508,0.9989625215530396,-0.00299072265625,0.9989625215530396,0.99896240234375,0,0
298,6.821541558019817,0.0023012161254882812,0.6684669852256775,0.002184629440307617,0.9991343021392822,-0.00299072265625,0.999067485332489,0.99896240234375,0,0
299,6.845444205915555,0.001954793930053711,0.002183854579925537,0.0019540786743164062,0.9989631175994873,-0.00299072265625,0.9989628195762634,0.99896240234375,0,0
300,6.868822856107727,0.0019538402557373047,0.000812828540802002,0.001953601837158203,0.994106650352478,-0.00299072265625,0.9979438781738281,0.99896240234375,0,0
301,6.892094153910875,0.0019381046295166016,0.00016415119171142578,0.0019379854202270508,0.998947262763977,-0.00299072265625,0.998947262763977,0.9989471435546875,0,0
302,6.916005912935361,0.0019383430480957031,0.0005439519882202148,0.0019381046295166016,0.9989473819732666,-0.00299072265625,0.9989473223686218,0.9989471435546875,0,0
303,6.939638525014743,0.001943349838256836,0.007227480411529541,0.0019409656524658203,0.9989492893218994,-0.00299072265625,0.9989482760429382,0.9989471435546875,0,0
304,6.964060707949102,0.9942550659179688,-1.373395323753357,0.00014257431030273438,0.997928261756897,-0.00299072265625,0.9988300800323486,0.9989471435546875,0,0
305,6.98728260002099,0.002019166946411133,0.10269153118133545,0.0019823312759399414,0.9989843368530273,-0.00299072265625,0.9989688396453857,0.9989471435546875,0,0
306,7.010674175107852,0.0019488334655761719,0.014454305171966553,0.0019441843032836914,0.9989519119262695,-0.00299072265625,0.998950183391571,0.9989471435546875,0,0
307,7.03404595493339,0.0019378662109375,-0.0002380609803367406,0.0019378662109375,0.9989471435546875,-0.00299072265625,0.992824912071228,0.9989471435546875,0,0
308,7.05730451294221,0.0020766258239746094,0.5701331496238708,0.0021349191665649414,0.9991321563720703,-0.00299072265625,0.9990874528884888,0.9989471435546875,0,0
309,7.080515570938587,0.0019392967224121094,0.0013707876205444336,0.0019383430480957031,0.9989476203918457,-0.00299072265625,0.9989474415779114,0.9989471435546875,0,0
310,7.104522754903883,0.0019379854202270508,-8.934736979426816e-05,0.0019379854202270508,0.998947262763977,-0.00299072265625,0.998947262763977,0.9989471435546875,0,0
311,7.127688349923119,0.002021312713623047,0.09946519136428833,0.001973867416381836,0.9989748001098633,-0.00299072265625,0.9989632368087769,0.9989471435546875,0,0
312,7.151638516923413,0.0019378662109375,-0.00023102763225324452,0.0019378662109375,0.9989471435546875,-0.00299072265625,0.9989471435546875,0.9989471435546875,0,0
313,7.1751543139107525,0.0019379854202270508,2.2232532501220703e-05,0.0019379854202270508,0.998947262763977,-0.00299072265625,0.998947262763977,0.9989471435546875,0,0
314,7.199032220989466,0.0020296573638916016,0.9399347901344299,0.002232670783996582,0.9992415904998779,-0.00299072265625,0.9991825222969055,0.9989471435546875,0,0
315,7.222271112957969,0.0020062923431396484,0.41960883140563965,0.0020868778228759766,0.9990783929824829,-0.00299072265625,0.9990360140800476,0.9989471435546875,0,0
316,7.246456055901945,0.9958158135414124,-0.4842955768108368,0.0009191036224365234,0.9985918998718262,-0.00299072265625,0.9990153908729553,0.9989471435546875,0,0
317,7.269798890920356,0.0019379854202270508,-3.027916136488784e-05,0.0019379854202270508,0.998947262763977,-0.00299072265625,0.998947262763977,0.9989471435546875,0,0
318,7.293452854966745,0.0019533634185791016,0.00017827749252319336,0.0019532442092895508,0.9989625215530396,-0.00299072265625,0.9989625215530396,0.99896240234375,0,0
319,7.316776874940842,0.0019381046295166016,0.00011861324310302734,0.0019379854202270508,0.998947262763977,-0.00299072265625,0.998947262763977,0.9989471435546875,0,0
320,7.340404950082302,0.001971006393432617,0.0447920560836792,0.001957416534423828,0.9989620447158813,-0.00299072265625,0.998956561088562,0.9989471435546875,0,0
321,7.363759359112009,0.0021347999572753906,0.2376198172569275,0.0020384788513183594,0.9990253448486328,-0.00299072265625,0.9989978671073914,0.9989471435546875,0,0
322,7.387527877930552,0.002208232879638672,0.6103421449661255,0.002170562744140625,0.999154806137085,-0.00299072265625,0.9960919618606567,0.9989471435546875,0,0
323,7.410924250027165,0.0019379854202270508,-0.00021088124776724726,0.0019379854202270508,0.9989471435546875,-0.00299072265625,0.9989471435546875,0.9989471435546875,0,0
324,7.434693121118471,0.002048492431640625,0.16549664735794067,0.002007722854614258,0.9990015029907227,-0.00299072265625,0.9989795088768005,0.9989471435546875,0,0
325,7.458048214903101,0.0019381046295166016,0.0002053380012512207,0.0019379854202270508,0.998947262763977,-0.00299072265625,0.998947262763977,0.9989471435546875,0,0
326,7.482008825987577,0.001957416534423828,0.02595442533493042,0.0019491910934448242,0.9989557266235352,-0.00299072265625,0.9989520907402039,0.9989471435546875,0,0
327,7.5055260309018195,0.001965761184692383,0.031147360801696777,0.001951456069946289,0.9989573955535889,-0.00299072265625,0.9989537000656128,0.9989471435546875,0,0
328,7.529070588061586,0.0019739866256713867,0.04902857542037964,0.00195920467376709,0.9989650249481201,-0.00299072265625,0.9989574551582336,0.9989471435546875,0,0
329,7.552420756081119,0.0019379854202270508,8.589029312133789e-05,0.0019379854202270508,0.998947262763977,-0.00299072265625,0.998947262763977,0.9989471435546875,0,0
330,7.5761922190431505,0.9989362359046936,0.042264025658369064,0.9965551495552063,0.9957243204116821,-0.00299072265625,0.9983038902282715,0.9989471435546875,0,0
331,7.59987549809739,0.0019378662109375,-0.00023412707378156483,0.0019378662109375,0.9989471435546875,-0.00299072265625,0.9989471435546875,0.9989471435546875,0,0
332,7.623444590950385,0.0019378662109375,-0.00023412707378156483,0.0019378662109375,0.9989471435546875,-0.00299072265625,0.9989471435546875,0.9989471435546875,0,0
333,7.6469377221073955,0.0019017457962036133,0.446100115776062,0.0020908117294311523,0.9990854263305664,-0.00299072265625,0.9990429878234863,0.9989471435546875,0,0
334,7.670669093029574,0.0019420385360717773,0.005651414394378662,0.0019402503967285156,0.9912663698196411,-0.00299072265625,0.9971532225608826,0.9989471435546875,0,0
335,7.694153557065874,0.0020421743392944336,0.12126201391220093,0.0019893646240234375,0.998987078666687,-0.00299072265625,0.9989729523658752,0.9989471435546875,0,0
336,7.717785262037069,0.0009189844131469727,0.48309940099716187,0.0019609928131103516,0.9990710020065308,-0.00299072265625,0.999099612236023,0.9989471435546875,0,0
337,7.741201967000961,0.0020613670349121094,0.17688077688217163,0.001996278762817383,0.9989848136901855,-0.00299072265625,0.9989711046218872,0.9989471435546875,0,0
338,7.765138614922762,0.0019378662109375,-0.00023442509700544178,0.0019378662109375,0.9912643432617188,-0.00299072265625,0.9971518516540527,0.9989471435546875,0,0
339,7.789062947966158,0.0020334720611572266,0.142078697681427,0.0019979476928710938,0.9989938735961914,-0.00299072265625,0.9989774823188782,0.9989471435546875,0,0
340,7.812532708980143,0.002076387405395508,0.2355460524559021,0.002033829689025879,0.9990298748016357,-0.00299072265625,0.9989981651306152,0.9989471435546875,0,0
341,7.835919785080478,0.002090930938720703,0.2967676520347595,0.0020548105239868164,0.9990427494049072,-0.00299072265625,0.9990072250366211,0.9989471435546875,0,0
342,7.859670284902677,0.0019381046295166016,0.00039124488830566406,0.0019381046295166016,0.9989473819732666,-0.00299072265625,0.998947262763977,0.9989471435546875,0,0
343,7.883087564026937,0.0019540786743164062,0.02162569761276245,0.0019450187683105469,0.9989526271820068,-0.00299072265625,0.9989503026008606,0.9989471435546875,0,0
344,7.907086970983073,0.002020597457885742,0.11986899375915527,0.0019888877868652344,0.9989867210388184,-0.00299072265625,0.9989727139472961,0.9989471435546875,0,0
345,7.9304625280201435,0.0019481182098388672,0.010405004024505615,0.0019423961639404297,0.9989506006240845,-0.00299072265625,0.9989493489265442,0.9989471435546875,0,0
346,7.95420860289596,0.002006053924560547,0.469770610332489,0.9972358345985413,0.9967579245567322,-0.00299072265625,0.9986945390701294,0.9989471435546875,0,0
347,7.9775811969302595,0.0019838809967041016,0.062268197536468506,0.001958489418029785,0.9989628791809082,-0.00299072265625,0.9966232180595398,0.9682159423828125,0,0
348,8.001445567933843,0.9958158135414124,-0.8728463649749756,0.0005742311477661133,0.9984204769134521,-0.00299072265625,0.9989704489707947,0.9989471435546875,0,0
349,8.024721533060074,0.0019379854202270508,7.152557373046875e-05,0.0019379854202270508,0.998947262763977,-0.00299072265625,0.998947262763977,0.9989471435546875,0,0
350,8.048500143922865,0.0020694732666015625,0.4298284649848938,0.0020912885665893555,0.9990818500518799,-0.00299072265625,0.9990448355674744,0.9989471435546875,0,0
351,8.071707312949002,0.0019387006759643555,0.0010700225830078125,0.0019383430480957031,0.9989475011825562,-0.00299072265625,0.9989474415779114,0.9989471435546875,0,0
352,8.096115106949583,0.002137303352355957,0.4390002489089966,0.9972501993179321,0.9967544674873352,-0.00299072265625,0.9986819624900818,0.9989471435546875,0,0
353,8.119539424078539,0.001963376998901367,0.02842104434967041,0.0019502639770507812,0.998956561088562,-0.00299072265625,0.998953104019165,0.9989471435546875,0,0
354,8.143093368969858,0.001938462257385254,0.0008018016815185547,0.0019382238388061523,0.9989473819732666,-0.00299072265625,0.9989474415779114,0.9989471435546875,0,0
355,8.166532186092809,0.0019457340240478516,0.008698761463165283,0.0019404888153076172,0.9989491701126099,-0.00299072265625,0.998948335647583,0.9989471435546875,0,0
356,8.190711054950953,0.0019378662109375,-0.00023448470165021718,0.0019378662109375,0.9989471435546875,-0.00299072265625,0.9989471435546875,0.9989471435546875,0,0
357,8.213920687092468,0.0019378662109375,-0.00023448470165021718,0.0019378662109375,0.9989471435546875,-0.00299072265625,0.9989471435546875,0.9989471435546875,0,0
358,8.23768413090147,0.0021550655364990234,0.7447561025619507,0.002201676368713379,0.9991798400878906,-0.00299072265625,0.9991169571876526,0.9989471435546875,0,0
359,8.261026041116565,0.001961231231689453,-1.9881467819213867,0.9996150732040405,0.9979361295700073,-0.00299072265625,0.998835027217865,0.9989471435546875,0,0
360,8.284705929923803,0.0019385814666748047,0.0010837316513061523,0.0019383430480957031,0.9989476203918457,-0.00299072265625,0.9989474415779114,0.9989471435546875,0,0
361,8.308025784092024,0.999605119228363,0.21262803673744202,0.0017170906066894531,0.998970627784729,-0.00299072265625,0.999095618724823,0.9989471435546875,0,0
362,8.331466618925333,0.0019539594650268555,0.0011438727378845215,0.001953601837158203,0.9989628791809082,-0.00299072265625,0.9989626407623291,0.99896240234375,0,0
363,8.35471086204052,0.0021289587020874023,0.7898923754692078,0.0022232532501220703,0.9991827011108398,-0.00299072265625,0.9914260506629944,0.99896240234375,0,0
364,8.378294270019978,0.0020295381546020508,0.10963141918182373,0.001999974250793457,0.9989986419677734,-0.00299072265625,0.9951550960540771,0.99896240234375,0,0
365,8.401710716076195,0.0019378662109375,-0.00016778730787336826,0.0019378662109375,0.9989471435546875,-0.00299072265625,0.9989471435546875,0.9989471435546875,0,0
366,8.42675258195959,0.9958158135414124,-4.714240074157715,0.9967436790466309,0.9966254234313965,-0.00299072265625,0.9987943768501282,0.9989471435546875,0,0
367,8.450173601973802,0.9988606572151184,0.9698449373245239,0.0019217729568481445,0.9991638660430908,-0.00299072265625,0.9992440938949585,0.9989471435546875,0,0
368,8.473948898958042,0.0020759105682373047,0.21634548902511597,0.002026796340942383,0.9990234375,-0.00299072265625,0.9989938735961914,0.9989471435546875,0,0
369,8.497211846057326,0.002054929733276367,0.1421230435371399,0.0019979476928710938,0.9989938735961914,-0.00299072265625,0.9989774823188782,0.9989471435546875,0,0
370,8.520927493926138,0.0019937753677368164,0.07751166820526123,0.0019712448120117188,0.9989728927612305,-0.00299072265625,0.9989635944366455,0.9989471435546875,0,0
371,8.54430942190811,0.0019431114196777344,0.006470024585723877,0.9970839619636536,0.9966157078742981,-0.00299072265625,0.9985929727554321,0.9989471435546875,0,0
372,8.568322736071423,0.00206911563873291,0.19931328296661377,0.002026796340942383,0.9913349747657776,-0.00299072265625,0.9971950054168701,0.9682159423828125,0,0
373,8.592129755066708,0.0019394159317016602,0.0018579959869384766,0.0019385814666748047,0.9989477396011353,-0.00299072265625,0.9989475607872009,0.9989471435546875,0,0
374,8.615461812121794,0.0019608736038208008,0.03070700168609619,0.0019512176513671875,0.9989583492279053,-0.00299072265625,0.998953640460968,0.9989471435546875,0,0
375,8.638803740032017,0.0019491910934448242,0.011402428150177002,0.0019423961639404297,0.9989506006240845,-0.00299072265625,0.9989491701126099,0.9989471435546875,0,0
376,8.662746035959572,0.00194549560546875,0.010105788707733154,0.0019419193267822266,0.9989504814147949,-0.00299072265625,0.9989488124847412,0.9989471435546875,0,0
377,8.686473035952076,0.0020548105239868164,0.16857194900512695,0.0020084381103515625,0.9990024566650391,-0.00299072265625,0.9989832639694214,0.9989471435546875,0,0
378,8.710216463077813,0.0019457340240478516,0.010590016841888428,0.0019423961639404297,0.9989509582519531,-0.00299072265625,0.9951187372207642,0.9989471435546875,0,0
379,8.733612816082314,0.001940608024597168,0.003258347511291504,0.0019392967224121094,0.9989482164382935,-0.00299072265625,0.99894779920578,0.9989471435546875,0,0
380,8.757317631039768,0.0019527673721313477,0.019850730895996094,0.001946568489074707,0.9989537000656128,-0.00299072265625,0.991268515586853,0.9989471435546875,0,0
381,8.780674467096105,0.0019379854202270508,2.6226039153698366e-06,0.0019379854202270508,0.998947262763977,-0.00299072265625,0.998947262763977,0.9989471435546875,0,0
382,8.804555540904403,0.001963376998901367,0.03433501720428467,0.001954197883605957,0.9989595413208008,-0.00299072265625,0.9989543557167053,0.9989471435546875,0,0
383,8.827847931999713,0.0019423961639404297,0.005523681640625,0.0019402503967285156,0.9989490509033203,-0.00299072265625,0.9989482164382935,0.9989471435546875,0,0
384,8.851552691077814,0.0019390583038330078,0.0016491413116455078,0.0019385814666748047,0.9989477396011353,-0.00299072265625,0.9989475011825562,0.9989471435546875,0,0
385,8.87510517402552,0.0019845962524414062,0.05366170406341553,0.00195920467376709,0.9989633560180664,-0.00299072265625,0.9989574551582336,0.9989471435546875,0,0
386,8.89894874789752,0.0009191036224365234,0.48310616612434387,0.0019006729125976562,0.9990479946136475,-0.00299072265625,0.9991012215614319,0.9989471435546875,0,0
387,8.922342841979116,0.001940011978149414,0.0023946762084960938,0.001938939094543457,0.9989478588104248,-0.00299072265625,0.9989476203918457,0.9989471435546875,0,0
388,8.946041139075533,0.001991748809814453,0.07275831699371338,0.001969456672668457,0.9989734888076782,-0.00299072265625,0.9989588260650635,0.9989471435546875,0,0
389,8.969808083958924,0.0020722150802612305,0.220547616481781,0.0020285844802856445,0.9990191459655762,-0.00299072265625,0.9989872574806213,0.9989471435546875,0,0
390,8.993587177013978,0.0015492439270019531,0.7742000818252563,0.0021017789840698242,0.9991534948348999,-0.00299072265625,0.9991469383239746,0.9989471435546875,0,0
391,9.016938789980486,0.002117156982421875,0.2749817371368408,0.0020530223846435547,0.9990373849868774,-0.00299072265625,0.9990060329437256,0.9989471435546875,0,0
392,9.040682512102649,0.0019445419311523438,0.00891411304473877,0.0019418001174926758,0.9989502429962158,-0.00299072265625,0.9989489912986755,0.9989471435546875,0,0
393,9.064075347036123,0.001961231231689453,0.02842724323272705,0.9942675232887268,0.9951260089874268,-0.00299072265625,0.9982084631919861,0.9989471435546875,0,0
394,9.088819602970034,0.00194549560546875,0.010068833827972412,0.0019426345825195312,0.9989508390426636,-0.00299072265625,0.9989494681358337,0.9989471435546875,0,0
395,9.11229590093717,0.001965761184692383,0.037665724754333496,0.001954317092895508,0.9989595413208008,-0.00299072265625,0.9989550709724426,0.9989471435546875,0,0
396,9.135594124905765,0.0019412040710449219,0.004264652729034424,0.0019397735595703125,0.9989486932754517,-0.00299072265625,0.9989479184150696,0.9989471435546875,0,0
397,9.159073108108714,0.0020203590393066406,0.11945050954818726,0.001988649368286133,0.9989900588989258,-0.00299072265625,0.9966374039649963,0.9989471435546875,0,0
398,9.182556072017178,0.0019381046295166016,0.00010675191879272461,0.0019379854202270508,0.998947262763977,-0.00299072265625,0.998947262763977,0.9989471435546875,0,0
399,9.206173128914088,0.0019614696502685547,0.0317191481590271,0.0019516944885253906,0.998957633972168,-0.00299072265625,0.9989538192749023,0.9989471435546875,0,0
400,9.229696352034807,0.9958159327507019,-0.8727515339851379,0.0005743503570556641,0.9984204769134521,-0.00299072265625,0.9989705085754395,0.9989471435546875,0,0
401,9.253307705046609,0.998162567615509,-0.10806103050708771,0.9965855479240417,0.9965202808380127,-0.00299072265625,0.998559296131134,0.9989471435546875,0,0
402,9.27680829912424,0.001953601837158203,0.0007028579711914062,0.0019533634185791016,0.9989626407623291,-0.00299072265625,0.9989626407623291,0.99896240234375,0,0
403,9.300324040930718,0.0015033483505249023,-2.154414653778076,0.9990593791007996,0.9973218441009521,-0.00299072265625,0.9912191033363342,0.9989471435546875,0,0
404,9.323851746041328,0.0019420385360717773,0.005522727966308594,0.9970842599868774,0.9966159462928772,-0.00299072265625,0.9984216690063477,0.9989471435546875,0,0
405,9.347204339923337,0.0017877817153930664,0.5980220437049866,0.9944397211074829,0.9952969551086426,-0.00299072265625,0.9980704188346863,0.9989471435546875,0,0
406,9.371078117983416,0.001977205276489258,0.049033403396606445,0.00195920467376709,0.9989650249481201,-0.00299072265625,0.998956561088562,0.9989471435546875,0,0
407,9.394833211088553,0.0018301010131835938,0.5425597429275513,0.002082228660583496,0.9991052150726318,-0.00299072265625,0.9990808963775635,0.9989471435546875,0,0
408,9.418102582916617,0.0019378662109375,-0.00023740532924421132,0.0019378662109375,0.9989471435546875,-0.00299072265625,0.9989471435546875,0.9989471435546875,0,0
409,9.441562769934535,0.0019381046295166016,8.285045623779297e-05,0.0019379854202270508,0.998947262763977,-0.00299072265625,0.998947262763977,0.9989471435546875,0,0
410,9.465353806968778,0.0019378662109375,-0.0002374649338889867,0.0019378662109375,0.9989471435546875,-0.00299072265625,0.9989471435546875,0.9989471435546875,0,0
411,9.489494879962876,0.001941680908203125,0.005023002624511719,0.001940011978149414,0.9989490509033203,-0.00299072265625,0.9989482164382935,0.9989471435546875,0,0
412,9.5128060861025,0.0020891427993774414,0.27787840366363525,0.002048969268798828,0.9990439414978027,-0.00299072265625,0.9990130662918091,0.9989471435546875,0,0
413,9.535968143958598,0.0019527673721313477,-1.356742262840271,0.0001499652862548828,0.9982085227966309,-0.00299072265625,0.9989134669303894,0.9989471435546875,0,0
414,9.559477237984538,0.0022280216217041016,0.34933656454086304,0.00171661376953125,0.9990179538726807,-0.00299072265625,0.9991618394851685,0.99896240234375,0,0
415,9.583895439049229,0.002168416976928711,0.5508221983909607,0.0021485090255737305,0.9991263151168823,-0.00299072265625,0.999076783657074,0.99896240234375,0,0
416,9.607696142978966,0.0020546913146972656,-3.6579811573028564,0.9971643090248108,0.9966792464256287,-0.00299072265625,0.9987622499465942,0.9989471435546875,0,0
417,9.631186793092638,0.0022019147872924805,0.4516851305961609,0.9960105419158936,0.9961034059524536,-0.00299072265625,0.99868243932724,0.9989471435546875,0,0
418,9.654692627023906,0.0019379854202270508,8.279085159301758e-05,0.0019379854202270508,0.998947262763977,-0.00299072265625,0.998947262763977,0.9989471435546875,0,0
419,9.678189591038972,0.0019390583038330078,0.0014834403991699219,0.0019385814666748047,0.9989476203918457,-0.00299072265625,0.9989474415779114,0.9989471435546875,0,0
420,9.702075961977243,0.9989362359046936,0.04248432442545891,0.0014111995697021484,0.9987261295318604,-0.00299072265625,0.9990710616111755,0.9989471435546875,0,0
421,9.725608630105853,0.0019378662109375,-0.00023728611995466053,0.0019378662109375,0.9989471435546875,-0.00299072265625,0.9989471435546875,0.9989471435546875,0,0
422,9.749102446017787,0.0019932985305786133,0.07701742649078369,0.0019741058349609375,0.9989726543426514,-0.00299072265625,0.9989620447158813,0.9989471435546875,0,0
423,9.772570132045075,0.0020617246627807617,0.41966211795806885,0.002081751823425293,0.9990713596343994,-0.00299072265625,0.9990296363830566,0.9989471435546875,0,0
424,9.796372706070542,0.0019698143005371094,0.043065428733825684,0.0019583702087402344,0.9989627599716187,-0.00299072265625,0.9989562034606934,0.9989471435546875,0,0
425,9.819836023030803,0.001954317092895508,0.0200730562210083,0.001946568489074707,0.9989542961120605,-0.00299072265625,0.9989517331123352,0.9989471435546875,0,0
426,9.843444115947932,0.0019698143005371094,0.04307270050048828,0.0019565820693969727,0.9989614486694336,-0.00299072265625,0.9989562034606934,0.9989471435546875,0,0
427,9.866870265919715,0.002092719078063965,0.3515114188194275,0.0020287036895751953,0.9990192651748657,-0.00299072265625,0.9928726553916931,0.9989471435546875,0,0
428,9.891330949030817,0.0019378662109375,-0.0002375841431785375,0.0019378662109375,0.9989471435546875,-0.00299072265625,0.9989471435546875,0.9989471435546875,0,0
429,9.914956616004929,0.001971006393432617,-3.7965471744537354,0.9981268048286438,0.9971668720245361,-0.00299072265625,0.998601496219635,0.9989471435546875,0,0
430,9.938327396055683,0.0021920204162597656,0.7892850637435913,0.002221822738647461,0.999194860458374,-0.00299072265625,0.9990897178649902,0.9989471435546875,0,0
431,9.962191766127944,0.001953125,-0.0002380609803367406,0.001953125,0.99896240234375,-0.00299072265625,0.99896240234375,0.99896240234375,0,0
432,9.985651433933526,0.001996278762817383,0.05778706073760986,0.0019783973693847656,0.9989815950393677,-0.00299072265625,0.9989745616912842,0.99896240234375,0,0
433,10.00908267707564,0.9996433258056641,0.24335819482803345,0.0016117095947265625,0.998856782913208,-0.00299072265625,0.9990934729576111,0.99896240234375,0,0
434,10.032583158928901,0.0014123916625976562,0.5472301244735718,0.0020394325256347656,0.9990959167480469,-0.00299072265625,0.9990853667259216,0.9989471435546875,0,0
435,10.056323677999899,0.0021219253540039062,-2.5663228034973145,0.999043881893158,0.9972431659698486,-0.00299072265625,0.9987804889678955,0.9989471435546875,0,0
436,10.080235678004101,0.0019567012786865234,0.02518296241760254,0.0019488334655761719,0.9989547729492188,-0.00299072265625,0.9989519715309143,0.9989471435546875,0,0
437,10.103877122979611,0.0019435882568359375,0.007629454135894775,0.0019412040710449219,0.9989497661590576,-0.00299072265625,0.9989485740661621,0.9989471435546875,0,0
438,10.127355365082622,0.002028822898864746,0.13297057151794434,0.0019992589950561523,0.9989948272705078,-0.00299072265625,0.9989755153656006,0.9989471435546875,0,0
439,10.150833125924692,0.0019217729568481445,0.9756833910942078,0.002229452133178711,0.9992309808731079,-0.00299072265625,0.9991670250892639,0.9989471435546875,0,0
440,10.174444460077211,0.0020923614501953125,-1.3021601438522339,0.9998466968536377,0.9978122711181641,-0.00299072265625,0.9966608285903931,0.9989471435546875,0,0
441,10.19794735009782,0.0019381046295166016,0.00033545494079589844,0.0019381046295166016,0.998947262763977,-0.00299072265625,0.998947262763977,0.9989471435546875,0,0
442,10.221515203127638,0.0019426345825195312,0.0062364935874938965,0.0019404888153076172,0.9989490509033203,-0.00299072265625,0.9989482164382935,0.9989471435546875,0,0
443,10.245109834009781,0.002038717269897461,0.44515055418014526,0.0020918846130371094,0.9990850687026978,-0.00299072265625,0.9913599491119385,0.9989471435546875,0,0
444,10.268602743046358,0.0019381046295166016,0.00020891427993774414,0.0019379854202270508,0.998947262763977,-0.00299072265625,0.998947262763977,0.9989471435546875,0,0
445,10.29221459501423,0.0019379854202270508,7.808208465576172e-06,0.0019379854202270508,0.998947262763977,-0.00299072265625,0.998947262763977,0.9989471435546875,0,0
446,10.315828226041049,0.0019379854202270508,7.456541061401367e-05,0.0019379854202270508,0.998947262763977,-0.00299072265625,0.998947262763977,0.9989471435546875,0,0
447,10.339450801024213,0.0019381046295166016,0.0001043081283569336,0.0019379854202270508,0.998947262763977,-0.00299072265625,0.998947262763977,0.9989471435546875,0,0
448,10.363342523109168,0.0021823644638061523,0.41696399450302124,0.0021076202392578125,0.9990828037261963,-0.00299072265625,0.999037504196167,0.9989471435546875,0,0
449,10.386745969066396,0.9989368915557861,0.04330260679125786,0.0014116764068603516,0.9989103078842163,-0.00299072265625,0.9952558279037476,0.9989471435546875,0,0
450,10.410317674046382,0.9959622621536255,-0.6153066754341125,0.0006783008575439453,0.9985041618347168,-0.00299072265625,0.999066948890686,0.9989471435546875,0,0
451,10.433828582055867,0.00206911563873291,0.21641671657562256,0.002026796340942383,0.9990177154541016,-0.00299072265625,0.9989900588989258,0.9989471435546875,0,0
452,10.457470861030743,0.0019379854202270508,-8.344658226633328e-07,0.9970819354057312,0.9966140985488892,-0.00299072265625,0.9984205365180969,0.9989471435546875,0,0
453,10.48109010211192,0.0019385814666748047,0.0009755492210388184,0.0019383430480957031,0.9989473819732666,-0.00299072265625,0.998947262763977,0.9989471435546875,0,0
454,10.506812094943598,0.002003192901611328,0.09191679954528809,0.0019773244857788086,0.9989750385284424,-0.00299072265625,0.9989650249481201,0.9989471435546875,0,0
455,10.530610742978752,0.0019379854202270508,-2.0117321014404297,0.9996048212051392,0.9979283809661865,-0.00299072265625,0.9989099502563477,0.9989471435546875,0,0
456,10.553963653044775,0.0019426345825195312,0.006220221519470215,0.0019407272338867188,0.9989495277404785,-0.00299072265625,0.9989484548568726,0.9989471435546875,0,0
457,10.577204785076901,0.0022284984588623047,0.441758394241333,0.002138853073120117,0.9991047382354736,-0.00299072265625,0.9990503191947937,0.9989471435546875,0,0
458,10.600577600998804,0.0019379854202270508,1.33514404296875e-05,0.0019379854202270508,0.998947262763977,-0.00299072265625,0.998947262763977,0.9989471435546875,0,0
459,10.623882085084915,0.0018208026885986328,0.5304796695709229,0.0020769834518432617,0.9991011619567871,-0.00299072265625,0.9990783929824829,0.9989471435546875,0,0
460,10.647349715931341,0.0019379854202270508,-0.00022536517644766718,0.0019378662109375,0.9989471435546875,-0.00299072265625,0.9989471435546875,0.9989471435546875,0,0
461,10.671085864072666,0.0019583702087402344,0.024979472160339355,0.0019497871398925781,0.9989562034606934,-0.00299072265625,0.9989524483680725,0.9989471435546875,0,0
462,10.694960400927812,0.0019481182098388672,0.0137442946434021,0.001944422721862793,0.9989521503448486,-0.00299072265625,0.9989500641822815,0.9989471435546875,0,0
463,10.71833945903927,0.0019378662109375,-0.0002329945855308324,0.0019378662109375,0.9989471435546875,-0.00299072265625,0.9989471435546875,0.9989471435546875,0,0
464,10.741968625923619,0.0020334720611572266,0.1303158402442932,0.001988649368286133,0.9989864826202393,-0.00299072265625,0.9989704489707947,0.9989471435546875,0,0
465,10.765979087911546,0.0019381046295166016,0.00013881921768188477,0.0019379854202270508,0.998947262763977,-0.00299072265625,0.9951165914535522,0.9989471435546875,0,0
466,10.790347937960178,0.0019392967224121094,0.0018001198768615723,0.0019385814666748047,0.9989477396011353,-0.00299072265625,0.9989475607872009,0.9989471435546875,0,0
467,10.813964883098379,0.00195920467376709,0.02599930763244629,0.0019491910934448242,0.9989557266235352,-0.00299072265625,0.9989520907402039,0.9989471435546875,0,0
468,10.8377132168971,0.0019420385360717773,0.005629181861877441,0.0019402503967285156,0.9989490509033203,-0.00299072265625,0.9940922856330872,0.9989471435546875,0,0
469,10.861260236939415,0.0019379854202270508,-0.00011539459956111386,0.0019379854202270508,0.998947262763977,-0.00299072265625,0.998947262763977,0.9989471435546875,0,0
470,10.884662275901064,0.0021371841430664062,0.2943466901779175,0.002062559127807617,0.9990526437759399,-0.00299072265625,0.9990099668502808,0.9989471435546875,0,0
471,10.90795738901943,0.0019379854202270508,1.1861324310302734e-05,0.0019379854202270508,0.998947262763977,-0.00299072265625,0.9912644624710083,0.9989471435546875,0,0
472,10.931209706002846,0.001993417739868164,-1.3026176691055298,0.00017321109771728516,0.992104172706604,-0.00299072265625,0.9976203441619873,0.9989471435546875,0,0
473,10.954997149994597,0.0019010305404663086,0.49332302808761597,0.9959688186645508,0.9960945248603821,-0.00299072265625,0.9983200430870056,0.9989471435546875,0,0
474,10.978625650983304,0.0019381046295166016,0.00035506486892700195,0.0019381046295166016,0.9989473819732666,-0.00299072265625,0.998947262763977,0.9989471435546875,0,0
475,11.002210170961916,0.9967572093009949,0.25725090503692627,0.0013813972473144531,0.998936653137207,-0.00299072265625,0.9992419481277466,0.9989471435546875,0,0
476,11.02585741202347,0.0020411014556884766,0.14011311531066895,0.0019986629486083984,0.9989979267120361,-0.00299072265625,0.9989741444587708,0.9989471435546875,0,0
477,11.049474708968773,0.001905679702758789,-2.300748825073242,0.9997604489326477,0.9980792999267578,-0.00299072265625,0.998948335647583,0.9989471435546875,0,0
478,11.07309124711901,0.0019378662109375,-0.00023293498088605702,0.0019378662109375,0.9989471435546875,-0.00299072265625,0.9922958612442017,0.9989471435546875,0,0
479,11.096855025039986,0.0019979476928710938,0.0839659571647644,0.0019739866256713867,0.9989774227142334,-0.00299072265625,0.9989649653434753,0.9989471435546875,0,0
480,11.120608563069254,0.0019388198852539062,0.0012420415878295898,0.0019383430480957031,0.9989476203918457,-0.00299072265625,0.9989474415779114,0.9989471435546875,0,0
481,11.144226897042245,0.00014281272888183594,0.33613839745521545,0.0018208026885986328,0.9990153312683105,-0.00299072265625,0.9990910291671753,0.9989471435546875,0,0
482,11.168741061119363,0.0019379854202270508,6.508827209472656e-05,0.0019379854202270508,0.9912644624710083,-0.00299072265625,0.9971520304679871,0.9989471435546875,0,0
483,11.193294316995889,0.0019567012786865234,0.022923648357391357,0.0019478797912597656,0.9989547729492188,-0.00299072265625,0.9989515542984009,0.9989471435546875,0,0
484,11.217188705923036,0.0020090341567993164,0.473601758480072,0.9972375631332397,0.9967592358589172,-0.00299072265625,0.9986953139305115,0.9989471435546875,0,0
485,11.240982077084482,0.0021044015884399414,-1.6963353157043457,0.9997299313545227,0.9980301856994629,-0.00299072265625,0.998973548412323,0.9989471435546875,0,0
486,11.26460161502473,0.0018210411071777344,0.5306577682495117,0.0020771026611328125,0.9991014003753662,-0.00299072265625,0.9990713596343994,0.9989471435546875,0,0
487,11.288969482993707,0.0017811059951782227,0.8531328439712524,0.002180337905883789,0.9991929531097412,-0.00299072265625,0.999133825302124,0.9989471435546875,0,0
488,11.312613649992272,0.0019392967224121094,0.0017995834350585938,0.0019385814666748047,0.9989477396011353,-0.00299072265625,0.9989474415779114,0.9989471435546875,0,0
489,11.336611909093335,0.0019844770431518555,0.06395208835601807,0.0019655227661132812,0.9989683628082275,-0.00299072265625,0.998959481716156,0.9989471435546875,0,0
490,11.36039505712688,0.0019379854202270508,-4.863739377469756e-05,0.0019379854202270508,0.998947262763977,-0.00299072265625,0.998947262763977,0.9989471435546875,0,0
491,11.384379575029016,0.001938462257385254,0.0007335543632507324,0.0019381046295166016,0.9989473819732666,-0.00299072265625,0.9989473819732666,0.9989471435546875,0,0
492,11.408270444953814,0.0019845962524414062,0.04903537034988403,0.00195920467376709,0.9989633560180664,-0.00299072265625,0.998956561088562,0.9989471435546875,0,0
493,11.432243481976911,0.0019378662109375,-0.00023531916667707264,0.0019378662109375,0.9989471435546875,-0.00299072265625,0.9989471435546875,0.9989471435546875,0,0
494,11.455957019003108,0.0019681453704833984,0.037352800369262695,0.0019540786743164062,0.9989595413208008,-0.00299072265625,0.9989543557167053,0.9989471435546875,0,0
495,11.479768407996744,0.0019447803497314453,0.009204387664794922,0.0019419193267822266,0.9989500045776367,-0.00299072265625,0.9989487528800964,0.9989471435546875,0,0
496,11.503473798045889,0.0019379854202270508,1.7940998077392578e-05,0.0019379854202270508,0.998947262763977,-0.00299072265625,0.9940912127494812,0.9989471435546875,0,0
497,11.526990409940481,0.0019383430480957031,-3.840771198272705,0.9981074929237366,0.9971522092819214,-0.00299072265625,0.9987263083457947,0.9989471435546875,0,0
498,11.550493170972914,0.0013741254806518555,1.0532394647598267,0.0021545886993408203,0.9992387294769287,-0.00299072265625,0.9992080330848694,0.9989471435546875,0,0
499,11.574146727100015,0.00201416015625,-1.2729884386062622,0.0001857280731201172,0.9982361793518066,-0.00299072265625,0.9989312887191772,0.9989471435546875,0,0
500,11.59774870891124,0.002062082290649414,0.18330973386764526,0.0020084381103515625,0.9990024566650391,-0.00299072265625,0.9989802837371826,0.9989471435546875,0,0
501,11.621539542917162,0.9981079697608948,-0.18389970064163208,0.0014116764068603516,0.9988305568695068,-0.00299072265625,0.9990864396095276,0.9989471435546875,0,0
502,11.645153895951807,0.002062082290649414,0.18339139223098755,0.0020142793655395508,0.9990072250366211,-0.00299072265625,0.9989832639694214,0.9989471435546875,0,0
503,11.668733989121392,0.0019381046295166016,0.0002410411834716797,0.997081995010376,0.9966142177581787,-0.00299072265625,0.998591959476471,0.9989471435546875,0,0
504,11.692261786898598,0.0019502639770507812,0.016460955142974854,0.0019450187683105469,0.9989526271820068,-0.00299072265625,0.9989506006240845,0.9989471435546875,0,0
505,11.715746083995327,0.0019378662109375,-0.00023579600383527577,0.0019378662109375,0.9989471435546875,-0.00299072265625,0.9989471435546875,0.9989471435546875,0,0
506,11.739365678047761,0.0019379854202270508,6.186962127685547e-05,0.0019379854202270508,0.998947262763977,-0.00299072265625,0.998947262763977,0.9989471435546875,0,0
507,11.763362380908802,0.0019379854202270508,-8.732081187190488e-05,0.0019379854202270508,0.998947262763977,-0.00299072265625,0.998947262763977,0.9989471435546875,0,0
508,11.78697367804125,0.0019428730010986328,0.006625771522521973,0.0019404888153076172,0.9989491701126099,-0.00299072265625,0.998948335647583,0.9989471435546875,0,0
509,11.810538846068084,0.0019402503967285156,0.002855658531188965,0.9958169460296631,0.9959463477134705,-0.00299072265625,0.9984210729598999,0.9989471435546875,0,0
510,11.833977717906237,0.0021026134490966797,0.3337656259536743,0.0020682811737060547,0.9990544319152832,-0.00299072265625,0.9990150332450867,0.9989471435546875,0,0
511,11.857503534061834,0.0020618438720703125,0.4197155237197876,0.9944040775299072,0.9952479004859924,-0.00299072265625,0.9982919692993164,0.9989471435546875,0,0
512,11.880985035095364,0.0019379854202270508,-0.00021392108465079218,0.0019379854202270508,0.9989471435546875,-0.00299072265625,0.9989471435546875,0.9989471435546875,0,0
513,11.904998607933521,0.0019413232803344727,0.0045618414878845215,0.0019398927688598633,0.9989486932754517,-0.00299072265625,0.9989480972290039,0.9989471435546875,0,0
514,11.928378517972305,0.0020935535430908203,0.23775756359100342,0.0020360946655273438,0.9990248680114746,-0.00299072265625,0.9989941120147705,0.9989471435546875,0,0
515,11.952261666068807,0.001961231231689453,0.03135502338409424,0.001951456069946289,0.998957633972168,-0.00299072265625,0.9989537000656128,0.9989471435546875,0,0
516,11.975822906941175,0.001987934112548828,0.06813877820968628,0.9942846298217773,0.9951391816139221,-0.00299072265625,0.9982161521911621,0.9989471435546875,0,0
517,11.999368611956015,0.0019979476928710938,0.08395689725875854,0.0019739866256713867,0.9989750385284424,-0.00299072265625,0.9989634156227112,0.9989471435546875,0,0
518,12.02285916893743,0.0019009113311767578,0.5137658715248108,0.0020864009857177734,0.9990997314453125,-0.00299072265625,0.9913886189460754,0.9989471435546875,0,0
519,12.046240986092016,0.0019378662109375,-0.00023472312022931874,0.0019378662109375,0.9989471435546875,-0.00299072265625,0.9989471435546875,0.9989471435546875,0,0
520,12.069884578930214,0.0019379854202270508,-0.00024980309535749257,0.9942550659179688,0.9951164722442627,-0.00299072265625,0.9949266314506531,0.9989471435546875,0,0
521,12.093514061067253,0.0019378662109375,-0.00023549798061139882,0.0019378662109375,0.9989471435546875,-0.00299072265625,0.9989471435546875,0.9989471435546875,0,0
522,12.11698602605611,0.0019379854202270508,-7.933378947200254e-05,0.0019379854202270508,0.998947262763977,-0.00299072265625,0.998947262763977,0.9989471435546875,0,0
523,12.140737951966003,0.0019394159317016602,0.002029120922088623,0.0019388198852539062,0.9989478588104248,-0.00299072265625,0.9989475607872009,0.9989471435546875,0,0
524,12.164269268047065,0.0019378662109375,-0.00023591521312482655,0.0019378662109375,0.9989471435546875,-0.00299072265625,0.9989471435546875,0.9989471435546875,0,0
525,12.1886553959921,0.001963376998901367,0.03410375118255615,0.0019527673721313477,0.9989584684371948,-0.00299072265625,0.9989537000656128,0.9989471435546875,0,0
526,12.21223693410866,0.9942551851272583,-1.373117208480835,0.00014281272888183594,0.9982030391693115,-0.00299072265625,0.9989100694656372,0.9989471435546875,0,0
527,12.235743602039292,0.0019429922103881836,0.006737232208251953,0.0019408464431762695,0.998949408531189,-0.00299072265625,0.9989485740661621,0.9989471435546875,0,0
528,12.25925471400842,0.0019512176513671875,0.016125261783599854,0.0019450187683105469,0.9989525079727173,-0.00299072265625,0.9989505410194397,0.9989471435546875,0,0
529,12.282736845081672,0.0020918846130371094,-2.501269817352295,0.9997217655181885,0.9980239868164062,-0.00299072265625,0.9988952875137329,0.9989471435546875,0,0
530,12.306357901077718,0.0019378662109375,-0.00023651125957258046,0.0019378662109375,0.9989471435546875,-0.00299072265625,0.9989471435546875,0.9989471435546875,0,0
531,12.32975499611348,0.0019385814666748047,0.0009704232215881348,0.0019383430480957031,0.9989473819732666,-0.00299072265625,0.9989474415779114,0.9989471435546875,0,0
532,12.353372404119,0.0019391775131225586,0.0017603039741516113,0.0019385814666748047,0.9989476203918457,-0.00299072265625,0.9989475607872009,0.9989471435546875,0,0
533,12.376983237918466,0.002038717269897461,0.44513678550720215,0.0020903348922729492,0.9990850687026978,-0.00299072265625,0.9990427494049072,0.9989471435546875,0,0
534,12.40050168405287,0.0015282630920410156,1.3356379270553589,0.0023088455200195312,0.9993400573730469,-0.00299072265625,0.9992548823356628,0.9989471435546875,0,0
535,12.424258277053013,0.0020067691802978516,0.09487015008926392,0.001975417137145996,0.9989759922027588,-0.00299072265625,0.9989654421806335,0.9989471435546875,0,0
536,12.447633852949366,0.0019394159317016602,0.0021327733993530273,0.0019388198852539062,0.9989477396011353,-0.00299072265625,0.9989475607872009,0.9989471435546875,0,0
537,12.471376131055877,0.0019626617431640625,0.03296303749084473,0.0019521713256835938,0.9989581108093262,-0.00299072265625,0.9989529252052307,0.9989471435546875,0,0
538,12.49512590910308,0.0019512176513671875,0.016102373600006104,0.0019450187683105469,0.9989525079727173,-0.00299072265625,0.998950183391571,0.9989471435546875,0,0
539,12.518739965045825,0.00141143798828125,0.5397591590881348,0.0020062923431396484,0.9990711212158203,-0.00299072265625,0.999096155166626,0.9989471435546875,0,0
540,12.54212967096828,0.001965045928955078,-3.8084967136383057,0.9981216192245483,0.996626079082489,-0.00299072265625,0.9984281063079834,0.9989471435546875,0,0
541,12.565611209021881,0.0019385814666748047,0.001037001609802246,0.0019383430480957031,0.9989473819732666,-0.00299072265625,0.9989474415779114,0.9989471435546875,0,0
542,12.589882800122723,0.0019378662109375,-0.00023704770137555897,0.0019378662109375,0.9989471435546875,-0.00299072265625,0.9989471435546875,0.9989471435546875,0,0
543,12.613312172004953,0.0020445585250854492,0.1492806077003479,0.0020020008087158203,0.9928743839263916,-0.00299072265625,0.9976124167442322,0.9989471435546875,0,0
544,12.636749987956136,0.0021047592163085938,0.3930562138557434,0.0020865201950073242,0.9990723133087158,-0.00299072265625,0.9990220069885254,0.9989471435546875,0,0
545,12.660512174014002,0.001938462257385254,0.0008206367492675781,0.0019383430480957031,0.9989473819732666,-0.00299072265625,0.9928252100944519,0.9989471435546875,0,0
546,12.684129341039807,0.0019698143005371094,0.04308784008026123,0.0019565820693969727,0.9989614486694336,-0.00299072265625,0.9989554286003113,0.9989471435546875,0,0
547,12.707993007963523,0.002038717269897461,0.4450696110725403,0.0020903348922729492,0.9990849494934082,-0.00299072265625,0.9990427494049072,0.9989471435546875,0,0
548,12.731519639026374,0.0019378662109375,-0.00023669007350690663,0.0019378662109375,0.9989471435546875,-0.00299072265625,0.9989471435546875,0.9989471435546875,0,0
549,12.755299139069393,0.002081751823425293,0.234702467918396,0.0020334720611572266,0.9990296363830566,-0.00299072265625,0.9989938735961914,0.9989471435546875,0,0
550,12.779019176028669,0.001953601837158203,0.0005234479904174805,0.0019533634185791016,0.9989626407623291,-0.00299072265625,0.9989625215530396,0.99896240234375,0,0
551,12.802626417949796,0.001996159553527832,0.05875694751739502,0.001978635787963867,0.9989819526672363,-0.00299072265625,0.9989737868309021,0.99896240234375,0,0
552,12.826249955920503,0.0019532442092895508,-1.373334527015686,0.9953019618988037,0.9958851337432861,-0.00299072265625,0.9986305236816406,0.99896240234375,0,0
553,12.849877900909632,0.0019379854202270508,-0.00010299683344783261,0.0019379854202270508,0.998947262763977,-0.00299072265625,0.9966140985488892,0.9989471435546875,0,0
554,12.873240106971934,0.0019110441207885742,0.6346935629844666,0.00213778018951416,0.9991446733474731,-0.00299072265625,0.9991065263748169,0.9989471435546875,0,0
555,12.896637348923832,0.0019378662109375,-0.0002374649338889867,0.0019378662109375,0.9989471435546875,-0.00299072265625,0.9989471435546875,0.9989471435546875,0,0
556,12.9199388329871,0.0019512176513671875,0.01765120029449463,0.0019456148147583008,0.9989529848098755,-0.00299072265625,0.9989508390426636,0.9989471435546875,0,0
557,12.943236076040193,0.0019382238388061523,0.00047791004180908203,0.0019381046295166016,0.9989473819732666,-0.00299072265625,0.998947262763977,0.9989471435546875,0,0
558,12.966641633072868,0.00014281272888183594,-2.484678268432617,0.9987151026725769,0.998544454574585,-0.00299072265625,0.9914815425872803,0.9989471435546875,0,0
559,12.990498651051894,0.001412034034729004,0.955686628818512,0.002131819725036621,0.9991981983184814,-0.00299072265625,0.9953649640083313,0.9989471435546875,0,0
560,13.013996707974002,0.0019413232803344727,0.004709362983703613,0.0019397735595703125,0.9989485740661621,-0.00299072265625,0.9989480376243591,0.9989471435546875,0,0
561,13.03752145008184,0.0019379854202270508,-6.639958155574277e-05,0.0019379854202270508,0.998947262763977,-0.00299072265625,0.998947262763977,0.9682159423828125,0,0
562,13.061007654992864,0.9958159327507019,-0.8726040720939636,0.0005743503570556641,0.9984207153320312,-0.00299072265625,0.9990155100822449,0.9989471435546875,0,0
563,13.084504805039614,0.0019652843475341797,0.03650856018066406,0.0019538402557373047,0.9989604949951172,-0.00299072265625,0.9989548325538635,0.9989471435546875,0,0
564,13.107886435929686,0.002153158187866211,0.3198316693305969,0.0020846128463745117,0.9990524053573608,-0.00299072265625,0.9990096092224121,0.9989471435546875,0,0
565,13.131388697074726,0.0019379854202270508,-5.173683530301787e-05,0.0019379854202270508,0.998947262763977,-0.00299072265625,0.998947262763977,0.9989471435546875,0,0
566,13.154642883921042,0.0019774436950683594,0.04915893077850342,0.0019491910934448242,0.9989557266235352,-0.00299072265625,0.9989525675773621,0.9989471435546875,0,0
567,13.179392046993598,0.9942911863327026,-0.8281176090240479,0.0005936622619628906,0.9984354972839355,-0.00299072265625,0.9990240931510925,0.9989471435546875,0,0
568,13.203018418047577,0.0019540786743164062,0.021621406078338623,0.0019472837448120117,0.9989542961120605,-0.00299072265625,0.9989516735076904,0.9989471435546875,0,0
569,13.226290734950453,0.0020477771759033203,0.1688077449798584,0.0020085573196411133,0.9990024566650391,-0.00299072265625,0.9989803433418274,0.9989471435546875,0,0
570,13.24954410805367,0.9996048212051392,0.2122374027967453,0.0015826225280761719,0.9989099502563477,-0.00299072265625,0.9990862607955933,0.9989471435546875,0,0
571,13.272908516926691,0.0019379854202270508,-0.00016373397374991328,0.0019379854202270508,0.998947262763977,-0.00299072265625,0.998947262763977,0.9989471435546875,0,0
572,13.296267538098618,0.0019502639770507812,0.01648038625717163,0.0019450187683105469,0.9989526271820068,-0.00299072265625,0.9989503026008606,0.9989471435546875,0,0
573,13.319935224018991,0.002093672752380371,0.3220137357711792,0.0020630359649658203,0.999050498008728,-0.00299072265625,0.9990181922912598,0.9989471435546875,0,0
574,13.34328205906786,0.001961231231689453,0.02856498956680298,0.0019502639770507812,0.998957633972168,-0.00299072265625,0.9989525675773621,0.9989471435546875,0,0
575,13.367015891941264,0.001957416534423828,0.025994420051574707,0.997089684009552,0.9966200590133667,-0.00299072265625,0.9985954165458679,0.9989471435546875,0,0
576,13.391029743943363,0.0020194053649902344,0.10491037368774414,0.001983046531677246,0.99286288022995,-0.00299072265625,0.9976057410240173,0.9989471435546875,0,0
577,13.414644522126764,0.0020415782928466797,0.15626764297485352,0.0020036697387695312,0.9990030527114868,-0.00299072265625,0.99898362159729,0.9989471435546875,0,0
578,13.438008764991537,0.00014293193817138672,0.4242650270462036,0.0018210411071777344,0.9990155696868896,-0.00299072265625,0.9991013407707214,0.9989471435546875,0,0
579,13.4617568210233,0.0019931793212890625,0.07696348428726196,0.001971006393432617,0.9989726543426514,-0.00299072265625,0.998963475227356,0.9989471435546875,0,0
580,13.485000434098765,0.0020924806594848633,0.43179774284362793,0.0020983219146728516,0.9990839958190918,-0.00299072265625,0.9990440011024475,0.9989471435546875,0,0
581,13.508676120080054,0.0020554065704345703,-1.846104621887207,0.9913308024406433,0.993812620639801,-0.00299072265625,0.9981210827827454,0.9989471435546875,0,0
582,13.532143603079021,0.0019381046295166016,0.00037288665771484375,0.0019381046295166016,0.9989473819732666,-0.00299072265625,0.998947262763977,0.9989471435546875,0,0
583,13.555771752027795,0.0019394159317016602,0.0019819140434265137,0.0019387006759643555,0.9989478588104248,-0.00299072265625,0.9882631301879883,0.9989471435546875,0,0
584,13.579022088088095,0.00194549560546875,0.007733583450317383,0.0019409656524658203,0.9989497661590576,-0.00299072265625,0.9989486932754517,0.9989471435546875,0,0
585,13.603000272065401,0.0019379854202270508,-7.510186605941271e-06,0.0019379854202270508,0.998947262763977,-0.00299072265625,0.998947262763977,0.9989471435546875,0,0
586,13.626302107935771,0.9964022040367126,1.0842159986495972,0.001505136489868164,0.9990895986557007,-0.00299072265625,0.9993732571601868,0.9989471435546875,0,0
587,13.649804831016809,0.0019390583038330078,0.001489877700805664,0.0019385814666748047,0.9989476203918457,-0.00299072265625,0.9989474415779114,0.9989471435546875,0,0
588,13.67399157001637,0.0015492439270019531,0.7742120027542114,0.0021017789840698242,0.9991534948348999,-0.00299072265625,0.999137818813324,0.9989471435546875,0,0
589,13.697554385988042,0.0020203590393066406,0.11953693628311157,0.0019931793212890625,0.9989900588989258,-0.00299072265625,0.9989726543426514,0.9989471435546875,0,0
590,13.720980962039903,0.0019379854202270508,1.4841556549072266e-05,0.0019379854202270508,0.998947262763977,-0.00299072265625,0.9966140985488892,0.9989471435546875,0,0
591,13.744640832999721,0.0019378662109375,-0.00023829939891584218,0.0019378662109375,0.9989471435546875,-0.00299072265625,0.9989471435546875,0.9989471435546875,0,0
592,13.768050390062854,0.0006393194198608398,0.5137021541595459,0.0018596649169921875,0.999075174331665,-0.00299072265625,0.9991185665130615,0.9989471435546875,0,0
593,13.791565743042156,0.0020906925201416016,0.2751867175102234,0.0020477771759033203,0.9990360736846924,-0.00299072265625,0.9990025162696838,0.9989471435546875,0,0
594,13.818024103995413,0.0019378662109375,-0.00023144486476667225,0.0019378662109375,0.9989471435546875,-0.00299072265625,0.9975833296775818,0.9989471435546875,0,0
595,13.841645566979423,0.9945101737976074,-0.8554759621620178,0.999818742275238,0.9981064796447754,-0.00299072265625,0.998953640460968,0.9989471435546875,0,0
596,13.864904643967748,0.0020203590393066406,0.11944025754928589,0.001988649368286133,0.9989864826202393,-0.00299072265625,0.991296648979187,0.99896240234375,0,0
597,13.888780328910798,0.0019845962524414062,0.0642160177230835,0.001965641975402832,0.9989705085754395,-0.00299072265625,0.9989620447158813,0.9989471435546875,0,0
598,13.912405866896734,0.0020426511764526367,0.4501118063926697,0.002092599868774414,0.9942306876182556,-0.00299072265625,0.9976871013641357,0.9989471435546875,0,0
599,13.935533740092069,0.002020597457885742,0.11985737085342407,0.0019888877868652344,0.9989902973175049,-0.00299072265625,0.9989727139472961,0.9989471435546875,0,0
600,13.958824778907001,0.0019379854202270508,-8.171797526301816e-05,0.0019379854202270508,0.998947262763977,-0.00299072265625,0.998947262763977,0.9989471435546875,0,0
601,13.982427780050784,0.0019379854202270508,-0.00023835898900870234,0.0019378662109375,0.9989471435546875,-0.00299072265625,0.9989471435546875,0.9989471435546875,0,0
602,14.00579241104424,0.0017313957214355469,0.5612069368362427,0.0020847320556640625,0.9991071224212646,-0.00299072265625,0.9913918972015381,0.9989471435546875,0,0
603,14.029310153098777,0.0019420385360717773,0.005028128623962402,0.001940011978149414,0.9989488124847412,-0.00299072265625,0.9989482164382935,0.9989471435546875,0,0
604,14.052736524958163,0.0020334720611572266,0.14213407039642334,0.9971418976783752,0.9883135557174683,-0.00299072265625,0.9972561001777649,0.9989471435546875,0,0
605,14.076271712081507,0.002054929733276367,0.18340295553207397,0.0020142793655395508,0.9990122318267822,-0.00299072265625,0.9989900588989258,0.9989471435546875,0,0
606,14.099742195103317,0.0019378662109375,-0.00023150446941144764,0.0019378662109375,0.9989471435546875,-0.00299072265625,0.9989471435546875,0.9989471435546875,0,0
607,14.123021140927449,0.0006136894226074219,0.4776635766029358,0.001844167709350586,0.9990332126617432,-0.00299072265625,0.999111533164978,0.9989471435546875,0,0
608,14.146266217110679,0.0020627975463867188,0.17801624536514282,0.00201261043548584,0.9990055561065674,-0.00299072265625,0.998964250087738,0.9989471435546875,0,0
609,14.170910437125713,0.001941084861755371,0.004268288612365723,0.001939535140991211,0.9989484548568726,-0.00299072265625,0.9989479184150696,0.9989471435546875,0,0
610,14.194273161003366,0.0015919208526611328,0.553047776222229,0.0020666122436523438,0.9991039037704468,-0.00299072265625,0.9990805983543396,0.9989471435546875,0,0
611,14.218016197904944,0.001971006393432617,0.04479902982711792,0.001957416534423828,0.9989633560180664,-0.00299072265625,0.9989557862281799,0.9989471435546875,0,0
612,14.24152475502342,0.001957416534423828,0.025956451892852783,0.0019491910934448242,0.9989557266235352,-0.00299072265625,0.9989525675773621,0.9989471435546875,0,0
613,14.265161440940574,0.0019462108612060547,0.011100351810455322,0.0019426345825195312,0.9989511966705322,-0.00299072265625,0.9989497065544128,0.9989471435546875,0,0
614,14.288795792963356,0.001320958137512207,0.716908872127533,0.002043485641479492,0.9991354942321777,-0.00299072265625,0.9961332082748413,0.9989471435546875,0,0
615,14.312267295084894,0.002054929733276367,0.18360453844070435,0.0020084381103515625,0.9990072250366211,-0.00299072265625,0.9989866018295288,0.9989471435546875,0,0
616,14.335612888913602,0.001954317092895508,0.021792948246002197,0.0019474029541015625,0.9989542961120605,-0.00299072265625,0.9989516735076904,0.9989471435546875,0,0
617,14.358906577108428,0.0020661354064941406,0.20477181673049927,0.0020227432250976562,0.999014139175415,-0.00299072265625,0.9989912509918213,0.9989471435546875,0,0
618,14.38227407890372,0.0019440650939941406,0.007503151893615723,0.0019414424896240234,0.9989500045776367,-0.00299072265625,0.9989486932754517,0.9989471435546875,0,0
619,14.406005412107334,0.0012203454971313477,0.5532581210136414,0.0020273923873901367,0.9991060495376587,-0.00299072265625,0.9991142153739929,0.99896240234375,0,0
620,14.42934039607644,0.997098445892334,-0.4822011888027191,0.0009351968765258789,0.998607873916626,-0.00299072265625,0.9990636706352234,0.99896240234375,0,0
621,14.452908860053867,0.0019567012786865234,0.02505660057067871,0.0019488334655761719,0.998955488204956,-0.00299072265625,0.9989519715309143,0.9989471435546875,0,0
622,14.476412008982152,0.001938939094543457,0.0014154911041259766,0.001938462257385254,0.991264820098877,-0.00299072265625,0.9971523284912109,0.9989471435546875,0,0
623,14.500067194923759,0.0019379854202270508,-8.189678919734433e-05,0.0019379854202270508,0.998947262763977,-0.00299072265625,0.9940912127494812,0.9989471435546875,0,0
624,14.523673807037994,0.002002716064453125,0.08952581882476807,0.001976490020751953,0.9989768266677856,-0.00299072265625,0.9989660382270813,0.9989471435546875,0,0
625,14.54716316005215,0.0019829273223876953,0.05618476867675781,0.0019621849060058594,0.9989675283432007,-0.00299072265625,0.9989601373672485,0.9989471435546875,0,0
626,14.57036490412429,0.0019379854202270508,-8.249283564509824e-05,0.0019379854202270508,0.998947262763977,-0.00299072265625,0.998947262763977,0.9989471435546875,0,0
627,14.593667813111097,0.0019378662109375,-0.00023150446941144764,0.0019378662109375,0.9989471435546875,-0.00299072265625,0.9989471435546875,0.9989471435546875,0,0
628,14.616908092983067,0.0019378662109375,-0.00023156407405622303,0.0019378662109375,0.9989471435546875,-0.00299072265625,0.9989471435546875,0.9989471435546875,0,0
629,14.640260169049725,0.0019860267639160156,0.06411886215209961,0.001963376998901367,0.9989633560180664,-0.00299072265625,0.9989565014839172,0.9989471435546875,0,0
630,14.664070799015462,0.0014119148254394531,0.9554539918899536,0.0021317005157470703,0.9992110729217529,-0.00299072265625,0.999195396900177,0.9989471435546875,0,0
631,14.687297523021698,0.002062082290649414,0.1993246078491211,0.0020203590393066406,0.9990122318267822,-0.00299072265625,0.998986542224884,0.9989471435546875,0,0
632,14.710663561942056,0.0019508600234985352,0.017366886138916016,0.00194549560546875,0.9989534616470337,-0.00299072265625,0.9989511966705322,0.9989471435546875,0,0
633,14.734181562904269,0.0011188983917236328,0.8282133936882019,0.997184693813324,0.9968271255493164,-0.00299072265625,0.9986495971679688,0.9989471435546875,0,0
634,14.757663435069844,0.001955747604370117,0.021621346473693848,0.0019472837448120117,0.9989542961120605,-0.00299072265625,0.9989513158798218,0.9989471435546875,0,0
635,14.781455971999094,0.0019379854202270508,5.9604644775390625e-05,0.9942551851272583,0.9951165914535522,-0.00299072265625,0.9982029795646667,0.9989471435546875,0,0
636,14.804908955004066,0.9959166049957275,-0.42781198024749756,0.0007266998291015625,0.998558521270752,-0.00299072265625,0.9914282560348511,0.9989471435546875,0,0
637,14.828376790042967,0.002111196517944336,0.2452288269996643,0.0020524263381958008,0.9990355968475342,-0.00299072265625,0.9989992380142212,0.9989471435546875,0,0
638,14.851777773117647,0.002087831497192383,0.2763195037841797,0.9971922039985657,0.9960415959358215,-0.00299072265625,0.9982684850692749,0.9989471435546875,0,0
639,14.875076627125964,0.0020084381103515625,0.09175354242324829,0.001977205276489258,0.9989774227142334,-0.00299072265625,0.998966634273529,0.9989471435546875,0,0
640,14.898694758070633,0.001960277557373047,0.02995842695236206,0.0019508600234985352,0.9989562034606934,-0.00299072265625,0.9989524483680725,0.9989471435546875,0,0
641,14.922559424070641,0.0019545555114746094,0.02029520273208618,0.0019466876983642578,0.9989538192749023,-0.00299072265625,0.9989510774612427,0.9989471435546875,0,0
642,14.945926537038758,0.9958156943321228,-0.4842658042907715,0.0009189844131469727,0.9985918998718262,-0.00299072265625,0.9990480542182922,0.9682159423828125,0,0
643,14.969422186957672,0.0019834041595458984,0.04100751876831055,0.001971006393432617,0.9989773035049438,-0.00299072265625,0.9989703297615051,0.99896240234375,0,0
644,14.992946373065934,0.0019712448120117188,0.0441586971282959,0.0019571781158447266,0.9989618062973022,-0.00299072265625,0.9989565014839172,0.9989471435546875,0,0
645,15.01640857802704,0.9959400296211243,-4.2379584312438965,0.9969096779823303,0.9967736601829529,-0.00299072265625,0.9985002875328064,0.9989471435546875,0,0
646,15.039942746050656,0.0019394159317016602,0.002070128917694092,0.9958165884017944,0.9959461688995361,-0.00299072265625,0.9985923767089844,0.9989471435546875,0,0
647,15.06365498690866,0.0019379854202270508,6.628036499023438e-05,0.0019379854202270508,0.998947262763977,-0.00299072265625,0.998947262763977,0.9989471435546875,0,0
648,15.087014433927834,0.0020029544830322266,0.09174561500549316,0.0019739866256713867,0.9989774227142334,-0.00299072265625,0.9989634156227112,0.9989471435546875,0,0
649,15.11056895297952,0.0019385814666748047,0.0011244416236877441,0.0019383430480957031,0.9989476203918457,-0.00299072265625,0.9989474415779114,0.9989471435546875,0,0
650,15.13401769590564,0.9996278285980225,0.8913871645927429,0.0017917156219482422,0.9991147518157959,-0.00299072265625,0.9992477893829346,0.9989471435546875,0,0
651,15.157306419918314,0.002120494842529297,0.35773903131484985,0.0020786523818969727,0.9990465641021729,-0.00299072265625,0.9990085363388062,0.9989471435546875,0,0
652,15.180952236056328,0.0019845962524414062,0.06423807144165039,0.001965761184692383,0.9989684820175171,-0.00299072265625,0.9989595413208008,0.9989471435546875,0,0
653,15.204545903019607,0.00213015079498291,0.28806883096694946,0.002059340476989746,0.9990501403808594,-0.00299072265625,0.9990087151527405,0.9989471435546875,0,0
654,15.227815479040146,0.0013098716735839844,0.6814965605735779,0.0020307302474975586,0.9991244077682495,-0.00299072265625,0.9991272687911987,0.9989471435546875,0,0
655,15.251396998995915,0.0020924806594848633,0.3203749656677246,0.0020623207092285156,0.9990499019622803,-0.00299072265625,0.9990236759185791,0.9989471435546875,0,0
656,15.27467177901417,0.002112150192260742,0.547572910785675,0.0021271705627441406,0.9991093873977661,-0.00299072265625,0.9929320216178894,0.9989471435546875,0,0
657,15.298268354032189,0.002013564109802246,0.10561865568161011,0.0019834041595458984,0.9989821910858154,-0.00299072265625,0.9989675879478455,0.9989471435546875,0,0
658,15.321558096911758,0.0019381046295166016,0.00039446353912353516,0.0019381046295166016,0.9989473819732666,-0.00299072265625,0.998947262763977,0.9989471435546875,0,0
659,15.344767302973196,0.0019512176513671875,0.017709553241729736,0.0019457340240478516,0.998953104019165,-0.00299072265625,0.9989508390426636,0.9989471435546875,0,0
660,15.368303026072681,0.0020142793655395508,0.10944879055023193,0.0019845962524414062,0.9989802837371826,-0.00299072265625,0.9989684820175171,0.9989471435546875,0,0
661,15.391920675057918,0.0020924806594848633,0.3768576979637146,0.002079486846923828,0.9990668296813965,-0.00299072265625,0.9990250468254089,0.9989471435546875,0,0
662,15.415298399049789,0.0020208358764648438,0.11660891771316528,0.001987934112548828,0.9989856481552124,-0.00299072265625,0.9989697337150574,0.9989471435546875,0,0
663,15.4386406049598,0.0018209218978881836,0.53059321641922,0.0020618438720703125,0.9991012811660767,-0.00299072265625,0.9990784525871277,0.9989471435546875,0,0
664,15.462206439115107,0.001963019371032715,0.013441026210784912,0.0019593238830566406,0.998963475227356,-0.00299072265625,0.9989516735076904,0.9989471435546875,0,0
665,15.485681348014623,0.0019397735595703125,0.0022205114364624023,0.0019388198852539062,0.9989478588104248,-0.00299072265625,0.991264820098877,0.9989471435546875,0,0
666,15.509261070983484,0.0019385814666748047,0.0010659098625183105,0.0019383430480957031,0.9989475011825562,-0.00299072265625,0.9989474415779114,0.9989471435546875,0,0
667,15.533691772958264,0.002062559127807617,0.42068272829055786,0.002087235450744629,0.9990787506103516,-0.00299072265625,0.9913601875305176,0.9989471435546875,0,0
668,15.556946978904307,0.0019383430480957031,0.0006191134452819824,0.0019381046295166016,0.9989473819732666,-0.00299072265625,0.9989473223686218,0.9989471435546875,0,0
669,15.580280110007152,0.0017170906066894531,0.5422619581222534,0.9972058534622192,0.9960940480232239,-0.00299072265625,0.9987233281135559,0.9989471435546875,0,0
670,15.603821981931105,0.9981268048286438,-0.15894944965839386,0.0009315013885498047,0.9986014366149902,-0.00299072265625,0.9990214109420776,0.9989471435546875,0,0
671,15.627050909912214,0.0019381046295166016,0.0004113316535949707,0.0019381046295166016,0.9989473819732666,-0.00299072265625,0.998947262763977,0.9989471435546875,0,0
672,15.65028769010678,0.0015826225280761719,0.5458158850669861,0.0020388364791870117,0.9990954399108887,-0.00299072265625,0.9990850687026978,0.9989471435546875,0,0
673,15.673576951958239,0.0015838146209716797,0.5471564531326294,0.0020394325256347656,0.9990959167480469,-0.00299072265625,0.999091386795044,0.9989471435546875,0,0
674,15.69720137794502,0.0020208358764648438,0.1141883134841919,0.9958650469779968,0.9951578974723816,-0.00299072265625,0.997954785823822,0.9989471435546875,0,0
675,15.720420880941674,0.0021932125091552734,0.4171585440635681,0.002107858657836914,0.9990828037261963,-0.00299072265625,0.9990375638008118,0.9989471435546875,0,0
676,15.743862937903032,0.0019646883010864258,0.03592747449874878,0.0019534826278686523,0.9989590644836426,-0.00299072265625,0.9989540576934814,0.9989471435546875,0,0
677,15.767282440094277,0.9977540373802185,0.9188808798789978,0.0019745826721191406,0.9991649389266968,-0.00299072265625,0.993095338344574,0.9989471435546875,0,0
678,15.791033346904442,0.0019378662109375,-0.00023764374782331288,0.0019378662109375,0.9989471435546875,-0.00299072265625,0.9989471435546875,0.9989471435546875,0,0
679,15.814654958900064,0.0019472837448120117,0.012495279312133789,0.001943349838256836,0.9989513158798218,-0.00299072265625,0.9989498257637024,0.9989471435546875,0,0
680,15.838027165038511,0.0019378662109375,-0.00023776295711286366,0.0019378662109375,0.9989471435546875,-0.00299072265625,0.9989471435546875,0.9989471435546875,0,0
681,15.861443907022476,0.0019378662109375,-0.00023776295711286366,0.0019378662109375,0.9989471435546875,-0.00299072265625,0.9989471435546875,0.9989471435546875,0,0
682,15.884689483093098,0.0015828609466552734,0.5422464609146118,0.0020618438720703125,0.9991002082824707,-0.00299072265625,0.9952479004859924,0.9989471435546875,0,0
683,15.908285299083218,0.0005748271942138672,-1.5868020057678223,0.999488115310669,0.9976069927215576,-0.00299072265625,0.9989833235740662,0.9989471435546875,0,0
684,15.93166552297771,0.002037525177001953,0.14754432439804077,0.0020003318786621094,0.9989999532699585,-0.00299072265625,0.9989786744117737,0.9989471435546875,0,0
685,15.955217672046274,0.0005741119384765625,0.48309606313705444,0.0019006729125976562,0.9990479946136475,-0.00299072265625,0.9991012215614319,0.9989471435546875,0,0
686,15.978697600075975,0.002062082290649414,0.19931799173355103,0.0020203590393066406,0.9990072250366211,-0.00299072265625,0.9989832639694214,0.9989471435546875,0,0
687,16.00228635990061,0.0019888877868652344,0.07043057680130005,0.0019683837890625,0.9989726543426514,-0.00299072265625,0.9989620447158813,0.9989471435546875,0,0
688,16.02554030693136,0.0019412040710449219,0.004276692867279053,0.0019397735595703125,0.9989485740661621,-0.00299072265625,0.9989480376243591,0.9989471435546875,0,0
689,16.048949086107314,0.0019381046295166016,0.0003647804260253906,0.0019381046295166016,0.9989473819732666,-0.00299072265625,0.998947262763977,0.9989471435546875,0,0
690,16.072302329121158,0.0017167329788208008,0.5418431162834167,0.0020617246627807617,0.9991002082824707,-0.00299072265625,0.9990850687026978,0.9989471435546875,0,0
691,16.095594220096245,0.0019404888153076172,0.003464639186859131,0.0019394159317016602,0.998948335647583,-0.00299072265625,0.9989478588104248,0.9989471435546875,0,0
692,16.118922722060233,0.002140045166015625,0.3335855007171631,0.0020852088928222656,0.9990559816360474,-0.00299072265625,0.9990192651748657,0.9989471435546875,0,0
693,16.142294463934377,0.0020867586135864258,0.2748602628707886,0.0020475387573242188,0.9990427494049072,-0.00299072265625,0.9990071654319763,0.9989471435546875,0,0
694,16.16567744803615,0.0019378662109375,-0.0002375245385337621,0.0019378662109375,0.9989471435546875,-0.00299072265625,0.9989471435546875,0.9989471435546875,0,0
695,16.189478002954274,0.001871943473815918,0.8249362111091614,0.9973189830780029,0.9968587160110474,-0.00299072265625,0.9986202716827393,0.9989471435546875,0,0
696,16.21267115394585,0.998120903968811,-0.16688509285449982,0.0009276866912841797,0.998598575592041,-0.00299072265625,0.9990519285202026,0.9989471435546875,0,0
697,16.236031397012994,0.9996047019958496,0.21205884218215942,0.0015826225280761719,0.9989099502563477,-0.00299072265625,0.9990862607955933,0.9989471435546875,0,0
698,16.259422824019566,0.0018208026885986328,0.5304888486862183,0.0020769834518432617,0.9991002082824707,-0.00299072265625,0.9990850687026978,0.9989471435546875,0,0
699,16.28273978899233,0.002055644989013672,0.17482763528823853,0.0020117759704589844,0.999004602432251,-0.00299072265625,0.9989844560623169,0.9989471435546875,0,0
700,16.306058957939968,0.002003908157348633,0.09286379814147949,0.0019778013229370117,0.9989778995513916,-0.00299072265625,0.994106113910675,0.9989471435546875,0,0
701,16.329737551044673,0.0020827054977416992,0.2343946099281311,0.0020346641540527344,0.9990301132202148,-0.00299072265625,0.9989935159683228,0.9989471435546875,0,0
702,16.35329686710611,0.0020682811737060547,0.6538100242614746,0.002158641815185547,0.999157190322876,-0.00299072265625,0.9990984797477722,0.9989471435546875,0,0
703,16.376671258127317,0.0019850730895996094,0.057778239250183105,0.0019631385803222656,0.9989663362503052,-0.00299072265625,0.9989593029022217,0.9989471435546875,0,0
704,16.40133214299567,0.0019378662109375,-0.00023198130656965077,0.0019378662109375,0.9989471435546875,-0.00299072265625,0.9989471435546875,0.9989471435546875,0,0
705,16.42460903408937,0.0019379854202270508,-8.523465112375561e-06,0.0019379854202270508,0.998947262763977,-0.00299072265625,0.998947262763977,0.9989471435546875,0,0
706,16.44823042396456,0.0019378662109375,-0.00023204091121442616,0.9942550659179688,0.9951164722442627,-0.00299072265625,0.9949266314506531,0.9989471435546875,0,0
707,16.471345945028588,0.0019379854202270508,-0.00013601781392935663,0.0019379854202270508,0.998947262763977,-0.00299072265625,0.998947262763977,0.9989471435546875,0,0
708,16.49471528106369,0.0019379854202270508,-0.00024789574672468007,0.0019378662109375,0.9989471435546875,-0.00299072265625,0.9989471435546875,0.9989471435546875,0,0
709,16.518221725942567,0.001946568489074707,0.010413289070129395,0.0019423961639404297,0.9989509582519531,-0.00299072265625,0.9989493489265442,0.9989471435546875,0,0
710,16.54169022804126,0.0019379854202270508,1.2218952178955078e-05,0.0019379854202270508,0.998947262763977,-0.00299072265625,0.998947262763977,0.9989471435546875,0,0
711,16.565342988120392,0.0020918846130371094,0.3197762966156006,0.002062082290649414,0.9990496635437012,-0.00299072265625,0.9966792464256287,0.9989471435546875,0,0
712,16.58946269005537,0.0019407272338867188,0.0037076473236083984,0.001939535140991211,0.998948335647583,-0.00299072265625,0.9989479184150696,0.9989471435546875,0,0
713,16.61260721203871,0.002099752426147461,0.33010274171829224,0.9943838119506836,0.9952226281166077,-0.00299072265625,0.9982701539993286,0.9989471435546875,0,0
714,16.636037250049412,0.0019397735595703125,0.0024109482765197754,0.001938939094543457,0.9989479780197144,-0.00299072265625,0.9989476203918457,0.9989471435546875,0,0
715,16.65942362206988,0.0016353130340576172,1.0782302618026733,0.0022089481353759766,0.9992575645446777,-0.00299072265625,0.9992163777351379,0.9989471435546875,0,0
716,16.682941012084484,0.0019567012786865234,0.025076210498809814,0.0019488334655761719,0.998955488204956,-0.00299072265625,0.9989524483680725,0.9989471435546875,0,0
717,16.706219106912613,0.0019421577453613281,0.005123496055603027,0.0019402503967285156,0.9989488124847412,-0.00299072265625,0.9989480376243591,0.9989471435546875,0,0
718,16.729910996975377,0.0019379854202270508,7.164478302001953e-05,0.0019379854202270508,0.9928250908851624,-0.00299072265625,0.9979284405708313,0.9989471435546875,0,0
719,16.753541738027707,0.001961231231689453,0.031170368194580078,0.0019527673721313477,0.9989584684371948,-0.00299072265625,0.9989537000656128,0.9989471435546875,0,0
720,16.776927666040137,0.0021442174911499023,0.5390092730522156,0.0021376609802246094,0.999127984046936,-0.00299072265625,0.9990682005882263,0.9989471435546875,0,0
721,16.800439204089344,0.0019378662109375,-0.00023394825984723866,0.0019378662109375,0.9989471435546875,-0.00299072265625,0.9989471435546875,0.9989471435546875,0,0
722,16.823583873920143,0.0020142793655395508,0.10943871736526489,0.0019845962524414062,0.9989832639694214,-0.00299072265625,0.9989649653434753,0.9989471435546875,0,0
723,16.847299966961145,0.9958650469779968,-4.64786958694458,0.9967725872993469,0.9958940744400024,-0.00299072265625,0.9947986006736755,0.9989471435546875,0,0
724,16.870589097961783,0.0019407272338867188,0.003766179084777832,0.001939535140991211,0.9989484548568726,-0.00299072265625,0.9989479184150696,0.9989471435546875,0,0
725,16.89405191503465,0.002122163772583008,0.26467812061309814,0.0020488500595092773,0.9990415573120117,-0.00299072265625,0.9990090131759644,0.9989471435546875,0,0
726,16.917328750016168,0.0018208026885986328,0.5305075645446777,0.0020769834518432617,0.9991011619567871,-0.00299072265625,0.9990640878677368,0.9989471435546875,0,0
727,16.940852048108354,0.9959056973457336,-0.7412323951721191,0.0002034902572631836,0.9982502460479736,-0.00299072265625,0.9924412965774536,0.9989471435546875,0,0
728,16.964547048090026,0.001944422721862793,0.008683323860168457,0.9958195090293884,0.9951196908950806,-0.00299072265625,0.99820476770401,0.9989471435546875,0,0
729,16.987839569104835,0.0021462440490722656,0.36409080028533936,0.0020841360092163086,0.9990651607513428,-0.00299072265625,0.9990201592445374,0.9989471435546875,0,0
730,17.011426402954385,0.002015829086303711,0.10218733549118042,0.0019816160202026367,0.9989807605743408,-0.00299072265625,0.9989688992500305,0.9989471435546875,0,0
731,17.034965255996212,0.002001166343688965,0.086600661277771,0.001972198486328125,0.9989733695983887,-0.00299072265625,0.9989638924598694,0.9989471435546875,0,0
732,17.05829936894588,0.001977205276489258,0.05365395545959473,0.001961231231689453,0.9989650249481201,-0.00299072265625,0.9989574551582336,0.9989471435546875,0,0
733,17.081593852955848,0.002038717269897461,0.41963446140289307,0.0020867586135864258,0.9990783929824829,-0.00299072265625,0.9990427494049072,0.9989471435546875,0,0
734,17.104947003070265,0.9958665370941162,-4.644003868103027,0.9967740178108215,0.9966486692428589,-0.00299072265625,0.9986301064491272,0.9989471435546875,0,0
735,17.128315707901493,0.0020532608032226562,0.1605777144432068,0.0020012855529785156,0.9989957809448242,-0.00299072265625,0.9989782571792603,0.9989471435546875,0,0
736,17.151679191971198,0.0019495487213134766,0.015514910221099854,0.9958224296569824,0.9959505796432495,-0.00299072265625,0.9984235763549805,0.9989471435546875,0,0
737,17.175025620032102,0.0019379854202270508,6.246566772460938e-05,0.0019379854202270508,0.998947262763977,-0.00299072265625,0.998947262763977,0.9989471435546875,0,0
738,17.19830621406436,0.0019378662109375,-0.0002355575852561742,0.0019378662109375,0.9912643432617188,-0.00299072265625,0.9966139793395996,0.9989471435546875,0,0
739,17.22192528890446,0.0020935535430908203,-1.7105540037155151,0.9997237324714661,0.9980254173278809,-0.00299072265625,0.9988962411880493,0.9989471435546875,0,0
740,17.245293958112597,0.0019741058349609375,0.0490494966506958,0.00195920467376709,0.9989633560180664,-0.00299072265625,0.9941014647483826,0.9989471435546875,0,0
741,17.26974690007046,0.9959597587585449,-0.2493089884519577,0.00101470947265625,0.9986684322357178,-0.00299072265625,0.9990948438644409,0.9989471435546875,0,0
742,17.294902950059623,0.00206911563873291,0.21641188859939575,0.002026796340942383,0.9990235567092896,-0.00299072265625,0.9989938735961914,0.9989471435546875,0,0
743,17.31839371100068,0.0017316341400146484,0.5613808631896973,0.0020847320556640625,0.9991071224212646,-0.00299072265625,0.9990821480751038,0.9989471435546875,0,0
744,17.34207052597776,0.0014961957931518555,0.6246806979179382,0.0021173954010009766,0.9991323947906494,-0.00299072265625,0.9990983605384827,0.9989471435546875,0,0
745,17.365930730011314,0.002068042755126953,0.16631340980529785,0.0020096302032470703,0.9990073442459106,-0.00299072265625,0.9989740252494812,0.9989471435546875,0,0
746,17.38968985993415,0.0019378662109375,-2.8212504386901855,0.998936116695404,0.9975833892822266,-0.00299072265625,0.9987260103225708,0.9989471435546875,0,0
747,17.41291721398011,0.0020084381103515625,0.10022670030593872,0.0019845962524414062,0.9989832639694214,-0.00299072265625,0.9989684820175171,0.9989471435546875,0,0
748,17.43623103108257,0.0019394159317016602,0.002049863338470459,0.0019388198852539062,0.9989478588104248,-0.00299072265625,0.995945930480957,0.9989471435546875,0,0
749,17.45930699701421,0.0019379854202270508,2.372264862060547e-05,0.0019379854202270508,0.998947262763977,-0.00299072265625,0.998947262763977,0.9989471435546875,0,0
750,17.483086922904477,0.0019698143005371094,0.043088555335998535,0.0019565820693969727,0.9989614486694336,-0.00299072265625,0.9989562034606934,0.9989471435546875,0,0
751,17.50630659190938,0.001955747604370117,0.023724913597106934,0.0019481182098388672,0.9989557266235352,-0.00299072265625,0.9989520907402039,0.9989471435546875,0,0
752,17.529566020006314,0.0016380548477172852,0.6225357055664062,0.002071857452392578,0.9991209506988525,-0.00299072265625,0.9990999102592468,0.9989471435546875,0,0
753,17.55297561502084,0.0020020008087158203,0.08716672658920288,0.001979231834411621,0.9989759922027588,-0.00299072265625,0.9959638714790344,0.9989471435546875,0,0
754,17.576258634915575,0.001941680908203125,0.005031585693359375,0.001940011978149414,0.9989488124847412,-0.00299072265625,0.9989482164382935,0.9989471435546875,0,0
755,17.599613711005077,0.0019379854202270508,-2.0115652084350586,0.9989362359046936,0.9975835084915161,-0.00299072265625,0.9988301396369934,0.9989471435546875,0,0
756,17.622926084091887,0.0019378662109375,-0.0002362132363487035,0.0019378662109375,0.9989471435546875,-0.00299072265625,0.9989471435546875,0.9989471435546875,0,0
757,17.646056605037302,0.0019397735595703125,0.002379179000854492,0.0019388198852539062,0.9989479780197144,-0.00299072265625,0.9989476203918457,0.9989471435546875,0,0
758,17.669462420977652,0.0019391775131225586,0.0017161369323730469,0.0019385814666748047,0.9989476203918457,-0.00299072265625,0.9989475607872009,0.9989471435546875,0,0
759,17.69280888605863,0.001951456069946289,0.018025577068328857,0.0019464492797851562,0.998953104019165,-0.00299072265625,0.9989506006240845,0.9989471435546875,0,0
760,17.716239905916154,0.001939535140991211,0.0023123621940612793,0.0019388198852539062,0.9989478588104248,-0.00299072265625,0.9989475607872009,0.9989471435546875,0,0
761,17.739568796940148,0.0019979476928710938,0.07681059837341309,0.001971006393432617,0.9989726543426514,-0.00299072265625,0.9989634156227112,0.9989471435546875,0,0
762,17.763069150038064,0.0019979476928710938,0.08396291732788086,0.0019739866256713867,0.9989750385284424,-0.00299072265625,0.9989649653434753,0.9989471435546875,0,0
763,17.786315911915153,0.0019378662109375,-0.00023609402705915272,0.0019378662109375,0.9989471435546875,-0.00299072265625,0.9940910339355469,0.9989471435546875,0,0
764,17.809569729026407,0.001471400260925293,0.6235338449478149,0.002000570297241211,0.9991014003753662,-0.00299072265625,0.9991138577461243,0.9989471435546875,0,0
765,17.832929897122085,0.9942551851272583,-1.3731770515441895,0.9996048212051392,0.9979283809661865,-0.00299072265625,0.9988301396369934,0.9989471435546875,0,0
766,17.85613069590181,0.0019379854202270508,-0.00015419723058585078,0.0019379854202270508,0.998947262763977,-0.00299072265625,0.998947262763977,0.9989471435546875,0,0
767,17.87932332791388,0.0019378662109375,-0.0002361536317039281,0.0019378662109375,0.9912643432617188,-0.00299072265625,0.9971518516540527,0.9989471435546875,0,0
768,17.902720275102183,0.0019379854202270508,-5.757809049100615e-05,0.0019379854202270508,0.998947262763977,-0.00299072265625,0.998947262763977,0.9989471435546875,0,0
769,17.92595990607515,0.0019540786743164062,-3.819784164428711,0.9981167316436768,0.9971592426300049,-0.00299072265625,0.9985964894294739,0.9989471435546875,0,0
770,17.949279316002503,0.0007061958312988281,0.6413474678993225,0.0019102096557617188,0.9990863800048828,-0.00299072265625,0.9991471171379089,0.9989471435546875,0,0
771,17.97270631790161,0.00195920467376709,0.02860426902770996,0.0019502639770507812,0.9989566802978516,-0.00299072265625,0.9989516735076904,0.9989471435546875,0,0
772,17.99634963297285,0.001951456069946289,0.01801687479019165,0.0019457340240478516,0.9989537000656128,-0.00299072265625,0.9989509582519531,0.9989471435546875,0,0
773,18.019614746095613,0.002081751823425293,0.2541710138320923,0.0020475387573242188,0.9990360736846924,-0.00299072265625,0.9990024566650391,0.9989471435546875,0,0
774,18.042966600041837,0.0022284984588623047,0.44062113761901855,0.0021202564239501953,0.9990911483764648,-0.00299072265625,0.9990420341491699,0.9989471435546875,0,0
775,18.066324009094387,0.9982386231422424,0.03157709166407585,0.0012826919555664062,0.9986684322357178,-0.00299072265625,0.9991316795349121,0.9989471435546875,0,0
776,18.089986176928505,0.0022058486938476562,0.8148939609527588,0.9973759651184082,0.9968701601028442,-0.00299072265625,0.9949327707290649,0.9989471435546875,0,0
777,18.113577659009025,0.0019378662109375,-0.00023698809673078358,0.0019378662109375,0.9989471435546875,-0.00299072265625,0.9940910339355469,0.9989471435546875,0,0
778,18.13769075111486,0.0020903348922729492,0.2966909408569336,0.0020548105239868164,0.9990427494049072,-0.00299072265625,0.999012291431427,0.9989471435546875,0,0
779,18.161257806932554,0.994263768196106,-1.3617485761642456,0.00014770030975341797,0.9979325532913208,-0.00299072265625,0.9989726543426514,0.9989471435546875,0,0
780,18.184814844978973,0.0019379854202270508,8.320808410644531e-05,0.0019379854202270508,0.998947262763977,-0.00299072265625,0.998947262763977,0.9989471435546875,0,0
781,18.208258847007528,0.0019311904907226562,0.5546667575836182,0.002104043960571289,0.9991133213043213,-0.00299072265625,0.9990720152854919,0.9989471435546875,0,0
782,18.23161827493459,0.0009343624114990234,0.4830814301967621,0.0019159317016601562,0.999030590057373,-0.00299072265625,0.9991148710250854,0.99896240234375,0,0
783,18.254962610080838,0.0019568204879760742,0.004806458950042725,0.001955270767211914,0.9989639520645142,-0.00299072265625,0.9989633560180664,0.99896240234375,0,0
784,18.278254370903596,0.0019533634185791016,0.00026923418045043945,0.0019532442092895508,0.9989625215530396,-0.00299072265625,0.9989625215530396,0.99896240234375,0,0
785,18.301817743107677,0.0019532442092895508,-2.1219255359028466e-05,0.0019532442092895508,0.9989625215530396,-0.00299072265625,0.9989625215530396,0.99896240234375,0,0
786,18.32528641098179,0.001953125,-0.00023722651530988514,0.001953125,0.99896240234375,-0.00299072265625,0.99896240234375,0.99896240234375,0,0
787,18.348627913044766,0.002106189727783203,0.34369659423828125,0.002090930938720703,0.9990793466567993,-0.00299072265625,0.9990448951721191,0.99896240234375,0,0
788,18.371756175067276,0.0019378662109375,-0.00023710730602033436,0.0019378662109375,0.9989471435546875,-0.00299072265625,0.9989471435546875,0.9989471435546875,0,0
789,18.39511984307319,0.0018209218978881836,0.5137035250663757,0.0020862817764282227,0.9991012811660767,-0.00299072265625,0.9990713000297546,0.9989471435546875,0,0
790,18.418507901020348,0.0019379854202270508,7.575750350952148e-05,0.0019379854202270508,0.998947262763977,-0.00299072265625,0.998947262763977,0.9989471435546875,0,0
791,18.44173192209564,0.0019379854202270508,-0.00012576581502798945,0.0019379854202270508,0.998947262763977,-0.00299072265625,0.998947262763977,0.9682159423828125,0,0
792,18.465183608001098,0.0019394159317016602,0.0020647644996643066,0.0019388198852539062,0.9989478588104248,-0.00299072265625,0.9989475607872009,0.9989471435546875,0,0
793,18.48899010801688,0.0009932518005371094,0.9724583029747009,0.0022020339965820312,0.9992189407348633,-0.00299072265625,0.996141254901886,0.9989471435546875,0,0
794,18.51545146899298,0.0019383430480957031,0.0005005002021789551,0.0019381046295166016,0.9989473819732666,-0.00299072265625,0.9989473223686218,0.9989471435546875,0,0
795,18.53873522998765,0.0021860599517822266,0.40395694971084595,0.0021042823791503906,0.9990687370300293,-0.00299072265625,0.9990271925926208,0.9989471435546875,0,0
796,18.56227719411254,0.0019644498825073242,0.49733495712280273,0.0020928382873535156,0.9991011619567871,-0.00299072265625,0.9990650415420532,0.9989471435546875,0,0
797,18.585614640964195,0.9996519088745117,0.3940325379371643,0.0016102790832519531,0.9989310503005981,-0.00299072265625,0.999099612236023,0.9989471435546875,0,0
798,18.60884956899099,0.0019381046295166016,0.0001577138900756836,0.0019379854202270508,0.998947262763977,-0.00299072265625,0.998947262763977,0.9989471435546875,0,0
799,18.63339339895174,0.0019505023956298828,0.016705870628356934,0.0019450187683105469,0.9989526271820068,-0.00299072265625,0.9989506602287292,0.9989471435546875,0,0
800,18.656688420102,0.0019379854202270508,-1.978874388441909e-05,0.0019379854202270508,0.998947262763977,-0.00299072265625,0.998947262763977,0.9989471435546875,0,0
801,18.680140180978924,0.0019378662109375,-0.00023585560848005116,0.0019378662109375,0.9989471435546875,-0.00299072265625,0.9989471435546875,0.9989471435546875,0,0
802,18.703592015895993,0.0019845962524414062,0.06427854299545288,0.001965761184692383,0.9989684820175171,-0.00299072265625,0.9989595413208008,0.9989471435546875,0,0
803,18.72693274007179,0.0021839141845703125,0.3701241612434387,0.002093791961669922,0.9990687370300293,-0.00299072265625,0.9990196824073792,0.9989471435546875,0,0
804,18.750366427004337,0.0020127296447753906,0.10281240940093994,0.0019823312759399414,0.9989843368530273,-0.00299072265625,0.9989688992500305,0.9989471435546875,0,0
805,18.77363046607934,0.0019559860229492188,0.0034738779067993164,0.00195467472076416,0.9989635944366455,-0.00299072265625,0.9989631175994873,0.99896240234375,0,0
806,18.796951930969954,0.0005896091461181641,0.4240815043449402,0.9940492510795593,0.9951550960540771,-0.00299072265625,0.9983713030815125,0.99896240234375,0,0
807,18.820266969967633,0.001953601837158203,0.0005601644515991211,0.0019533634185791016,0.9989626407623291,-0.00299072265625,0.9989625811576843,0.99896240234375,0,0
808,18.843377786921337,0.001960158348083496,0.009284675121307373,0.0019571781158447266,0.9989655017852783,-0.00299072265625,0.9989643692970276,0.99896240234375,0,0
809,18.866974510950968,0.0019532442092895508,-5.09023702761624e-05,0.0019532442092895508,0.9989625215530396,-0.00299072265625,0.9989625215530396,0.99896240234375,0,0
810,18.89060280798003,0.0019379854202270508,-0.00020706655050162226,0.0019379854202270508,0.998947262763977,-0.00299072265625,0.9912643432617188,0.9989471435546875,0,0
811,18.91388171701692,0.9958175420761108,-0.8704497218132019,0.0005753040313720703,0.9984214305877686,-0.00299072265625,0.9990158677101135,0.9989471435546875,0,0
812,18.93732766294852,0.0020589828491210938,0.17611879110336304,0.0020127296447753906,0.999010443687439,-0.00299072265625,0.998984694480896,0.9989471435546875,0,0
813,18.96083494205959,0.9943516850471497,-0.7414875030517578,0.0006300210952758789,0.9984638690948486,-0.00299072265625,0.9951677918434143,0.9989471435546875,0,0
814,18.98428690689616,0.0019381046295166016,9.065866470336914e-05,0.0019379854202270508,0.998947262763977,-0.00299072265625,0.998947262763977,0.9989471435546875,0,0
815,19.00833805394359,0.9989486336708069,0.058815885335206985,0.001418471336364746,0.998835563659668,-0.00299072265625,0.9942184686660767,0.9989471435546875,0,0
816,19.031626445008442,0.0019378662109375,-0.00023740532924421132,0.0019378662109375,0.9989471435546875,-0.00299072265625,0.9989471435546875,0.9989471435546875,0,0
817,19.054918206995353,0.0019418001174926758,0.005216002464294434,0.0019402503967285156,0.9989488124847412,-0.00299072265625,0.9989482164382935,0.9989471435546875,0,0
818,19.07827541208826,0.001988649368286133,0.07024449110031128,0.0019681453704833984,0.9989726543426514,-0.00299072265625,0.9989620447158813,0.9989471435546875,0,0
819,19.101637988118455,0.0020846128463745117,1.017317295074463,0.002271413803100586,0.9992587566375732,-0.00299072265625,0.9991692900657654,0.9989471435546875,0,0
820,19.124970230972394,0.0019379854202270508,4.488229751586914e-05,0.0019379854202270508,0.998947262763977,-0.00299072265625,0.998947262763977,0.9989471435546875,0,0
821,19.148585935123265,0.0019383430480957031,0.0005511641502380371,0.0019381046295166016,0.9989473819732666,-0.00299072265625,0.9912645220756531,0.9989471435546875,0,0
822,19.17195040010847,0.0014111995697021484,0.5396676063537598,0.0020062923431396484,0.9990863800048828,-0.00299072265625,0.9990960955619812,0.9989471435546875,0,0
823,19.195341235026717,0.0020030736923217773,0.084042489528656,0.0019741058349609375,0.998977541923523,-0.00299072265625,0.998966634273529,0.9989471435546875,0,0
824,19.218741255113855,0.001946568489074707,0.011406183242797852,0.0019428730010986328,0.9989509582519531,-0.00299072265625,0.9989495873451233,0.9989471435546875,0,0
825,19.241961647057906,0.0019379854202270508,-3.033876600966323e-05,0.0019379854202270508,0.998947262763977,-0.00299072265625,0.998947262763977,0.9989471435546875,0,0
826,19.265334537019953,0.9989616870880127,0.07653142511844635,0.0014262199401855469,0.9987385272979736,-0.00299072265625,0.9990782141685486,0.9989471435546875,0,0
827,19.289103982038796,0.0019681453704833984,0.04091036319732666,0.001955747604370117,0.9989620447158813,-0.00299072265625,0.9989557862281799,0.9989471435546875,0,0
828,19.31235124403611,0.001953125,0.02027982473373413,0.0019466876983642578,0.9989538192749023,-0.00299072265625,0.9989514350891113,0.9989471435546875,0,0
829,19.335625116014853,0.0019378662109375,-0.00023162367870099843,0.0019378662109375,0.9989471435546875,-0.00299072265625,0.9912643432617188,0.9989471435546875,0,0
830,19.358968839980662,0.9990811944007874,0.26931479573249817,0.0015058517456054688,0.9989044666290283,-0.00299072265625,0.9991196990013123,0.9989471435546875,0,0
831,19.38247247110121,0.0021545886993408203,0.7888136506080627,0.002229928970336914,0.999194860458374,-0.00299072265625,0.9991133809089661,0.9989471435546875,0,0
832,19.406107176095247,0.0011949539184570312,0.5217626094818115,0.001961946487426758,0.9990487098693848,-0.00299072265625,0.9991000294685364,0.9989471435546875,0,0
833,19.429371899925172,0.0021347999572753906,0.2924190163612366,0.00206148624420166,0.9990434646606445,-0.00299072265625,0.9990096092224121,0.9989471435546875,0,0
834,19.45285771600902,0.0020172595977783203,0.11058759689331055,0.0019855499267578125,0.998987078666687,-0.00299072265625,0.9989705681800842,0.9989471435546875,0,0
835,19.4760917739477,0.0019658803939819336,0.03707939386367798,0.0019540786743164062,0.9989606142044067,-0.00299072265625,0.9989556670188904,0.9989471435546875,0,0
836,19.499470127979293,0.0019379854202270508,-0.00011396408808650449,0.0019379854202270508,0.998947262763977,-0.00299072265625,0.998947262763977,0.9989471435546875,0,0
837,19.522629759972915,0.002234816551208496,0.5978617668151855,0.002171754837036133,0.9991394281387329,-0.00299072265625,0.9990788102149963,0.9989471435546875,0,0
838,19.54594937292859,0.0019381046295166016,0.00032514333724975586,0.0019381046295166016,0.998947262763977,-0.00299072265625,0.9940912127494812,0.9989471435546875,0,0
839,19.569285412086174,0.001978754997253418,0.05566847324371338,0.001961946487426758,0.9989672899246216,-0.00299072265625,0.998958945274353,0.9989471435546875,0,0
840,19.59272495098412,0.0019394159317016602,0.0019797086715698242,0.0019387006759643555,0.9989478588104248,-0.00299072265625,0.9989475607872009,0.9989471435546875,0,0
841,19.61612158198841,0.0019390583038330078,-3.8398749828338623,0.99810791015625,0.99715256690979,-0.00299072265625,0.9947617053985596,0.9989471435546875,0,0
842,19.63928288104944,0.0019381046295166016,0.0001620650291442871,0.0019379854202270508,0.998947262763977,-0.00299072265625,0.998947262763977,0.9989471435546875,0,0
843,19.662955752108246,0.0020868778228759766,0.2749914526939392,0.002054929733276367,0.9990427494049072,-0.00299072265625,0.9990072250366211,0.9989471435546875,0,0
844,19.68628621706739,0.0020418167114257812,0.4490218758583069,0.002092123031616211,0.9990924596786499,-0.00299072265625,0.9990505576133728,0.9989471435546875,0,0
845,19.709643478039652,0.0019381046295166016,0.00035500526428222656,0.0019381046295166016,0.994091272354126,-0.00299072265625,0.9975835084915161,0.9989471435546875,0,0
846,19.733210664009675,0.0019383430480957031,0.000652611255645752,0.0019381046295166016,0.9989473819732666,-0.00299072265625,0.9989473819732666,0.9989471435546875,0,0
847,19.756596924969926,0.0019475221633911133,-1.9989043474197388,0.9989423155784607,0.9979326725006104,-0.00299072265625,0.9989726543426514,0.9989471435546875,0,0
848,19.780353222042322,0.002115011215209961,0.2989591360092163,0.0020599365234375,0.9990445375442505,-0.00299072265625,0.9990119338035583,0.9989471435546875,0,0
849,19.80364105803892,0.0019378662109375,-0.00023382905055768788,0.0019378662109375,0.9989471435546875,-0.00299072265625,0.9989471435546875,0.9989471435546875,0,0
850,19.826742764096707,0.001998305320739746,0.07722222805023193,0.0019712448120117188,0.9989726543426514,-0.00299072265625,0.998963475227356,0.9989471435546875,0,0
851,19.85003921110183,0.0019402503967285156,0.003126084804534912,0.0019392967224121094,0.998948335647583,-0.00299072265625,0.9989474415779114,0.9989471435546875,0,0
852,19.874371856916696,0.0019382238388061523,0.0005183815956115723,0.0019381046295166016,0.9989473819732666,-0.00299072265625,0.998947262763977,0.9989471435546875,0,0
853,19.89785476610996,0.0019378662109375,-0.00023412707378156483,0.0019378662109375,0.9989471435546875,-0.00299072265625,0.9989471435546875,0.9989471435546875,0,0
854,19.921142915962264,0.001938462257385254,0.0008237957954406738,0.0019382238388061523,0.9989473819732666,-0.00299072265625,0.9989474415779114,0.9989471435546875,0,0
855,19.94448797311634,0.002081751823425293,0.25418055057525635,0.0020334720611572266,0.9990235567092896,-0.00299072265625,0.9989979863166809,0.9989471435546875,0,0
856,19.968006123090163,0.002093195915222168,0.22969812154769897,0.0020351409912109375,0.9990228414535522,-0.00299072265625,0.9989961981773376,0.9989471435546875,0,0
857,19.991296255029738,0.0019381046295166016,0.00019049644470214844,0.0019379854202270508,0.998947262763977,-0.00299072265625,0.998947262763977,0.9989471435546875,0,0
858,20.0146653119009,0.002125859260559082,0.46000272035598755,0.002118229866027832,0.9991023540496826,-0.00299072265625,0.9990580677986145,0.9989471435546875,0,0
859,20.037724592955783,0.0020568370819091797,0.18600773811340332,0.002015352249145508,0.999008059501648,-0.00299072265625,0.995156466960907,0.9989471435546875,0,0
860,20.06124979793094,0.0020477771759033203,0.1687147617340088,0.0020084381103515625,0.9990024566650391,-0.00299072265625,0.9989803433418274,0.9989471435546875,0,0
861,20.084595429012552,0.0021009445190429688,0.240933358669281,0.0020486116409301758,0.9990334510803223,-0.00299072265625,0.9989985227584839,0.9989471435546875,0,0
862,20.107910356950015,0.0019378662109375,-0.00023448470165021718,0.0019378662109375,0.9989471435546875,-0.00299072265625,0.9989471435546875,0.9989471435546875,0,0
863,20.13122373004444,0.002063751220703125,0.6479220390319824,0.0021560192108154297,0.9991550445556641,-0.00299072265625,0.9991075396537781,0.9989471435546875,0,0
864,20.15435330593027,0.001943349838256836,0.00723189115524292,0.0019409656524658203,0.9989497661590576,-0.00299072265625,0.9989486932754517,0.9989471435546875,0,0
865,20.177600994007662,0.0019378662109375,-0.00023359063197858632,0.0019378662109375,0.9989471435546875,-0.00299072265625,0.9989471435546875,0.9989471435546875,0,0
866,20.201110939960927,0.0019423961639404297,0.005935251712799072,0.0019404888153076172,0.9989492893218994,-0.00299072265625,0.9989483952522278,0.9989471435546875,0,0
867,20.22436588606797,0.0019518136978149414,-1.9931302070617676,0.9996129274368286,0.9902517199516296,-0.00299072265625,0.9965009689331055,0.9989471435546875,0,0
868,20.248144293902442,0.0019379854202270508,-2.5808813006733544e-05,0.0019379854202270508,0.998947262763977,-0.00299072265625,0.998947262763977,0.9989471435546875,0,0
869,20.271361482096836,0.0019381046295166016,0.00012308359146118164,0.0019379854202270508,0.998947262763977,-0.00299072265625,0.9904919266700745,0.9989471435546875,0,0
870,20.294600836001337,0.0019495487213134766,0.015485703945159912,0.0019452571868896484,0.9989527463912964,-0.00299072265625,0.998950719833374,0.9989471435546875,0,0
871,20.31778672710061,0.002075791358947754,0.21641284227371216,0.002026796340942383,0.9990177154541016,-0.00299072265625,0.9989938735961914,0.9989471435546875,0,0
872,20.341203710064292,0.0019378662109375,-0.00023514035274274647,0.0019378662109375,0.9989471435546875,-0.00299072265625,0.9989471435546875,0.9989471435546875,0,0
873,20.364464953076094,0.0019407272338867188,0.0037284493446350098,0.0019396543502807617,0.9989485740661621,-0.00299072265625,0.9989479780197144,0.9989471435546875,0,0
874,20.38763438211754,0.0020236968994140625,0.11157530546188354,0.001985788345336914,0.9989874362945557,-0.00299072265625,0.99897301197052,0.9989471435546875,0,0
875,20.411117328098044,0.0019378662109375,-0.0002355575852561742,0.0019378662109375,0.9989471435546875,-0.00299072265625,0.9989471435546875,0.9989471435546875,0,0
876,20.434300977969542,0.0019527673721313477,0.019739389419555664,0.0019472837448120117,0.9989537000656128,-0.00299072265625,0.9989509582519531,0.9989471435546875,0,0
877,20.457618776941672,0.0014543533325195312,0.5995064377784729,0.002062201499938965,0.9991133213043213,-0.00299072265625,0.9990954399108887,0.9989471435546875,0,0
878,20.48111564805731,0.001965761184692383,-1.9742966890335083,0.9996211528778076,0.9979407787322998,-0.00299072265625,0.9989171624183655,0.9989471435546875,0,0
879,20.504762056050822,0.0020868778228759766,0.2974894046783447,0.0020551681518554688,0.9990429878234863,-0.00299072265625,0.9990124702453613,0.9989471435546875,0,0
880,20.52862355601974,0.002104640007019043,0.47831475734710693,0.002112269401550293,0.9991064071655273,-0.00299072265625,0.9990633130073547,0.9989471435546875,0,0
881,20.55179435503669,0.0019441843032836914,0.007683515548706055,0.0019412040710449219,0.9989497661590576,-0.00299072265625,0.9989488124847412,0.9989471435546875,0,0
882,20.575113801984116,0.0020903348922729492,0.29677337408065796,0.002054929733276367,0.9990496635437012,-0.00299072265625,0.999012291431427,0.9989471435546875,0,0
883,20.59852196997963,0.0019403696060180664,0.003287076950073242,0.0019392967224121094,0.998948335647583,-0.00299072265625,0.9989478588104248,0.9989471435546875,0,0
884,20.62173401005566,0.0019391775131225586,0.0017519593238830566,0.0019385814666748047,0.9989476203918457,-0.00299072265625,0.9989474415779114,0.9989471435546875,0,0
885,20.645252991933376,0.002062082290649414,0.19940125942230225,0.002026796340942383,0.9990122318267822,-0.00299072265625,0.9989866018295288,0.9989471435546875,0,0
886,20.668605882907286,0.9981846809387207,-0.07405727356672287,0.0012410879135131836,0.9986319541931152,-0.00299072265625,0.9929494261741638,0.9989471435546875,0,0
887,20.691905107116327,0.0020104646682739258,0.6821321249008179,0.0021532773971557617,0.9991612434387207,-0.00299072265625,0.9991074800491333,0.9989471435546875,0,0
888,20.71524173906073,0.0019385814666748047,0.0008880496025085449,0.0019383430480957031,0.9989473819732666,-0.00299072265625,0.9989474415779114,0.9989471435546875,0,0
889,20.738557684933767,0.0019385814666748047,0.0009256601333618164,0.0019383430480957031,0.9989473819732666,-0.00299072265625,0.9959456920623779,0.9989471435546875,0,0
890,20.762138205114752,0.0019379854202270508,-0.00013256074453238398,0.0019379854202270508,0.998947262763977,-0.00299072265625,0.998947262763977,0.9989471435546875,0,0
891,20.785330021986738,0.0019555091857910156,0.0031681060791015625,0.00195467472076416,0.9989635944366455,-0.00299072265625,0.9989631175994873,0.99896240234375,0,0
892,20.80862874700688,0.0019648075103759766,0.01537233591079712,0.0019598007202148438,0.9989675283432007,-0.00299072265625,0.9989656805992126,0.99896240234375,0,0
893,20.832018618937582,0.0019385814666748047,-0.0008996129618026316,0.0019377470016479492,0.9940907955169678,-0.00299072265625,0.993752658367157,0.9989471435546875,0,0
894,20.855694360099733,0.0020771026611328125,0.36849164962768555,0.0020818710327148438,0.9990713596343994,-0.00299072265625,0.9990295767784119,0.9989471435546875,0,0
895,20.879039843101054,0.001939535140991211,0.002176523208618164,0.9942560195922852,0.9951172471046448,-0.00299072265625,0.9979288578033447,0.9989471435546875,0,0
896,20.902441882062703,0.0019379854202270508,4.553794860839844e-05,0.0019379854202270508,0.998947262763977,-0.00299072265625,0.998947262763977,0.9989471435546875,0,0
897,20.9257482921239,0.0019379854202270508,-0.00011855364573420957,0.0019379854202270508,0.998947262763977,-0.00299072265625,0.998947262763977,0.9989471435546875,0,0
898,20.949011479038745,0.9970817565917969,-0.48427248001098633,0.0009189844131469727,0.9985918998718262,-0.00299072265625,0.9990480542182922,0.9989471435546875,0,0
899,20.972369387978688,0.0019394159317016602,0.002094268798828125,0.0019388198852539062,0.9989478588104248,-0.00299072265625,0.9989475607872009,0.9989471435546875,0,0
900,20.99574789009057,0.001955747604370117,0.023685812950134277,0.0019491910934448242,0.9989557266235352,-0.00299072265625,0.9989619851112366,0.99896240234375,0,0
901,21.018923355964944,0.0019376277923583984,-0.0003050570376217365,0.9942549467086792,0.9951164722442627,-0.00299072265625,0.9979283213615417,0.9989471435546875,0,0
902,21.042135746916756,0.0019379854202270508,-1.490116301283706e-05,0.0019379854202270508,0.998947262763977,-0.00299072265625,0.998947262763977,0.9989471435546875,0,0
903,21.06563282199204,0.002025127410888672,0.11957442760467529,0.001989603042602539,0.9989867210388184,-0.00299072265625,0.9989702701568604,0.9989471435546875,0,0
904,21.08940595202148,0.002062559127807617,0.19998067617416382,0.002020597457885742,0.9990124702453613,-0.00299072265625,0.9989902377128601,0.9989471435546875,0,0
905,21.11375630204566,0.0020754337310791016,0.19947409629821777,0.002021312713623047,0.9990073442459106,-0.00299072265625,0.9966393113136292,0.9989471435546875,0,0
906,21.138049355940893,0.0014693737030029297,1.1635568141937256,0.002245187759399414,0.9992856979370117,-0.00299072265625,0.9991415143013,0.9989471435546875,0,0
907,21.16238900204189,0.0019378662109375,-0.00023156407405622303,0.0019378662109375,0.9989471435546875,-0.00299072265625,0.995945394039154,0.9989471435546875,0,0
908,21.185787762980908,0.0019390583038330078,0.0015936493873596191,0.001938462257385254,0.9989476203918457,-0.00299072265625,0.9989474415779114,0.9989471435546875,0,0
909,21.20941896806471,0.0017417669296264648,0.7752541303634644,0.00215911865234375,0.9991766214370728,-0.00299072265625,0.9991351366043091,0.9989471435546875,0,0
910,21.23300785711035,0.002196073532104492,0.4956934452056885,0.0021462440490722656,0.9991188049316406,-0.00299072265625,0.9990649223327637,0.9989471435546875,0,0
911,21.256387155968696,0.0019407272338867188,0.003947854042053223,0.001939535140991211,0.998948335647583,-0.00299072265625,0.9989478588104248,0.9989471435546875,0,0
912,21.279851231025532,0.0019931793212890625,0.07691854238510132,0.9958488345146179,0.9966374039649963,-0.00299072265625,0.9984354972839355,0.9989471435546875,0,0
913,21.303359436104074,0.0020084381103515625,0.10022401809692383,0.0019807815551757812,0.9989832639694214,-0.00299072265625,0.998966634273529,0.9989471435546875,0,0
914,21.32662866008468,0.0020084381103515625,0.10023188591003418,0.0019807815551757812,0.9989802837371826,-0.00299072265625,0.9989684820175171,0.9989471435546875,0,0
915,21.350387234939262,0.0019379854202270508,-0.00013464690709952265,0.0019379854202270508,0.998947262763977,-0.00299072265625,0.9989471435546875,0.9989471435546875,0,0
916,21.37642415193841,0.0019453763961791992,0.009051620960235596,0.0019419193267822266,0.9989502429962158,-0.00299072265625,0.9989490509033203,0.9989471435546875,0,0
917,21.399984968127683,0.000698089599609375,1.0251542329788208,0.002024531364440918,0.9992251396179199,-0.00299072265625,0.9992309808731079,0.9989471435546875,0,0
918,21.423389859031886,0.001951456069946289,0.01802206039428711,0.0019457340240478516,0.9989537000656128,-0.00299072265625,0.9989500641822815,0.9989471435546875,0,0
919,21.447105563012883,0.001947641372680664,0.011606931686401367,0.0019429922103881836,0.9989509582519531,-0.00299072265625,0.998949408531189,0.9989471435546875,0,0
920,21.470693323062733,0.0019378662109375,-0.00023204091121442616,0.0019378662109375,0.9989471435546875,-0.00299072265625,0.9989471435546875,0.9989471435546875,0,0
921,21.49417754705064,0.001988649368286133,0.06424504518508911,0.001961231231689453,0.9989650249481201,-0.00299072265625,0.9989584684371948,0.9989471435546875,0,0
922,21.518035342916846,0.001968979835510254,0.038309693336486816,0.0019545555114746094,0.9989609718322754,-0.00299072265625,0.998956024646759,0.9989471435546875,0,0
923,21.541528770001605,0.0020983219146728516,0.9698559045791626,0.0022684335708618164,0.9992036819458008,-0.00299072265625,0.9991323947906494,0.99896240234375,0,0
924,21.56545371399261,0.0019402503967285156,-3.8381752967834473,0.9981086850166321,0.9971530437469482,-0.00299072265625,0.9987267255783081,0.9989471435546875,0,0
925,21.588903790106997,0.0019378662109375,-0.00023204091121442616,0.0019378662109375,0.9989471435546875,-0.00299072265625,0.9989471435546875,0.9989471435546875,0,0
926,21.612621698062867,0.9958156943321228,-0.4842667579650879,0.0009189844131469727,0.9985918998718262,-0.00299072265625,0.9990710020065308,0.9989471435546875,0,0
927,21.636335531948134,0.0015964508056640625,0.5637913346290588,0.0020467042922973633,0.9991015195846558,-0.00299072265625,0.99908846616745,0.9989471435546875,0,0
928,21.65979338507168,0.002091050148010254,0.3855665922164917,0.0020831823348999023,0.999077558517456,-0.00299072265625,0.9990332126617432,0.9989471435546875,0,0
929,21.683546755928546,0.0019006729125976562,0.14208894968032837,0.0019979476928710938,0.9989938735961914,-0.00299072265625,0.9989749789237976,0.9989471435546875,0,0
930,21.710035171126947,0.0020203590393066406,0.11944687366485596,0.001988649368286133,0.9989864826202393,-0.00299072265625,0.9989595413208008,0.9989471435546875,0,0
931,21.734924019081518,0.9970817565917969,-0.4842665195465088,0.0009189844131469727,0.9984204769134521,-0.00299072265625,0.9990153312683105,0.9989471435546875,0,0
932,21.75838409503922,0.0019426345825195312,0.00618290901184082,0.0019407272338867188,0.9989495277404785,-0.00299072265625,0.9989485740661621,0.9989471435546875,0,0
933,21.781647745054215,0.0013058185577392578,0.6814361214637756,0.002030014991760254,0.99912428855896,-0.00299072265625,0.9961323142051697,0.9989471435546875,0,0
934,21.80500337597914,0.0019464492797851562,0.008715569972991943,0.001941680908203125,0.9989500045776367,-0.00299072265625,0.9989489912986755,0.9989471435546875,0,0
935,21.828536988934502,0.0019379854202270508,-0.00012815000081900507,0.0019379854202270508,0.9928250908851624,-0.00299072265625,0.9971519708633423,0.9989471435546875,0,0
936,21.851884861011058,0.0019379854202270508,6.586313247680664e-05,0.0019379854202270508,0.998947262763977,-0.00299072265625,0.998947262763977,0.9989471435546875,0,0
937,21.875511379912496,0.0019378662109375,-0.00023216012050397694,0.0019378662109375,0.9989471435546875,-0.00299072265625,0.9989471435546875,0.9989471435546875,0,0
938,21.8987501419615,0.0014119148254394531,-2.885946750640869,0.9983011484146118,0.9974159002304077,-0.00299072265625,0.9988402724266052,0.9989471435546875,0,0
939,21.922139069996774,0.0019474029541015625,0.012507498264312744,0.001943349838256836,0.9989516735076904,-0.00299072265625,0.9989498257637024,0.9989471435546875,0,0
940,21.945538164116442,0.002019166946411133,0.11142140626907349,0.0019861459732055664,0.9989875555038452,-0.00299072265625,0.9989686012268066,0.9989471435546875,0,0
941,21.96912046102807,0.0019378662109375,-0.0002329945855308324,0.9970817565917969,0.9966139793395996,-0.00299072265625,0.9984204769134521,0.9989471435546875,0,0
942,21.992494648089632,0.0006772279739379883,0.5792872309684753,0.0018862485885620117,0.9990259408950806,-0.00299072265625,0.9991143941879272,0.9989471435546875,0,0
943,22.016407721908763,0.998863935470581,1.087051510810852,0.0018534660339355469,0.9991739988327026,-0.00299072265625,0.9992939829826355,0.9989471435546875,0,0
944,22.04001081502065,0.0019378662109375,-0.00023394825984723866,0.0019378662109375,0.9989471435546875,-0.00299072265625,0.9989471435546875,0.9989471435546875,0,0
945,22.063370113959536,0.0019636154174804688,0.013832271099090576,0.001955270767211914,0.9989557266235352,-0.00299072265625,0.9989488124847412,0.9989471435546875,0,0
946,22.086758503923193,0.002092599868774414,0.3205428123474121,0.0020623207092285156,0.9990499019622803,-0.00299072265625,0.9990124702453613,0.9989471435546875,0,0
947,22.110245098127052,0.0019379854202270508,-0.00019711257482413203,0.0019379854202270508,0.998947262763977,-0.00299072265625,0.995945394039154,0.9989471435546875,0,0
948,22.133348064031452,0.0019383430480957031,0.0006076693534851074,0.0019381046295166016,0.9989473819732666,-0.00299072265625,0.9989473819732666,0.9989471435546875,0,0
949,22.156764250947163,0.0006146430969238281,0.47903916239738464,0.001844644546508789,0.9990336894989014,-0.00299072265625,0.9991118311882019,0.9989471435546875,0,0
950,22.180136400973424,0.0019379854202270508,-0.00010788441431941465,0.0019379854202270508,0.998947262763977,-0.00299072265625,0.998947262763977,0.9989471435546875,0,0
951,22.203504476929083,0.0019423961639404297,0.006016373634338379,0.0019404888153076172,0.9989491701126099,-0.00299072265625,0.9989483952522278,0.9989471435546875,0,0
952,22.22677788604051,0.0019532442092895508,3.337860107421875e-05,0.0019532442092895508,0.9989625215530396,-0.00299072265625,0.9989625215530396,0.99896240234375,0,0
953,22.249920795904472,0.001953125,-0.00023484232951886952,0.001953125,0.99896240234375,-0.00299072265625,0.99896240234375,0.99896240234375,0,0
954,22.273418297991157,0.0019378662109375,-0.00015288637951016426,0.0019378662109375,0.9989471435546875,-0.00299072265625,0.9989471435546875,0.9989471435546875,0,0
955,22.296801873948425,0.0019578933715820312,0.02676635980606079,0.0019507408142089844,0.9989578723907471,-0.00299072265625,0.9989538788795471,0.9989471435546875,0,0
956,22.319837803021073,0.9981355667114258,-0.14675754308700562,0.0012102127075195312,0.9988417625427246,-0.00299072265625,0.9990783929824829,0.9989471435546875,0,0
957,22.34305378701538,0.9971327185630798,-0.4138157367706299,0.0006072521209716797,0.9982308149337769,-0.00299072265625,0.9989867210388184,0.9682159423828125,0,0
958,22.366657638922334,0.0019385814666748047,0.0008980035781860352,0.0019383430480957031,0.9989475011825562,-0.00299072265625,0.9959456920623779,0.9989471435546875,0,0
959,22.39016499207355,0.0019497871398925781,0.0157315731048584,0.00194549560546875,0.9989528656005859,-0.00299072265625,0.9989511370658875,0.9989471435546875,0,0
960,22.41288479301147,0.0019379854202270508,-0.00022006036306265742,0.0019379854202270508,0.9989471435546875,-0.00299072265625,0.9928249716758728,0.9989471435546875,0,0
961,22.435887703904882,0.0020062923431396484,1.355085015296936,0.002359151840209961,0.9993665218353271,-0.00299072265625,0.9993078112602234,0.9989471435546875,0,0
962,22.45879594795406,0.0019379854202270508,-2.6762487323139794e-05,0.0019379854202270508,0.998947262763977,-0.00299072265625,0.998947262763977,0.9989471435546875,0,0
963,22.48190480307676,0.0018868446350097656,0.41802459955215454,0.002088785171508789,0.9990718364715576,-0.00299072265625,0.9989911317825317,0.9989471435546875,0,0
964,22.5094218631275,0.0019544363021850586,0.022033512592315674,0.0019475221633911133,0.9989545345306396,-0.00299072265625,0.99895179271698,0.9989471435546875,0,0
965,22.53281747503206,0.0020864009857177734,0.3199149966239929,0.002062201499938965,0.9990427494049072,-0.00299072265625,0.9990072250366211,0.9989471435546875,0,0
966,22.556788437999785,0.0019378662109375,-0.00023645165492780507,0.0019378662109375,0.9989471435546875,-0.00299072265625,0.9989471435546875,0.9989471435546875,0,0
967,22.58019180991687,0.0019379854202270508,-6.520748866023496e-05,0.9970819354057312,0.9966140985488892,-0.00299072265625,0.998591959476471,0.9989471435546875,0,0
968,22.604356586001813,0.0019996166229248047,0.08612328767776489,0.001974940299987793,0.9989782571792603,-0.00299072265625,0.9989670515060425,0.9989471435546875,0,0
969,22.627494330052286,0.0019383430480957031,0.0006951093673706055,0.0019381046295166016,0.9989473819732666,-0.00299072265625,0.9989474415779114,0.9989471435546875,0,0
970,22.650661721127108,0.0019006729125976562,-2.307337760925293,0.9990845918655396,0.9977359771728516,-0.00299072265625,0.9988503456115723,0.9989471435546875,0,0
971,22.67390602012165,0.0019378662109375,-0.00023549798061139882,0.0019378662109375,0.9989471435546875,-0.00299072265625,0.9989471435546875,0.9989471435546875,0,0
972,22.697062245104462,0.0019385814666748047,0.001067817211151123,0.0019383430480957031,0.9989476203918457,-0.00299072265625,0.9989474415779114,0.9989471435546875,0,0
973,22.720217710128054,0.0019428730010986328,0.006603837013244629,0.0019407272338867188,0.9989495277404785,-0.00299072265625,0.9989486932754517,0.9989471435546875,0,0
974,22.743182305945083,0.002154827117919922,0.32817816734313965,0.002084493637084961,0.9990634918212891,-0.00299072265625,0.9990241527557373,0.9989471435546875,0,0
975,22.766374513041228,0.9942747950553894,-1.3468910455703735,0.9996173977851868,0.9979379177093506,-0.00299072265625,0.9989155530929565,0.9989471435546875,0,0
976,22.789640496019274,0.0019811391830444336,0.05916798114776611,0.001963496208190918,0.9989666938781738,-0.00299072265625,0.9989607930183411,0.9989471435546875,0,0
977,22.812654907116666,0.0019378662109375,-0.00023549798061139882,0.0019378662109375,0.9989471435546875,-0.00299072265625,0.9989471435546875,0.9989471435546875,0,0
978,22.83567135501653,0.0019979476928710938,0.08404529094696045,0.0019741058349609375,0.998977541923523,-0.00299072265625,0.9989649653434753,0.9989471435546875,0,0
979,22.858906635083258,0.0019379854202270508,1.7404556274414062e-05,0.0019379854202270508,0.998947262763977,-0.00299072265625,0.9989510774612427,0.99896240234375,0,0
980,22.88192854495719,0.0019797086715698242,0.035250961780548096,0.0019686222076416016,0.998974084854126,-0.00299072265625,0.9989691376686096,0.99896240234375,0,0
981,22.905249102972448,0.0019783973693847656,0.03341037034988403,0.0019676685333251953,0.9989745616912842,-0.00299072265625,0.9989701509475708,0.99896240234375,0,0
982,22.92827703198418,0.001954197883605957,0.0013655424118041992,0.001953721046447754,0.9989628791809082,-0.00299072265625,0.9989627003669739,0.99896240234375,0,0
983,22.951349405106157,0.0021055936813354492,0.29671382904052734,0.0020236968994140625,0.9990131855010986,-0.00299072265625,0.9989955425262451,0.99896240234375,0,0
984,22.975373645080253,0.001938462257385254,-0.0009962917538359761,0.0019378662109375,0.9989469051361084,-0.00299072265625,0.9989469647407532,0.9989471435546875,0,0
985,22.998422351898625,0.0020903348922729492,0.2967362403869629,0.002062082290649414,0.9990496635437012,-0.00299072265625,0.9990177750587463,0.9989471435546875,0,0
986,23.021518744062632,0.000920414924621582,0.4850793778896332,0.0019015073776245117,0.9990487098693848,-0.00299072265625,0.9991005659103394,0.9989471435546875,0,0
987,23.044431173009798,0.001943826675415039,0.007959127426147461,0.001941680908203125,0.9989500045776367,-0.00299072265625,0.9989491701126099,0.9989471435546875,0,0
988,23.067415565950796,0.002040386199951172,0.15485554933547974,0.0019979476928710938,0.9989979267120361,-0.00299072265625,0.9989802837371826,0.9989471435546875,0,0
989,23.090692623052746,0.0018396377563476562,0.5556367635726929,0.0020879507064819336,0.9991095066070557,-0.00299072265625,0.9990761876106262,0.9989471435546875,0,0
990,23.113806571112946,0.0019385814666748047,-2.819960355758667,0.998936653137207,0.9975838661193848,-0.00299072265625,0.9987263083457947,0.9989471435546875,0,0
991,23.136932796100155,0.0020852088928222656,0.23749667406082153,0.002043604850769043,0.9990311861038208,-0.00299072265625,0.9990029335021973,0.9989471435546875,0,0
992,23.16003537294455,0.0019385814666748047,0.0009036064147949219,0.0019383430480957031,0.9989473819732666,-0.00299072265625,0.9989474415779114,0.9989471435546875,0,0
993,23.183122819988057,0.0019378662109375,-0.00023633244563825428,0.0019378662109375,0.9989471435546875,-0.00299072265625,0.9989471435546875,0.9989471435546875,0,0
994,23.206124156014994,0.002081751823425293,0.25417840480804443,0.002040386199951172,0.9990360736846924,-0.00299072265625,0.999012291431427,0.9989471435546875,0,0
995,23.229110215092078,0.0020067691802978516,0.47054344415664673,0.0020911693572998047,0.9990963935852051,-0.00299072265625,0.9990498423576355,0.9989471435546875,0,0
996,23.25245456909761,0.0017168521881103516,0.5418826937675476,0.9959166646003723,0.9952556490898132,-0.00299072265625,0.9980773329734802,0.9989471435546875,0,0
997,23.275448628002778,0.002170562744140625,0.38448184728622437,0.0020956993103027344,0.9990828037261963,-0.00299072265625,0.999037504196167,0.9989471435546875,0,0
998,23.298498705029488,0.0019378662109375,-0.00023633244563825428,0.9958156943321228,0.995945394039154,-0.00299072265625,0.9982028603553772,0.9989471435546875,0,0
999,23.321441560052335,0.0012214183807373047,0.5571052432060242,0.0019183158874511719,0.9990615844726562,-0.00299072265625,0.9991095662117004,0.9989471435546875,0,0
1000,23.34578115097247,0.0019387006759643555,0.0011429786682128906,0.0019383430480957031,0.9989476203918457,-0.00299072265625,0.9989474415779114,0.9989471435546875,0,0
1001,23.36895098700188,0.0019414424896240234,0.0047637224197387695,0.0019402503967285156,0.9989490509033203,-0.00299072265625,0.998948335647583,0.9989471435546875,0,0
1002,23.39204462012276,0.001629948616027832,0.6090431213378906,0.002066373825073242,0.9991165399551392,-0.00299072265625,0.999104380607605,0.9989471435546875,0,0
1003,23.415365159045905,0.001940011978149414,0.0026252269744873047,0.0019391775131225586,0.9989482164382935,-0.00299072265625,0.9989477396011353,0.9989471435546875,0,0
1004,23.438455716939643,0.002167224884033203,0.35400843620300293,0.0020859241485595703,0.9990732669830322,-0.00299072265625,0.9990230798721313,0.9682159423828125,0,0
1005,23.462038533063605,0.0019381046295166016,0.00031435489654541016,0.0019381046295166016,0.998947262763977,-0.00299072265625,0.998947262763977,0.9989471435546875,0,0
1006,23.485220665112138,0.001194000244140625,0.520491898059845,0.001965165138244629,0.9990823268890381,-0.00299072265625,0.9991157054901123,0.99896240234375,0,0
1007,23.50845011207275,0.002082347869873047,0.2549533247947693,0.0020407438278198242,0.9990363121032715,-0.00299072265625,0.9990025758743286,0.9989471435546875,0,0
1008,23.5317838920746,0.0019379854202270508,0.00010603666305541992,0.0019379854202270508,0.998947262763977,-0.00299072265625,0.998947262763977,0.9989471435546875,0,0
1009,23.555041968123987,0.0019378662109375,-0.00023669007350690663,0.0019378662109375,0.9989471435546875,-0.00299072265625,0.9989471435546875,0.9989471435546875,0,0
1010,23.578182267025113,0.002055644989013672,0.16694647073745728,0.0020093917846679688,0.99900221824646,-0.00299072265625,0.9989795684814453,0.9989471435546875,0,0
1011,23.60145645402372,0.0019378662109375,-0.00023710730602033436,0.0019378662109375,0.9989471435546875,-0.00299072265625,0.9989471435546875,0.9989471435546875,0,0
1012,23.624694159952924,0.001949906349182129,0.01598215103149414,0.001944899559020996,0.9989528656005859,-0.00299072265625,0.9989508390426636,0.9989471435546875,0,0
1013,23.64785571792163,0.0019379854202270508,-0.00025242569972760975,0.0019378662109375,0.9989471435546875,-0.00299072265625,0.9951164722442627,0.9989471435546875,0,0
1014,23.671268498059362,0.0021533966064453125,0.5035185217857361,0.00212860107421875,0.9991178512573242,-0.00299072265625,0.9990593194961548,0.9989471435546875,0,0
1015,23.69463348109275,0.0019434690475463867,0.007413983345031738,0.0019414424896240234,0.9989500045776367,-0.00299072265625,0.9989479184150696,0.9989471435546875,0,0
1016,23.71873670211062,0.0019379854202270508,-6.675721124338452e-06,0.0019379854202270508,0.998947262763977,-0.00299072265625,0.998947262763977,0.9989471435546875,0,0
1017,23.74217509292066,0.0019378662109375,-0.00023764374782331288,0.0019378662109375,0.9989471435546875,-0.00299072265625,0.9989471435546875,0.9989471435546875,0,0
1018,23.765550723997876,0.998936116695404,0.04224542900919914,0.0014111995697021484,0.9988300800323486,-0.00299072265625,0.9990710020065308,0.9989471435546875,0,0
1019,23.788813188904896,0.002075791358947754,0.234693706035614,0.0020334720611572266,0.9990235567092896,-0.00299072265625,0.9989938735961914,0.9989471435546875,0,0
1020,23.812161969020963,0.001978158950805664,0.05488866567611694,0.0019638538360595703,0.9989670515060425,-0.00299072265625,0.9989598393440247,0.9989471435546875,0,0
1021,23.835410859901458,0.0019388198852539062,0.001244664192199707,0.0019383430480957031,0.9989476203918457,-0.00299072265625,0.9989474415779114,0.9989471435546875,0,0
1022,23.85871565900743,0.0020475387573242188,0.16854029893875122,0.0020084381103515625,0.9990024566650391,-0.00299072265625,0.9989832639694214,0.9989471435546875,0,0
1023,23.882026920095086,0.0019381046295166016,0.0001793503761291504,0.0019379854202270508,0.998947262763977,-0.00299072265625,0.998947262763977,0.9989471435546875,0,0
1024,23.905291866976768,0.0020012855529785156,0.08852088451385498,0.00197601318359375,0.9989790916442871,-0.00299072265625,0.9989676475524902,0.9989471435546875,0,0
1025,23.92853696201928,0.0019383430480957031,0.0006189346313476562,0.0019381046295166016,0.9989473819732666,-0.00299072265625,0.9989473819732666,0.9989471435546875,0,0
1026,23.9518805379048,0.0019649267196655273,0.03296178579330444,0.001953601837158203,0.9989591836929321,-0.00299072265625,0.998954713344574,0.9989471435546875,0,0
1027,23.97508124401793,0.0019267797470092773,0.005461692810058594,0.0019252300262451172,0.9989339113235474,-0.00299072265625,0.9989330768585205,0.998931884765625,0,0
1028,23.99844346800819,0.0018761157989501953,-0.0011022691614925861,0.0018764734268188477,0.9988857507705688,-0.00299072265625,0.9988821148872375,0.998870849609375,0,0
1029,24.021555545041338,0.0017457008361816406,-0.010035396553575993,0.0017375946044921875,0.9987461566925049,-0.00299072265625,0.9987462759017944,0.998748779296875,0,0
1030,24.044787917053327,0.001584172248840332,-0.007726133801043034,0.0015752315521240234,0.9985804557800293,-0.00299072265625,0.9985783100128174,0.998565673828125,0,0
1031,24.068035420030355,0.001371622085571289,-0.00861275289207697,0.0013703107833862305,0.9983687400817871,-0.00299072265625,0.9983645677566528,0.9983673095703125,0,0
1032,24.0923247509636,0.0011446475982666016,-0.009737790562212467,0.0011417865753173828,0.9981507062911987,-0.00299072265625,0.9981400966644287,0.998138427734375,0,0
1033,24.115450735902414,0.0009185075759887695,-0.011131049133837223,0.0009131431579589844,0.997917890548706,-0.00299072265625,0.9979080557823181,0.9979095458984375,0,0
1034,24.138611016096547,0.0007021427154541016,0.02920633554458618,0.0006875991821289062,0.9976919889450073,-0.00299072265625,0.9976826906204224,0.9976654052734375,0,0
1035,24.161953499075025,0.0004718303680419922,-0.008225382305681705,0.0004703998565673828,0.9974727630615234,-0.00299072265625,0.9974650144577026,0.997467041015625,0,0
1036,24.185165853938088,0.0003718137741088867,0.08936232328414917,0.00033354759216308594,0.9973299503326416,-0.00299072265625,0.9973170161247253,0.9972991943359375,0,0
1037,24.208544651977718,0.00015032291412353516,-0.0054090628400444984,0.0001506805419921875,0.9971601963043213,-0.00299072265625,0.9971495270729065,0.9971466064453125,0,0
1038,24.231873172102496,7.808208465576172e-05,0.08618837594985962,5.602836608886719e-05,0.9970488548278809,-0.00299072265625,0.997029721736908,0.99700927734375,0,0
1039,24.254921026993543,0.999992311000824,0.2574918270111084,0.9999473690986633,0.9969374537467957,-0.00299072265625,0.9969022274017334,0.9968414306640625,0,0
1040,24.27809562208131,0.9996703863143921,-2.7252066135406494,0.9967727661132812,0.9949429631233215,-0.00299072265625,0.9964445233345032,0.9966583251953125,0,0
1041,24.301462882896885,0.999496340751648,-0.0064151291735470295,0.9994946718215942,0.9965039491653442,-0.00299072265625,0.9964916110038757,0.996490478515625,0,0
1042,24.324776551919058,0.9993329644203186,-0.009365321137011051,0.9993265867233276,0.9963354468345642,-0.00299072265625,0.9963355660438538,0.996337890625,0,0
1043,24.34791738796048,0.9992043375968933,-0.003859342075884342,0.9992049932479858,0.9962052702903748,-0.00299072265625,0.9961996674537659,0.9962005615234375,0,0
1044,24.37123289005831,0.9991486668586731,0.4213377833366394,0.999194324016571,0.9961825609207153,-0.00299072265625,0.9961444735527039,0.9960479736328125,0,0
1045,24.39457324403338,0.9988850355148315,-0.00599020766094327,0.9988724589347839,0.9958791732788086,-0.00299072265625,0.9958780407905579,0.995880126953125,0,0
1046,24.4178404500708,0.9950792193412781,-0.17119944095611572,0.9980001449584961,0.9953705668449402,-0.00299072265625,0.9957932829856873,0.995697021484375,0,0
1047,24.441094526089728,0.9985169172286987,-0.006556452251970768,0.9985172152519226,0.9955200552940369,-0.00299072265625,0.9955124258995056,0.995513916015625,0,0
1048,24.4644199910108,0.9982641935348511,0.5089268088340759,0.9984937310218811,0.9954995512962341,-0.00299072265625,0.9954670667648315,0.9953460693359375,0,0
1049,24.487870770972222,0.9981681704521179,-0.007778228260576725,0.998166561126709,0.9951690435409546,-0.00299072265625,0.9951611757278442,0.9951629638671875,0,0
1050,24.511571530019864,0.99798983335495,-0.009350837208330631,0.9979838132858276,0.9949926137924194,-0.00299072265625,0.9949859380722046,0.9949798583984375,0,0
1051,24.5348601071164,0.9978388547897339,0.023178398609161377,0.9978171586990356,0.9948223829269409,-0.00299072265625,0.9948167204856873,0.99481201171875,0,0
1052,24.558272127062082,0.996827244758606,0.7184592485427856,0.9976950287818909,0.9948104619979858,-0.00299072265625,0.9948267340660095,0.9946136474609375,0,0
1053,24.581566851120442,0.9974290728569031,-0.0017736259615048766,0.9974221587181091,0.9944211840629578,-0.00299072265625,0.9944145083427429,0.994415283203125,0,0
1054,24.60478550195694,0.9972068071365356,-0.009492517448961735,0.9972047209739685,0.9942071437835693,-0.00299072265625,0.9941993951797485,0.99420166015625,0,0
1055,24.628047558944672,0.9970027804374695,-0.010610104538500309,0.9969924688339233,0.9940005540847778,-0.00299072265625,0.9940003752708435,0.9940032958984375,0,0
1056,24.651305525097996,0.996793806552887,-0.00745850894600153,0.9967892169952393,0.9937914609909058,-0.00299072265625,0.993787407875061,0.9937896728515625,0,0
1057,24.67470858199522,0.9966039061546326,0.03794488310813904,0.996584951877594,0.9880019426345825,-0.00299072265625,0.9919344782829285,0.993560791015625,0,0
1058,24.69805699097924,0.996334969997406,-0.007496536709368229,0.9963245391845703,0.9933314919471741,-0.00299072265625,0.9877665638923645,0.993316650390625,0,0
1059,24.721496992977336,0.9962090849876404,0.2554417550563812,0.9961665868759155,0.9931555390357971,-0.00299072265625,0.9931154251098633,0.9930572509765625,0,0
1060,24.744926993967965,0.995907723903656,0.2940208315849304,0.995873749256134,0.9928582310676575,-0.00299072265625,0.9928181767463684,0.9927520751953125,0,0
1061,24.768315902911127,0.9954367876052856,0.005460023880004883,0.9954161047935486,0.9924198985099792,-0.00299072265625,0.9924036264419556,0.992401123046875,0,0
1062,24.79145833197981,0.9950236678123474,-0.019566388800740242,0.9950093626976013,0.9920113682746887,-0.00299072265625,0.9920004606246948,0.99200439453125,0,0
1063,24.81466335291043,0.9946489930152893,0.09606662392616272,0.9946022629737854,0.9915958046913147,-0.00299072265625,0.991569459438324,0.991546630859375,0,0
1064,24.8379766701255,0.9940952658653259,-0.020520301535725594,0.9940779209136963,0.9910846948623657,-0.00299072265625,0.991070568561554,0.9910736083984375,0,0
1065,24.861339004943147,0.9936536550521851,0.010898888111114502,0.9936318397521973,0.990629255771637,-0.00299072265625,0.9906110167503357,0.9906005859375,0,0
1066,24.884554747957736,0.993193507194519,-0.019305767491459846,0.993178129196167,0.9901849031448364,-0.00299072265625,0.9901720285415649,0.9901580810546875,0,0
1067,24.90779736195691,0.9886631369590759,-2.1380202770233154,0.9890719652175903,0.9881818294525146,-0.00299072265625,0.9896100759506226,0.989776611328125,0,0
1068,24.93107003089972,0.9925587773323059,0.18414664268493652,0.9925009608268738,0.9894880056381226,-0.00299072265625,0.9894526600837708,0.989410400390625,0,0
1069,24.95429373695515,0.9920928478240967,-0.01076054759323597,0.9920855164527893,0.9890908002853394,-0.00299072265625,0.9890756011009216,0.98907470703125,0,0
1070,24.977457147091627,0.9918196201324463,-3.216261148452759,0.9877566695213318,0.9868674874305725,-0.00299072265625,0.9883692264556885,0.988800048828125,0,0
1071,25.00061448290944,0.9916220903396606,0.37817439436912537,0.9916870594024658,0.9886917471885681,-0.00299072265625,0.9886585474014282,0.988555908203125,0,0
1072,25.023861614987254,0.9913622736930847,6.440236757043749e-05,0.9913520812988281,0.9883584976196289,-0.00299072265625,0.988350510597229,0.98834228515625,0,0
1073,25.04709482099861,0.9911646842956543,-0.007453233934938908,0.9911593794822693,0.9881613254547119,-0.00299072265625,0.9831111431121826,0.9881591796875,0,0
1074,25.070299064042047,0.9910113215446472,-0.0051437621004879475,0.9910111427307129,0.9880205988883972,-0.00299072265625,0.988017201423645,0.988006591796875,0,0
1075,25.093474715016782,0.9910143613815308,0.29846736788749695,0.9910030961036682,0.9879949688911438,-0.00299072265625,0.987966775894165,0.987884521484375,0,0
1076,25.116734734969214,0.9908149838447571,0.08123785257339478,0.990792453289032,0.9877886176109314,-0.00299072265625,0.98776775598526,0.9877471923828125,0,0
1077,25.13979510893114,0.9906657934188843,0.3590996265411377,0.9907097220420837,0.9877041578292847,-0.00299072265625,0.981408953666687,0.987579345703125,0,0
1078,25.163068406982347,0.990422785282135,0.001896679401397705,0.9904192090034485,0.9874280691146851,-0.00299072265625,0.9874136447906494,0.9874114990234375,0,0
1079,25.186532335123047,0.9899764060974121,0.4538639187812805,0.9903379082679749,0.9873836636543274,-0.00299072265625,0.9873689413070679,0.98724365234375,0,0
1080,25.20958668901585,0.9901078939437866,-0.006567121017724276,0.9900982975959778,0.987105667591095,-0.00299072265625,0.9870980381965637,0.987091064453125,0,0
1081,25.23256245208904,0.9899426698684692,-0.005464346148073673,0.9899429678916931,0.9869455695152283,-0.00299072265625,0.9869377017021179,0.9869384765625,0,0
1082,25.2557713619899,0.9893537759780884,0.42501476407051086,0.9897933006286621,0.9819742441177368,-0.00299072265625,0.9854638576507568,0.9867706298828125,0,0
1083,25.27881477191113,0.9888195991516113,0.37875422835350037,0.9895312786102295,0.9866868853569031,-0.00299072265625,0.9806085824966431,0.98663330078125,0,0
1084,25.301847109105438,0.9895010590553284,-0.0021417150273919106,0.9895016551017761,0.9865041375160217,-0.00299072265625,0.9864973425865173,0.9864959716796875,0,0
1085,25.324835871113464,0.9894031286239624,0.02722826600074768,0.9845244884490967,0.9833542704582214,-0.00299072265625,0.9858005046844482,0.9863739013671875,0,0
1086,25.347910448908806,0.9892717003822327,-0.00348323630169034,0.9892722368240356,0.9862724542617798,-0.00299072265625,0.9814098477363586,0.98626708984375,0,0
1087,25.371070469962433,0.9890028834342957,0.46299007534980774,0.9892646074295044,0.980206310749054,-0.00299072265625,0.9844354391098022,0.9861602783203125,0,0
1088,25.394033435964957,0.986667275428772,0.02819659747183323,0.9886136651039124,0.9859452247619629,-0.00299072265625,0.9861470460891724,0.98602294921875,0,0
1089,25.417222067946568,0.9889100790023804,-0.005778104532510042,0.9889065027236938,0.9859151840209961,-0.00299072265625,0.9859083294868469,0.98590087890625,0,0
1090,25.440200257115066,0.9887682199478149,-0.0034983763471245766,0.9887688159942627,0.9857690930366516,-0.00299072265625,0.9857639670372009,0.9857635498046875,0,0
1091,25.463317834073678,0.9886117577552795,-0.009265066124498844,0.9886020421981812,0.9856095314025879,-0.00299072265625,0.9855997562408447,0.985595703125,0,0
1092,25.486470706993714,0.9884483218193054,-1.560081124305725,0.9860996603965759,0.984384298324585,-0.00299072265625,0.9851690530776978,0.985443115234375,0,0
1093,25.509347099112347,0.9882954955101013,-0.00719380471855402,0.9882832765579224,0.9852896928787231,-0.00299072265625,0.9852890968322754,0.9852752685546875,0,0
1094,25.532407713122666,0.9881399869918823,0.006462991237640381,0.9881339073181152,0.985141932964325,-0.00299072265625,0.9851275086402893,0.9851226806640625,0,0
1095,25.55536055006087,0.9879515767097473,-0.0025375192053616047,0.9879416823387146,0.9849436283111572,-0.00299072265625,0.9849395751953125,0.98492431640625,0,0
1096,25.579354993999004,0.9877763390541077,-0.0078870365396142,0.9877631664276123,0.9847711324691772,-0.00299072265625,0.9847701191902161,0.984771728515625,0,0
1097,25.60251684812829,0.9853896498680115,0.10288828611373901,0.9824074506759644,0.9814610481262207,-0.00299072265625,0.9839248061180115,0.9846343994140625,0,0
1098,25.62535529700108,0.9875810146331787,-2.1265194416046143,0.9852670431137085,0.9831972718238831,-0.00299072265625,0.9842947125434875,0.98455810546875,0,0
1099,25.648476151051,0.9871315360069275,0.41311541199684143,0.9875866770744324,0.9846384525299072,-0.00299072265625,0.9846603870391846,0.9845428466796875,0,0
1100,25.671460950979963,0.9876130819320679,0.11605346202850342,0.9875876903533936,0.9845852255821228,-0.00299072265625,0.9845706820487976,0.9845428466796875,0,0
1101,25.69450536207296,0.9875586032867432,0.032725989818573,0.9875485897064209,0.9845555424690247,-0.00299072265625,0.9845505356788635,0.9845428466796875,0,0
1102,25.717805623076856,0.9876075387001038,0.1087963879108429,0.9875803589820862,0.9845826029777527,-0.00299072265625,0.9845712780952454,0.9845428466796875,0,0
1103,25.740809662966058,0.9876273274421692,0.13047689199447632,0.9875904321670532,0.9845907092094421,-0.00299072265625,0.9845712780952454,0.9845428466796875,0,0
1104,25.763968555023894,0.9875842332839966,-1.4697511196136475,0.9852696061134338,0.9831973314285278,-0.00299072265625,0.9842897653579712,0.9845428466796875,0,0
1105,25.78706574300304,0.9875347018241882,0.00044217705726623535,0.9875345826148987,0.9845438599586487,-0.00299072265625,0.9845436811447144,0.9845428466796875,0,0
1106,25.810202857013792,0.9875344038009644,0.0001665055751800537,0.9875344038009644,0.9845436811447144,-0.00299072265625,0.9845436811447144,0.9845428466796875,0,0
1107,25.833345415070653,0.9875344038009644,0.0001590251922607422,0.9875344038009644,0.9845436811447144,-0.00299072265625,0.9845436811447144,0.9845428466796875,0,0
1108,25.856298214988783,0.9875345826148987,0.0001665055751800537,0.9875344038009644,0.9845436811447144,-0.00299072265625,0.9845436811447144,0.9845428466796875,0,0
1109,25.879346810048446,0.9875702261924744,0.04923593997955322,0.987557590007782,0.9845631122589111,-0.00299072265625,0.9845550060272217,0.9845428466796875,0,0
1110,25.90235025808215,0.9875344038009644,0.00014406442642211914,0.9875344038009644,0.9845436811447144,-0.00299072265625,0.9845436811447144,0.9845428466796875,0,0
1111,25.925364206079394,0.9876166582107544,0.3473186194896698,0.9876539707183838,0.9846513867378235,-0.00299072265625,0.9846235513687134,0.9845428466796875,0,0
1112,25.949806795921177,0.9875345826148987,0.0001513659954071045,0.9875344038009644,0.9845436811447144,-0.00299072265625,0.9845436811447144,0.9845428466796875,0,0
1113,25.9729655389674,0.9875767230987549,0.05880215764045715,0.9875620007514954,0.9845630526542664,-0.00299072265625,0.9845560789108276,0.9845428466796875,0,0
1114,25.996222615940496,0.9875191450119019,-0.00024369405582547188,0.9875191450119019,0.9845284223556519,-0.00299072265625,0.9845284223556519,0.984527587890625,0,0
1115,26.0193690629676,0.9875191450119019,-0.00023624347522854805,0.9875191450119019,0.9845284223556519,-0.00299072265625,0.9845284223556519,0.984527587890625,0,0
1116,26.04355950606987,0.9875580668449402,0.05378800630569458,0.9875444173812866,0.9845495820045471,-0.00299072265625,0.9845420122146606,0.984527587890625,0,0
1117,26.066522157052532,0.9875191450119019,-0.00022870303655508906,0.9875191450119019,0.9845284223556519,-0.00299072265625,0.9845284223556519,0.984527587890625,0,0
1118,26.089953696122393,0.9874740242958069,0.39037537574768066,0.9876091480255127,0.9787516593933105,-0.00299072265625,0.9828283190727234,0.9845123291015625,0,0
1119,26.112951050978154,0.9875236749649048,0.16640329360961914,0.9874884486198425,0.9844862818717957,-0.00299072265625,0.9844476580619812,0.984405517578125,0,0
1120,26.135886813979596,0.9872515201568604,0.00576859712600708,0.9814038276672363,0.9805561900138855,-0.00299072265625,0.9834650754928589,0.9842376708984375,0,0
1121,26.158827854087576,0.987165629863739,0.45255017280578613,0.9872413277626038,0.9842360019683838,-0.00299072265625,0.9842059016227722,0.9840850830078125,0,0
1122,26.181969857076183,0.9869719743728638,-2.1309385299682617,0.9847015738487244,0.982616126537323,-0.00299072265625,0.9836965799331665,0.9839630126953125,0,0
1123,26.204847489949316,0.9868929386138916,-0.005213500000536442,0.9868805408477783,0.9838878512382507,-0.00299072265625,0.9838859438896179,0.98388671875,0,0
1124,26.22809725208208,0.9867274761199951,0.39623117446899414,0.9869092106819153,0.98393714427948,-0.00299072265625,0.9816722273826599,0.98382568359375,0,0
1125,26.25105582899414,0.986724853515625,-0.0048636794090271,0.9867124557495117,0.9837197661399841,-0.00299072265625,0.9837181568145752,0.9837188720703125,0,0
1126,26.273957944009453,0.98658686876297,-0.005593896843492985,0.9865763187408447,0.9835822582244873,-0.00299072265625,0.9835805296897888,0.98358154296875,0,0
1127,26.29705048399046,0.9864370226860046,-0.0019206107826903462,0.9806906580924988,0.9805808067321777,-0.00299072265625,0.9826763868331909,0.983428955078125,0,0
1128,26.31996417301707,0.9860394597053528,0.4130764603614807,0.9863412976264954,0.9833998680114746,-0.00299072265625,0.9834045767784119,0.9832916259765625,0,0
1129,26.34285971405916,0.986148476600647,-0.004498750437051058,0.9861453771591187,0.9831542372703552,-0.00299072265625,0.9831472039222717,0.9831390380859375,0,0
1130,26.36581703205593,0.985992968082428,0.35855308175086975,0.9860890507698059,0.9830913543701172,-0.00299072265625,0.9830631017684937,0.98297119140625,0,0
1131,26.38897353503853,0.9857527017593384,-0.001570910564623773,0.9857497215270996,0.9827491044998169,-0.00299072265625,0.9827427864074707,0.98272705078125,0,0
1132,26.412062796996906,0.9854889512062073,0.34891194105148315,0.9855677485466003,0.9825776815414429,-0.00299072265625,0.9825435876846313,0.982452392578125,0,0
1133,26.435185411013663,0.9852182865142822,-0.0034185948316007853,0.9852032661437988,0.9822094440460205,-0.00299072265625,0.9822040796279907,0.9821929931640625,0,0
1134,26.4583253019955,0.9823351502418518,0.18694308400154114,0.9843753576278687,0.9817294478416443,-0.00299072265625,0.9820958971977234,0.9819793701171875,0,0
1135,26.481331971939653,0.9848470687866211,-2.0008456707000732,0.9820659160614014,0.9801482558250427,-0.00299072265625,0.9815636277198792,0.9817962646484375,0,0
1136,26.507533444091678,0.9845868945121765,-0.0072713494300842285,0.9845779538154602,0.9815840721130371,-0.00299072265625,0.9815810918807983,0.9815826416015625,0,0
1137,26.531078686006367,0.9790208339691162,-0.7444987297058105,0.9832022190093994,0.9807549118995667,-0.00299072265625,0.9813039898872375,0.98138427734375,0,0
1138,26.55405654106289,0.9825659394264221,0.14334242045879364,0.9838476181030273,0.9811477661132812,-0.00299072265625,0.9813065528869629,0.9812164306640625,0,0
1139,26.577193784993142,0.9841285943984985,0.08431142568588257,0.9840986132621765,0.9810966849327087,-0.00299072265625,0.9810805916786194,0.981048583984375,0,0
1140,26.600435768952593,0.9839035868644714,-0.004976392257958651,0.9838902950286865,0.9808963537216187,-0.00299072265625,0.9808955192565918,0.98089599609375,0,0
1141,26.62360540102236,0.9832333922386169,0.39138689637184143,0.9837184548377991,0.9807941317558289,-0.00299072265625,0.980843186378479,0.9807281494140625,0,0
1142,26.64656736701727,0.9835975766181946,0.05754119157791138,0.9835805296897888,0.980584979057312,-0.00299072265625,0.9805712103843689,0.9805450439453125,0,0
1143,26.669846462085843,0.9834545254707336,-0.8646023273468018,0.9821682572364807,0.9797077178955078,-0.00299072265625,0.9803189039230347,0.9803619384765625,0,0
1144,26.69410775694996,0.9798334240913391,-0.34447765350341797,0.9822536706924438,0.9796923995018005,-0.00299072265625,0.9801828265190125,0.9802093505859375,0,0
1145,26.716963798040524,0.983062744140625,0.01783651113510132,0.9830462336540222,0.980050802230835,-0.00299072265625,0.980046272277832,0.98004150390625,0,0
1146,26.740068855928257,0.9828633666038513,-0.004574836231768131,0.9828572273254395,0.9798624515533447,-0.00299072265625,0.9798583388328552,0.9798583984375,0,0
1147,26.763063230086118,0.9801706671714783,0.19625551998615265,0.9824050068855286,0.9796145558357239,-0.00299072265625,0.9797971248626709,0.9796905517578125,0,0
1148,26.785862900083885,0.9825241565704346,-0.009566755034029484,0.9825139045715332,0.9795222878456116,-0.00299072265625,0.9795219302177429,0.979522705078125,0,0
1149,26.809017792111263,0.9823606610298157,-0.006139607168734074,0.9823565483093262,0.9793605208396912,-0.00299072265625,0.9793549180030823,0.9793548583984375,0,0
1150,26.831901795929298,0.9821853041648865,0.3451104760169983,0.9823035597801208,0.9793183207511902,-0.00299072265625,0.979282021522522,0.9792022705078125,0,0
1151,26.85520044597797,0.9820466637611389,-0.008173705078661442,0.9820410013198853,0.9790496230125427,-0.00299072265625,0.9790424108505249,0.979034423828125,0,0
1152,26.878115172032267,0.9818786978721619,-0.008464277721941471,0.981873095035553,0.9788815379142761,-0.00299072265625,0.9788776636123657,0.9788665771484375,0,0
1153,26.90114686009474,0.9817053079605103,-0.006139576900750399,0.9817007780075073,0.9787027835845947,-0.00299072265625,0.9786983132362366,0.9786834716796875,0,0
1154,26.924443325027823,0.9815218448638916,-0.009701103903353214,0.981520414352417,0.9785297513008118,-0.00299072265625,0.9785264730453491,0.978515625,0,0
1155,26.947491384111345,0.9813719987869263,-0.008188636042177677,0.9813687205314636,0.9783779382705688,-0.00299072265625,0.9783782958984375,0.9783782958984375,0,0
1156,26.970841829897836,0.9812238812446594,-0.00681766914203763,0.981217086315155,0.9782259464263916,-0.00299072265625,0.9782260060310364,0.957855224609375,0,0
1157,26.9939766661264,0.9810633063316345,-0.00911265704780817,0.9810627102851868,0.9780722260475159,-0.00299072265625,0.9780730605125427,0.9780731201171875,0,0
1158,27.01726207602769,0.9808979630470276,-0.008874326944351196,0.9808955788612366,0.9779046773910522,-0.00299072265625,0.9779050946235657,0.9779052734375,0,0
1159,27.04037450393662,0.9808377027511597,0.15967267751693726,0.9807987213134766,0.9777972102165222,-0.00299072265625,0.9777801036834717,0.9777374267578125,0,0
1160,27.06332234106958,0.9805693626403809,-0.007868588902056217,0.9805619716644287,0.9775702953338623,-0.00299072265625,0.9775627851486206,0.9775543212890625,0,0
1161,27.086346417898312,0.9804223775863647,0.013566523790359497,0.9804101586341858,0.9774137735366821,-0.00299072265625,0.9774067401885986,0.9774017333984375,0,0
1162,27.10924192192033,0.9802407622337341,-0.007175743579864502,0.9802398681640625,0.977249264717102,-0.00299072265625,0.9772385358810425,0.97723388671875,0,0
1163,27.13222214812413,0.9801692962646484,0.1330069601535797,0.9801366925239563,0.9771360158920288,-0.00299072265625,0.9771081209182739,0.9770660400390625,0,0
1164,27.155118576949462,0.9799163341522217,-0.007890969514846802,0.979905903339386,0.9769142270088196,-0.00299072265625,0.9769136905670166,0.9769134521484375,0,0
1165,27.177939896006137,0.9797669649124146,-0.004821629263460636,0.979767382144928,0.9767770171165466,-0.00299072265625,0.9767774939537048,0.9767608642578125,0,0
1166,27.20112467603758,0.979645848274231,-0.0024299630895256996,0.9796462059020996,0.9766556620597839,-0.00299072265625,0.9766432642936707,0.9766387939453125,0,0
1167,27.223980420967564,0.9795386791229248,-0.003353836014866829,0.9795390963554382,0.9765486717224121,-0.00299072265625,0.9765490293502808,0.9765472412109375,0,0
1168,27.24696699809283,0.9794875979423523,0.09142482280731201,0.9794610142707825,0.9764636158943176,-0.00299072265625,0.9764489531517029,0.9764251708984375,0,0
1169,27.270236852113158,0.9793865084648132,0.14644700288772583,0.9793604612350464,0.976357102394104,-0.00299072265625,0.9763275384902954,0.976287841796875,0,0
1170,27.293346096063033,0.9792013168334961,0.05858930945396423,0.9791866540908813,0.976180374622345,-0.00299072265625,0.9761685132980347,0.9761505126953125,0,0
1171,27.316583746112883,0.9790043234825134,-0.006022186018526554,0.9789974689483643,0.9760026335716248,-0.00299072265625,0.9759982228279114,0.9759979248046875,0,0
1172,27.339624712010846,0.9788654446601868,0.026961416006088257,0.9788511991500854,0.9758581519126892,-0.00299072265625,0.9758415222167969,0.975830078125,0,0
1173,27.36292664008215,0.9786568880081177,-0.007877678610384464,0.978653609752655,0.9756627678871155,-0.00299072265625,0.9756630063056946,0.9756622314453125,0,0
1174,27.38582714390941,0.9785720109939575,0.23533901572227478,0.9738278985023499,0.9732047319412231,-0.00299072265625,0.9747035503387451,0.9754791259765625,0,0
1175,27.408827184000984,0.9780029654502869,0.327666699886322,0.9783609509468079,0.9754036664962769,-0.00299072265625,0.9754095673561096,0.975311279296875,0,0
1176,27.432206945028156,0.9781498908996582,-0.00893563125282526,0.9781367778778076,0.9751443266868591,-0.00299072265625,0.9751438498497009,0.975128173828125,0,0
1177,27.45544783701189,0.9779539108276367,-0.004972011316567659,0.9779526591300964,0.9749618768692017,-0.00299072265625,0.9749494194984436,0.974945068359375,0,0
1178,27.47857304289937,0.9777693748474121,-2.33827805519104,0.9754381775856018,0.9733519554138184,-0.00299072265625,0.9744434952735901,0.974761962890625,0,0
1179,27.501859601121396,0.9776619076728821,0.13217788934707642,0.9776241183280945,0.9746254086494446,-0.00299072265625,0.9746033549308777,0.9745635986328125,0,0
1180,27.52483266009949,0.9774726033210754,0.15494689345359802,0.9774439334869385,0.974443256855011,-0.00299072265625,0.9744161367416382,0.974365234375,0,0
1181,27.547953051049262,0.9773072004318237,0.21651065349578857,0.9772945642471313,0.974287748336792,-0.00299072265625,0.9742571115493774,0.9741973876953125,0,0
1182,27.57108685001731,0.9770538806915283,-0.008072287775576115,0.9770516753196716,0.9740609526634216,-0.00299072265625,0.9740614295005798,0.97406005859375,0,0
1183,27.594085945980623,0.9751518964767456,0.01873457431793213,0.9766055345535278,0.9738554954528809,-0.00299072265625,0.9739974141120911,0.9739227294921875,0,0
1184,27.617233430035412,0.976885974407196,0.13677379488945007,0.9768571853637695,0.9738571047782898,-0.00299072265625,0.9738359451293945,0.9738006591796875,0,0
1185,27.640216082101688,0.9767088890075684,0.0042951107025146484,0.9766939282417297,0.9736984372138977,-0.00299072265625,0.9736970663070679,0.97369384765625,0,0
1186,27.66361217596568,0.9764074087142944,0.23399657011032104,0.9766973853111267,0.9736989736557007,-0.00299072265625,0.9736777544021606,0.973602294921875,0,0
1187,27.687609805027023,0.9765822887420654,0.0014413893222808838,0.9765819311141968,0.9735910296440125,-0.00299072265625,0.9735907316207886,0.9735870361328125,0,0
1188,27.710889196023345,0.97625732421875,0.3165116012096405,0.9765797257423401,0.9736344814300537,-0.00299072265625,0.9736656546592712,0.97357177734375,0,0
1189,27.733864180976525,0.9765661954879761,-2.254154920578003,0.97431880235672,0.9722070097923279,-0.00299072265625,0.9732667803764343,0.97357177734375,0,0
1190,27.756990609923378,0.9765660166740417,-0.00022760035062674433,0.9765660166740417,0.9735752940177917,-0.00299072265625,0.9735752940177917,0.97357177734375,0,0
1191,27.78020359412767,0.9765673875808716,0.001992642879486084,0.9765669107437134,0.973576009273529,-0.00299072265625,0.97357577085495,0.97357177734375,0,0
1192,27.80352735496126,0.9765660166740417,-0.00024253131414297968,0.9765660166740417,0.9735752940177917,-0.00299072265625,0.9713279008865356,0.97357177734375,0,0
1193,27.826360600069165,0.9765660166740417,-0.00023517014051321894,0.9765660166740417,0.9735752940177917,-0.00299072265625,0.9735752940177917,0.97357177734375,0,0
1194,27.84945497312583,0.9765660166740417,-4.160404569120146e-05,0.9765660166740417,0.9735752940177917,-0.00299072265625,0.9713279604911804,0.97357177734375,0,0
1195,27.87258667894639,0.9765660166740417,-0.00024315716291312128,0.9765660166740417,0.9735752940177917,-0.00299072265625,0.9735752940177917,0.97357177734375,0,0
1196,27.895893996115774,0.9765660166740417,-0.00023570658231619745,0.9765660166740417,0.9735752940177917,-0.00299072265625,0.9735752940177917,0.97357177734375,0,0
1197,27.918842574115843,0.9766348600387573,-1.0723446607589722,0.9748537540435791,0.9728140234947205,-0.00299072265625,0.9735299944877625,0.97357177734375,0,0
1198,27.942856240086257,0.9765661358833313,0.000136643648147583,0.9765660166740417,0.969066321849823,-0.00299072265625,0.9722068905830383,0.97357177734375,0,0
1199,27.965878983959556,0.9765661954879761,0.00020328164100646973,0.9765660166740417,0.9735752940177917,-0.00299072265625,0.9735625982284546,0.9735565185546875,0,0
1200,27.989175244932994,0.9765350818634033,-0.0006162822246551514,0.9765352606773376,0.9735445380210876,-0.00299072265625,0.9735445380210876,0.973541259765625,0,0
1201,28.01237678504549,0.9765354990959167,0.00012874603271484375,0.9765354990959167,0.9735447764396667,-0.00299072265625,0.9735447764396667,0.973541259765625,0,0
1202,28.03546536201611,0.9765200018882751,-0.00016951560974121094,0.9765201807022095,0.9735294580459595,-0.00299072265625,0.9735294580459595,0.9735260009765625,0,0
1203,28.060101747047156,0.9764121770858765,-0.00849926471710205,0.9764107465744019,0.9734200835227966,-0.00299072265625,0.9734092950820923,0.9554443359375,0,0
1204,28.083093527937308,0.976203203201294,-0.010041833855211735,0.9761975407600403,0.9731995463371277,-0.00299072265625,0.9731919169425964,0.9731903076171875,0,0
1205,28.106099382974207,0.9760146737098694,-0.00759816262871027,0.976003885269165,0.9730100035667419,-0.00299072265625,0.9730084538459778,0.9730072021484375,0,0
1206,28.12912172009237,0.9758774638175964,-0.0039771804586052895,0.9758710265159607,0.9728761315345764,-0.00299072265625,0.9728719592094421,0.972869873046875,0,0
1207,28.15215396392159,0.9757407903671265,-0.004916042555123568,0.9757406711578369,0.972750186920166,-0.00299072265625,0.9727393388748169,0.9727325439453125,0,0
1208,28.17537266993895,0.9756192564964294,-0.0058995196595788,0.9756057858467102,0.9726136922836304,-0.00299072265625,0.9726123809814453,0.9726104736328125,0,0
1209,28.198594690999016,0.9754967093467712,-0.0025989124551415443,0.9754971265792847,0.9724997282028198,-0.00299072265625,0.972493052482605,0.9724884033203125,0,0
1210,28.221635452937335,0.9753996133804321,-0.0058548166416585445,0.9753907322883606,0.9723994135856628,-0.00299072265625,0.972399115562439,0.9723968505859375,0,0
1211,28.244972529122606,0.9752984642982483,-0.002725869882851839,0.970946192741394,0.9701389670372009,-0.00299072265625,0.9718749523162842,0.9722900390625,0,0
1212,28.26819343911484,0.975206732749939,-0.0032251188531517982,0.9752071499824524,0.9722166061401367,-0.00299072265625,0.9722169637680054,0.9722137451171875,0,0
1213,28.29147327505052,0.9716898202896118,-0.16327868402004242,0.9742180705070496,0.971823513507843,-0.00299072265625,0.972194254398346,0.9721221923828125,0,0
1214,28.314340685959905,0.9750542640686035,-0.0036201779730618,0.9750544428825378,0.9720639586448669,-0.00299072265625,0.9720643758773804,0.9720611572265625,0,0
1215,28.337471374077722,0.9749281406402588,-0.008187384344637394,0.9749178886413574,0.971926212310791,-0.00299072265625,0.9719255566596985,0.971923828125,0,0
1216,28.360723209101707,0.9747642874717712,-0.004551858175545931,0.9747575521469116,0.9717612266540527,-0.00299072265625,0.9717581272125244,0.954620361328125,0,0
1217,28.38401034101844,0.9745683670043945,-0.008955121971666813,0.9745652675628662,0.9715745449066162,-0.00299072265625,0.9715656042098999,0.9715576171875,0,0
1218,28.407229325035587,0.974394679069519,-0.0036281945649534464,0.9743835926055908,0.9713836312294006,-0.00299072265625,0.9713778495788574,0.97137451171875,0,0
1219,28.431379304965958,0.9716544151306152,-0.04495655745267868,0.9735700488090515,0.9710270762443542,-0.00299072265625,0.9713284373283386,0.9712371826171875,0,0
1220,28.454599197022617,0.9728966951370239,0.24557076394557953,0.9739413261413574,0.9710718393325806,-0.00299072265625,0.9711866974830627,0.9710845947265625,0,0
1221,28.47772862506099,0.9739260077476501,-0.0067803869023919106,0.9739250540733337,0.9709306359291077,-0.00299072265625,0.9709221720695496,0.970916748046875,0,0
1222,28.500859406078234,0.9735719561576843,0.287852942943573,0.9737953543663025,0.9708420038223267,-0.00299072265625,0.9708445072174072,0.9707489013671875,0,0
1223,28.524227482033893,0.9737002849578857,0.14462289214134216,0.9736835360527039,0.9706814289093018,-0.00299072265625,0.9665157794952393,0.970611572265625,0,0
1224,28.547349466010928,0.9735694527626038,0.219761461019516,0.9735788702964783,0.9705819487571716,-0.00299072265625,0.9705666899681091,0.970489501953125,0,0
1225,28.57013572892174,0.9733912944793701,-0.004054099787026644,0.9733916521072388,0.9704011082649231,-0.00299072265625,0.970387876033783,0.9703826904296875,0,0
1226,28.59337175008841,0.973284900188446,-0.004195750690996647,0.9732757210731506,0.970281720161438,-0.00299072265625,0.9702785611152649,0.97027587890625,0,0
1227,28.61648188298568,0.9731720089912415,-0.006751448381692171,0.973163902759552,0.9701723456382751,-0.00299072265625,0.9701719284057617,0.9701690673828125,0,0
1228,28.63937807106413,0.9730417728424072,-0.007369847968220711,0.9730402231216431,0.9700495600700378,-0.00299072265625,0.9700500965118408,0.9700469970703125,0,0
1229,28.662606907077134,0.9729035496711731,-0.006528080441057682,0.9729029536247253,0.9699125289916992,-0.00299072265625,0.969913125038147,0.96990966796875,0,0
1230,28.68589105689898,0.9727691411972046,-0.0018491448136046529,0.9727675914764404,0.9697729349136353,-0.00299072265625,0.9697640538215637,0.969757080078125,0,0
1231,28.708988171070814,0.9726659655570984,0.041990071535110474,0.9694486856460571,0.9680854678153992,-0.00299072265625,0.9693620204925537,0.9696197509765625,0,0
1232,28.732387024909258,0.9724915027618408,-0.003600270487368107,0.972491979598999,0.9695014953613281,-0.00299072265625,0.9694891571998596,0.969482421875,0,0
1233,28.755604101112112,0.97246253490448,0.18955618143081665,0.9724605679512024,0.9694597721099854,-0.00299072265625,0.9694381356239319,0.9693756103515625,0,0
1234,28.778584531042725,0.9722623825073242,-0.005611896514892578,0.9722625017166138,0.9692720770835876,-0.00299072265625,0.9692606329917908,0.9692535400390625,0,0
1235,28.802762381033972,0.9721406698226929,-0.005656540859490633,0.9721317887306213,0.9691367745399475,-0.00299072265625,0.969134509563446,0.9691314697265625,0,0
1236,28.825984087074175,0.9720039367675781,-0.002959669101983309,0.972004234790802,0.9690043926239014,-0.00299072265625,0.9689986109733582,0.968994140625,0,0
1237,28.84913973789662,0.9718659520149231,-1.9666647911071777,0.969379186630249,0.9676721692085266,-0.00299072265625,0.9665263295173645,0.9688568115234375,0,0
1238,28.872131501091644,0.971734344959259,0.004438430070877075,0.9717192053794861,0.9687264561653137,-0.00299072265625,0.9687249660491943,0.968719482421875,0,0
1239,28.895354928914458,0.9715620279312134,-0.006551176309585571,0.9715608954429626,0.9685702323913574,-0.00299072265625,0.9685613512992859,0.9685516357421875,0,0
1240,28.91836422891356,0.9714480042457581,0.07013756036758423,0.9714258313179016,0.9684299826622009,-0.00299072265625,0.9684154391288757,0.9683837890625,0,0
1241,28.94186387793161,0.9712716937065125,0.05148887634277344,0.9712377190589905,0.968239426612854,-0.00299072265625,0.9682328701019287,0.96820068359375,0,0
1242,28.96502934396267,0.9701549410820007,0.19344475865364075,0.9708535671234131,0.9680154323577881,-0.00299072265625,0.968086838722229,0.9680023193359375,0,0
1243,28.988153975922614,0.9708718061447144,0.11650261282920837,0.9708520174026489,0.9678469896316528,-0.00299072265625,0.9678267240524292,0.9677886962890625,0,0
1244,29.01127023808658,0.9668400287628174,-0.4348628520965576,0.9699232578277588,0.9672324061393738,-0.00299072265625,0.9675363898277283,0.96759033203125,0,0
1245,29.03423246392049,0.9703865051269531,-0.011483579874038696,0.970374584197998,0.9673805832862854,-0.00299072265625,0.9673792123794556,0.9673614501953125,0,0
1246,29.057371428934857,0.9702160358428955,0.05501270294189453,0.9701920747756958,0.967193067073822,-0.00299072265625,0.9671796560287476,0.9671630859375,0,0
1247,29.080616432009265,0.9700080752372742,-0.928791880607605,0.9688652157783508,0.9663331508636475,-0.00299072265625,0.9650356769561768,0.9669647216796875,0,0
1248,29.103893785970286,0.9695409536361694,0.24885450303554535,0.969810962677002,0.9668521881103516,-0.00299072265625,0.9668561816215515,0.966766357421875,0,0
1249,29.126882882090285,0.9695976972579956,-0.008503527380526066,0.9695936441421509,0.9665985107421875,-0.00299072265625,0.9665897488594055,0.966583251953125,0,0
1250,29.14989814395085,0.9694427251815796,-0.001142442342825234,0.9694333076477051,0.9664381146430969,-0.00299072265625,0.9664354920387268,0.9664154052734375,0,0
1251,29.174377049086615,0.9692912101745605,-0.0067081754095852375,0.9692885875701904,0.9662977457046509,-0.00299072265625,0.9662980437278748,0.9662933349609375,0,0
1252,29.197382311103866,0.9691944122314453,-0.9545786380767822,0.9643087983131409,0.9638789892196655,-0.00299072265625,0.9657012224197388,0.9661712646484375,0,0
1253,29.220610758056864,0.9690749645233154,-0.003743142355233431,0.9655010104179382,0.9643035531044006,-0.00299072265625,0.9633533358573914,0.9660797119140625,0,0
1254,29.243740428006276,0.9689836502075195,-0.004302114713937044,0.9689837694168091,0.9659932255744934,-0.00299072265625,0.9649125933647156,0.9659881591796875,0,0
1255,29.2672599661164,0.9689081311225891,-0.0014559929259121418,0.9689085483551025,0.9659110903739929,-0.00299072265625,0.9659027457237244,0.9658966064453125,0,0
1256,29.290465783094987,0.9665767550468445,0.002120034070685506,0.9684034585952759,0.9656391143798828,-0.00299072265625,0.9658964276313782,0.9658050537109375,0,0
1257,29.313662248896435,0.96871018409729,-0.005300731398165226,0.968697726726532,0.9657043814659119,-0.00299072265625,0.9657031893730164,0.9656982421875,0,0
1258,29.33674638089724,0.9685995578765869,-0.006410868372768164,0.9685888886451721,0.9655970931053162,-0.00299072265625,0.9655963182449341,0.9655914306640625,0,0
1259,29.359809403074905,0.9684826731681824,-0.006679073441773653,0.9684803485870361,0.9654894471168518,-0.00299072265625,0.9637463092803955,0.965484619140625,0,0
1260,29.382906998042017,0.9683935642242432,-0.005166724789887667,0.9683898091316223,0.9653986692428589,-0.00299072265625,0.9653984308242798,0.96539306640625,0,0
1261,29.405871391063556,0.9683208465576172,0.04337373375892639,0.9683029651641846,0.9653075337409973,-0.00299072265625,0.9653030037879944,0.96527099609375,0,0
1262,29.429029171122238,0.9682084918022156,0.08826339244842529,0.968180775642395,0.9651749134063721,-0.00299072265625,0.9638105630874634,0.9651336669921875,0,0
1263,29.45212737796828,0.9679973721504211,0.03628799319267273,0.9679825305938721,0.9649864435195923,-0.00299072265625,0.9649818539619446,0.9649505615234375,0,0
1264,29.475138307083398,0.9678608179092407,0.1355445683002472,0.9678452610969543,0.9648454785346985,-0.00299072265625,0.9648233652114868,0.96478271484375,0,0
1265,29.49867027089931,0.9676260352134705,-0.00764076504856348,0.9676138758659363,0.9619187116622925,-0.00299072265625,0.9638279676437378,0.964599609375,0,0
1266,29.52162429294549,0.9674493670463562,-0.007886693812906742,0.9640753865242004,0.9627734422683716,-0.00299072265625,0.9638547897338867,0.9644317626953125,0,0
1267,29.545882605947554,0.9672821760177612,-0.0014791792491450906,0.9672775864601135,0.9642863869667053,-0.00299072265625,0.9642859101295471,0.9642791748046875,0,0
1268,29.5690132570453,0.9672423005104065,0.06161978840827942,0.9672291278839111,0.9642322063446045,-0.00299072265625,0.9642258286476135,0.964202880859375,0,0
1269,29.59214851912111,0.9671714305877686,0.0015083253383636475,0.9671710729598999,0.9641801118850708,-0.00299072265625,0.9641799330711365,0.96417236328125,0,0
1270,29.615631761029363,0.9671704769134521,0.0001150667667388916,0.9671704769134521,0.962073028087616,-0.00299072265625,0.963588535785675,0.96417236328125,0,0
1271,29.638978373957798,0.9671704173088074,-0.0002277195599162951,0.9671704173088074,0.9641796946525574,-0.00299072265625,0.9641796946525574,0.96417236328125,0,0
1272,29.66225080192089,0.9671986103057861,0.03977450728416443,0.9671889543533325,0.9641939997673035,-0.00299072265625,0.9641897678375244,0.96417236328125,0,0
1273,29.68518806505017,0.9671704769134521,-0.00023511053586844355,0.9671704173088074,0.9641796946525574,-0.00299072265625,0.9641796946525574,0.96417236328125,0,0
1274,29.70862645492889,0.9645149111747742,-0.20869503915309906,0.966579794883728,0.9639519453048706,-0.00299072265625,0.9642095565795898,0.96417236328125,0,0
1275,29.73189103207551,0.9670749306678772,0.23519554734230042,0.9672142863273621,0.9642440676689148,-0.00299072265625,0.9642421007156372,0.96417236328125,0,0
1276,29.75502103404142,0.9671704769134521,-1.9326807887409814e-05,0.9671704769134521,0.9641797542572021,-0.00299072265625,0.9641797542572021,0.96417236328125,0,0
1277,29.77813966711983,0.9671704173088074,-0.00022794307733420283,0.9671704173088074,0.9615232944488525,-0.00299072265625,0.9635747075080872,0.9641571044921875,0,0
1278,29.80150031694211,0.9671396613121033,-0.00018320977687835693,0.9671398997306824,0.9641491770744324,-0.00299072265625,0.9641491770744324,0.964141845703125,0,0
1279,29.82463011611253,0.9670785069465637,-0.004541844595223665,0.9670774340629578,0.9640867710113525,-0.00299072265625,0.9640832543373108,0.9640655517578125,0,0
1280,29.848056413931772,0.9669616222381592,-0.007686034310609102,0.9669554233551025,0.9639641046524048,-0.00299072265625,0.9639641046524048,0.963958740234375,0,0
1281,29.871259341947734,0.9668347835540771,0.020387649536132812,0.9668292999267578,0.9605387449264526,-0.00299072265625,0.9628204107284546,0.96380615234375,0,0
1282,29.89439049293287,0.9666648507118225,-0.004691064357757568,0.9666652083396912,0.9636748433113098,-0.00299072265625,0.9636591076850891,0.963653564453125,0,0
1283,29.918505751062185,0.9665400981903076,-0.00690388772636652,0.9665303826332092,0.9635378122329712,-0.00299072265625,0.9635370969772339,0.963531494140625,0,0
1284,29.941803253022954,0.9664309620857239,0.012229159474372864,0.9664149880409241,0.9634215831756592,-0.00299072265625,0.9634193181991577,0.963409423828125,0,0
1285,29.96530110691674,0.9662837982177734,-0.003692731261253357,0.9662774205207825,0.9632810950279236,-0.00299072265625,0.9632745981216431,0.9632568359375,0,0
1286,29.990372250089422,0.9661417603492737,-0.003066882723942399,0.9661338925361633,0.9631422758102417,-0.00299072265625,0.9631415605545044,0.963134765625,0,0
1287,30.013735899934545,0.9660248160362244,-0.0027465978637337685,0.9660254120826721,0.9630349278450012,-0.00299072265625,0.9630352854728699,0.9630126953125,0,0
1288,30.037032160907984,0.965950071811676,-0.00029543053824454546,0.965950071811676,0.9629594683647156,-0.00299072265625,0.9629594683647156,0.9629364013671875,0,0
1289,30.060308292973787,0.9658513069152832,0.2998957931995392,0.965980052947998,0.9629902839660645,-0.00299072265625,0.9629700183868408,0.9628753662109375,0,0
1290,30.083674794994295,0.9658122658729553,-0.00102579640224576,0.9658125638961792,0.962821900844574,-0.00299072265625,0.9628220200538635,0.962799072265625,0,0
1291,30.106680632103235,0.9657361507415771,-0.0008991374634206295,0.9657363295555115,0.962745726108551,-0.00299072265625,0.9627457857131958,0.9627227783203125,0,0
1292,30.129920800914988,0.965627908706665,-1.158808946609497,0.9644008278846741,0.9620804190635681,-0.00299072265625,0.9625442028045654,0.962615966796875,0,0
1293,30.153016285039485,0.9655242562294006,-0.006196768023073673,0.9655217528343201,0.9625307321548462,-0.00299072265625,0.9625309109687805,0.9625091552734375,0,0
1294,30.176150306127965,0.9654350280761719,-0.001778587931767106,0.9654314517974854,0.9624311923980713,-0.00299072265625,0.9624251127243042,0.9624176025390625,0,0
1295,30.199625584995374,0.9653394818305969,-0.006025419570505619,0.9653258919715881,0.9623332023620605,-0.00299072265625,0.9623324275016785,0.9623260498046875,0,0
1296,30.222741106990725,0.96522456407547,0.012302950024604797,0.9652104377746582,0.9622175693511963,-0.00299072265625,0.9622145891189575,0.9622039794921875,0,0
1297,30.24598360899836,0.9650787711143494,-0.007008940912783146,0.9650784134864807,0.9620880484580994,-0.00299072265625,0.9620886445045471,0.9620819091796875,0,0
1298,30.26921074092388,0.9649620652198792,-0.007090898230671883,0.9649572968482971,0.9619662165641785,-0.00299072265625,0.9619665145874023,0.9619598388671875,0,0
1299,30.292642334941775,0.964850664138794,-0.005764752626419067,0.9648398160934448,0.9618457555770874,-0.00299072265625,0.9618442058563232,0.961822509765625,0,0
1300,30.315750096924603,0.9647126793861389,-0.0038276026025414467,0.964709460735321,0.961711585521698,-0.00299072265625,0.9617070555686951,0.961700439453125,0,0
1301,30.33917022892274,0.9646114706993103,0.025557413697242737,0.9645909070968628,0.9615945219993591,-0.00299072265625,0.9615898728370667,0.961578369140625,0,0
1302,30.362694211071357,0.9644699692726135,-0.003343448508530855,0.9644609093666077,0.9614657163619995,-0.00299072265625,0.9614632725715637,0.961456298828125,0,0
1303,30.38564208499156,0.9643803834915161,-0.0005272924900054932,0.9643687605857849,0.9613743424415588,-0.00299072265625,0.9613721370697021,0.96136474609375,0,0
1304,30.408945291070268,0.9613543152809143,-0.33836647868156433,0.9636342525482178,0.9610435366630554,-0.00299072265625,0.9613126516342163,0.9613189697265625,0,0
1305,30.43215205310844,0.9628334641456604,-0.07163571566343307,0.9640302062034607,0.9611901640892029,-0.00299072265625,0.9613540172576904,0.9613189697265625,0,0
1306,30.45526533294469,0.9636133909225464,0.13682392239570618,0.9641689658164978,0.9612698554992676,-0.00299072265625,0.961367666721344,0.9613037109375,0,0
1307,30.478525687009096,0.964271068572998,-1.093550205230713,0.9627903699874878,0.9605833292007446,-0.00299072265625,0.9611303806304932,0.9612579345703125,0,0
1308,30.501646616030484,0.9641619920730591,-0.005497246980667114,0.9641503691673279,0.9611585140228271,-0.00299072265625,0.9611582159996033,0.9611358642578125,0,0
1309,30.52530289394781,0.9639800190925598,-0.00848492980003357,0.9639679789543152,0.9609749913215637,-0.00299072265625,0.9609742164611816,0.9609527587890625,0,0
1310,30.548658970044926,0.9638085961341858,0.015580311417579651,0.9637935161590576,0.9608004093170166,-0.00299072265625,0.9607965350151062,0.960784912109375,0,0
1311,30.571939399000257,0.9636606574058533,-0.003142998553812504,0.9636572599411011,0.9606580138206482,-0.00299072265625,0.9606548547744751,0.9606475830078125,0,0
1312,30.59531284496188,0.9635668396949768,0.05620814859867096,0.9635496139526367,0.9605531096458435,-0.00299072265625,0.9605394601821899,0.96051025390625,0,0
1313,30.618571273051202,0.9634169936180115,-0.0023757675662636757,0.9634175300598145,0.9604231715202332,-0.00299072265625,0.960414469242096,0.9604034423828125,0,0
1314,30.641656591091305,0.963325560092926,-0.004730151500552893,0.9633253216743469,0.9603347182273865,-0.00299072265625,0.9603350758552551,0.9603271484375,0,0
1315,30.66468335292302,0.9632335901260376,-0.004387438762933016,0.9632337689399719,0.9602432250976562,-0.00299072265625,0.960239827632904,0.9602203369140625,0,0
1316,30.687851078109816,0.9631912112236023,0.07814998924732208,0.9631784558296204,0.9601786732673645,-0.00299072265625,0.960159420967102,0.9601287841796875,0,0
1317,30.7112643760629,0.9630521535873413,-0.004722879268229008,0.9630395174026489,0.960046112537384,-0.00299072265625,0.960044801235199,0.9600372314453125,0,0
1318,30.73430841602385,0.9629521369934082,0.020445168018341064,0.9629417657852173,0.9599475860595703,-0.00299072265625,0.9599441885948181,0.959930419921875,0,0
1319,30.75742302997969,0.9628080725669861,-0.006712303031235933,0.9628063440322876,0.9598156213760376,-0.00299072265625,0.9598160982131958,0.959808349609375,0,0
1320,30.780651903012767,0.9627151489257812,-0.0031882827170193195,0.9627086520195007,0.9597124457359314,-0.00299072265625,0.959709107875824,0.9597015380859375,0,0
1321,30.803784997900948,0.9626260995864868,0.0011031925678253174,0.9608782529830933,0.9585551023483276,-0.00299072265625,0.957988977432251,0.959625244140625,0,0
1322,30.827029092935845,0.9625344276428223,0.00035782158374786377,0.9625340700149536,0.9595432281494141,-0.00299072265625,0.9595432281494141,0.95953369140625,0,0
1323,30.850190910045058,0.9624599814414978,-0.0060572330839931965,0.962456226348877,0.9594652652740479,-0.00299072265625,0.9594654440879822,0.9594573974609375,0,0
1324,30.873439820017666,0.9623966217041016,-0.00013414028217084706,0.9623966217041016,0.9594058990478516,-0.00299072265625,0.9594058990478516,0.9593963623046875,0,0
1325,30.89667471102439,0.9623351693153381,-0.0006631319411098957,0.9623314738273621,0.9593353271484375,-0.00299072265625,0.9593292474746704,0.959320068359375,0,0
1326,30.92004434298724,0.9623128771781921,0.09614960849285126,0.960130512714386,0.958228349685669,-0.00299072265625,0.9590111970901489,0.9592437744140625,0,0
1327,30.94352754810825,0.9621546864509583,-0.006452411878854036,0.9621509909629822,0.9591600298881531,-0.00299072265625,0.9591602087020874,0.959136962890625,0,0
1328,30.9668048650492,0.9620286822319031,0.010788217186927795,0.9620217680931091,0.9590288996696472,-0.00299072265625,0.9590200185775757,0.9589996337890625,0,0
1329,30.98990634898655,0.9618210792541504,0.17892540991306305,0.9618975520133972,0.9589094519615173,-0.00299072265625,0.9589003324508667,0.9588470458984375,0,0
1330,31.013030759058893,0.9617018103599548,0.004954323172569275,0.9616891741752625,0.9586929678916931,-0.00299072265625,0.9586800336837769,0.9586639404296875,0,0
1331,31.03629096504301,0.9598641395568848,-0.16996298730373383,0.9610555171966553,0.9583439230918884,-0.00299072265625,0.9585072994232178,0.9585113525390625,0,0
1332,31.05947335693054,0.9613723158836365,-0.00530514121055603,0.9613726735115051,0.9583821892738342,-0.00299072265625,0.9583699703216553,0.9583587646484375,0,0
1333,31.082573896972463,0.9612194299697876,-0.005551010370254517,0.9612199068069458,0.9582295417785645,-0.00299072265625,0.9582208395004272,0.9582061767578125,0,0
1334,31.105671325000003,0.961051881313324,-0.00463458988815546,0.9610433578491211,0.9580493569374084,-0.00299072265625,0.9580463171005249,0.958038330078125,0,0
1335,31.128690699115396,0.9609062075614929,0.005244925618171692,0.9608948826789856,0.9578990340232849,-0.00299072265625,0.9578956961631775,0.9578857421875,0,0
1336,31.152055959915742,0.9607625603675842,-0.004746303893625736,0.9607627987861633,0.9577723741531372,-0.00299072265625,0.9577727317810059,0.9577484130859375,0,0
1337,31.17524781404063,0.960640549659729,-0.0035914648324251175,0.960634171962738,0.9576379060745239,-0.00299072265625,0.9576348066329956,0.9576263427734375,0,0
1338,31.198285650927573,0.9605187177658081,-0.0054541099816560745,0.9605185389518738,0.9575280547142029,-0.00299072265625,0.9575247764587402,0.9575042724609375,0,0
1339,31.221766670932993,0.9604178667068481,-3.765545625356026e-05,0.9604012370109558,0.9574089646339417,-0.00299072265625,0.9574072957038879,0.9573974609375,0,0
1340,31.24522141297348,0.9602905511856079,-0.002019510604441166,0.9602909088134766,0.9573003649711609,-0.00299072265625,0.9572879672050476,0.957275390625,0,0
1341,31.26829402707517,0.9601839184761047,-0.0016767685301601887,0.9601843357086182,0.9571937322616577,-0.00299072265625,0.9571901559829712,0.9571685791015625,0,0
1342,31.29166025109589,0.9600927233695984,-0.00526049779728055,0.9600918292999268,0.9571011066436768,-0.00299072265625,0.9571013450622559,0.95709228515625,0,0
1343,31.31463523604907,0.958831250667572,0.060282252728939056,0.9598770141601562,0.9570326805114746,-0.00299072265625,0.9570794701576233,0.957000732421875,0,0
1344,31.338153033982962,0.9598974585533142,0.001959174871444702,0.9598963856697083,0.9569052457809448,-0.00299072265625,0.9569010138511658,0.956878662109375,0,0
1345,31.361407628050074,0.9597707986831665,-0.0041354019194841385,0.9597715735435486,0.9567772746086121,-0.00299072265625,0.9567667841911316,0.956756591796875,0,0
1346,31.38467652001418,0.9596500396728516,-0.0015202481299638748,0.9596412777900696,0.9566472172737122,-0.00299072265625,0.9566438794136047,0.956634521484375,0,0
1347,31.408412483055145,0.9595239162445068,-0.007249744608998299,0.9595134854316711,0.95652174949646,-0.00299072265625,0.9565210938453674,0.956512451171875,0,0
1348,31.43168494803831,0.9594054222106934,-0.0030178152956068516,0.9594060182571411,0.9564085006713867,-0.00299072265625,0.9563996195793152,0.956390380859375,0,0
1349,31.455264430958778,0.9592831134796143,-0.0038746302016079426,0.9592835307121277,0.9562838077545166,-0.00299072265625,0.9562776684761047,0.956268310546875,0,0
1350,31.478421952109784,0.9591765999794006,0.017985358834266663,0.9591708779335022,0.9561788439750671,-0.00299072265625,0.9561730623245239,0.956146240234375,0,0
1351,31.501669046934694,0.9590555429458618,-0.001304269302636385,0.9590446352958679,0.956050455570221,-0.00299072265625,0.9560486674308777,0.9560394287109375,0,0
1352,31.524916603928432,0.958948016166687,-0.004932702518999577,0.9589477777481079,0.9559572339057922,-0.00299072265625,0.95595782995224,0.9559478759765625,0,0
1353,31.548185569932684,0.9588260650634766,-0.0054989466443657875,0.9588256478309631,0.9558350443840027,-0.00299072265625,0.9540087580680847,0.9558258056640625,0,0
1354,31.57139148004353,0.9587040543556213,-0.00546193215996027,0.9587036967277527,0.955713152885437,-0.00299072265625,0.9557008147239685,0.9556884765625,0,0
1355,31.59470944502391,0.9585976600646973,-0.00342808710411191,0.9585975408554077,0.955606997013092,-0.00299072265625,0.9556072354316711,0.9555816650390625,0,0
1356,31.617813169956207,0.9584905505180359,-0.004776627290993929,0.9584903120994568,0.9554997086524963,-0.00299072265625,0.9555001854896545,0.955474853515625,0,0
1357,31.641138393897563,0.9584049582481384,0.004991009831428528,0.9584027528762817,0.9554115533828735,-0.00299072265625,0.9554106593132019,0.95538330078125,0,0
1358,31.664667024975643,0.9582921266555786,-0.005313143599778414,0.95829176902771,0.9553012251853943,-0.00299072265625,0.9553017020225525,0.9552764892578125,0,0
1359,31.68810010002926,0.9581558704376221,-0.0070267776027321815,0.9581542015075684,0.9551635384559631,-0.00299072265625,0.9551640748977661,0.95513916015625,0,0
1360,31.711296529043466,0.9580411314964294,0.14057643711566925,0.9580766558647156,0.9550833106040955,-0.00299072265625,0.9550651907920837,0.95501708984375,0,0
1361,31.734340864932165,0.9579041004180908,0.14223048090934753,0.9579537510871887,0.9549643993377686,-0.00299072265625,0.954957902431488,0.9549102783203125,0,0
1362,31.757558533921838,0.9578197598457336,-0.0018413965590298176,0.9578201174736023,0.9548295736312866,-0.00299072265625,0.9548258781433105,0.954803466796875,0,0
1363,31.78070603706874,0.957728385925293,-0.001521215308457613,0.9577248692512512,0.9547268748283386,-0.00299072265625,0.9547220468521118,0.9547119140625,0,0
1364,31.803930984111503,0.957624077796936,-0.007407173980027437,0.9576208591461182,0.9546297788619995,-0.00299072265625,0.9546298980712891,0.954620361328125,0,0
1365,31.827056597918272,0.9575478434562683,0.0013844072818756104,0.9575377106666565,0.9545421600341797,-0.00299072265625,0.9545395970344543,0.95452880859375,0,0
1366,31.850062174955383,0.9574686288833618,-0.002445192076265812,0.9574689865112305,0.9544785618782043,-0.00299072265625,0.9544695615768433,0.9544525146484375,0,0
1367,31.8734320839867,0.9573788046836853,-0.0013723672600463033,0.9573781490325928,0.954387366771698,-0.00299072265625,0.954387366771698,0.954376220703125,0,0
1368,31.89669347507879,0.9573017358779907,-0.0027656257152557373,0.9572906494140625,0.9542973041534424,-0.00299072265625,0.9542948007583618,0.95428466796875,0,0
1369,31.919877755921334,0.9572094082832336,-0.0019833147525787354,0.9555443525314331,0.9534030556678772,-0.00299072265625,0.9540136456489563,0.954193115234375,0,0
1370,31.944300086935982,0.957157552242279,-0.47330719232559204,0.9565165638923645,0.9538760781288147,-0.00299072265625,0.9541125297546387,0.9541168212890625,0,0
1371,31.96744803409092,0.9570258855819702,-0.0031457399018108845,0.9570264220237732,0.9540358781814575,-0.00299072265625,0.9540363550186157,0.954010009765625,0,0
1372,31.990651757922024,0.956919252872467,-0.005075500346720219,0.9569191932678223,0.9539286494255066,-0.00299072265625,0.9539252519607544,0.9539031982421875,0,0
1373,32.01399055705406,0.9567994475364685,-0.006595478393137455,0.9567968845367432,0.9538023471832275,-0.00299072265625,0.9537926912307739,0.9537811279296875,0,0
1374,32.0372251519002,0.9566799402236938,0.023005619645118713,0.9566728472709656,0.9536747336387634,-0.00299072265625,0.9536618590354919,0.953643798828125,0,0
1375,32.060711967991665,0.9565069675445557,-0.004002735950052738,0.9565007090568542,0.9535043835639954,-0.00299072265625,0.9535009264945984,0.9534912109375,0,0
1376,32.08426409889944,0.95635586977005,-0.007325679063796997,0.9563542604446411,0.9533634781837463,-0.00299072265625,0.9533639550209045,0.953338623046875,0,0
1377,32.10731812007725,0.9562623500823975,0.03916594386100769,0.9562509059906006,0.9532577395439148,-0.00299072265625,0.9532395005226135,0.953216552734375,0,0
1378,32.13060678890906,0.9561114311218262,-0.005664260126650333,0.9561106562614441,0.9531201720237732,-0.00299072265625,0.9531205892562866,0.9531097412109375,0,0
1379,32.15394675405696,0.9560202360153198,-0.0011492674238979816,0.9560205340385437,0.9518027901649475,-0.00299072265625,0.9527601003646851,0.9530029296875,0,0
1380,32.177278755931184,0.9559130072593689,-0.00584323750808835,0.9546948075294495,0.9521692395210266,-0.00299072265625,0.9527356028556824,0.952911376953125,0,0
1381,32.2006764060352,0.9558445811271667,0.057345107197761536,0.9558310508728027,0.9528369903564453,-0.00299072265625,0.9520763158798218,0.952789306640625,0,0
1382,32.22427998110652,0.9557178020477295,0.019406631588935852,0.9557095170021057,0.9527164101600647,-0.00299072265625,0.9527142643928528,0.9526824951171875,0,0
1383,32.24742301995866,0.9556073546409607,-0.0037125214003026485,0.9556076526641846,0.9526171088218689,-0.00299072265625,0.9526175856590271,0.952606201171875,0,0
1384,32.270667986012995,0.9555073976516724,0.12464608252048492,0.955565869808197,0.9525781869888306,-0.00299072265625,0.9518383741378784,0.9525299072265625,0,0
1385,32.29402161692269,0.9554567933082581,-0.005537897348403931,0.9554548263549805,0.9524641633033752,-0.00299072265625,0.9524645209312439,0.95245361328125,0,0
1386,32.31732050795108,0.9553792476654053,-0.6851426362991333,0.954447865486145,0.9519432187080383,-0.00299072265625,0.9522874355316162,0.952362060546875,0,0
1387,32.34030601195991,0.955287516117096,-0.002110615372657776,0.9552878737449646,0.9522973299026489,-0.00299072265625,0.9522848725318909,0.9522705078125,0,0
1388,32.3636263650842,0.9552029371261597,-0.0061340038664639,0.9551964402198792,0.9522051215171814,-0.00299072265625,0.9522048830986023,0.9521942138671875,0,0
1389,32.386739609064534,0.9551194310188293,-0.0027216384187340736,0.9551199078559875,0.9521293640136719,-0.00299072265625,0.9521169662475586,0.9521026611328125,0,0
1390,32.40994120412506,0.9550288915634155,-0.0028781015425920486,0.9550178647041321,0.952024519443512,-0.00299072265625,0.9520217776298523,0.9520111083984375,0,0
1391,32.433389408979565,0.9549371004104614,-0.0012986515648663044,0.9549373388290405,0.9519398808479309,-0.00299072265625,0.9519330263137817,0.9519195556640625,0,0
1392,32.456420541973785,0.9548456072807312,-0.004524752963334322,0.9548332095146179,0.9518405199050903,-0.00299072265625,0.9518387913703918,0.9518280029296875,0,0
1393,32.47942341607995,0.9547429084777832,0.003983750939369202,0.9547414183616638,0.9517503976821899,-0.00299072265625,0.9517459869384766,0.95172119140625,0,0
1394,32.50367987691425,0.9546210169792175,0.0025829896330833435,0.9546190500259399,0.9516280293464661,-0.00299072265625,0.9516147971153259,0.95159912109375,0,0
1395,32.52671147300862,0.9544934630393982,-0.005702056922018528,0.9544935822486877,0.9515029788017273,-0.00299072265625,0.9514966011047363,0.95147705078125,0,0
1396,32.54993484495208,0.9544246792793274,0.10841098427772522,0.9544028639793396,0.9514057636260986,-0.00299072265625,0.9513952136039734,0.95135498046875,0,0
1397,32.57270244206302,0.9542500376701355,-0.45676034688949585,0.9535662531852722,0.9508436322212219,-0.00299072265625,0.951164186000824,0.95123291015625,0,0
1398,32.59568040911108,0.9541255235671997,0.012596331536769867,0.9541206955909729,0.9511287212371826,-0.00299072265625,0.9511266350746155,0.9510955810546875,0,0
1399,32.61847695009783,0.9540067911148071,0.04981190711259842,0.9539988040924072,0.9510012865066528,-0.00299072265625,0.9509850740432739,0.950958251953125,0,0
1400,32.64131826790981,0.9529967904090881,0.035566359758377075,0.9537070989608765,0.9508004188537598,-0.00299072265625,0.9508362412452698,0.950775146484375,0,0
1401,32.664711399935186,0.9535941481590271,-0.007930129766464233,0.953592836856842,0.9505983591079712,-0.00299072265625,0.9505898952484131,0.9505767822265625,0,0
1402,32.68744168197736,0.9532861113548279,0.10395509749650955,0.9533993601799011,0.9504247903823853,-0.00299072265625,0.9504271149635315,0.95037841796875,0,0
1403,32.71068453602493,0.9532116651535034,-0.008161277510225773,0.953202486038208,0.9502086043357849,-0.00299072265625,0.9502056241035461,0.9501953125,0,0
1404,32.7339140009135,0.9530213475227356,-0.00508424686267972,0.9530150294303894,0.950023889541626,-0.00299072265625,0.9500126242637634,0.9499969482421875,0,0
1405,32.757214799989015,0.951300859451294,-0.1840248703956604,0.952471911907196,0.9496906995773315,-0.00299072265625,0.9488582611083984,0.9498291015625,0,0
1406,32.78018415509723,0.9526959657669067,-0.005546241998672485,0.9526939392089844,0.9497031569480896,-0.00299072265625,0.9497033357620239,0.9496917724609375,0,0
1407,32.803203399060294,0.9526181817054749,-0.0017389962449669838,0.9526184797286987,0.9496279358863831,-0.00299072265625,0.9496281743049622,0.949615478515625,0,0
1408,32.82594049605541,0.9525893926620483,0.0008537769317626953,0.9525891542434692,0.9495983719825745,-0.00299072265625,0.9483945369720459,0.9495849609375,0,0
1409,32.84893381409347,0.9525917768478394,0.004049971699714661,0.9525906443595886,0.9495996236801147,-0.00299072265625,0.949599027633667,0.9495849609375,0,0
1410,32.87174029904418,0.952595591545105,0.004973798990249634,0.9525908827781677,0.9495996832847595,-0.00299072265625,0.9495991468429565,0.9495849609375,0,0
1411,32.895700335968286,0.9525489807128906,0.10168231278657913,0.9525967240333557,0.9496119618415833,-0.00299072265625,0.9496092200279236,0.9495697021484375,0,0
1412,32.91868887608871,0.9525734186172485,-0.00022672863269690424,0.9525734186172485,0.9495826959609985,-0.00299072265625,0.9495826959609985,0.9495697021484375,0,0
1413,32.9418147681281,0.9525336027145386,-0.005881719756871462,0.9525266289710999,0.9495354890823364,-0.00299072265625,0.9495353102684021,0.94952392578125,0,0
1414,32.96483064093627,0.9524394273757935,0.0001382976770401001,0.9524369835853577,0.9494458436965942,-0.00299072265625,0.9494454264640808,0.9494171142578125,0,0
1415,32.98768273810856,0.9523118138313293,-0.0033187794033437967,0.9522994756698608,0.9493074417114258,-0.00299072265625,0.949295699596405,0.94927978515625,0,0
1416,33.01081548095681,0.9521524310112,0.09324813634157181,0.9521787762641907,0.9491859078407288,-0.00299072265625,0.9491784572601318,0.9491424560546875,0,0
1417,33.03383329906501,0.9520344138145447,-0.007044181693345308,0.9520248174667358,0.9490322470664978,-0.00299072265625,0.9490315914154053,0.9490203857421875,0,0
1418,33.057174931047484,0.9518866539001465,-0.0066717201843857765,0.9518850445747375,0.9488942623138428,-0.00299072265625,0.9488945603370667,0.948883056640625,0,0
1419,33.080088045913726,0.951613187789917,0.08966423571109772,0.9517412185668945,0.9487756490707397,-0.00299072265625,0.9487788677215576,0.94873046875,0,0
1420,33.1030917710159,0.9515800476074219,-0.006746278144419193,0.9515794515609741,0.9485889673233032,-0.00299072265625,0.9485800862312317,0.9485626220703125,0,0
1421,33.126182737061754,0.9514508843421936,0.07244595885276794,0.9514442682266235,0.9484483003616333,-0.00299072265625,0.9484381079673767,0.948394775390625,0,0
1422,33.148953723022714,0.9512746930122375,-0.0039671966806054115,0.951275110244751,0.9482846856117249,-0.00299072265625,0.9482738375663757,0.9482574462890625,0,0
1423,33.17192505905405,0.9511426687240601,0.0038260892033576965,0.9511412978172302,0.9481502175331116,-0.00299072265625,0.9481458067893982,0.9481201171875,0,0
1424,33.194928711047396,0.9509549736976624,0.08887447416782379,0.9510329961776733,0.9480489492416382,-0.00299072265625,0.9480447173118591,0.947998046875,0,0
1425,33.21784065896645,0.9507265090942383,0.076960988342762,0.9508751034736633,0.947907567024231,-0.00299072265625,0.9479268193244934,0.9478912353515625,0,0
1426,33.240775550948456,0.9507865905761719,-0.004213088192045689,0.9507868885993958,0.9477925896644592,-0.00299072265625,0.9477841258049011,0.9477691650390625,0,0
1427,33.263668795116246,0.9506651759147644,-0.00214181886985898,0.9506586790084839,0.9476637244224548,-0.00299072265625,0.9476590752601624,0.9476470947265625,0,0
1428,33.2865810401272,0.9505436420440674,-0.004503653384745121,0.9505301117897034,0.9475379586219788,-0.00299072265625,0.9475367069244385,0.9475250244140625,0,0
1429,33.30979670910165,0.9504258036613464,-0.006612174678593874,0.9504210352897644,0.9474299550056458,-0.00299072265625,0.9474298357963562,0.947418212890625,0,0
1430,33.33258199109696,0.9503324627876282,0.00027962028980255127,0.9503312706947327,0.9473403096199036,-0.00299072265625,0.9473402500152588,0.94732666015625,0,0
1431,33.35558569803834,0.950259804725647,0.003662198781967163,0.9502569437026978,0.9472653269767761,-0.00299072265625,0.9472646713256836,0.9472503662109375,0,0
1432,33.37850544205867,0.9501641392707825,-0.0018512533279135823,0.9501627683639526,0.9471718668937683,-0.00299072265625,0.9471649527549744,0.9471435546875,0,0
1433,33.40167253697291,0.950054943561554,-0.003065698314458132,0.9500551223754883,0.9470645189285278,-0.00299072265625,0.947055459022522,0.9470367431640625,0,0
1434,33.4246728180442,0.9487654566764832,-0.13972431421279907,0.949661135673523,0.9467873573303223,-0.00299072265625,0.9469237327575684,0.9422149658203125,0,0
1435,33.447729951003566,0.9498291611671448,-0.006858163047581911,0.9498257040977478,0.9468348026275635,-0.00299072265625,0.9468350410461426,0.9468231201171875,0,0
1436,33.470696825068444,0.9497349262237549,-0.001374536193907261,0.9497352838516235,0.9467446804046631,-0.00299072265625,0.9467354416847229,0.94671630859375,0,0
1437,33.49359982809983,0.9496816396713257,0.04353756457567215,0.9496765732765198,0.9466837644577026,-0.00299072265625,0.9466665387153625,0.9466400146484375,0,0
1438,33.51658747997135,0.9495664238929749,-0.0028944616205990314,0.9495668411254883,0.9465762376785278,-0.00299072265625,0.9465766549110413,0.946563720703125,0,0
1439,33.53967452002689,0.9494877457618713,0.011917129158973694,0.9494695067405701,0.9464761018753052,-0.00299072265625,0.9464731216430664,0.9464569091796875,0,0
1440,33.56250850507058,0.9493708610534668,-0.005777999758720398,0.9493680596351624,0.9463772773742676,-0.00299072265625,0.9463775157928467,0.9463653564453125,0,0
1441,33.58571321098134,0.9492915868759155,0.057492323219776154,0.9492989182472229,0.9463062286376953,-0.00299072265625,0.9463004469871521,0.9462738037109375,0,0
1442,33.60896730609238,0.9491696357727051,-0.0046083261258900166,0.9491695761680603,0.9461789727210999,-0.00299072265625,0.9461794495582581,0.9461517333984375,0,0
1443,33.631781477015465,0.949064314365387,-0.0005180166335776448,0.9490604996681213,0.9460623860359192,-0.00299072265625,0.9460574388504028,0.946044921875,0,0
1444,33.65497049805708,0.9489559531211853,-0.0035653640516102314,0.9489562511444092,0.9459564685821533,-0.00299072265625,0.9459514021873474,0.9459381103515625,0,0
1445,33.67795387189835,0.9488655924797058,-0.0008310384582728148,0.9488619565963745,0.9458639621734619,-0.00299072265625,0.9458593130111694,0.9458465576171875,0,0
1446,33.70134420692921,0.9487424492835999,-0.006925635039806366,0.9487302303314209,0.9457370638847351,-0.00299072265625,0.9457359910011292,0.9457244873046875,0,0
1447,33.72420511790551,0.9486110210418701,-0.005815551150590181,0.9486061930656433,0.9456146359443665,-0.00299072265625,0.9456143975257874,0.9456024169921875,0,0
1448,33.747300694929436,0.9482789635658264,0.04020662233233452,0.9484849572181702,0.9455183744430542,-0.00299072265625,0.9455305933952332,0.94549560546875,0,0
1449,33.7701811240986,0.9483911991119385,-0.003699646331369877,0.9483916163444519,0.9453942775726318,-0.00299072265625,0.9453868269920349,0.94537353515625,0,0
1450,33.79320870200172,0.9482390880584717,-0.005532529670745134,0.9482386112213135,0.9452387690544128,-0.00299072265625,0.9452337622642517,0.945220947265625,0,0
1451,33.81610735296272,0.9481017589569092,-0.004221227951347828,0.9480929374694824,0.9450978636741638,-0.00299072265625,0.945095419883728,0.9450836181640625,0,0
1452,33.83902806090191,0.9479949474334717,-0.002559737302362919,0.9479953646659851,0.9450048804283142,-0.00299072265625,0.9449939727783203,0.944976806640625,0,0
1453,33.862203563097864,0.9479030966758728,-0.00431808503344655,0.9479032158851624,0.9449127316474915,-0.00299072265625,0.9449130892753601,0.9449005126953125,0,0
1454,33.88615978509188,0.9478435516357422,-0.0004586847499012947,0.947843611240387,0.944852888584137,-0.00299072265625,0.9448530077934265,0.94482421875,0,0
1455,33.909225509967655,0.9477856755256653,0.0038328543305397034,0.9477846622467041,0.9447935223579407,-0.00299072265625,0.9447802901268005,0.94476318359375,0,0
1456,33.93220131006092,0.9477056860923767,-0.0012335414066910744,0.9477060437202454,0.9447115659713745,-0.00299072265625,0.9447028040885925,0.9446868896484375,0,0
1457,33.95518823899329,0.947597861289978,-0.003662463277578354,0.9475982785224915,0.9446077346801758,-0.00299072265625,0.9445988535881042,0.944580078125,0,0
1458,33.978169075911865,0.9474912881851196,-0.0029844907112419605,0.9474917650222778,0.9444974064826965,-0.00299072265625,0.9444876909255981,0.9444732666015625,0,0
1459,34.001283522928134,0.9473839402198792,-0.003863660153001547,0.9473844766616821,0.9443941116333008,-0.00299072265625,0.9443944096565247,0.9443817138671875,0,0
1460,34.024079990107566,0.947277307510376,-0.5361331105232239,0.9465246796607971,0.9439391493797302,-0.00299072265625,0.9442204236984253,0.9442596435546875,0,0
1461,34.04731208505109,0.9471718072891235,-0.0073281461372971535,0.9471701979637146,0.9441794157028198,-0.00299072265625,0.9441798329353333,0.9441680908203125,0,0
1462,34.07031099591404,0.9470978379249573,0.0014337077736854553,0.9470970034599304,0.9441022276878357,-0.00299072265625,0.9440932273864746,0.9440765380859375,0,0
1463,34.093274109996855,0.947003185749054,-0.0023213853128254414,0.9470036625862122,0.9440131187438965,-0.00299072265625,0.9440021514892578,0.9439849853515625,0,0
1464,34.11619444703683,0.9468685984611511,-0.006158438045531511,0.9468658566474915,0.943077564239502,-0.00299072265625,0.9435596466064453,0.94384765625,0,0
1465,34.139114561956376,0.9467278718948364,-0.003334694541990757,0.9467286467552185,0.9437288641929626,-0.00299072265625,0.9437237977981567,0.9437103271484375,0,0
1466,34.1621921940241,0.9465951919555664,0.004145625978708267,0.9465830326080322,0.9435892701148987,-0.00299072265625,0.9435871839523315,0.943572998046875,0,0
1467,34.185232198098674,0.9464452862739563,-0.0021501409355551004,0.9464406371116638,0.943449079990387,-0.00299072265625,0.9434486627578735,0.94342041015625,0,0
1468,34.208322145044804,0.9463067054748535,0.04365602508187294,0.9463291168212891,0.9433398246765137,-0.00299072265625,0.9433385729789734,0.9433135986328125,0,0
1469,34.23130637011491,0.946219801902771,0.007312096655368805,0.9462150931358337,0.9432234764099121,-0.00299072265625,0.943222165107727,0.943206787109375,0,0
1470,34.25422341097146,0.9461043477058411,-0.003945764619857073,0.946092963218689,0.9430995583534241,-0.00299072265625,0.943096935749054,0.943084716796875,0,0
1471,34.27724150707945,0.9452816843986511,-0.1273050308227539,0.9458439350128174,0.9429210424423218,-0.00299072265625,0.9429579377174377,0.9429473876953125,0,0
1472,34.300440991064534,0.9458276033401489,-0.005510382354259491,0.9458274841308594,0.9428369998931885,-0.00299072265625,0.9428263306617737,0.94281005859375,0,0
1473,34.32334614312276,0.9456748962402344,-0.009027090854942799,0.945673942565918,0.9426832795143127,-0.00299072265625,0.9426839351654053,0.9426727294921875,0,0
1474,34.34649314498529,0.945537805557251,-0.005458262749016285,0.945537805557251,0.9425473213195801,-0.00299072265625,0.9425384998321533,0.9425201416015625,0,0
1475,34.36946966708638,0.9454043507575989,-0.006501339841634035,0.9454007744789124,0.9424098134040833,-0.00299072265625,0.9424099326133728,0.9423828125,0,0
1476,34.39294989104383,0.9452635049819946,-0.0029921461828052998,0.9452637434005737,0.9422662854194641,-0.00299072265625,0.9422581791877747,0.9422454833984375,0,0
1477,34.415979800978675,0.9451308846473694,-0.006911155767738819,0.9451265335083008,0.9421351552009583,-0.00299072265625,0.9421351552009583,0.9421234130859375,0,0
1478,34.438951953081414,0.9450057744979858,-0.005972411949187517,0.945003867149353,0.9420130252838135,-0.00299072265625,0.9420040845870972,0.941986083984375,0,0
1479,34.46219917712733,0.9448832273483276,-0.0022099281195551157,0.9448828101158142,0.9418920874595642,-0.00299072265625,0.9418922066688538,0.941864013671875,0,0
1480,34.484950330108404,0.9447755217552185,-0.19797393679618835,0.9445603489875793,0.9416778683662415,-0.00299072265625,0.9417539238929749,0.9417572021484375,0,0
1481,34.508211536100134,0.9445539712905884,0.02038765139877796,0.9446301460266113,0.9416481852531433,-0.00299072265625,0.9412421584129333,0.9416351318359375,0,0
1482,34.531225650105625,0.9445151686668396,-0.004087504930794239,0.9445118308067322,0.9415139555931091,-0.00299072265625,0.9415100812911987,0.941497802734375,0,0
1483,34.554189783055335,0.9443850517272949,-0.006829319521784782,0.9443792104721069,0.9413874745368958,-0.00299072265625,0.941383421421051,0.9413604736328125,0,0
1484,34.57716174912639,0.9442585110664368,-0.0016809891676530242,0.94425368309021,0.9412574172019958,-0.00299072265625,0.9412511587142944,0.9412384033203125,0,0
1485,34.60013025300577,0.944128692150116,-0.21402256190776825,0.9438994526863098,0.941027820110321,-0.00299072265625,0.941092312335968,0.94110107421875,0,0
1486,34.62320869998075,0.9439655542373657,-0.008237524889409542,0.9439517259597778,0.9409600496292114,-0.00299072265625,0.9409595131874084,0.940948486328125,0,0
1487,34.64763145707548,0.9437740445137024,0.02168397791683674,0.9437767267227173,0.9407855868339539,-0.00299072265625,0.9407709836959839,0.9407501220703125,0,0
1488,34.67074651597068,0.9435994625091553,-0.004594220779836178,0.9435885548591614,0.9405946135520935,-0.00299072265625,0.940207839012146,0.940582275390625,0,0
1489,34.69444592297077,0.9434544444084167,0.008600747212767601,0.9434527158737183,0.9404611587524414,-0.00299072265625,0.9404534697532654,0.9404296875,0,0
1490,34.71727901999839,0.943321704864502,-0.0037821349687874317,0.9433100819587708,0.9403197765350342,-0.00299072265625,0.9403073787689209,0.9402923583984375,0,0
1491,34.7433391220402,0.9431723356246948,-0.007701141759753227,0.9431591033935547,0.9401665925979614,-0.00299072265625,0.9401659965515137,0.940155029296875,0,0
1492,34.76650516199879,0.9430261850357056,0.007974864915013313,0.9430246353149414,0.9400296807289124,-0.00299072265625,0.9400169849395752,0.94000244140625,0,0
1493,34.79094177111983,0.9428809285163879,-0.004102537874132395,0.9428706765174866,0.9398783445358276,-0.00299072265625,0.9398730993270874,0.939849853515625,0,0
1494,34.813702163985,0.9427196979522705,0.013793755322694778,0.9427210688591003,0.9397300481796265,-0.00299072265625,0.9397286772727966,0.9397125244140625,0,0
1495,34.836699723033234,0.9424618482589722,-0.08010591566562653,0.9424753785133362,0.9395292401313782,-0.00299072265625,0.9395811557769775,0.9395599365234375,0,0
1496,34.85973107791506,0.942454993724823,-0.003074360080063343,0.942455530166626,0.9394611716270447,-0.00299072265625,0.9392982721328735,0.9394378662109375,0,0
1497,34.882674378110096,0.9422878623008728,0.0034821266308426857,0.942330002784729,0.9393441677093506,-0.00299072265625,0.9393464922904968,0.93841552734375,0,0
1498,34.90573164005764,0.9422260522842407,-0.005860912147909403,0.9422257542610168,0.939235270023346,-0.00299072265625,0.9390881061553955,0.939208984375,0,0
1499,34.92896790103987,0.9421200752258301,-0.0014427369460463524,0.942120373249054,0.9391228556632996,-0.00299072265625,0.9391151666641235,0.9391021728515625,0,0
