i,t_rel,timestamp,pos_estimate,vel_estimate,raw_position_deg,filtered_position_deg,position_deg,measured_position_deg,velocity_deg_per_sec,raw_velocity_deg_per_sec,current,pos_estimate_delta,raw_position_delta_deg,position_delta_deg,error
0,4.389090463519096e-06,2026-06-30T15:04:18.021+07:00,-0.001972794532775879,-0.021102547645568848,-1.1836767196655273,22.877059009189864,22.877059009189864,358.75232328033445,-175.4618736390905,-12.661528587341309,0.0,,,,
1,0.05459943413734436,2026-06-30T15:04:18.073+07:00,-0.001740097999572754,0.004259229637682438,-1.0440587997436523,9.010910980901302,9.010910980901302,358.8919412002563,-222.77128571253144,2.5555377826094627,0.0,0.000232696533203125,0.139617919921875,-13.866148028288563,
2,0.10640733712352812,2026-06-30T15:04:18.122+07:00,-0.00140458345413208,0.005980313755571842,-0.842750072479248,3.260558786830693,3.260558786830693,359.09324992752073,-158.41640200832734,3.5881882533431053,0.0,0.00033551454544067383,0.2013087272644043,-5.750352194070615,
3,0.1582061650697142,2026-06-30T15:04:18.170+07:00,-0.0011603236198425293,0.008990348316729069,-0.6961941719055176,0.9218950834362537,0.9218950834362537,359.23980582809446,-93.62130358234762,5.394208990037441,0.0,0.0002442598342895508,0.14655590057373047,-2.3386637033944453,
4,0.21014808607287705,2026-06-30T15:04:18.221+07:00,-0.0008414387702941895,0.008446449413895607,-0.5048632621765137,0.036354363891023644,0.036354363891023644,359.43113673782346,-49.06640818962285,5.067869648337364,0.0,0.00031888484954833984,0.1913309097290039,-0.8855407195452187,
5,0.2617931931745261,2026-06-30T15:04:18.271+07:00,-0.0005476474761962891,0.010301625356078148,-0.32858848571777344,359.77134265993277,359.77134265993277,359.6074115142822,-23.564627324698954,6.180975213646889,0.0,0.0002937912940979004,0.17627477645874023,-0.2650117039581801,
6,0.31360017019324005,2026-06-30T15:04:18.321+07:00,-0.0004887580871582031,0.0032906029373407364,-0.2932548522949219,359.69722404523344,359.69722404523344,359.64274514770506,-10.776147956449854,1.9743617624044418,0.0,5.888938903808594e-05,0.03533363342285156,-0.07411861469933001,
7,0.3652247760910541,2026-06-30T15:04:18.372+07:00,-0.0005782842636108398,-0.005784212611615658,-0.3469705581665039,359.64669349573336,359.64669349573336,359.5890294418335,-5.1667283349922055,-3.4705275669693947,0.0,-8.952617645263672e-05,-0.05371570587158203,-0.05053054950008118,
8,0.4169185122009367,2026-06-30T15:04:18.448+07:00,-0.0013439655303955078,-0.014680244028568268,-0.8063793182373047,359.37377540554183,359.37377540554183,359.1296206817627,-4.3355641723411145,-8.80814641714096,0.0,-0.000765681266784668,-0.4594087600708008,-0.27291809019152424,
9,0.4687989891972393,2026-06-30T15:04:18.496+07:00,0.06030052900314331,0.0033546090126037598,36.180317401885986,12.118149197901232,12.118149197901232,36.116317401885986,184.23631796289223,2.012765407562256,0.0,0.06164449453353882,36.98669672012329,12.744373792359397,
10,0.5203818730078638,2026-06-30T15:04:18.546+07:00,0.05943197011947632,-0.015852810814976692,35.65918207168579,25.734113060880198,25.734113060880198,35.59518207168579,227.84652928411825,-9.511686488986015,0.0,-0.0008685588836669922,-0.5211353302001953,13.615963862978958,
11,0.5719713510479778,2026-06-30T15:04:18.595+07:00,0.05869823694229126,-0.014020087197422981,35.218942165374756,31.223091951266316,31.223091951266316,35.154942165374756,158.31310159356727,-8.412052318453789,0.0,-0.0007337331771850586,-0.44023990631103516,5.488978890386107,
12,0.6236437160987407,2026-06-30T15:04:18.646+07:00,0.058066606521606445,0.29733210802078247,34.83996391296387,33.30047960818192,33.30047960818192,34.77596391296387,89.56412139434542,178.39926481246948,0.0,-0.0006316304206848145,-0.37897825241088867,2.0773876569155902,
13,0.6752505081240088,2026-06-30T15:04:18.698+07:00,0.054268836975097656,0.028895078226923943,32.561302185058594,33.2788706390078,33.2788706390078,32.497302185058594,35.3021208561491,17.337046936154366,0.0,-0.003797769546508789,-2.2786617279052734,-0.02160896917411037,
14,0.7270498920697719,2026-06-30T15:04:18.747+07:00,0.05642437934875488,-0.014616729691624641,33.85462760925293,33.52495133856638,33.52495133856638,33.79062760925293,17.95600477097911,-8.770037814974785,0.0,0.0021555423736572266,1.293325424194336,0.2460806995585756,
15,0.7789398320019245,2026-06-30T15:04:18.797+07:00,0.05528026819229126,0.5522451400756836,33.168160915374756,33.384092776191885,33.384092776191885,33.104160915374756,5.398635209985741,331.34708404541016,0.0,-0.001144111156463623,-0.6864666938781738,-0.1408585623744898,
16,0.8306531051639467,2026-06-30T15:04:18.847+07:00,0.055100440979003906,0.003792881965637207,33.060264587402344,33.221695502567535,33.221695502567535,32.996264587402344,0.10875580715056277,2.275729179382324,0.0,-0.00017982721328735352,-0.10789632797241211,-0.1623972736243502,
17,0.8823184340726584,2026-06-30T15:04:18.897+07:00,0.054409801959991455,-0.011585296131670475,32.64588117599487,32.89941613434253,32.89941613434253,32.58188117599487,-3.7705893832724833,-6.951177679002285,0.0,-0.0006906390190124512,-0.4143834114074707,-0.32227936822499714,
18,0.9341292441822588,2026-06-30T15:04:18.948+07:00,0.0536838173866272,0.480421245098114,32.21029043197632,32.51972157613243,32.51972157613243,32.14629043197632,-5.966357996743161,288.2527470588684,0.0,-0.0007259845733642578,-0.4355907440185547,-0.37969455821010456,
19,0.985767814097926,2026-06-30T15:04:18.997+07:00,0.05345010757446289,0.3227822184562683,32.070064544677734,32.23347435590046,32.23347435590046,32.006064544677734,-5.808944578582508,193.669331073761,0.0,-0.00023370981216430664,-0.14022588729858398,-0.286247220231985,
20,1.037500383099541,2026-06-30T15:04:19.047+07:00,0.052825212478637695,-0.005259752739220858,31.695127487182617,31.920774842181068,31.920774842181068,31.631127487182617,-6.059107193431987,-3.1558516435325146,0.0,-0.0006248950958251953,-0.3749370574951172,-0.3126995137193944,
21,1.0891029711347073,2026-06-30T15:04:19.097+07:00,0.05233895778656006,-0.012151540257036686,31.403374671936035,31.61817871849682,31.61817871849682,31.339374671936035,-6.115279122339893,-7.290924154222012,0.0,-0.0004862546920776367,-0.29175281524658203,-0.30259612368425337,
22,1.1409075031988323,2026-06-30T15:04:19.148+07:00,0.05182921886444092,0.10077616572380066,31.09753131866455,31.324479428757627,31.324479428757627,31.03353131866455,-6.062764539486245,60.465699434280396,0.0,-0.0005097389221191406,-0.3058433532714844,-0.2936992897392088,
23,1.192603814182803,2026-06-30T15:04:19.223+07:00,0.050823986530303955,-0.010148347355425358,30.494391918182373,30.78537052827588,30.78537052827588,30.430391918182373,-6.90777574594729,-6.089008413255215,0.0,-0.0010052323341369629,-0.6031394004821777,-0.5391089004817502,
24,1.244210846023634,2026-06-30T15:04:19.273+07:00,0.05029648542404175,0.06776991486549377,30.17789125442505,30.427621349164735,30.427621349164735,30.11389125442505,-7.0420992626275645,40.661948919296265,0.0,-0.000527501106262207,-0.3165006637573242,-0.35774917911115267,
25,1.2958970270119607,2026-06-30T15:04:19.324+07:00,0.049725472927093506,-0.010163010098040104,29.835283756256104,30.084181538061806,30.084181538061806,29.771283756256103,-6.885354906575997,-6.097806058824062,0.0,-0.0005710124969482422,-0.3426074981689453,-0.34343981110293953,
26,1.3477291699964553,2026-06-30T15:04:19.374+07:00,0.04929929971694946,-0.00619202945381403,29.579579830169678,29.78191444886409,29.78191444886409,29.515579830169678,-6.415873035960201,-3.715217672288418,0.0,-0.00042617321014404297,-0.2557039260864258,-0.30226708919772705,
27,1.3996661650016904,2026-06-30T15:04:19.424+07:00,0.048936665058135986,-0.0025711359921842813,29.361999034881592,29.512541979463883,29.512541979463883,29.29799903488159,-5.728721285751891,-1.5426815953105688,0.0,-0.00036263465881347656,-0.21758079528808594,-0.26937246940019577,
28,1.451323957182467,2026-06-30T15:04:19.474+07:00,0.04780983924865723,0.341570645570755,28.685903549194336,29.13328085868181,29.13328085868181,28.621903549194336,-7.40286052314572,204.942387342453,0.0,-0.0011268258094787598,-0.6760954856872559,-0.3792611207820755,
29,1.5030710080172867,2026-06-30T15:04:19.524+07:00,0.0483279824256897,-0.007309943437576294,28.99678945541382,29.053084086062334,29.053084086062334,28.93278945541382,-4.2025263530079355,-4.385966062545776,0.0,0.0005181431770324707,0.3108859062194824,-0.08019677261947322,
30,1.5556214281823486,2026-06-30T15:04:19.574+07:00,0.04821830987930298,7.31348991394043e-05,28.930985927581787,28.764048664531575,28.764048664531575,28.866985927581787,-3.913916020707919,0.04388093948364258,0.0,-0.00010967254638671875,-0.06580352783203125,-0.28903542153076955,
31,1.607693182071671,2026-06-30T15:04:19.637+07:00,0.04821878671646118,0.0009149610996246338,28.93127202987671,28.8235950697463,28.8235950697463,28.86727202987671,-1.126434848082312,0.5489766597747803,0.0,4.76837158203125e-07,0.000286102294921875,0.05954640521471788,
32,1.6597223430871964,2026-06-30T15:04:19.686+07:00,0.04830974340438843,0.06563067436218262,28.985846042633057,28.867829922312197,28.867829922312197,28.921846042633057,0.10419635309073072,39.37840461730957,0.0,9.09566879272461e-05,0.054574012756347656,0.04423485256589288,
33,1.7114313570782542,2026-06-30T15:04:19.737+07:00,0.044586896896362305,-0.026041490957140923,26.752138137817383,28.12700597799424,28.12700597799424,26.688138137817383,-10.10056599534269,-15.624894574284554,0.0,-0.003722846508026123,-2.233707904815674,-0.7408239443179525,
34,1.7633483891841024,2026-06-30T15:04:19.785+07:00,0.04880023002624512,0.008663088083267212,29.28013801574707,28.733003569747055,28.733003569747055,29.21613801574707,2.8245255252306274,5.197852849960327,0.0,0.0042133331298828125,2.5279998779296875,0.6059975917528106,
35,1.8150660141836852,2026-06-30T15:04:19.836+07:00,0.04933822154998779,0.3821902573108673,29.602932929992676,29.155933269645057,29.155933269645057,29.538932929992676,6.05049272791115,229.31415438652039,0.0,0.0005379915237426758,0.32279491424560547,0.4229296998979919,
36,1.8667797131929547,2026-06-30T15:04:19.885+07:00,0.049797236919403076,0.11254608631134033,29.878342151641846,28.938450660318313,28.938450660318313,29.814342151641846,4.593595187365098,67.5276517868042,0.0,0.0004590153694152832,0.2754092216491699,-0.21748260932673702,
37,1.9184246722143143,2026-06-30T15:04:19.938+07:00,0.04704207181930542,-0.09572026133537292,28.225243091583252,28.89011769964069,28.89011769964069,28.161243091583252,-0.5331833569963669,-57.432156801223755,0.0,-0.0027551651000976562,-1.6530990600585938,-0.04833296067761239,
38,1.9701770741958171,2026-06-30T15:04:19.988+07:00,0.050891995429992676,0.01344519853591919,30.535197257995605,29.757979203586853,29.757979203586853,30.471197257995605,9.616366277863497,8.067119121551514,0.0,0.003849923610687256,2.3099541664123535,0.867861503946159,
39,2.0217893661465496,2026-06-30T15:04:20.036+07:00,0.05157923698425293,0.01384037733078003,30.947542190551758,30.37243735992734,30.37243735992734,30.883542190551758,11.264356925553486,8.304226398468018,0.0,0.0006872415542602539,0.41234493255615234,0.6144581563404756,
40,2.0735776210203767,2026-06-30T15:04:20.086+07:00,0.052244603633880615,0.01462244987487793,31.34676218032837,30.870178258776225,30.870178258776225,31.28276218032837,10.497745800693355,8.773469924926758,0.0,0.0006653666496276855,0.39921998977661133,0.49774089884888895,
41,2.1253250420559198,2026-06-30T15:04:20.137+07:00,0.05145138502120972,0.4528428614139557,30.87083101272583,30.994460888664236,30.994460888664236,30.80683101272583,4.742660879703395,271.7057168483734,0.0,-0.0007932186126708984,-0.47593116760253906,0.12428262988800043,
42,2.176915464224294,2026-06-30T15:04:20.187+07:00,0.05371403694152832,-3.469180107116699,32.22842216491699,31.617912731480235,31.617912731480235,32.16442216491699,9.078684679735698,-2081.5080642700195,0.0,0.0022626519203186035,1.357591152191162,0.6234518428159959,
43,2.2288294211030006,2026-06-30T15:04:20.237+07:00,0.05453360080718994,0.015516042709350586,32.720160484313965,32.1617608397266,32.1617608397266,32.656160484313965,10.140944351845105,9.309625625610352,0.0,0.0008195638656616211,0.49173831939697266,0.5438481082463511,
44,2.2804624910932034,2026-06-30T15:04:20.287+07:00,0.05546391010284424,0.33779090642929077,33.27834606170654,32.69738895942887,32.69738895942887,33.21434606170654,10.59438228545857,202.67454385757446,0.0,0.0009303092956542969,0.5581855773925781,0.5356281197022668,
45,2.3322258382104337,2026-06-30T15:04:20.362+07:00,0.0564156174659729,0.05856585502624512,33.84937047958374,33.369830652937885,33.369830652937885,33.78537047958374,9.518637000607075,35.13951301574707,0.0,0.0009517073631286621,0.5710244178771973,0.6724416935090289,
46,2.3838246860541403,2026-06-30T15:04:20.412+07:00,0.05708104372024536,0.016864657402038574,34.24862623214722,33.793446455750974,33.793446455750974,34.18462623214722,8.83701903182327,10.118794441223145,0.0,0.0006654262542724609,0.39925575256347656,0.42361580281308875,
47,2.435519070131704,2026-06-30T15:04:20.462+07:00,0.05775797367095947,0.01106792688369751,34.654784202575684,34.21808604678811,34.21808604678811,34.59078420257568,8.710773041581795,6.640756130218506,0.0,0.0006769299507141113,0.4061579704284668,0.4246395910371348,
48,2.487150621134788,2026-06-30T15:04:20.512+07:00,0.05850034952163696,0.22647184133529663,35.10020971298218,34.632794758565126,34.632794758565126,35.03620971298218,8.549996483063374,135.88310480117798,0.0,0.0007423758506774902,0.44542551040649414,0.41470871177702406,
49,2.5391573011875153,2026-06-30T15:04:20.564+07:00,0.05904048681259155,0.14330798387527466,35.42429208755493,35.008900386018674,35.008900386018674,35.36029208755493,8.013172794672553,85.9847903251648,0.0,0.0005401372909545898,0.3240823745727539,0.3761056274535406,
50,2.5910335921216756,2026-06-30T15:04:20.614+07:00,0.05952191352844238,0.06653702259063721,35.71314811706543,35.37246006484917,35.37246006484917,35.64914811706543,7.410948446879203,39.922213554382324,0.0,0.0004814267158508301,0.28885602951049805,0.3635596788304838,
51,2.6428144951350987,2026-06-30T15:04:20.664+07:00,0.05920332670211792,0.5199651718139648,35.52199602127075,35.49694453757791,35.49694453757791,35.45799602127075,4.081002263972357,311.9791030883789,0.0,-0.0003185868263244629,-0.19115209579467773,0.12448447272873864,
52,2.6943913982249796,2026-06-30T15:04:20.713+07:00,0.0592421293258667,1.186187505722046,35.54527759552002,35.61009197336332,35.61009197336332,35.48127759552002,2.2561223686111282,711.7125034332275,0.0,3.88026237487793e-05,0.023281574249267578,0.11314743578540742,
53,2.7461712080985308,2026-06-30T15:04:20.765+07:00,-0.0018631219863891602,0.007776320446282625,-1.117873191833496,22.88888639066011,22.88888639066011,358.8181268081665,-185.10885437919404,4.665792267769575,0.0,-0.06110525131225586,-36.663150787353516,-12.721205582703192,
54,2.797882352024317,2026-06-30T15:04:20.815+07:00,-0.0013734102249145508,0.008133946917951107,-0.8240461349487305,9.124065356482056,9.124065356482056,359.11195386505125,-230.09727595815963,4.880368150770664,0.0,0.0004897117614746094,0.2938270568847656,-13.764821034178055,
55,2.849901828216389,2026-06-30T15:04:20.866+07:00,-0.000955045223236084,0.008610786870121956,-0.5730271339416504,3.460917774084347,3.460917774084347,359.3629728660583,-158.8791075919235,5.1664721220731735,0.0,0.0004183650016784668,0.2510190010070801,-5.663147582397698,
56,2.901663657044992,2026-06-30T15:04:20.916+07:00,-0.0006447434425354004,0.015510017052292824,-0.38684606552124023,1.181883921145046,1.181883921145046,359.54915393447874,-92.27334446997114,9.306010231375694,0.0,0.0003103017807006836,0.18618106842041016,-2.279033852939307,
57,2.9535776330158114,2026-06-30T15:04:20.967+07:00,-0.0005818605422973633,0.00084725022315979,-0.34911632537841797,0.2612187606483724,0.2612187606483724,359.58688367462156,-49.020318961614215,0.508350133895874,0.0,6.288290023803711e-05,0.037729740142822266,-0.920665160496668,
58,3.0052305550780147,2026-06-30T15:04:21.016+07:00,-0.0006341338157653809,0.009176986292004585,-0.3804802894592285,359.8607477727675,359.8607477727675,359.55551971054075,-25.25927785057048,5.506191775202751,0.0,-5.227327346801758e-05,-0.03136396408081055,-0.40047098788090807,
59,3.056774865137413,2026-06-30T15:04:21.067+07:00,-0.0005804300308227539,0.011881540529429913,-0.34825801849365234,359.7028265752258,359.7028265752258,359.5877419815063,-12.374485951146557,7.1289243176579475,0.0,5.370378494262695e-05,0.03222227096557617,-0.15792119754172518,
60,3.108621175168082,2026-06-30T15:04:21.116+07:00,-0.0005823373794555664,-0.00023311284894589335,-0.34940242767333984,359.6345896893919,359.6345896893919,359.58659757232664,-5.990720750033702,-0.139867709367536,0.0,-1.9073486328125e-06,-0.0011444091796875,-0.06823688583392595,
61,3.160342078190297,2026-06-30T15:04:21.166+07:00,-0.0007369518280029297,-0.003749801777303219,-0.4421710968017578,359.57075212832046,359.57075212832046,359.4938289031982,-3.3461984208967213,-2.2498810663819313,0.0,-0.00015461444854736328,-0.09276866912841797,-0.06383756107140925,
62,3.212410980137065,2026-06-30T15:04:21.242+07:00,-0.001468360424041748,-0.010805517435073853,-0.8810162544250488,359.28472117315647,359.28472117315647,359.05498374557493,-3.9476406823437222,-6.4833104610443115,0.0,-0.0007314085960388184,-0.438845157623291,-0.28603095516399435,
63,3.2640663830097765,2026-06-30T15:04:21.291+07:00,0.06037050485610962,0.025429725646972656,36.22230291366577,12.090109284481912,12.090109284481912,36.15830291366577,185.00953860260066,15.257835388183594,0.0,0.06183886528015137,37.10331916809082,12.805388111325442,
64,3.315817897208035,2026-06-30T15:04:21.342+07:00,0.05996549129486084,-0.0028228764422237873,35.979294776916504,25.867809832352044,25.867809832352044,35.915294776916504,226.87802812171003,-1.6937258653342724,0.0,-0.0004050135612487793,-0.24300813674926758,13.777700547870126,
65,3.367523910012096,2026-06-30T15:04:21.391+07:00,0.059785544872283936,0.0002843141555786133,35.87132692337036,31.625405969676635,31.625405969676635,35.80732692337036,160.72467588561398,0.17058849334716797,0.0,-0.0001799464225769043,-0.10796785354614258,5.757596137324583,
66,3.4191898871213198,2026-06-30T15:04:21.442+07:00,0.059334635734558105,0.15462344884872437,35.60078144073486,33.9176481319334,33.9176481319334,35.53678144073486,92.8116098044015,92.77406930923462,0.0,-0.0004509091377258301,-0.27054548263549805,2.2922421622567697,
67,3.470974105177447,2026-06-30T15:04:21.492+07:00,0.05831742286682129,-0.022230805829167366,34.99045372009277,34.56886894201932,34.56886894201932,34.92645372009277,45.98328014456902,-13.33848349750042,0.0,-0.0010172128677368164,-0.6103277206420898,0.6512208100859311,
68,3.5227650820743293,2026-06-30T15:04:21.542+07:00,0.05741441249847412,0.14365625381469727,34.44864749908447,34.509881592877434,34.509881592877434,34.38464749908447,18.493066723206034,86.19375228881836,0.0,-0.000903010368347168,-0.5418062210083008,-0.05898734914188708,
69,3.574693595059216,2026-06-30T15:04:21.594+07:00,0.056142210960388184,-0.02782631106674671,33.68532657623291,34.08404885174629,34.08404885174629,33.62132657623291,2.8840909212509205,-16.695786640048027,0.0,-0.0012722015380859375,-0.7633209228515625,-0.42583274113115976,
70,3.626598183065653,2026-06-30T15:04:21.642+07:00,0.05351907014846802,0.18410544097423553,32.11144208908081,33.19197807383039,33.19197807383039,32.04744208908081,-10.300566146840508,110.46326458454132,0.0,-0.002623140811920166,-1.5738844871520996,-0.8920707779159045,
71,3.6786206031683832,2026-06-30T15:04:21.692+07:00,0.054367661476135254,0.11363780498504639,32.62059688568115,32.894266815046954,32.894266815046954,32.55659688568115,-8.188489827895314,68.18268299102783,0.0,0.0008485913276672363,0.5091547966003418,-0.29771125878343696,
72,3.7306544131133705,2026-06-30T15:04:21.742+07:00,0.05342811346054077,-0.01300719566643238,32.05686807632446,32.442051729134185,32.442051729134185,31.992868076324463,-8.873521256438632,-7.804317399859428,0.0,-0.0009395480155944824,-0.5637288093566895,-0.45221508591276915,
73,3.7823850382119417,2026-06-30T15:04:21.792+07:00,0.0528530478477478,0.16526266932487488,31.71182870864868,32.01569612586483,32.01569612586483,31.64782870864868,-8.670240466832542,99.15760159492493,0.0,-0.0005750656127929688,-0.34503936767578125,-0.4263556032693714,
74,3.8341884040273726,2026-06-30T15:04:21.843+07:00,0.05213433504104614,0.12268993258476257,31.280601024627686,31.590334559878944,31.590334559878944,31.216601024627685,-8.499487108395469,73.61395955085754,0.0,-0.0007187128067016602,-0.4312276840209961,-0.42536156598589514,
75,3.885810677194968,2026-06-30T15:04:21.893+07:00,0.051573872566223145,-0.0017498736269772053,30.944323539733887,30.931267330676732,30.931267330676732,30.880323539733887,-9.495511150958716,-1.0499241761863232,0.0,-0.000560462474822998,-0.33627748489379883,-0.6590672292022077,
76,3.937606413150206,2026-06-30T15:04:21.968+07:00,0.05172532796859741,0.09539806842803955,31.035196781158447,30.92294371194363,30.92294371194363,30.971196781158447,-2.500293327715223,57.23884105682373,0.0,0.00015145540237426758,0.09087324142456055,-0.008323618733101057,
77,3.9891541490796953,2026-06-30T15:04:22.018+07:00,0.05224025249481201,0.018143415451049805,31.344151496887207,31.092480742117065,31.092480742117065,31.280151496887207,0.9730862787622754,10.886049270629883,0.0,0.0005149245262145996,0.30895471572875977,0.16953703017344424,
78,4.040767200058326,2026-06-30T15:04:22.068+07:00,0.05304300785064697,0.014746308326721191,31.825804710388184,31.42164002194214,31.42164002194214,31.761804710388184,4.366514161815233,8.847784996032715,0.0,0.0008027553558349609,0.48165321350097656,0.3291592798250633,
79,4.092824954073876,2026-06-30T15:04:22.118+07:00,0.053785741329193115,0.015617907047271729,32.27144479751587,31.829270286818772,31.829270286818772,32.20744479751587,6.624746802169354,9.370744228363037,0.0,0.0007427334785461426,0.44564008712768555,0.40763026487664433,
80,4.144482561154291,2026-06-30T15:04:22.169+07:00,0.05455124378204346,0.014329075813293457,32.730746269226074,32.28449349985563,32.28449349985563,32.666746269226074,7.917223548736524,8.597445487976074,0.0,0.0007655024528503418,0.4593014717102051,0.4552232130368452,
81,4.196141593158245,2026-06-30T15:04:22.219+07:00,0.055226147174835205,0.02284526824951172,33.13568830490112,32.08139778232022,32.08139778232022,33.07168830490112,4.476890067712163,13.707160949707031,0.0,0.000674903392791748,0.40494203567504883,-0.20309571753540467,
82,4.247929422184825,2026-06-30T15:04:22.268+07:00,0.049066364765167236,-2.1353724002838135,29.439818859100342,31.3980000210381,31.3980000210381,29.37581885910034,-10.802771836900579,-1281.223440170288,0.0,-0.006159782409667969,-3.6958694458007812,-0.6833977612821229,
83,4.29957339912653,2026-06-30T15:04:22.319+07:00,0.056533753871917725,0.017122328281402588,33.920252323150635,32.76953235639607,32.76953235639607,33.856252323150635,10.684446110444487,10.273396968841553,0.0,0.007467389106750488,4.480433464050293,1.3715323353579834,
84,4.351492727175355,2026-06-30T15:04:22.369+07:00,0.057314395904541016,0.015237629413604736,34.38863754272461,33.61445289130144,33.61445289130144,34.32463754272461,14.187255210935291,9.142577648162842,0.0,0.000780642032623291,0.4683852195739746,0.8449205349053841,
85,4.40348492609337,2026-06-30T15:04:22.419+07:00,0.05829882621765137,0.42902839183807373,34.97929573059082,33.795483823305204,33.795483823305204,34.91529573059082,11.039868818815906,257.41703510284424,0.0,0.0009844303131103516,0.5906581878662109,0.18103093200375042,
86,4.455294254003093,2026-06-30T15:04:22.469+07:00,0.05902177095413208,0.016489803791046143,35.41306257247925,34.63512938238747,34.63512938238747,35.34906257247925,14.197625145363057,9.893882274627686,0.0,0.0007229447364807129,0.43376684188842773,0.8396455590822711,
87,4.506921694148332,2026-06-30T15:04:22.520+07:00,0.059818267822265625,0.015431642532348633,35.890960693359375,34.95057006984713,34.95057006984713,35.826960693359375,11.195958941213018,9.25898551940918,0.0,0.0007964968681335449,0.47789812088012695,0.31544068745967024,
88,4.5584828751161695,2026-06-30T15:04:22.571+07:00,-0.0018010735511779785,0.00850010011345148,-1.080644130706787,22.610595159339056,22.610595159339056,358.8553558692932,-173.89005031321466,5.1000600680708885,0.0,-0.061619341373443604,-36.97160482406616,-12.33997491050809,
89,4.610185185214505,2026-06-30T15:04:22.620+07:00,-0.0008797645568847656,0.01880425587296486,-0.5278587341308594,9.150133372669314,9.150133372669314,359.4081412658691,-222.54812998222144,11.282553523778915,0.0,0.0009213089942932129,0.5527853965759277,-13.460461786669754,
90,4.661741718184203,2026-06-30T15:04:22.670+07:00,-5.066394805908203e-06,0.019579123705625534,-0.003039836883544922,3.7673346338253975,3.7673346338253975,359.93296016311643,-153.27874343045113,11.74747422337532,0.0,0.0008746981620788574,0.5248188972473145,-5.382798738843917,
91,4.713443065062165,2026-06-30T15:04:22.720+07:00,0.0008562803268432617,-0.11656534671783447,0.513768196105957,1.793202284585662,1.793202284585662,0.44976819610595703,-86.54713545556793,-69.93920803070068,0.0,0.0008613467216491699,0.516808032989502,-1.9741323492397385,
92,4.765570393064991,2026-06-30T15:04:22.795+07:00,0.0019919872283935547,-0.01413477398455143,1.1951923370361328,1.2217609606799384,1.2217609606799384,1.1311923370361328,-27.93957100776418,-8.480864390730858,0.0,0.001135706901550293,0.6814241409301758,-0.5714413239057308,
93,4.817237611161545,2026-06-30T15:04:22.848+07:00,0.0033635497093200684,0.01726943999528885,2.018129825592041,1.5671675760338357,1.5671675760338357,1.954129825592041,-7.979147298445358,10.36166399717331,0.0,0.0013715624809265137,0.8229374885559082,0.3454066153539088,
94,4.8688955320976675,2026-06-30T15:04:22.896+07:00,0.0041176676750183105,0.015436545014381409,2.4706006050109863,2.0005041432452813,2.0005041432452813,2.4066006050109863,1.7933711640074979,9.261927008628845,0.0,0.0007541179656982422,0.4524707794189453,0.4333365672114553,
95,4.920497824205086,2026-06-30T15:04:22.946+07:00,0.004760861396789551,0.011360980570316315,2.8565168380737305,2.422971616529895,2.422971616529895,2.7925168380737304,5.752270103203632,6.816588342189789,0.0,0.0006431937217712402,0.38591623306274414,0.42246747328462675,
96,4.972467782208696,2026-06-30T15:04:22.998+07:00,0.0053253173828125,0.009200282394886017,3.1951904296875,2.8004489853665357,2.8004489853665357,3.1311904296875,6.596277495779063,5.52016943693161,0.0,0.0005644559860229492,0.33867359161376953,0.37747736883665084,
97,5.024849535198882,2026-06-30T15:04:23.055+07:00,0.005858004093170166,0.0296371728181839,3.5148024559020996,3.140416693730999,3.140416693730999,3.4508024559020996,6.246069983784237,17.78230369091034,0.0,0.000532686710357666,0.3196120262145996,0.339967708364469,
98,5.07677958603017,2026-06-30T15:04:23.107+07:00,0.0064504146575927734,0.012448683381080627,3.870248794555664,3.483994208809659,3.483994208809659,3.806248794555664,6.73573413284776,7.4692100286483765,0.0,0.0005924105644226074,0.35544633865356445,0.34357751507866396,
99,5.128311674110591,2026-06-30T15:04:23.158+07:00,0.006805777549743652,0.003321722149848938,4.083466529846191,3.774248106858634,3.774248106858634,4.019466529846191,6.075284177888373,1.9930332899093628,0.0,0.0003553628921508789,0.21321773529052734,0.2902538980489737,
100,5.179707651026547,2026-06-30T15:04:23.210+07:00,0.007188260555267334,0.007411964237689972,4.3129563331604,4.021469971002724,4.021469971002724,4.2489563331604,5.302693001472902,4.447178542613983,0.0,0.00038248300552368164,0.22948980331420898,0.24722186414408043,
101,5.2311124440748245,2026-06-30T15:04:23.257+07:00,0.007381141185760498,0.010615602135658264,4.428684711456299,4.207757193787314,4.207757193787314,4.364684711456299,4.456793215713513,6.3693612813949585,0.0,0.00019288063049316406,0.11572837829589844,0.18628722278458554,
102,5.283137420192361,2026-06-30T15:04:23.307+07:00,0.007629811763763428,0.005333141423761845,4.577887058258057,4.366192297788457,4.366192297788457,4.513887058258057,3.835078246832556,3.199884854257107,0.0,0.0002486705780029297,0.1492023468017578,0.1584351040011427,
103,5.334746767068282,2026-06-30T15:04:23.357+07:00,0.007734477519989014,-0.0002027675654971972,4.640686511993408,4.485775650226939,4.485775650226939,4.576686511993408,2.9764470018247624,-0.12166053929831833,0.0,0.00010466575622558594,0.06279945373535156,0.1195833524384966,
104,5.386292930226773,2026-06-30T15:04:23.408+07:00,0.007778763771057129,0.05799354612827301,4.667258262634277,4.552027196225858,4.552027196225858,4.603258262634277,1.989055313536289,34.796127676963806,0.0,4.4286251068115234e-05,0.02657175064086914,0.06625154599890948,
105,5.437796129146591,2026-06-30T15:04:23.458+07:00,0.007524371147155762,0.07116616517305374,4.514622688293457,4.517800970624317,4.517800970624317,4.450622688293457,0.3115463980392148,42.699699103832245,0.0,-0.0002543926239013672,-0.1526355743408203,-0.03422622560154309,
106,5.489554698113352,2026-06-30T15:04:23.508+07:00,0.007075130939483643,-0.01082752738147974,4.2450785636901855,4.359329459054228,4.359329459054228,4.1810785636901855,-1.8171777709179429,-6.496516428887844,0.0,-0.00044924020767211914,-0.2695441246032715,-0.15847151157009876,
107,5.541054157074541,2026-06-30T15:04:23.558+07:00,0.006204068660736084,-0.01999175362288952,3.7224411964416504,4.001015105569067,4.001015105569067,3.6584411964416503,-5.092336679361942,-11.995052173733711,0.0,-0.0008710622787475586,-0.5226373672485352,-0.35831435348515583,
108,5.592584134079516,2026-06-30T15:04:23.608+07:00,0.005070686340332031,-0.023612795397639275,3.0424118041992188,3.490487729568444,3.490487729568444,2.9784118041992187,-8.429724041926764,-14.167677238583565,0.0,-0.0011333823204040527,-0.6800293922424316,-0.5105273760006241,
109,5.6441558711230755,2026-06-30T15:04:23.658+07:00,0.0038419365882873535,-0.023590443655848503,2.305161952972412,2.854495538980662,2.854495538980662,2.241161952972412,-11.311055304325311,-14.154266193509102,0.0,-0.0012287497520446777,-0.7372498512268066,-0.6359921905877854,
110,5.695760329021141,2026-06-30T15:04:23.710+07:00,0.0024623870849609375,0.008648158051073551,1.4774322509765625,2.1154146714918327,2.1154146714918327,1.4134322509765624,-13.228155191584921,5.188894830644131,0.0,-0.001379549503326416,-0.8277297019958496,-0.7390808674888376,
111,5.747323473216966,2026-06-30T15:04:23.759+07:00,0.00112229585647583,-0.02551279589533806,0.673377513885498,1.3355895248390328,1.3355895248390328,0.609377513885498,-14.689955803765068,-15.307677537202835,0.0,-0.0013400912284851074,-0.8040547370910645,-0.7798251466527972,
112,5.799108189996332,2026-06-30T15:04:23.811+07:00,-7.921457290649414e-05,-0.019246920943260193,-0.047528743743896484,0.5749987267637113,0.5749987267637113,359.8884712562561,-14.895459300785571,-11.548152565956116,0.0,-0.0012015104293823242,-0.7209062576293945,-0.7605907980753273,
113,5.850807704031467,2026-06-30T15:04:23.861+07:00,-0.0011854171752929688,-0.0323227122426033,-0.7112503051757812,359.8708462109247,359.8708462109247,359.2247496948242,-14.580863296076972,-19.39362734556198,0.0,-0.0011062026023864746,-0.6637215614318848,-0.7041525158390414,
114,5.903076680144295,2026-06-30T15:04:23.912+07:00,-0.0018976330757141113,-0.012414760887622833,-1.1385798454284668,359.29960428280555,359.29960428280555,358.7974201545715,-12.697814171883929,-7.4488565325737,0.0,-0.0007122159004211426,-0.42732954025268555,-0.5712419281191501,
115,5.954916768008843,2026-06-30T15:04:23.986+07:00,0.059550702571868896,-0.01564502902328968,35.73042154312134,25.789265706790726,25.789265706790726,35.66642154312134,225.5673328687917,-9.387017413973808,0.0,0.06144833564758301,36.869001388549805,26.489661423985183,
116,6.006545856129378,2026-06-30T15:04:24.036+07:00,0.05876266956329346,-0.015011610463261604,35.257601737976074,31.274455751319127,31.274455751319127,35.193601737976074,155.13121437240272,-9.006966277956963,0.0,-0.0007880330085754395,-0.47281980514526367,5.4851900445283945,
117,6.0581931851338595,2026-06-30T15:04:24.086+07:00,0.05796080827713013,0.2271023392677307,34.776484966278076,33.308652466688855,33.308652466688855,34.712484966278076,87.69827305407918,136.26140356063843,0.0,-0.0008018612861633301,-0.48111677169799805,2.034196715369717,
118,6.109765162225813,2026-06-30T15:04:24.137+07:00,0.056957364082336426,-0.01723957248032093,34.174418449401855,33.83977906241873,33.83977906241873,34.110418449401855,42.48181613339028,-10.343743488192558,0.0,-0.0010034441947937012,-0.6020665168762207,0.5311265957298588,
119,6.161212787032127,2026-06-30T15:04:24.188+07:00,0.056295573711395264,0.00954502820968628,33.77734422683716,33.80652374308624,33.80652374308624,33.71334422683716,17.347125874705945,5.727016925811768,0.0,-0.0006617903709411621,-0.39707422256469727,-0.03325531933248271,
120,6.212848227005452,2026-06-30T15:04:24.237+07:00,0.053476929664611816,0.18834389746189117,32.08615779876709,33.12455129110512,33.12455129110512,32.02215779876709,-1.8717767679778117,113.0063384771347,0.0,-0.0028186440467834473,-1.6911864280700684,-0.6819724519811246,
121,6.264459926169366,2026-06-30T15:04:24.288+07:00,0.055245280265808105,0.05544006824493408,33.14716815948486,33.12806283118031,33.12806283118031,33.08316815948486,-0.8894222477771234,33.26404094696045,0.0,0.001768350601196289,1.0610103607177734,0.003511540075180619,
122,6.315979941049591,2026-06-30T15:04:24.337+07:00,0.054772257804870605,-0.010966897942125797,32.86335468292236,32.35326930217802,32.35326930217802,32.79935468292236,-5.137807634874298,-6.580138765275478,0.0,-0.0004730224609375,-0.2838134765625,-0.7747935290022951,
123,6.367544214008376,2026-06-30T15:04:24.387+07:00,0.054299890995025635,-0.010884792543947697,32.57993459701538,32.479573653245694,32.479573653245694,32.51593459701538,-0.9609953508025348,-6.530875526368618,0.0,-0.0004723668098449707,-0.2834200859069824,0.126304351067688,
124,6.419236321002245,2026-06-30T15:04:24.437+07:00,0.05382651090621948,0.05457592010498047,32.29590654373169,32.36380974747504,32.36380974747504,32.23190654373169,-1.8653704829320632,32.74555206298828,0.0,-0.00047338008880615234,-0.2840280532836914,-0.11576390577064899,
125,6.4708992971573025,2026-06-30T15:04:24.487+07:00,0.05339163541793823,0.11961221694946289,32.03498125076294,32.15515159870829,32.15515159870829,31.97098125076294,-3.194135195721133,71.76733016967773,0.0,-0.00043487548828125,-0.26092529296875,-0.2086581487667445,
126,6.522672219201922,2026-06-30T15:04:24.539+07:00,0.05294674634933472,0.06302565336227417,31.76804780960083,31.91759904848014,31.91759904848014,31.70404780960083,-3.9968918147151626,37.8153920173645,0.0,-0.0004448890686035156,-0.2669334411621094,-0.2375525502281448,
127,6.574262973153964,2026-06-30T15:04:24.587+07:00,0.052542269229888916,-0.009550572372972965,31.52536153793335,31.08842344129608,31.08842344129608,31.46136153793335,-7.606736469707053,-5.730343423783779,0.0,-0.0004044771194458008,-0.24268627166748047,-0.8291756071840553,
128,6.6259438211563975,2026-06-30T15:04:24.638+07:00,0.052113234996795654,-0.005862176883965731,31.267940998077393,31.20224246726584,31.20224246726584,31.203940998077393,-2.2442375546845597,-3.5173061303794384,0.0,-0.0004290342330932617,-0.25742053985595703,0.11381902596974669,
129,6.677573261084035,2026-06-30T15:04:24.688+07:00,0.0517159104347229,-0.009401083923876286,31.02954626083374,31.09191929428368,31.09191929428368,30.96554626083374,-2.311116381203087,-5.640650354325771,0.0,-0.0003973245620727539,-0.23839473724365234,-0.11032317298216299,
130,6.729437459027395,2026-06-30T15:04:24.738+07:00,0.05129450559616089,0.004777461290359497,30.776703357696533,30.900942592041385,30.900942592041385,30.712703357696533,-3.250921584928183,2.8664767742156982,0.0,-0.0004214048385620117,-0.25284290313720703,-0.19097670224229546,
131,6.7814318251330405,2026-06-30T15:04:24.790+07:00,0.0508275032043457,-0.009505362249910831,30.496501922607422,30.674840851147923,30.674840851147923,30.432501922607422,-4.0832066975124235,-5.703217349946499,0.0,-0.00046700239181518555,-0.28020143508911133,-0.22610174089345492,
132,6.832929543219507,2026-06-30T15:04:24.864+07:00,0.05010026693344116,-0.011129708029329777,30.060160160064697,30.260957940659548,30.260957940659548,29.996160160064697,-5.1993881024699915,-6.677824817597866,0.0,-0.000727236270904541,-0.4363417625427246,-0.41388291048838255,
133,6.884419335052371,2026-06-30T15:04:24.914+07:00,0.04965108633041382,-0.008202196098864079,29.79065179824829,29.99961768482177,29.99961768482177,29.72665179824829,-5.285929650622986,-4.921317659318447,0.0,-0.00044918060302734375,-0.26950836181640625,-0.26134025583778,
134,6.9359271640423685,2026-06-30T15:04:24.963+07:00,0.04941612482070923,0.13660717010498047,29.649674892425537,29.765463614688073,29.765463614688073,29.585674892425537,-4.870648347674145,81.96430206298828,0.0,-0.00023496150970458984,-0.1409769058227539,-0.23415407013368394,
135,6.987405863124877,2026-06-30T15:04:25.013+07:00,0.04928624629974365,0.00014984607696533203,29.57174777984619,29.62613560779272,29.62613560779272,29.50774777984619,-3.66557178276969,0.08990764617919922,0.0,-0.00012987852096557617,-0.0779271125793457,-0.13932800689536862,
136,7.039045692188665,2026-06-30T15:04:25.064+07:00,0.04944205284118652,0.25354400277137756,29.665231704711914,29.5904860108566,29.5904860108566,29.601231704711914,-1.810320494237499,152.12640166282654,0.0,0.0001558065414428711,0.09348392486572266,-0.035649596936110584,
137,7.090836483053863,2026-06-30T15:04:25.113+07:00,0.04974544048309326,0.013940691947937012,29.847264289855957,29.550054024555862,29.550054024555862,29.783264289855957,-0.43962903571905887,8.364415168762207,0.0,0.0003033876419067383,0.18203258514404297,-0.04043198630074585,
138,7.142931423150003,2026-06-30T15:04:25.163+07:00,0.04855179786682129,0.05377844348549843,29.131078720092773,29.485780635528815,29.485780635528815,29.067078720092773,-2.1209115590150476,32.26706609129906,0.0,-0.0011936426162719727,-0.7161855697631836,-0.0642733890270506,
139,7.194831343134865,2026-06-30T15:04:25.213+07:00,0.05153781175613403,0.15161925554275513,30.92268705368042,30.21323665062419,30.21323665062419,30.85868705368042,7.59788453636852,90.97155332565308,0.0,0.002986013889312744,1.7916083335876465,0.7274560150953846,
140,7.246451209066436,2026-06-30T15:04:25.263+07:00,0.05217170715332031,0.014565765857696533,31.303024291992188,30.757992534374882,30.757992534374882,31.239024291992187,9.577777822163965,8.73945951461792,0.0,0.0006338953971862793,0.3803372383117676,0.5447558837506961,
141,7.298258760012686,2026-06-30T15:04:25.314+07:00,0.05296355485916138,0.01619744300842285,31.778132915496826,31.26652191803329,31.26652191803329,31.714132915496826,9.798682498437294,9.718465805053711,0.0,0.0007918477058410645,0.47510862350463867,0.5085293836584128,
142,7.349967218004167,2026-06-30T15:04:25.364+07:00,0.05372929573059082,0.014006853103637695,32.23757743835449,31.736502207928424,31.736502207928424,32.17357743835449,9.677176956878403,8.404111862182617,0.0,0.0007657408714294434,0.459444522857666,0.4699802898951475,
143,7.401751232100651,2026-06-30T15:04:25.413+07:00,0.05457019805908203,0.022954821586608887,32.74211883544922,32.230729227155564,32.230729227155564,32.67811883544922,10.0174132860755,13.772892951965332,0.0,0.0008409023284912109,0.5045413970947266,0.4942270192271394,
144,7.454461596207693,2026-06-30T15:04:25.464+07:00,0.05334639549255371,0.08514449745416641,32.00783729553223,32.16659497714487,32.16659497714487,31.943837295532227,2.7680484724350585,51.08669847249985,0.0,-0.0012238025665283203,-0.7342815399169922,-0.06413425001068163,
145,7.506132665090263,2026-06-30T15:04:25.515+07:00,0.05654364824295044,0.021181166172027588,33.926188945770264,33.073194526504366,33.073194526504366,33.862188945770264,11.268827337130086,12.708699703216553,0.0,0.0031972527503967285,1.918351650238037,0.9065995493594983,
146,7.557612013071775,2026-06-30T15:04:25.566+07:00,0.05761772394180298,0.021047234535217285,34.57063436508179,33.842467268567624,33.842467268567624,34.50663436508179,13.476839207105302,12.628340721130371,0.0,0.001074075698852539,0.6444454193115234,0.769272742063265,
147,7.609149842057377,2026-06-30T15:04:25.640+07:00,0.059285759925842285,0.22018635272979736,35.57145595550537,34.86403807988936,34.86403807988936,35.50745595550537,13.596136339627398,132.11181163787842,0.0,0.0016680359840393066,1.000821590423584,1.0215708113217374,
148,7.660680060042068,2026-06-30T15:04:25.691+07:00,0.06019967794418335,0.01847660541534424,36.11980676651001,35.48999502001814,35.48999502001814,36.05580676651001,12.764584561342438,11.085963249206543,0.0,0.0009139180183410645,0.5483508110046387,0.6259569401287877,
149,7.712188222212717,2026-06-30T15:04:25.741+07:00,-0.0013094544410705566,0.023254159837961197,-0.785672664642334,14.434835227672266,14.434835227672266,359.15032733535764,-224.7976125930665,13.952495902776718,0.0,-0.061509132385253906,-36.905479431152344,-21.055159792345876,
150,7.7638202181551605,2026-06-30T15:04:25.791+07:00,-0.0004056692123413086,0.033178333193063736,-0.24340152740478516,5.859001657628763,5.859001657628763,359.6925984725952,-189.34453105319602,19.90699991583824,0.0,0.000903785228729248,0.5422711372375488,-8.5758335700435,
151,7.815535806119442,2026-06-30T15:04:25.840+07:00,0.0004464387893676758,0.016392149031162262,0.26786327362060547,2.5318786326868628,2.5318786326868628,0.20386327362060547,-117.59739005653714,9.835289418697357,0.0,0.0008521080017089844,0.5112648010253906,-3.3271230249418977,
152,7.867269097128883,2026-06-30T15:04:25.890+07:00,0.0012452006340026855,0.015714131295681,0.7471203804016113,1.415209273104801,1.415209273104801,0.6831203804016113,-61.75905648183924,9.4284787774086,0.0,0.0007987618446350098,0.47925710678100586,-1.1166693595820618,
153,7.919032796053216,2026-06-30T15:04:25.941+07:00,0.002110004425048828,0.0257798470556736,1.2660026550292969,1.2359112723484438,1.2359112723484438,1.2020026550292968,-27.707760857099615,15.46790823340416,0.0,0.0008648037910461426,0.5188822746276855,-0.17929800075634716,
154,7.970875347033143,2026-06-30T15:04:25.990+07:00,0.003059864044189453,0.02346271649003029,1.8359184265136719,1.4843131082798813,1.4843131082798813,1.7719184265136718,-8.58289878667903,14.077629894018173,0.0,0.000949859619140625,0.569915771484375,0.24840183593144616,
155,8.022493972210214,2026-06-30T15:04:26.041+07:00,0.003971755504608154,0.01638466864824295,2.3830533027648926,1.900847952663613,1.900847952663613,2.3190533027648925,1.314743951992046,9.83080118894577,0.0,0.0009118914604187012,0.5471348762512207,0.4165348443837331,
156,8.07416326412931,2026-06-30T15:04:26.091+07:00,0.004741549491882324,0.030041493475437164,2.8449296951293945,2.3605881241590065,2.3605881241590065,2.7809296951293945,5.915365464943231,18.0248960852623,0.0,0.0007697939872741699,0.46187639236450195,0.45974017149538327,
157,8.125800592126325,2026-06-30T15:04:26.141+07:00,0.005265176296234131,0.0068999603390693665,3.1591057777404785,2.753716827279106,2.753716827279106,3.0951057777404785,7.038133297202505,4.13997620344162,0.0,0.0005236268043518066,0.314176082611084,0.3931287031201123,
158,8.177606476005167,2026-06-30T15:04:26.191+07:00,0.0053847432136535645,-0.0002302751236129552,3.2308459281921387,2.9901346980092383,2.9901346980092383,3.1668459281921386,5.597517589560692,-0.13816507416777313,0.0,0.0001195669174194336,0.07174015045166016,0.2364178707301221,
159,8.22955878614448,2026-06-30T15:04:26.241+07:00,0.005396783351898193,0.05339895188808441,3.238070011138916,3.086065258316647,3.086065258316647,3.174070011138916,3.484974026720228,32.03937113285065,0.0,1.2040138244628906e-05,0.007224082946777344,0.09593056030740854,
160,8.281198226148263,2026-06-30T15:04:26.292+07:00,0.005208194255828857,0.0505453497171402,3.1249165534973145,3.0927281138503133,3.0927281138503133,3.0609165534973144,1.4272456679190784,30.32720983028412,0.0,-0.00018858909606933594,-0.11315345764160156,0.006662855533676293,
161,8.332871740218252,2026-06-30T15:04:26.342+07:00,0.004375815391540527,-0.018759993836283684,2.6254892349243164,2.846168721060211,2.846168721060211,2.5614892349243163,-2.4710736491063665,-11.25599630177021,0.0,-0.0008323788642883301,-0.49942731857299805,-0.24655939279008976,
162,8.384536902187392,2026-06-30T15:04:26.392+07:00,0.0032783150672912598,-0.02438521198928356,1.9669890403747559,2.317152456971163,2.317152456971163,1.9029890403747558,-6.977786152246032,-14.631127193570137,0.0,-0.0010975003242492676,-0.6585001945495605,-0.5290162640890514,
163,8.436511638108641,2026-06-30T15:04:26.467+07:00,0.0012206435203552246,-0.028460709378123283,0.7323861122131348,1.3404280073916972,1.3404280073916972,0.6683861122131347,-11.741147423552944,-17.07642562687397,0.0,-0.002057671546936035,-1.234602928161621,-0.9767244495794785,
164,8.488054485060275,2026-06-30T15:04:26.518+07:00,-0.00015372037887573242,-0.016472801566123962,-0.09223222732543945,0.5677347368838873,0.5677347368838873,359.84376777267454,-13.688078706809684,-9.883680939674377,0.0,-0.001374363899230957,-0.8246183395385742,-0.7726932705078013,
165,8.539602296194062,2026-06-30T15:04:26.569+07:00,-0.0015072822570800781,-0.026434235274791718,-0.9043693542480469,359.77283216167734,359.77283216167734,359.03163064575193,-14.855112554841146,-15.86054116487503,0.0,-0.0013535618782043457,-0.8121371269226074,-0.7949025752066063,
166,8.59142380906269,2026-06-30T15:04:26.617+07:00,0.059767961502075195,-0.023436488583683968,35.86077690124512,20.549884560844763,20.549884560844763,35.79677690124512,231.81740695527375,-14.06189315021038,0.0,0.06127524375915527,36.765146255493164,20.777052399167417,
167,8.643215045100078,2026-06-30T15:04:26.668+07:00,0.05859607458114624,-0.024069787934422493,35.157644748687744,29.02226055197485,29.02226055197485,35.093644748687744,190.22083269520797,-14.441872760653496,0.0,-0.001171886920928955,-0.703132152557373,8.472375991130093,
168,8.695010151015595,2026-06-30T15:04:26.718+07:00,0.057480812072753906,0.02547663450241089,34.488487243652344,32.20843650395522,32.20843650395522,34.424487243652344,115.06341812202601,15.285980701446533,0.0,-0.001115262508392334,-0.6691575050354004,3.186175951980374,
169,8.746683684177697,2026-06-30T15:04:26.769+07:00,0.05636388063430786,-0.021178903058171272,33.81832838058472,33.17186679016962,33.17186679016962,33.75432838058472,58.58314569488455,-12.707341834902763,0.0,-0.001116931438446045,-0.670158863067627,0.9634302862143898,
170,8.798317587003112,2026-06-30T15:04:26.817+07:00,0.05532479286193848,-0.01784929819405079,33.194875717163086,32.913079334634176,32.913079334634176,33.130875717163086,23.14927473436839,-10.709578916430473,0.0,-0.0010390877723693848,-0.6234526634216309,-0.25878745553544036,
171,8.850183323025703,2026-06-30T15:04:26.870+07:00,0.05433589220046997,0.5106496214866638,32.60153532028198,32.77329158860798,32.77329158860798,32.53753532028198,7.969455550520809,306.3897728919983,0.0,-0.0009889006614685059,-0.5933403968811035,-0.13978774602620092,
172,8.90179042913951,2026-06-30T15:04:26.920+07:00,0.05382120609283447,-0.002546966541558504,32.292723655700684,32.50259987843976,32.50259987843976,32.22872365570068,0.12084037299990191,-1.5281799249351025,0.0,-0.000514686107635498,-0.30881166458129883,-0.27069171016822224,
173,8.954581145197153,2026-06-30T15:04:26.970+07:00,0.053282201290130615,-0.007032246328890324,31.96932077407837,32.188783389732336,32.188783389732336,31.90532077407837,-3.652829995694206,-4.219347797334194,0.0,-0.0005390048027038574,-0.32340288162231445,-0.31381648870743106,
174,9.006209751125425,2026-06-30T15:04:27.021+07:00,0.052793800830841064,-0.009163171984255314,31.67628049850464,31.89253834740773,31.89253834740773,31.61228049850464,-4.962213204603871,-5.497903190553188,0.0,-0.0004884004592895508,-0.29304027557373047,-0.2962450423246139,
175,9.057879191124812,2026-06-30T15:04:27.069+07:00,0.052415430545806885,-0.01110032293945551,31.44925832748413,31.627751085650846,31.627751085650846,31.38525832748413,-5.362398071227206,-6.6601937636733055,0.0,-0.0003783702850341797,-0.2270221710205078,-0.2647872617568794,
176,9.109549909131601,2026-06-30T15:04:27.119+07:00,0.051831603050231934,-0.015339614823460579,31.09896183013916,31.329301058052717,31.329301058052717,31.03496183013916,-5.768284507649829,-9.203768894076347,0.0,-0.0005838274955749512,-0.3502964973449707,-0.2984500275981361,
177,9.161462367046624,2026-06-30T15:04:27.170+07:00,0.05110245943069458,-0.012381971813738346,30.661475658416748,30.967586376409596,30.967586376409596,30.597475658416748,-6.785540458731491,-7.429183088243008,0.0,-0.0007291436195373535,-0.4374861717224121,-0.3617146816431216,
178,9.213111881166697,2026-06-30T15:04:27.219+07:00,0.050646305084228516,0.4332892894744873,30.38778305053711,30.62213443384858,30.62213443384858,30.32378305053711,-6.880888712341206,259.9735736846924,0.0,-0.00045615434646606445,-0.27369260787963867,-0.3454519425610272,
179,9.264825746184215,2026-06-30T15:04:27.296+07:00,0.050385475158691406,0.0009095668792724609,30.231285095214844,30.306359268836438,30.306359268836438,30.167285095214844,-4.671534231734847,0.5457401275634766,0.0,-0.0002608299255371094,-0.15649795532226562,-0.3157751650121554,
180,9.316443149000406,2026-06-30T15:04:27.345+07:00,0.05047297477722168,0.13295599818229675,30.283784866333008,30.244329357087192,30.244329357087192,30.219784866333008,-2.62509093911674,79.77359890937805,0.0,8.749961853027344e-05,0.05249977111816406,-0.06202991174924932,
181,9.368035015184432,2026-06-30T15:04:27.394+07:00,0.0503847599029541,-0.00023090842296369374,30.23085594177246,30.169110876334578,30.169110876334578,30.16685594177246,-1.7990134951311634,-0.13854505377821624,0.0,-8.821487426757812e-05,-0.052928924560546875,-0.07521848075262483,
182,9.419758121017367,2026-06-30T15:04:27.445+07:00,0.050387799739837646,0.004395782947540283,30.232679843902588,30.168447017370497,30.168447017370497,30.168679843902588,-0.7645380404988502,2.63746976852417,0.0,3.039836883544922e-06,0.0018239021301269531,-0.0006638589640886039,
183,9.471556931035593,2026-06-30T15:04:27.495+07:00,0.050552964210510254,0.0005436539649963379,30.331778526306152,30.18985782948251,30.18985782948251,30.267778526306152,0.11695853414994717,0.32619237899780273,0.0,0.00016516447067260742,0.09909868240356445,0.021410812112009125,
184,9.523183723213151,2026-06-30T15:04:27.546+07:00,0.05091249942779541,0.012829363346099854,30.547499656677246,30.341976055698062,30.341976055698062,30.483499656677246,1.768465913488695,7.697618007659912,0.0,0.00035953521728515625,0.21572113037109375,0.15211822621554916,
185,9.574935996206477,2026-06-30T15:04:27.595+07:00,0.05154001712799072,0.01503443717956543,30.924010276794434,30.599370419764426,30.599370419764426,30.860010276794434,3.8969517852992213,9.020662307739258,0.0,0.0006275177001953125,0.3765106201171875,0.2573943640663572,
186,9.626691454090178,2026-06-30T15:04:27.646+07:00,0.05233520269393921,0.01832759380340576,31.401121616363525,30.969250556982654,30.969250556982654,31.337121616363525,6.039172787159131,10.996556282043457,0.0,0.0007951855659484863,0.4771113395690918,0.36988013721821744,
187,9.678712727036327,2026-06-30T15:04:27.696+07:00,0.05312925577163696,0.014683783054351807,31.877553462982178,31.407571799255678,31.407571799255678,31.813553462982178,7.719938668327734,8.810269832611084,0.0,0.0007940530776977539,0.47643184661865234,0.4383212422730196,
188,9.731398795032874,2026-06-30T15:04:27.747+07:00,0.05378907918930054,0.01157689094543457,32.27344751358032,31.82763981245756,31.82763981245756,32.20944751358032,8.024711235189129,6.946134567260742,0.0,0.0006598234176635742,0.39589405059814453,0.42006801320187037,
189,9.783162697218359,2026-06-30T15:04:27.797+07:00,0.05439800024032593,0.011010587215423584,32.63880014419556,32.22090995228263,32.22090995228263,32.57480014419556,7.900761179099252,6.60635232925415,0.0,0.0006089210510253906,0.3653526306152344,0.39327013982506287,
190,9.834725730121136,2026-06-30T15:04:27.846+07:00,0.05502355098724365,0.17525827884674072,33.01413059234619,32.59471569810647,32.59471569810647,32.95013059234619,7.7543794338796115,105.15496730804443,0.0,0.0006255507469177246,0.37533044815063477,0.3738057458238302,
191,9.886420355178416,2026-06-30T15:04:27.896+07:00,0.05541187524795532,0.03842121362686157,33.24712514877319,32.91915318761813,32.91915318761813,33.18312514877319,7.000589058076395,23.052728176116943,0.0,0.0003883242607116699,0.23299455642700195,0.3244374895116664,
192,9.938226776197553,2026-06-30T15:04:27.947+07:00,0.05595177412033081,0.012083292007446289,33.571064472198486,33.04405151326493,33.04405151326493,33.507064472198486,5.537386362251707,7.249975204467773,0.0,0.0005398988723754883,0.32393932342529297,0.12489832564679659,
193,9.989949864102527,2026-06-30T15:04:28.021+07:00,0.05690813064575195,-2.690697193145752,34.14487838745117,33.70169835152513,33.70169835152513,34.08087838745117,7.8809415869299935,-1614.4183158874512,0.0,0.0009563565254211426,0.5738139152526855,0.6576468382602059,
194,10.041638785041869,2026-06-30T15:04:28.072+07:00,0.05643552541732788,0.6074512004852295,33.86131525039673,33.87240811342155,33.87240811342155,33.79731525039673,4.584356861665663,364.4707202911377,0.0,-0.00047260522842407227,-0.28356313705444336,0.1707097618964326,
195,10.093391076195985,2026-06-30T15:04:28.125+07:00,0.05840873718261719,0.12123340368270874,35.04524230957031,34.4570605728524,34.4570605728524,34.98124230957031,8.305549514424039,72.74004220962524,0.0,0.0019732117652893066,1.183927059173584,0.5846524594308562,
196,10.145688218995929,2026-06-30T15:04:28.175+07:00,0.05821865797042847,0.4999461770057678,34.93119478225708,34.75419295477733,34.75419295477733,34.86719478225708,6.406853348732278,299.9677062034607,0.0,-0.0001900792121887207,-0.11404752731323242,0.2971323819249392,
197,10.198062139097601,2026-06-30T15:04:28.224+07:00,0.05957746505737305,0.015285670757293701,35.74647903442383,35.24908542557124,35.24908542557124,35.68247903442383,8.58487850550308,9.17140245437622,0.0,0.00135880708694458,0.815284252166748,0.4948924707939,
198,10.250143856042996,2026-06-30T15:04:28.275+07:00,0.05886244773864746,0.3530060350894928,35.31746864318848,35.42682622619018,35.42682622619018,35.25346864318848,4.574331724659863,211.80362105369568,0.0,-0.0007150173187255859,-0.42901039123535156,0.17774080061894892,
199,10.302161017199978,2026-06-30T15:04:28.327+07:00,-0.0016466379165649414,0.013598980382084846,-0.9879827499389648,14.230991781857385,14.230991781857385,358.948017250061,-222.7659879744888,8.159388229250908,0.0,-0.0605090856552124,-36.30545139312744,-21.195834444332803,
200,10.354323252104223,2026-06-30T15:04:28.376+07:00,-0.000943303108215332,0.029066380113363266,-0.5659818649291992,5.602363426800588,5.602363426800588,359.3700181350708,-190.65071963818187,17.43982806801796,0.0,0.0007033348083496094,0.4220008850097656,-8.628628355056804,
201,10.406166673172265,2026-06-30T15:04:28.428+07:00,-0.00017577409744262695,0.028790708631277084,-0.10546445846557617,2.21885213286617,2.21885213286617,359.8305355415344,-116.28166724899089,17.27442517876625,0.0,0.0007675290107727051,0.46051740646362305,-3.3835112939344185,
202,10.458064983133227,2026-06-30T15:04:28.476+07:00,0.0006325244903564453,0.016512129455804825,0.3795146942138672,1.0668393571715675,1.0668393571715675,0.3155146942138672,-62.10796185009445,9.907277673482895,0.0,0.0008082985877990723,0.48497915267944336,-1.152012775694601,
203,10.509883682010695,2026-06-30T15:04:28.529+07:00,0.0015941858291625977,0.020572666078805923,0.9565114974975586,0.8967076958507426,0.8967076958507426,0.8925114974975585,-27.686252473026705,12.343599647283554,0.0,0.0009616613388061523,0.5769968032836914,-0.17013166132082347,
204,10.561747566098347,2026-06-30T15:04:28.577+07:00,0.0027355551719665527,0.028969474136829376,1.6413331031799316,1.2115897177635708,1.2115897177635708,1.5773331031799316,-7.610474830020658,17.381684482097626,0.0,0.001141369342803955,0.684821605682373,0.31488202191283676,
205,10.614108134061098,2026-06-30T15:04:28.628+07:00,0.003854691982269287,0.05788515508174896,2.3128151893615723,1.733059159512583,1.733059159512583,2.248815189361572,2.8523788706105186,34.73109304904938,0.0,0.0011191368103027344,0.6714820861816406,0.5214694417490193,
206,10.666119332192466,2026-06-30T15:04:28.678+07:00,0.004790306091308594,0.018024548888206482,2.8741836547851562,2.2923615972671874,2.2923615972671874,2.810183654785156,7.794189706946413,10.81472933292389,0.0,0.0009356141090393066,0.561368465423584,0.5593024377546101,
207,10.718451641034335,2026-06-30T15:04:28.728+07:00,0.0056411027908325195,0.017130441963672638,3.3846616744995117,2.8306439156019967,2.8306439156019967,3.3206616744995117,9.578710582284923,10.278265178203583,0.0,0.0008507966995239258,0.5104780197143555,0.538282318334808,
208,10.770432414021343,2026-06-30T15:04:28.779+07:00,0.006396472454071045,0.07274896651506424,3.837883472442627,3.3273784310756285,3.3273784310756285,3.773883472442627,9.768699406917218,43.649379909038544,0.0,0.0007553696632385254,0.45322179794311523,0.49673451547363356,
209,10.822242520051077,2026-06-30T15:04:28.839+07:00,0.007170259952545166,0.014626868069171906,4.3021559715271,3.806651625458386,3.806651625458386,4.2381559715270996,9.043540611454391,8.776120841503143,0.0,0.0007737874984741211,0.46427249908447266,0.4792731943827562,
210,10.874358237022534,2026-06-30T15:04:28.896+07:00,0.007889330387115479,0.008144810795783997,4.733598232269287,4.269823079824481,4.269823079824481,4.669598232269287,8.702522335989132,4.886886477470398,0.0,0.0007190704345703125,0.4314422607421875,0.46317145436609053,
211,10.9261688250117,2026-06-30T15:04:28.949+07:00,0.0080186128616333,0.06003058701753616,4.8111677169799805,4.54417970630588,4.54417970630588,4.74716771697998,6.49440213255213,36.0183522105217,0.0,0.00012928247451782227,0.07756948471069336,0.27435662648139214,
212,10.978030116064474,2026-06-30T15:04:29.003+07:00,0.00800943374633789,0.0007239058613777161,4.805660247802734,4.6582328550543215,4.6582328550543215,4.741660247802734,3.9194037781179367,0.43434351682662964,0.0,-9.179115295410156e-06,-0.005507469177246094,0.11405314874843953,
213,11.030929294181988,2026-06-30T15:04:29.052+07:00,0.007761836051940918,-0.012679682113230228,4.657101631164551,4.6502672811971255,4.6502672811971255,4.593101631164551,1.386766743303821,-7.607809267938137,0.0,-0.00024759769439697266,-0.1485586166381836,-0.007965573857205754,
214,11.08267314103432,2026-06-30T15:04:29.102+07:00,0.007008790969848633,-0.016926521435379982,4.20527458190918,4.410070638040557,4.410070638040557,4.14127458190918,-2.38585946667298,-10.15591286122799,0.0,-0.0007530450820922852,-0.4518270492553711,-0.24019664315656541,
215,11.13447215501219,2026-06-30T15:04:29.154+07:00,0.005899190902709961,-0.02615777589380741,3.5395145416259766,3.9459889285011975,3.9459889285011975,3.4755145416259765,-6.407884199855613,-15.694665536284447,0.0,-0.0011096000671386719,-0.6657600402832031,-0.46408170953935723,
216,11.186379539081827,2026-06-30T15:04:29.203+07:00,0.00472491979598999,-0.02297651208937168,2.834951877593994,3.346031664292715,3.346031664292715,2.770951877593994,-9.817167159229006,-13.785907253623009,0.0,-0.0011742711067199707,-0.7045626640319824,-0.5999572642084843,
217,11.23838925617747,2026-06-30T15:04:29.255+07:00,0.0034672021865844727,-0.026381460949778557,2.0803213119506836,2.6717859593595032,2.6717859593595032,2.0163213119506835,-11.828553725882799,-15.828876569867134,0.0,-0.0012577176094055176,-0.7546305656433105,-0.6742457049332131,
218,11.29059936106205,2026-06-30T15:04:29.307+07:00,0.0021142959594726562,-0.02689560502767563,1.2685775756835938,1.9214383711397796,1.9214383711397796,1.2045775756835937,-13.595376092711003,-16.137363016605377,0.0,-0.0013529062271118164,-0.8117437362670898,-0.7503475882197108,
219,11.342603855999187,2026-06-30T15:04:29.358+07:00,0.0007444024085998535,-0.028922168537974358,0.4466414451599121,1.1267950193932244,1.1267950193932244,0.3826414451599121,-14.679399352092846,-17.353301122784615,0.0,-0.0013698935508728027,-0.8219361305236816,-0.7946433517465437,
220,11.394706239225343,2026-06-30T15:04:29.412+07:00,-0.0005698204040527344,-0.024205952882766724,-0.3418922424316406,0.3311726358536213,0.3311726358536213,359.59410775756834,-14.775752468297204,-14.523571729660034,0.0,-0.0013142228126525879,-0.7885336875915527,-0.7956223835396088,
221,11.446654753061011,2026-06-30T15:04:29.464+07:00,-0.0019350051879882812,-0.0270446315407753,-1.1610031127929688,359.52499598375886,359.52499598375886,358.774996887207,-15.43372911620324,-16.22677892446518,0.0,-0.0013651847839355469,-0.8191108703613281,-0.8061766520947913,
222,11.498924877028912,2026-06-30T15:04:29.514+07:00,0.05940103530883789,-0.019452454522252083,35.640621185302734,20.41717956018578,20.41717956018578,35.576621185302734,224.0300418978066,-11.67147271335125,0.0,0.06133604049682617,36.8016242980957,20.89218357642693,
223,11.551063927123323,2026-06-30T15:04:29.565+07:00,0.05828535556793213,-0.02194094844162464,34.97121334075928,28.865484860197853,28.865484860197853,34.90721334075928,185.8248615269695,-13.164569064974785,0.0,-0.0011156797409057617,-0.669407844543457,8.448305300012066,
224,11.603027959121391,2026-06-30T15:04:29.615+07:00,0.057117760181427,0.03094351291656494,34.2706561088562,32.026327255329115,32.026327255329115,34.2066561088562,113.00370291127766,18.566107749938965,0.0,-0.001167595386505127,-0.7005572319030762,3.1608423951312545,
225,11.655878192046657,2026-06-30T15:04:29.666+07:00,0.04922550916671753,-0.2786654829978943,29.535305500030518,31.549370190053455,31.549370190053455,29.471305500030518,36.53458379103947,-167.19928979873657,0.0,-0.007892251014709473,-4.735350608825684,-0.4769570652756556,
226,11.70769909513183,2026-06-30T15:04:29.717+07:00,0.0551530122756958,0.07239103317260742,33.09180736541748,32.4596642790044,32.4596642790044,33.02780736541748,25.069585132664752,43.43461990356445,0.0,0.0059275031089782715,3.556501865386963,0.9102940889509341,
227,11.759725016076118,2026-06-30T15:04:29.791+07:00,0.05396735668182373,-0.013931693509221077,32.38041400909424,32.47959675617955,32.47959675617955,32.31641400909424,6.148180097603388,-8.359016105532646,0.0,-0.0011856555938720703,-0.7113933563232422,0.019932477175160557,
228,11.811498529044911,2026-06-30T15:04:29.840+07:00,0.05330568552017212,0.016481757164001465,31.98341131210327,32.2030915307119,32.2030915307119,31.91941131210327,-0.7478986395112832,9.889054298400879,0.0,-0.0006616711616516113,-0.3970026969909668,-0.2765052254676448,
229,11.863663339056075,2026-06-30T15:04:29.890+07:00,0.05275106430053711,-0.01061603520065546,31.650638580322266,31.897484546531228,31.897484546531228,31.586638580322266,-4.079459654521006,-6.369621120393276,0.0,-0.0005546212196350098,-0.33277273178100586,-0.30560698418068455,
230,11.91580061102286,2026-06-30T15:04:29.943+07:00,0.052202582359313965,-0.013171524740755558,31.32154941558838,31.565372172968228,31.565372172968228,31.25754941558838,-5.399844171304335,-7.902914844453335,0.0,-0.0005484819412231445,-0.3290891647338867,-0.3321123735630067,
231,11.96792986500077,2026-06-30T15:04:29.992+07:00,0.051406800746917725,-0.019772740080952644,30.844080448150635,31.177751805313953,31.177751805313953,30.780080448150635,-6.948930972259432,-11.863644048571587,0.0,-0.0007957816123962402,-0.47746896743774414,-0.38762036765427865,
232,12.019849489210173,2026-06-30T15:04:30.042+07:00,0.05018758773803711,-0.027044208720326424,30.112552642822266,30.61316674287439,30.61316674287439,30.048552642822266,-9.818059356002603,-16.226525232195854,0.0,-0.0012192130088806152,-0.7315278053283691,-0.5645850624395621,
233,12.07207115017809,2026-06-30T15:04:30.092+07:00,0.04721951484680176,0.1462411731481552,28.331708908081055,29.559209939678638,29.559209939678638,28.267708908081055,-17.6047408832398,87.74470388889313,0.0,-0.0029680728912353516,-1.780843734741211,-1.0539568031957458,
234,12.124170534079894,2026-06-30T15:04:30.143+07:00,0.047242701053619385,0.520125687122345,28.34562063217163,28.914307486974547,28.914307486974547,28.28162063217163,-15.034181639273815,312.075412273407,0.0,2.3186206817626953e-05,0.013911724090576172,-0.6449024527040876,
235,12.17610695422627,2026-06-30T15:04:30.193+07:00,0.044005513191223145,-0.16040296852588654,26.403307914733887,27.80874386882078,27.80874386882078,26.339307914733887,-20.560329936161054,-96.24178111553192,0.0,-0.0032371878623962402,-1.9423127174377441,-1.1055636181537807,
236,12.228422282030806,2026-06-30T15:04:30.244+07:00,0.045042991638183594,0.3243613839149475,27.025794982910156,27.466559525427225,27.466559525427225,26.961794982910156,-13.19206181347327,194.6168303489685,0.0,0.0010374784469604492,0.6224870681762695,-0.3421843433935692,
237,12.281471163034439,2026-06-30T15:04:30.296+07:00,0.04574662446975708,0.00016438961029052734,27.447974681854248,27.25281032408216,27.25281032408216,27.383974681854248,-6.95228629690248,0.0986337661743164,0.0,0.0007036328315734863,0.4221796989440918,-0.21374920134508102,
238,12.333424158161506,2026-06-30T15:04:30.347+07:00,0.045806944370269775,0.08644160628318787,27.484166622161865,27.34127373600728,27.34127373600728,27.420166622161865,-1.9510918138039581,51.86496376991272,0.0,6.031990051269531e-05,0.03619194030761719,0.08846341192511886,
239,12.38522537611425,2026-06-30T15:04:30.403+07:00,0.046019673347473145,0.010371208190917969,27.611804008483887,27.436332131143285,27.436332131143285,27.547804008483887,0.23100765500524179,6.222724914550781,0.0,0.00021272897720336914,0.12763738632202148,0.09505839513599312,
240,12.437256667064503,2026-06-30T15:04:30.453+07:00,0.04661154747009277,0.013836264610290527,27.966928482055664,27.66283326421266,27.66283326421266,27.902928482055664,2.8553343729404945,8.301758766174316,0.0,0.0005918741226196289,0.35512447357177734,0.2265011330693767,
241,12.489038810133934,2026-06-30T15:04:30.502+07:00,0.0473288893699646,0.01347842812538147,28.39733362197876,28.01752749287725,28.01752749287725,28.33333362197876,5.415034928943618,8.087056875228882,0.0,0.0007173418998718262,0.4304051399230957,0.35469422866458444,
242,12.541007657069713,2026-06-30T15:04:30.551+07:00,0.048074305057525635,0.613681972026825,28.84458303451538,28.149698066546303,28.149698066546303,28.78058303451538,5.981302910678682,368.20918321609497,0.0,0.0007454156875610352,0.4472494125366211,0.13217057366904328,
243,12.59277018904686,2026-06-30T15:04:30.602+07:00,0.048909127712249756,0.01974385976791382,29.345476627349854,28.74612013837514,28.74612013837514,29.281476627349853,9.39298724121508,11.846315860748291,0.0,0.0008348226547241211,0.5008935928344727,0.5964220718288402,
244,12.644392962101847,2026-06-30T15:04:30.652+07:00,0.04993164539337158,0.020644724369049072,29.95898723602295,28.460758464771864,28.460758464771864,29.89498723602295,6.370607577542749,12.386834621429443,0.0,0.0010225176811218262,0.6135106086730957,-0.28536167360329046,
245,12.696235513081774,2026-06-30T15:04:30.727+07:00,0.046252667903900146,-1.1708670854568481,27.751600742340088,28.92507556938037,28.92507556938037,27.687600742340088,0.46339002809672536,-702.5202512741089,0.0,-0.0036789774894714355,-2.2073864936828613,0.4643171046085115,
246,12.74780911905691,2026-06-30T15:04:30.778+07:00,0.05317968130111694,0.3387026786804199,31.907808780670166,30.489848301926433,30.489848301926433,31.843808780670166,17.82915979478763,203.22160720825195,0.0,0.006927013397216797,4.156208038330078,1.5647727325460608,
247,12.799397411057726,2026-06-30T15:04:30.829+07:00,0.054594576358795166,0.029212892055511475,32.7567458152771,31.657367810392135,31.657367810392135,32.6927458152771,20.71174569105286,17.527735233306885,0.0,0.0014148950576782227,0.8489370346069336,1.1675195084657162,
248,12.850982425035909,2026-06-30T15:04:30.879+07:00,0.056009769439697266,0.5405017733573914,33.60586166381836,31.68135585752083,31.68135585752083,33.54186166381836,14.824137337356426,324.3010640144348,0.0,0.0014151930809020996,0.8491158485412598,0.02398804712868241,
249,12.90304671600461,2026-06-30T15:04:30.928+07:00,0.05748242139816284,0.03107583522796631,34.489452838897705,33.17664057840783,33.17664057840783,34.425452838897705,23.713694468231967,18.645501136779785,0.0,0.0014726519584655762,0.8835911750793457,1.4952847208869855,
250,12.95555817312561,2026-06-30T15:04:30.978+07:00,0.05893361568450928,0.0300024151802063,35.360169410705566,34.12811947569712,34.12811947569712,35.296169410705566,21.839513659409658,18.00144910812378,0.0,0.0014511942863464355,0.8707165718078613,0.9514788972892916,
251,13.007215705001727,2026-06-30T15:04:31.028+07:00,0.06045794486999512,0.36468273401260376,36.27476692199707,34.90139595665433,34.90139595665433,36.21076692199707,20.01071792237962,218.80964040756226,0.0,0.0015243291854858398,0.9145975112915039,0.7732764809572075,
252,13.058906886028126,2026-06-30T15:04:31.080+07:00,-0.0010099411010742188,0.03081369772553444,-0.6059646606445312,14.278925441691781,14.278925441691781,359.33003533935545,-211.4753766609444,18.488218635320663,0.0,-0.061467885971069336,-36.8807315826416,-20.622470514962544,
253,13.110526289092377,2026-06-30T15:04:31.128+07:00,0.00013756752014160156,0.029018092900514603,0.08254051208496094,5.944285393865361,5.944285393865361,0.018540512084960936,-184.4051888995383,17.41085574030876,0.0,0.0011475086212158203,0.6885051727294922,-8.334640047826412,
254,13.162178358063102,2026-06-30T15:04:31.178+07:00,0.0010955333709716797,0.04496977478265762,0.6573200225830078,2.794237953690678,2.794237953690678,0.5933200225830078,-112.4912915953592,26.981864869594574,0.0,0.0009579658508300781,0.5747795104980469,-3.1500474401746885,
255,13.21406359411776,2026-06-30T15:04:31.229+07:00,0.002061128616333008,0.01913861185312271,1.2366771697998047,1.7902981988654796,1.7902981988654796,1.1726771697998046,-58.01405437171705,11.483167111873627,0.0,0.0009655952453613281,0.5793571472167969,-1.0039397548252111,
256,13.265725608216599,2026-06-30T15:04:31.279+07:00,0.0031148791313171387,0.021418459713459015,1.8689274787902832,1.7249690516026825,1.7249690516026825,1.8049274787902831,-24.813343432314667,12.851075828075409,0.0,0.0010537505149841309,0.6322503089904785,-0.06532914726278705,
257,13.317744139116257,2026-06-30T15:04:31.329+07:00,0.004118204116821289,0.019280120730400085,2.4709224700927734,2.052398977210073,2.052398977210073,2.4069224700927734,-6.511425898527832,11.568072438240051,0.0,0.0010033249855041504,0.6019949913024902,0.32742992560739026,
258,13.369552690070122,2026-06-30T15:04:31.379+07:00,0.0049918293952941895,0.017149224877357483,2.9950976371765137,2.5078256518689765,2.5078256518689765,2.9310976371765136,2.625980489184496,10.28953492641449,0.0,0.0008736252784729004,0.5241751670837402,0.4554266746588951,
259,13.421235556015745,2026-06-30T15:04:31.430+07:00,0.005708158016204834,0.011985987424850464,3.4248948097229004,2.954732307315045,2.954732307315045,3.3608948097229003,6.25306837147063,7.191592454910278,0.0,0.0007163286209106445,0.4297971725463867,0.446906655446071,
260,13.472852625185624,2026-06-30T15:04:31.505+07:00,0.006150305271148682,0.003812551498413086,3.690183162689209,3.4235128459431876,3.4235128459431876,3.626183162689209,5.8997725496752,2.2875308990478516,0.0,0.00044214725494384766,0.2652883529663086,0.4687805386281525,
261,13.525079342070967,2026-06-30T15:04:31.554+07:00,0.006147265434265137,-0.0005908610764890909,3.688359260559082,3.5417471957711326,3.5417471957711326,3.624359260559082,3.792850527254615,-0.35451664589345455,0.0,-3.039836883544922e-06,-0.0018239021301269531,0.11823434982795789,
262,13.576848374214023,2026-06-30T15:04:31.606+07:00,0.0056517720222473145,-0.012213812209665775,3.3910632133483887,3.4590494324980807,3.4590494324980807,3.3270632133483886,0.5447388578719239,-7.328287325799465,0.0,-0.0004954934120178223,-0.29729604721069336,-0.08269776327304612,
263,13.62855892512016,2026-06-30T15:04:31.655+07:00,0.004929304122924805,-0.004778165835887194,2.957582473754883,3.1831472115815997,3.1831472115815997,2.8935824737548828,-3.1572919310240497,-2.866899501532316,0.0,-0.0007224678993225098,-0.43348073959350586,-0.2759022209164925,
264,13.68032214208506,2026-06-30T15:04:31.707+07:00,0.004030704498291016,0.03493339195847511,2.4184226989746094,2.7684592166800654,2.7684592166800654,2.3544226989746093,-6.050359663604313,20.960035175085068,0.0,-0.0008985996246337891,-0.5391597747802734,-0.4146879949015272,
265,13.731858101207763,2026-06-30T15:04:31.758+07:00,0.003072381019592285,-0.003809718880802393,1.843428611755371,2.254880891071859,2.254880891071859,1.779428611755371,-8.387090195272785,-2.2858313284814358,0.0,-0.0009583234786987305,-0.5749940872192383,-0.5135783256081936,
266,13.783404115121812,2026-06-30T15:04:31.806+07:00,0.0017238259315490723,-0.15647220611572266,1.0342955589294434,1.635276772787523,1.635276772787523,0.9702955589294433,-11.204343913260947,-93.8833236694336,0.0,-0.0013485550880432129,-0.8091330528259277,-0.619604118284343,
267,13.835286665009335,2026-06-30T15:04:31.857+07:00,0.0015506744384765625,-0.014277886599302292,0.9304046630859375,1.2381573655131162,1.2381573655131162,0.8664046630859374,-9.329831152220594,-8.566731959581375,0.0,-0.00017315149307250977,-0.10389089584350586,-0.39711940727440265,
268,13.88690997613594,2026-06-30T15:04:31.906+07:00,0.0007714629173278809,0.00508615467697382,0.4628777503967285,0.8113612697776503,0.8113612697776503,0.3988777503967285,-9.285189089068833,3.051692806184292,0.0,-0.0007792115211486816,-0.467526912689209,-0.42679609573545463,
269,13.938585341209546,2026-06-30T15:04:31.957+07:00,0.00022238492965698242,0.013177487067878246,0.13343095779418945,0.41688072867466425,0.41688072867466425,0.06943095779418945,-8.445352639987968,7.906492240726948,0.0,-0.0005490779876708984,-0.32944679260253906,-0.39448054110297903,
270,13.990216448204592,2026-06-30T15:04:32.009+07:00,-5.900859832763672e-05,0.010249393060803413,-0.03540515899658203,0.13363084285419982,0.13363084285419982,359.9005948410034,-6.657386613722029,6.149635836482048,0.0,-0.00028139352798461914,-0.16883611679077148,-0.2832498858204531,
271,14.041830666130409,2026-06-30T15:04:32.058+07:00,-0.0001856684684753418,-0.00021123699843883514,-0.11140108108520508,359.96137270073024,359.96137270073024,359.8245989189148,-4.806223290103431,-0.1267421990633011,0.0,-0.00012665987014770508,-0.07599592208862305,-0.17225814212395107,
272,14.09354843921028,2026-06-30T15:04:32.108+07:00,-0.00030612945556640625,0.010547393001616001,-0.18367767333984375,359.84878214371656,359.84878214371656,359.75232232666013,-3.3213044612390705,6.328435800969601,0.0,-0.00012046098709106445,-0.07227659225463867,-0.11259055701367515,
273,14.145109008066356,2026-06-30T15:04:32.158+07:00,-0.0003368854522705078,0.001964310184121132,-0.2021312713623047,359.78492554498416,359.78492554498416,359.7338687286377,-2.1371541981319346,1.1785861104726791,0.0,-3.075599670410156e-05,-0.018453598022460938,-0.06385659873240002,
274,14.196727207163349,2026-06-30T15:04:32.208+07:00,-0.0005748867988586426,-0.01844283565878868,-0.34493207931518555,359.7011153085982,359.7011153085982,359.5910679206848,-2.021209809739787,-11.065701395273209,0.0,-0.00023800134658813477,-0.14280080795288086,-0.08381023638594343,
275,14.248326166067272,2026-06-30T15:04:32.261+07:00,-0.0004450082778930664,-0.0008520326809957623,-0.26700496673583984,359.6867233629728,359.6867233629728,359.66899503326414,-1.0310336286659885,-0.5112196085974574,0.0,0.00012987852096557617,0.0779271125793457,-0.014391945625391145,
276,14.299926254199818,2026-06-30T15:04:32.309+07:00,-0.0005514621734619141,-0.0058588371612131596,-0.33087730407714844,359.650265318341,359.650265318341,359.60512269592283,-0.9258452400440116,-3.5153022967278957,0.0,-0.00010645389556884766,-0.0638723373413086,-0.03645804463184277,
277,14.351576657034457,2026-06-30T15:04:32.360+07:00,-0.0007053017616271973,-0.0015226067043840885,-0.42318105697631836,359.5812553439263,359.5812553439263,359.51281894302366,-1.2179337248896593,-0.9135640226304531,0.0,-0.0001538395881652832,-0.09230375289916992,-0.0690099744147119,
278,14.40320233721286,2026-06-30T15:04:32.410+07:00,-0.0007493495941162109,0.0014054486528038979,-0.44960975646972656,359.5283989885084,359.5283989885084,359.48639024353025,-1.104643707688548,0.8432691916823387,0.0,-4.404783248901367e-05,-0.026428699493408203,-0.052856355417873147,
279,14.456093423068523,2026-06-30T15:04:32.484+07:00,-0.0009489059448242188,-0.0006211159052327275,-0.5693435668945312,359.43731531927796,359.43731531927796,359.36665643310545,-1.2751773392094543,-0.3726695431396365,0.0,-0.0001995563507080078,-0.11973381042480469,-0.09108366923044287,
280,14.507708178134635,2026-06-30T15:04:32.512+07:00,-0.0010722875595092773,-0.002662577200680971,-0.6433725357055664,359.38667457003373,359.38667457003373,359.2926274642944,-1.4690923720301656,-1.5975463204085827,0.0,-0.0001233816146850586,-0.07402896881103516,-0.05064074924422357,
281,14.559530173195526,2026-06-30T15:04:32.590+07:00,-0.0015916824340820312,-0.00866030901670456,-0.9550094604492188,359.15018688438784,359.15018688438784,358.98099053955076,-2.795230150615047,-5.196185410022736,0.0,-0.0005193948745727539,-0.31163692474365234,-0.23648768564589773,
282,14.61100059421733,2026-06-30T15:04:32.640+07:00,0.06053262576460838,0.2111215591430664,36.31957545876503,12.067395298602037,12.067395298602037,36.25557545876503,186.01959804006566,126.67293548583984,0.0,0.062124308198690414,37.27458491921425,12.917208414214201,
283,14.662477609002963,2026-06-30T15:04:32.690+07:00,0.05962705612182617,-0.017893793061375618,35.7762336730957,25.776019828486326,25.776019828486326,35.7122336730957,229.42766973438486,-10.73627583682537,0.0,-0.0009055696427822113,-0.5433417856693268,13.708624529884275,
284,14.714143049204722,2026-06-30T15:04:32.741+07:00,0.058724045753479004,0.015157163143157959,35.2344274520874,31.27544204509986,31.27544204509986,35.1704274520874,156.10853416479682,9.094297885894775,0.0,-0.000903010368347168,-0.5418062210083008,5.499422216613539,
285,14.765860876999795,2026-06-30T15:04:32.791+07:00,0.05780380964279175,-0.01955479569733143,34.68228578567505,33.2632201207594,33.2632201207594,34.61828578567505,87.64653963685492,-11.732877418398857,0.0,-0.0009202361106872559,-0.5521416664123535,1.9877780756595484,
286,14.817509521031752,2026-06-30T15:04:32.842+07:00,0.05694395303726196,-0.017163457348942757,34.16637182235718,33.80344002090305,33.80344002090305,34.10237182235718,42.61705777067202,-10.298074409365654,0.0,-0.0008598566055297852,-0.5159139633178711,0.5402199001436543,
287,14.869047868065536,2026-06-30T15:04:32.897+07:00,0.05617910623550415,-0.015725314617156982,33.70746374130249,33.760146548661176,33.760146548661176,33.64346374130249,17.385784794938132,-9.43518877029419,0.0,-0.0007648468017578125,-0.4589080810546875,-0.043293472241884956,
288,14.921251307008788,2026-06-30T15:04:32.947+07:00,0.05533236265182495,-0.012044907547533512,33.19941759109497,33.446530164833334,33.446530164833334,33.13541759109497,3.6082634950626593,-7.226944528520107,0.0,-0.0008467435836791992,-0.5080461502075195,-0.3136163838278492,
289,14.972915617050603,2026-06-30T15:04:32.998+07:00,0.054582417011260986,-0.01630699820816517,32.74945020675659,33.0669121074732,33.0669121074732,32.68545020675659,-2.9047772852779286,-9.784198924899101,0.0,-0.0007499456405639648,-0.4499673843383789,-0.3796180573601191,
290,15.024776816135272,2026-06-30T15:04:33.047+07:00,0.05373811721801758,-0.018102945759892464,32.24287033081055,32.60966150185343,32.60966150185343,32.17887033081055,-6.657569704727081,-10.861767455935478,0.0,-0.0008442997932434082,-0.5065798759460449,-0.4572506056197767,
291,15.076569552067667,2026-06-30T15:04:33.097+07:00,0.05283385515213013,-0.019317390397191048,31.700313091278076,32.10736078076721,32.10736078076721,31.636313091278076,-8.623072215374314,-11.590434238314629,0.0,-0.0009042620658874512,-0.5425572395324707,-0.5023007210862147,
292,15.12833249103278,2026-06-30T15:04:33.147+07:00,0.05197256803512573,-0.01834908314049244,31.18354082107544,31.31497629033824,31.31497629033824,31.11954082107544,-11.074266594807296,-11.009449884295464,0.0,-0.0008612871170043945,-0.5167722702026367,-0.7923844904289581,
293,15.180465208133683,2026-06-30T15:04:33.196+07:00,0.05099529027938843,-0.019727619364857674,30.597174167633057,30.9302091794071,30.9302091794071,30.533174167633057,-9.377142986843923,-11.836571618914604,0.0,-0.0009772777557373047,-0.5863666534423828,-0.38476711093113636,
294,15.23209683317691,2026-06-30T15:04:33.247+07:00,0.0499688982963562,0.4302428662776947,29.98133897781372,30.414603783801823,30.414603783801823,29.91733897781372,-10.063062397299593,258.1457197666168,0.0,-0.0010263919830322266,-0.6158351898193359,-0.5156053956052915,
295,15.28359444020316,2026-06-30T15:04:33.296+07:00,0.048915326595306396,-0.019288482144474983,29.349195957183838,29.779277442606546,29.779277442606546,29.285195957183838,-11.41525877757531,-11.57308928668499,0.0,-0.0010535717010498047,-0.6321430206298828,-0.635326341195281,
296,15.33525432413444,2026-06-30T15:04:33.347+07:00,0.04778164625167847,0.050799161195755005,28.66898775100708,29.181509161744845,29.181509161744845,28.60498775100708,-11.757986416532049,30.479496717453003,0.0,-0.0011336803436279297,-0.6802082061767578,-0.5977682808617146,
297,15.38689372711815,2026-06-30T15:04:33.397+07:00,0.04660087823867798,-0.02150154300034046,27.960526943206787,28.51435666775416,28.51435666775416,27.896526943206787,-13.033576610972043,-12.900925800204277,0.0,-0.0011807680130004883,-0.708460807800293,-0.6671524939906703,
298,15.43847420415841,2026-06-30T15:04:33.448+07:00,0.04586595296859741,-0.008001715876162052,27.519571781158447,27.294316779591423,27.294316779591423,27.455571781158447,-15.459612843093623,-4.801029525697231,0.0,-0.0007349252700805664,-0.44095516204833984,-1.220039888162745,
299,15.49014681018889,2026-06-30T15:04:33.499+07:00,0.04571610689163208,0.0001639723777770996,27.429664134979248,27.3537364574804,27.3537364574804,27.365664134979248,-5.9711870695863265,0.09838342666625977,0.0,-0.00014984607696533203,-0.08990764617919922,0.05941967788896818,
300,15.541695917025208,2026-06-30T15:04:33.573+07:00,0.04588949680328369,0.010937363840639591,27.533698081970215,27.366559309212548,27.366559309212548,27.469698081970215,-0.9903959141019603,6.562418304383755,0.0,0.00017338991165161133,0.1040339469909668,0.01282285173215314,
301,15.593175987014547,2026-06-30T15:04:33.624+07:00,0.04644310474395752,0.015504419803619385,27.86586284637451,27.575346827837578,27.575346827837578,27.80186284637451,1.9784848451874624,9.30265188217163,0.0,0.0005536079406738281,0.3321647644042969,0.2087875186250301,
302,15.644882352091372,2026-06-30T15:04:33.673+07:00,0.0470045804977417,0.45209354162216187,28.20274829864502,27.88381263458628,27.88381263458628,28.13874829864502,4.407695181239649,271.2561249732971,0.0,0.0005614757537841797,0.3368854522705078,0.30846580674869983,
303,15.696421255124733,2026-06-30T15:04:33.724+07:00,0.048079073429107666,0.037446677684783936,28.8474440574646,28.34069418337333,28.34069418337333,28.7834440574646,7.244055407885642,22.46800661087036,0.0,0.0010744929313659668,0.6446957588195801,0.4568815487870381,
304,15.748036232078448,2026-06-30T15:04:33.774+07:00,0.04907041788101196,0.019781440496444702,29.442250728607178,28.903067534342302,28.903067534342302,29.378250728607178,9.51683431653101,11.868864297866821,0.0,0.0009913444519042969,0.5948066711425781,0.5623733509689828,
305,15.79983574617654,2026-06-30T15:04:33.825+07:00,0.05007201433181763,0.023640751838684082,30.043208599090576,29.466382628117792,29.466382628117792,29.979208599090576,10.413322351954427,14.18445110321045,0.0,0.001001596450805664,0.6009578704833984,0.5633150937754863,
306,15.85137957520783,2026-06-30T15:04:33.875+07:00,0.05102413892745972,0.018514811992645264,30.61448335647583,30.028704972261785,30.028704972261785,30.55048335647583,10.904089616665189,11.108887195587158,0.0,0.0009521245956420898,0.5712747573852539,0.5623223441439791,
307,15.90295508899726,2026-06-30T15:04:33.925+07:00,0.051953673362731934,0.017702579498291016,31.17220401763916,30.61049985699665,30.61049985699665,31.10820401763916,11.242950394310071,10.62154769897461,0.0,0.0009295344352722168,0.5577206611633301,0.581794884734876,
308,15.955714545212686,2026-06-30T15:04:33.974+07:00,0.052815020084381104,0.018387794494628906,31.689012050628662,31.14175531646364,31.14175531646364,31.625012050628662,10.961362783340197,11.032676696777344,0.0,0.0008613467216491699,0.516808032989502,0.5312554594669905,
309,16.00729120709002,2026-06-30T15:04:34.024+07:00,0.052946269512176514,0.453792005777359,31.767761707305908,31.51696895493277,31.51696895493277,31.703761707305908,8.517187194188221,272.2752034664154,0.0,0.00013124942779541016,0.0787496566772461,0.3752136384691198,
310,16.058869721135125,2026-06-30T15:04:34.074+07:00,0.05445903539657593,0.01405876874923706,32.67542123794556,31.9669551152897,31.9669551152897,32.61142123794556,9.738832109412545,8.435261249542236,0.0,0.001512765884399414,0.9076595306396484,0.4499861603569286,
311,16.110435865120962,2026-06-30T15:04:34.125+07:00,0.05528116226196289,0.1434456706047058,33.168697357177734,32.56400614517672,32.56400614517672,33.104697357177734,10.96026735477713,86.06740236282349,0.0,0.0008221268653869629,0.49327611923217773,0.5970510298870124,
312,16.162088508019224,2026-06-30T15:04:34.175+07:00,0.05594569444656372,0.04970961809158325,33.56741666793823,33.05325724342999,33.05325724342999,33.50341666793823,10.36683507497947,29.82577085494995,0.0,0.0006645321846008301,0.39871931076049805,0.48925109825327695,
313,16.213750226190314,2026-06-30T15:04:34.225+07:00,0.05663174390792847,0.018625915050506592,33.97904634475708,33.51606127163762,33.51606127163762,33.91504634475708,9.631213103332103,11.175549030303955,0.0,0.0006860494613647461,0.41162967681884766,0.46280402820764266,
314,16.26552561018616,2026-06-30T15:04:34.280+07:00,0.057391345500946045,0.014274001121520996,34.43480730056763,33.963366797749295,33.963366797749295,34.37080730056763,9.130314722809453,8.564400672912598,0.0,0.0007596015930175781,0.4557609558105469,0.44730552611167695,
315,16.3174231601879,2026-06-30T15:04:34.331+07:00,0.05803018808364868,0.02246195077896118,34.81811285018921,34.16384334010252,34.16384334010252,34.75411285018921,7.410601996062569,13.477170467376709,0.0,0.0006388425827026367,0.38330554962158203,0.20047654235321488,
316,16.36942026601173,2026-06-30T15:04:34.380+07:00,0.058592259883880615,0.030680179595947266,35.15535593032837,34.658305392824026,34.658305392824026,35.09135593032837,9.102332753129021,18.40810775756836,0.0,0.0005620718002319336,0.33724308013916016,0.49446205272150223,
317,16.421116298995912,2026-06-30T15:04:34.431+07:00,0.0591924786567688,0.011978983879089355,35.51548719406128,35.075289047312765,35.075289047312765,35.45148719406128,8.681973773893196,7.187390327453613,0.0,0.0006002187728881836,0.36013126373291016,0.41698365448874597,
318,16.472739294171333,2026-06-30T15:04:34.481+07:00,0.05984848737716675,0.03612643480300903,35.90909242630005,35.47558233761951,35.47558233761951,35.84509242630005,8.41796549746163,21.67586088180542,0.0,0.0006560087203979492,0.39360523223876953,0.40029329030673466,
319,16.524882400175557,2026-06-30T15:04:34.537+07:00,-0.004589498043060303,-21.491296768188477,-2.7536988258361816,22.22081652637371,22.22081652637371,357.1823011741638,-157.22042881929949,-12894.778060913086,0.0,-0.06443798542022705,-38.66279125213623,-13.25476581124579,
320,16.576621247222647,2026-06-30T15:04:34.587+07:00,-0.0013887882232666016,0.0097121000289917,-0.8332729339599609,8.832092040059639,8.832092040059639,359.10272706604,-213.4714457723631,5.8272600173950195,0.0,0.003200709819793701,1.9204258918762207,-13.38872448631406,
321,16.628446056041867,2026-06-30T15:04:34.635+07:00,-0.0010696649551391602,0.009138395078480244,-0.6417989730834961,3.30537727828641,3.30537727828641,359.2942010269165,-152.88089951957068,5.483037047088146,0.0,0.0003191232681274414,0.19147396087646484,-5.526714761773235,
322,16.680104441009462,2026-06-30T15:04:34.684+07:00,-0.0008550882339477539,0.005554653704166412,-0.5130529403686523,1.0467820860710746,1.0467820860710746,359.4229470596313,-90.12262744076475,3.3327922224998474,0.0,0.00021457672119140625,0.12874603271484375,-2.2585951922153242,
323,16.731634955154732,2026-06-30T15:04:34.761+07:00,-0.0002923011779785156,0.022676078602671623,-0.17538070678710938,0.04688764874873802,0.04688764874873802,359.76061929321287,-32.680842301941034,13.605647161602974,0.0,0.0005627870559692383,0.33767223358154297,-0.9998944373223253,
324,16.783252395223826,2026-06-30T15:04:34.810+07:00,0.0002625584602355957,0.02143927663564682,0.15753507614135742,0.044414775115167705,0.044414775115167705,0.09353507614135742,-13.690398870292576,12.863565981388092,0.0,0.0005548596382141113,0.3329157829284668,-0.0024728736335646317,
325,16.835051723057404,2026-06-30T15:04:34.861+07:00,0.0010226964950561523,0.013020116835832596,0.6136178970336914,0.2920397295428957,0.2920397295428957,0.5496178970336913,-2.8346234737146636,7.8120701014995575,0.0,0.0007601380348205566,0.456082820892334,0.24762495442772092,
326,16.88660142221488,2026-06-30T15:04:34.911+07:00,0.0016837716102600098,0.014271799474954605,1.0102629661560059,0.5970605523830288,0.5970605523830288,0.9462629661560058,2.656069495580741,8.563079684972763,0.0,0.0006610751152038574,0.39664506912231445,0.30502082284013454,
327,16.93829047307372,2026-06-30T15:04:34.959+07:00,0.0023052096366882324,0.009071264415979385,1.3831257820129395,0.9781814485360955,0.9781814485360955,1.3191257820129394,5.801764601712811,5.442758649587631,0.0,0.0006214380264282227,0.3728628158569336,0.3811208961530781,
328,16.989827895071357,2026-06-30T15:04:35.011+07:00,0.002808690071105957,0.008616752922534943,1.6852140426635742,1.3196084385491602,1.3196084385491602,1.6212140426635742,6.383621909949538,5.170051753520966,0.0,0.0005034804344177246,0.30208826065063477,0.3414269900130762,
329,17.041789797134697,2026-06-30T15:04:35.061+07:00,0.003050088882446289,-0.00011533126962604001,1.8300533294677734,1.5713852897838563,1.5713852897838563,1.7660533294677734,5.4984723057546665,-0.06919876177562401,0.0,0.00024139881134033203,0.14483928680419922,0.25177685123469473,
330,17.093694440089166,2026-06-30T15:04:35.112+07:00,0.0030388832092285156,-0.005859728902578354,1.8233299255371094,1.6828360171075984,1.6828360171075984,1.7593299255371093,3.5100747357198383,-3.5158373415470123,0.0,-1.1205673217773438e-05,-0.0067234039306640625,0.11145072732375638,
331,17.145248010056093,2026-06-30T15:04:35.160+07:00,0.0020588040351867676,-0.05647900700569153,1.2352824211120605,1.492978856723806,1.492978856723806,1.1712824211120605,-1.3708673481709392,-33.88740420341492,0.0,-0.000980079174041748,-0.5880475044250488,-0.18985716038378087,
332,17.196832912042737,2026-06-30T15:04:35.211+07:00,0.0011577010154724121,-0.01989668607711792,0.6946206092834473,1.0695825367495926,1.0695825367495926,0.6306206092834472,-5.775076321067729,-11.938011646270752,0.0,-0.0009011030197143555,-0.5406618118286133,-0.42339631997421634,
333,17.24842724110931,2026-06-30T15:04:35.263+07:00,6.127357482910156e-05,-0.021357029676437378,0.03676414489746094,0.5105251302891956,0.5105251302891956,359.97276414489744,-9.017183005144366,-12.814217805862427,0.0,-0.0010964274406433105,-0.6578564643859863,-0.559057406460397,
334,17.29999445914291,2026-06-30T15:04:35.313+07:00,-0.0011236071586608887,-0.07398051768541336,-0.6741642951965332,359.8780002614261,359.8780002614261,359.26183570480345,-11.304704062388794,-44.388310611248016,0.0,-0.0011848807334899902,-0.7109284400939941,-0.6325248688631291,
335,17.351781028090045,2026-06-30T15:04:35.363+07:00,0.06523249298334122,8.042936325073242,39.13949579000473,13.394054716885421,13.394054716885421,39.07549579000473,198.9600716861679,4825.761795043945,0.0,0.0663561001420021,39.81366008520126,13.516054455459312,
336,17.40347030106932,2026-06-30T15:04:35.411+07:00,0.059572041034698486,-0.018636824563145638,35.74322462081909,26.323873763788633,26.323873763788633,35.67922462081909,230.03468208644077,-11.182094737887383,0.0,-0.005660451948642731,-3.3962711691856384,12.92981904690322,
337,17.455820573028177,2026-06-30T15:04:35.461+07:00,0.058559954166412354,-0.02202671952545643,35.13597249984741,31.448889144982797,31.448889144982797,35.07197249984741,153.51547433026496,-13.216031715273857,0.0,-0.0010120868682861328,-0.6072521209716797,5.125015381194174,
338,17.50726971705444,2026-06-30T15:04:35.538+07:00,0.05691403150558472,-0.017333032563328743,34.14841890335083,33.53662912917764,33.53662912917764,34.08441890335083,58.41678961490247,-10.399819537997246,0.0,-0.0016459226608276367,-0.987553596496582,2.0877399841948545,
339,17.559099545003846,2026-06-30T15:04:35.588+07:00,0.056082308292388916,0.3781660199165344,33.64938497543335,33.61343097774711,33.61343097774711,33.58538497543335,25.27317107166471,226.89961194992065,0.0,-0.0008317232131958008,-0.49903392791748047,0.07680184856945971,
340,17.611132910009474,2026-06-30T15:04:35.640+07:00,0.055082619190216064,-0.013302506878972054,33.04957151412964,33.32007978694878,33.32007978694878,32.98557151412964,7.229871737361326,-7.981504127383232,0.0,-0.0009996891021728516,-0.5998134613037109,-0.29335119079831884,
341,17.663373201154172,2026-06-30T15:04:35.689+07:00,0.05445617437362671,0.005375981330871582,32.673704624176025,32.92037429449285,32.92037429449285,32.609704624176025,-1.444003417783346,3.225588798522949,0.0,-0.0006264448165893555,-0.3758668899536133,-0.39970549245592224,
342,17.715523325139657,2026-06-30T15:04:35.740+07:00,0.05386871099472046,-0.007498771417886019,32.321226596832275,31.967111195033887,31.967111195033887,32.257226596832275,-7.618793054527257,-4.499262850731611,0.0,-0.00058746337890625,-0.35247802734375,-0.9532630994589795,
343,17.767695264192298,2026-06-30T15:04:35.790+07:00,0.0534968376159668,-0.008847416378557682,32.09810256958008,32.03025563207391,32.03025563207391,32.03410256958008,-2.670777166809171,-5.308449827134609,0.0,-0.0003718733787536621,-0.22312402725219727,0.06314443704002315,
344,17.81956472201273,2026-06-30T15:04:35.841+07:00,0.05307263135910034,-0.00259649776853621,31.843578815460205,31.914779492922122,31.914779492922122,31.779578815460205,-2.580460784049587,-1.557898661121726,0.0,-0.0004242062568664551,-0.25452375411987305,-0.1154761391517809,
345,17.871742068091407,2026-06-30T15:04:35.890+07:00,0.052487969398498535,-0.01062083337455988,31.49278163909912,31.67665905418725,31.67665905418725,31.42878163909912,-4.005835338212603,-6.372500024735928,0.0,-0.0005846619606018066,-0.350797176361084,-0.23812043873488165,
346,17.924146228004247,2026-06-30T15:04:35.942+07:00,0.051892638206481934,-0.009816230274736881,31.13558292388916,31.368404057074027,31.368404057074027,31.07158292388916,-5.2548379000857315,-5.889738164842129,0.0,-0.0005953311920166016,-0.35719871520996094,-0.308254997113238,
347,17.976199945202097,2026-06-30T15:04:35.992+07:00,0.051252543926239014,0.5837865471839905,30.751526355743408,31.018847007029127,31.018847007029127,30.687526355743408,-6.348982349803516,350.2719283103943,0.0,-0.0006400942802429199,-0.38405656814575195,-0.34955705004489346,
348,18.028440402122214,2026-06-30T15:04:36.042+07:00,0.050388216972351074,-0.0184441227465868,30.232930183410645,30.591896044416416,30.591896044416416,30.168930183410644,-7.734235767574994,-11.06647364795208,0.0,-0.0008643269538879395,-0.5185961723327637,-0.4269509626127217,
349,18.08129058103077,2026-06-30T15:04:36.091+07:00,0.04939556121826172,-0.01623147912323475,29.63733673095703,30.067928301485132,30.067928301485132,29.57333673095703,-9.598254059748939,-9.73888747394085,0.0,-0.0009926557540893555,-0.5955934524536133,-0.5239677429312906,
350,18.133463019039482,2026-06-30T15:04:36.142+07:00,0.048313260078430176,-0.0193234384059906,28.987956047058105,29.477311169293436,29.477311169293436,28.923956047058105,-10.85597971197823,-11.59406304359436,0.0,-0.001082301139831543,-0.6493806838989258,-0.59061713219171,
351,18.185439329128712,2026-06-30T15:04:36.193+07:00,0.04743450880050659,0.12002438306808472,28.460705280303955,28.577539211774738,28.577539211774738,28.396705280303955,-13.019178877087903,72.01462984085083,0.0,-0.000878751277923584,-0.5272507667541504,-0.8997719575187091,
352,18.237372416071594,2026-06-30T15:04:36.268+07:00,0.046193718910217285,0.048416197299957275,27.71623134613037,27.923235238944944,27.923235238944944,27.65223134613037,-9.125594728490801,29.049718379974365,0.0,-0.0012407898902893066,-0.744473934173584,-0.6543039728297799,
353,18.28965328121558,2026-06-30T15:04:36.319+07:00,0.046112656593322754,-0.00019156956113874912,27.667593955993652,27.738642398040575,27.738642398040575,27.603593955993652,-5.86689252293064,-0.11494173668324947,0.0,-8.106231689453125e-05,-0.04863739013671875,-0.18459284090437222,
354,18.342147404095158,2026-06-30T15:04:36.369+07:00,0.04616236686706543,0.028247177600860596,27.697420120239258,27.4794956152996,27.4794956152996,27.633420120239258,-4.057554076864919,16.948306560516357,0.0,4.971027374267578e-05,0.02982616424560547,-0.25914678274097014,
355,18.394422880141065,2026-06-30T15:04:36.419+07:00,0.046771109104156494,0.012802183628082275,28.062665462493896,27.73124851311235,27.73124851311235,27.998665462493896,1.3048075259499767,7.681310176849365,0.0,0.0006087422370910645,0.36524534225463867,0.25175289781276433,
356,18.446540374075994,2026-06-30T15:04:36.472+07:00,0.04757571220397949,0.09984749555587769,28.545427322387695,28.112031900228537,28.112031900228537,28.481427322387695,4.82120785028731,59.90849733352661,0.0,0.000804603099822998,0.48276185989379883,0.3807833871161961,
357,18.498650276102126,2026-06-30T15:04:36.520+07:00,0.041978657245635986,-1.6273167133331299,25.187194347381592,26.772317788511682,26.772317788511682,25.12319434738159,-14.963145387293455,-976.3900279998779,0.0,-0.005597054958343506,-3.3582329750061035,-1.3397141117168587,
358,18.550884382100776,2026-06-30T15:04:36.570+07:00,0.048990488052368164,0.02381417155265808,29.3942928314209,28.08676260728285,28.08676260728285,29.3302928314209,9.24293252813626,14.288502931594849,0.0,0.007011830806732178,4.207098484039307,1.3144448187711646,
359,18.603819967014715,2026-06-30T15:04:36.620+07:00,0.04939627647399902,0.47444772720336914,29.637765884399414,28.904647837010202,28.904647837010202,29.573765884399414,13.344258824639006,284.6686363220215,0.0,0.0004057884216308594,0.24347305297851562,0.8178852297273522,
360,18.655959591036662,2026-06-30T15:04:36.670+07:00,0.049485206604003906,0.306242972612381,29.691123962402344,29.443967125805855,29.443967125805855,29.627123962402344,10.83721778125735,183.7457835674286,0.0,8.893013000488281e-05,0.05335807800292969,0.5393192887956388,
361,18.708213419187814,2026-06-30T15:04:36.722+07:00,0.04592686891555786,-0.7010166049003601,27.556121349334717,29.036148045152714,29.036148045152714,27.492121349334717,-3.51239590623819,-420.60996294021606,0.0,-0.003558337688446045,-2.135002613067627,-0.4078190806531552,
362,18.760082099121064,2026-06-30T15:04:36.773+07:00,0.05262511968612671,0.018769264221191406,31.575071811676025,30.3909148568735,30.3909148568735,31.511071811676025,13.758094019642405,11.261558532714844,0.0,0.006698250770568848,4.018950462341309,1.3547668117207934,
363,18.812220130115747,2026-06-30T15:04:36.821+07:00,0.05367082357406616,0.020572364330291748,32.2024941444397,31.34088715973474,31.34088715973474,32.1384941444397,16.986885328806935,12.343418598175049,0.0,0.0010457038879394531,0.6274223327636719,0.9499723028612266,
364,18.864057737169787,2026-06-30T15:04:36.872+07:00,0.05472421646118164,0.03080207109451294,32.834529876708984,32.093444243361034,32.093444243361034,32.770529876708984,15.989441436393006,18.481242656707764,0.0,0.0010533928871154785,0.6320357322692871,0.7525570836263,
365,18.916483303997666,2026-06-30T15:04:36.924+07:00,0.05574232339859009,0.021436691284179688,33.44539403915405,32.765857824045625,32.765857824045625,33.38139403915405,14.27965737228681,12.862014770507812,0.0,0.0010181069374084473,0.6108641624450684,0.6724135806845766,
366,18.968647114001215,2026-06-30T15:04:37.000+07:00,0.05582225322723389,0.23362261056900024,33.49335193634033,33.439502965505255,33.439502965505255,33.42935193634033,9.008190754173372,140.17356634140015,0.0,7.992982864379883e-05,0.0479578971862793,0.6736451414596445,
367,19.020833552116528,2026-06-30T15:04:37.050+07:00,0.05878704786300659,0.030355751514434814,35.272228717803955,34.37474894313632,34.37474894313632,35.208228717803955,14.35372443962498,18.21345090866089,0.0,0.002964794635772705,1.778876781463623,0.9352459776310695,
368,19.072938084136695,2026-06-30T15:04:37.099+07:00,0.06003791093826294,0.07076019048690796,36.022746562957764,35.20738244126768,35.20738244126768,35.958746562957764,15.870970778489244,42.456114292144775,0.0,0.0012508630752563477,0.7505178451538086,0.8326334981313721,
369,19.125255356077105,2026-06-30T15:04:37.152+07:00,-0.0014792084693908691,0.016333937644958496,-0.8875250816345215,13.872989502644927,13.872989502644927,359.04847491836546,-216.44278146577713,9.800362586975098,0.0,-0.06151711940765381,-36.910271644592285,-21.334392938622756,
370,19.17752198013477,2026-06-30T15:04:37.201+07:00,-0.0009429454803466797,0.011021682992577553,-0.5657672882080078,5.472075901028141,5.472075901028141,359.37023271179197,-184.84459998634748,6.613009795546532,0.0,0.0005362629890441895,0.32175779342651367,-8.400913601616793,
371,19.230301251169294,2026-06-30T15:04:37.252+07:00,-0.00040018558502197266,0.011103617027401924,-0.2401113510131836,2.1075912908444296,2.1075912908444296,359.6958886489868,-114.59534035084187,6.6621702164411545,0.0,0.000542759895324707,0.3256559371948242,-3.364484610183723,
372,19.282505745068192,2026-06-30T15:04:37.302+07:00,1.2516975402832031e-06,0.024812687188386917,0.0007510185241699219,0.82658582326569,0.82658582326569,359.93675101852415,-62.40706725794361,14.88761231303215,0.0,0.00040143728256225586,0.24086236953735352,-1.2810054675787512,
373,19.334322055103257,2026-06-30T15:04:37.352+07:00,0.00020688772201538086,-0.03587977588176727,0.12413263320922852,0.3868636701503111,0.3868636701503111,0.060132633209228514,-31.27747601820608,-21.527865529060364,0.0,0.00020563602447509766,0.1233816146850586,-0.4397221531153832,
374,19.386282957158983,2026-06-30T15:04:37.402+07:00,0.0008947253227233887,0.012131743133068085,0.5368351936340332,0.403976224948811,0.403976224948811,0.4728351936340332,-12.838194931207774,7.279045879840851,0.0,0.0006878376007080078,0.4127025604248047,0.017112554798501378,
375,19.438473192043602,2026-06-30T15:04:37.453+07:00,0.0015122294425964355,0.013703811913728714,0.9073376655578613,0.6124629717606883,0.6124629717606883,0.8433376655578613,-2.8775430596918854,8.222287148237228,0.0,0.0006175041198730469,0.3705024719238281,0.20848674681187163,
376,19.49050948303193,2026-06-30T15:04:37.501+07:00,0.002082645893096924,-0.23583106696605682,1.2495875358581543,0.909051391758928,0.909051391758928,1.1855875358581542,2.3939540654247313,-141.4986401796341,0.0,0.0005704164505004883,0.34224987030029297,0.29658841999824404,
377,19.542560644214973,2026-06-30T15:04:37.553+07:00,0.0026563405990600586,0.008391506969928741,1.5938043594360352,1.2281171458050908,1.2281171458050908,1.529804359436035,4.712766268119402,5.034904181957245,0.0,0.0005736947059631348,0.34421682357788086,0.31906575404616433,
378,19.594773694174364,2026-06-30T15:04:37.603+07:00,0.0029597878456115723,0.0021627917885780334,1.7758727073669434,1.4920356540185724,1.4920356540185724,1.7118727073669433,5.041693660259106,1.29767507314682,0.0,0.00030344724655151367,0.1820683479309082,0.26391850821349294,
379,19.646748170023784,2026-06-30T15:04:37.654+07:00,0.0030046701431274414,0.0005757887847721577,1.8028020858764648,1.6326068923216825,1.6326068923216825,1.7388020858764648,3.65739055945141,0.3454732708632946,0.0,4.488229751586914e-05,0.026929378509521484,0.14057123830309592,
380,19.698717850027606,2026-06-30T15:04:37.729+07:00,0.0023694634437561035,-0.009177052415907383,1.421678066253662,1.5453803721528874,1.5453803721528874,1.357678066253662,-0.4256533189059364,-5.50623144954443,0.0,-0.0006352066993713379,-0.38112401962280273,-0.08722652016879806,
381,19.750569123076275,2026-06-30T15:04:37.779+07:00,0.0007818937301635742,-0.12281331419944763,0.46913623809814453,1.0214024350540345,1.0214024350540345,0.40513623809814453,-6.860525638737198,-73.68798851966858,0.0,-0.0015875697135925293,-0.9525418281555176,-0.5239779370988629,
382,19.802612654166296,2026-06-30T15:04:37.832+07:00,-0.00014835596084594727,-0.026760488748550415,-0.08901357650756836,0.42833705637911695,0.42833705637911695,359.8469864234924,-9.476311263566416,-16.05629324913025,0.0,-0.0009302496910095215,-0.5581498146057129,-0.5930653786749076,
383,19.854611149057746,2026-06-30T15:04:37.883+07:00,-0.0014571547508239746,-0.025814279913902283,-0.8742928504943848,359.72478885933833,359.72478885933833,359.0617071495056,-12.026254637157596,-15.48856794834137,0.0,-0.0013087987899780273,-0.7852792739868164,-0.7035481970408455,
384,19.906896699219942,2026-06-30T15:04:37.933+07:00,0.0587841272354126,0.46286889910697937,35.27047634124756,20.76576539762106,20.76576539762106,35.20647634124756,225.30968373699142,277.7213394641876,0.0,0.06024128198623657,36.14476919174194,21.040976538282735,
385,19.958723527146503,2026-06-30T15:04:37.982+07:00,0.058731675148010254,-0.021351756528019905,35.23900508880615,29.156696954217736,29.156696954217736,35.17500508880615,188.92906306473452,-12.811053916811943,0.0,-5.245208740234375e-05,-0.03147125244140625,8.390931556596684,
386,20.010653058998287,2026-06-30T15:04:38.033+07:00,0.05777788162231445,-0.0056830053217709064,34.66672897338867,32.36058769912653,32.36058769912653,34.60272897338867,114.24331747624069,-3.409803193062544,0.0,-0.0009537935256958008,-0.5722761154174805,3.20389074490879,
387,20.06262194318697,2026-06-30T15:04:38.086+07:00,0.056755006313323975,0.03063070774078369,34.053003787994385,33.36187993295832,33.36187993295832,33.989003787994385,58.457013003702386,18.378424644470215,0.0,-0.0010228753089904785,-0.6137251853942871,1.0012922338317765,
388,20.11451160418801,2026-06-30T15:04:38.135+07:00,0.0557783842086792,-0.01811087317764759,33.46703052520752,33.45310025797441,33.45310025797441,33.40303052520752,25.285927220911034,-10.866523906588554,0.0,-0.0009766221046447754,-0.5859732627868652,0.09122032501608146,
389,20.166461155051365,2026-06-30T15:04:38.187+07:00,0.055140793323516846,0.14453527331352234,33.08447599411011,33.2339895460555,33.2339895460555,33.02047599411011,8.150535217989262,86.7211639881134,0.0,-0.0006375908851623535,-0.3825545310974121,-0.2191107119189155,
390,20.2183027791325,2026-06-30T15:04:38.238+07:00,0.05227327346801758,0.18360626697540283,31.363964080810547,32.452684970796945,32.452684970796945,31.299964080810547,-7.19284702168385,110.1637601852417,0.0,-0.0028675198554992676,-1.7205119132995605,-0.7813045752585595,
391,20.270338718080893,2026-06-30T15:04:38.289+07:00,0.05323803424835205,0.4293562173843384,31.94282054901123,32.24504361660382,32.24504361660382,31.87882054901123,-5.8024509163192555,257.613730430603,0.0,0.0009647607803344727,0.5788564682006836,-0.2076413541931288,
392,20.322491435101256,2026-06-30T15:04:38.338+07:00,0.053510069847106934,-0.00861895177513361,32.10604190826416,32.112994412102104,32.112994412102104,32.04204190826416,-3.861241002057084,-5.171371065080166,0.0,0.0002720355987548828,0.1632213592529297,-0.13204920450172608,
393,20.37451470713131,2026-06-30T15:04:38.388+07:00,0.05305802822113037,-0.011226743459701538,31.834816932678223,31.948012414122296,31.948012414122296,31.770816932678223,-3.636202434360613,-6.736046075820923,0.0,-0.0004520416259765625,-0.2712249755859375,-0.16498199797979396,
394,20.426497869193554,2026-06-30T15:04:38.438+07:00,0.052553534507751465,-0.008775771595537663,31.53212070465088,31.70563208920114,31.70563208920114,31.46812070465088,-4.489681646437568,-5.2654629573225975,0.0,-0.0005044937133789062,-0.30269622802734375,-0.24238032492115735,
395,20.478409104049206,2026-06-30T15:04:38.488+07:00,0.05193299055099487,-0.013462038710713387,31.159794330596924,31.400940814134316,31.400940814134316,31.095794330596924,-5.601750898701052,-8.077223226428032,0.0,-0.0006205439567565918,-0.3723263740539551,-0.3046912750668298,
396,20.53059146902524,2026-06-30T15:04:38.540+07:00,0.0496942400932312,0.34194573760032654,29.81654405593872,30.702079296282694,30.702079296282694,29.75254405593872,-11.0737753636085,205.16744256019592,0.0,-0.002238750457763672,-1.3432502746582031,-0.6988615178516113,
397,20.582587278215215,2026-06-30T15:04:38.613+07:00,0.04995697736740112,-0.011785566806793213,29.974186420440674,30.24111374135031,30.24111374135031,29.910186420440674,-7.817054721803885,-7.071340084075928,0.0,0.0002627372741699219,0.15764236450195312,-0.4609655549323861,
398,20.634675180073828,2026-06-30T15:04:38.647+07:00,0.048748552799224854,0.39493411779403687,29.249131679534912,29.87152001971492,29.87152001971492,29.185131679534912,-8.893036123488509,236.96047067642212,0.0,-0.0012084245681762695,-0.7250547409057617,-0.36959372163539683,
399,20.686923230066895,2026-06-30T15:04:38.701+07:00,0.04962533712387085,0.1817653775215149,29.77520227432251,29.765300528746963,29.765300528746963,29.71120227432251,-4.774501028489187,109.05922651290894,0.0,0.0008767843246459961,0.5260705947875977,-0.10621949096795902,
400,20.738992650061846,2026-06-30T15:04:38.756+07:00,0.049842655658721924,0.24815690517425537,29.905593395233154,29.784194905944116,29.784194905944116,29.841593395233154,-1.6496105825210665,148.89414310455322,0.0,0.00021731853485107422,0.13039112091064453,0.018894377197142376,
401,20.791200219187886,2026-06-30T15:04:38.813+07:00,0.05042606592178345,0.014953672885894775,30.25563955307007,29.95989774052262,29.95989774052262,30.19163955307007,1.4882560221119425,8.972203731536865,0.0,0.0005834102630615234,0.35004615783691406,0.17570283457851588,
402,20.84321060217917,2026-06-30T15:04:38.864+07:00,0.05119556188583374,0.013820886611938477,30.717337131500244,30.307792073061695,30.307792073061695,30.653337131500244,4.7198383312116325,8.292531967163086,0.0,0.000769495964050293,0.4616975784301758,0.3478943325390844,
403,20.895090171135962,2026-06-30T15:04:38.914+07:00,0.05197429656982422,0.014550983905792236,31.18457794189453,30.73853788679043,30.73853788679043,31.12057794189453,6.95748541859521,8.730590343475342,0.0,0.0007787346839904785,0.4672408103942871,0.4307458137287199,
404,20.947108462220058,2026-06-30T15:04:38.965+07:00,0.052692413330078125,0.015519559383392334,31.615447998046875,31.186546890385813,31.186546890385813,31.551447998046875,7.956284140929032,9.3117356300354,0.0,0.0007181167602539062,0.43087005615234375,0.44800900359538787,
405,20.999085216084495,2026-06-30T15:04:39.015+07:00,0.053498029708862305,0.01671910285949707,32.09881782531738,31.62039862510326,31.62039862510326,32.03481782531738,8.494304248120688,10.031461715698242,0.0,0.0008056163787841797,0.4833698272705078,0.4338517347174502,
406,21.05108174821362,2026-06-30T15:04:39.066+07:00,0.05452322959899902,0.18971407413482666,32.713937759399414,32.136941045019746,32.136941045019746,32.649937759399414,9.704027760426596,113.828444480896,0.0,0.0010251998901367188,0.6151199340820312,0.5165424199164761,
407,21.103054298087955,2026-06-30T15:04:39.117+07:00,0.055321693420410156,-3.5674726963043213,33.193016052246094,32.649421765019,32.649421765019,33.129016052246094,9.958421061774835,-2140.483617782593,0.0,0.0007984638214111328,0.4790782928466797,0.512480719999246,
408,21.15491190413013,2026-06-30T15:04:39.169+07:00,0.056207239627838135,0.018260657787322998,33.72434377670288,33.1701261469706,33.1701261469706,33.66034377670288,10.137337838731755,10.956394672393799,0.0,0.0008855462074279785,0.5313277244567871,0.5207043819515889,
409,21.2068878991995,2026-06-30T15:04:39.217+07:00,0.053316354751586914,-0.4470733106136322,31.98981285095215,32.91809608892896,32.91809608892896,31.92581285095215,-1.7190432966265643,-268.2439863681793,0.0,-0.0028908848762512207,-1.7345309257507324,-0.25203005804164036,
410,21.258825227152556,2026-06-30T15:04:39.269+07:00,0.05781126022338867,0.03297460079193115,34.6867561340332,33.846398630294956,33.846398630294956,34.6227561340332,9.70469253816077,19.78476047515869,0.0,0.004494905471801758,2.6969432830810547,0.9283025413660084,
411,21.31092588813044,2026-06-30T15:04:39.321+07:00,0.05868345499038696,0.019802093505859375,35.21007299423218,34.537713975794475,34.537713975794475,35.14607299423218,11.690423813744298,11.881256103515625,0.0,0.000872194766998291,0.5233168601989746,0.691315345499504,
412,21.362861142028123,2026-06-30T15:04:39.372+07:00,0.05963456630706787,0.02166461944580078,35.78073978424072,35.147769068065095,35.147769068065095,35.71673978424072,11.87098111229205,12.998771667480469,0.0,0.0009511113166809082,0.5706667900085449,0.6100550922706134,
413,21.414851933019236,2026-06-30T15:04:39.423+07:00,-0.0018024444580078125,-0.004738569259643555,-1.0814666748046875,22.412678455189003,22.412678455189003,358.8545333251953,-177.2309377641687,-2.843141555786133,0.0,-0.061437010765075684,-36.86220645904541,-12.735090612876093,
414,21.466753484215587,2026-06-30T15:04:39.496+07:00,-0.0002929568290710449,0.01714378222823143,-0.17577409744262695,5.829895422096062,5.829895422096062,359.76022590255735,-193.80416719017344,10.286269336938858,0.0,0.0015094876289367676,0.9056925773620605,-16.582783033092937,
415,21.518340590177104,2026-06-30T15:04:39.546+07:00,0.0004914402961730957,0.016890432685613632,0.2948641777038574,2.5493960577350743,2.5493960577350743,0.23086417770385742,-117.56604525734068,10.13425961136818,0.0,0.0007843971252441406,0.4706382751464844,-3.280499364360992,
416,21.57021117815748,2026-06-30T15:04:39.595+07:00,0.0008234381675720215,0.002875868696719408,0.4940629005432129,1.3119346628270587,1.3119346628270587,0.4300629005432129,-63.57763717872345,1.7255212180316448,0.0,0.0003319978713989258,0.19919872283935547,-1.2374613949080242,
417,21.62182426615618,2026-06-30T15:04:39.645+07:00,0.0008371472358703613,0.00010422058403491974,0.5022883415222168,0.8074039122735084,0.8074039122735084,0.4382883415222168,-32.43842004148709,0.06253235042095184,0.0,1.3709068298339844e-05,0.008225440979003906,-0.5045307505535561,
418,21.673601779155433,2026-06-30T15:04:39.696+07:00,0.0008055567741394043,-0.001773324329406023,0.4833340644836426,0.5885006369424371,0.5885006369424371,0.4193340644836426,-16.107113058182478,-1.0639945976436138,0.0,-3.159046173095703e-05,-0.01895427703857422,-0.21890327533105847,
419,21.72531431214884,2026-06-30T15:04:39.746+07:00,0.0005446076393127441,-0.006876973435282707,0.3267645835876465,0.4213302176765165,0.4213302176765165,0.2627645835876465,-8.79170329480944,-4.126184061169624,0.0,-0.00026094913482666016,-0.1565694808959961,-0.16717041926591492,
420,21.7770736401435,2026-06-30T15:04:39.797+07:00,-0.00011074542999267578,-0.008858896791934967,-0.06644725799560547,0.157808491940072,0.157808491940072,359.8695527420044,-6.859730379443961,-5.31533807516098,0.0,-0.0006553530693054199,-0.39321184158325195,-0.26352172573643884,
421,21.8289350240957,2026-06-30T15:04:39.847+07:00,-0.0008383393287658691,-0.021390780806541443,-0.5030035972595215,359.80329264223656,359.80329264223656,359.43299640274046,-7.2403044484487005,-12.834468483924866,0.0,-0.0007275938987731934,-0.436556339263916,-0.35451584970348904,
422,21.880774537101388,2026-06-30T15:04:39.897+07:00,-0.0019757747650146484,-0.02358125150203705,-1.185464859008789,359.27365892073334,359.27365892073334,358.7505351409912,-9.375057555993711,-14.148750901222229,0.0,-0.0011374354362487793,-0.6824612617492676,-0.5296337215032167,
423,21.9326654211618,2026-06-30T15:04:39.947+07:00,0.05929148197174072,-0.024406494572758675,35.574889183044434,20.284908029410595,20.284908029410595,35.51088918304443,226.94507865337528,-14.643896743655205,0.0,0.06126725673675537,36.76035404205322,21.011249108677248,
424,21.984489046037197,2026-06-30T15:04:39.997+07:00,0.05804210901260376,-0.023333610966801643,34.825265407562256,28.729318135757882,28.729318135757882,34.761265407562256,189.12296982704382,-14.000166580080986,0.0,-0.0012493729591369629,-0.7496237754821777,8.444410106347277,
425,22.03642602218315,2026-06-30T15:04:40.047+07:00,0.057038724422454834,0.018210649490356445,34.2232346534729,31.929182464649575,31.929182464649575,34.1592346534729,114.94299656483983,10.926389694213867,0.0,-0.0010033845901489258,-0.6020307540893555,3.1998643288916924,
426,22.088332220213488,2026-06-30T15:04:40.097+07:00,0.05483025312423706,0.7977501153945923,32.898151874542236,32.687966958124285,32.687966958124285,32.834151874542236,55.51995450609703,478.65006923675537,0.0,-0.0022084712982177734,-1.325082778930664,0.7587844934747068,
427,22.139927642187104,2026-06-30T15:04:40.148+07:00,0.05356097221374512,0.39717671275138855,32.13658332824707,32.60756458940239,32.60756458940239,32.07258332824707,21.035135918899552,238.30602765083313,0.0,-0.0012692809104919434,-0.761568546295166,-0.08040236872187734,
428,22.191680026007816,2026-06-30T15:04:40.222+07:00,0.05389559268951416,-0.015630366280674934,32.337355613708496,32.49782263713373,32.49782263713373,32.273355613708496,3.9358657055467496,-9.37821976840496,0.0,0.00033462047576904297,0.20077228546142578,-0.10974195226867778,
429,22.24328337307088,2026-06-30T15:04:40.273+07:00,0.05311465263366699,-0.01424425933510065,31.868791580200195,32.14778839557366,32.14778839557366,31.804791580200195,-2.409691256661305,-8.54655560106039,0.0,-0.000780940055847168,-0.4685640335083008,-0.3500342415600812,
430,22.294957461068407,2026-06-30T15:04:40.323+07:00,0.05242949724197388,-0.005758315324783325,31.457698345184326,31.753941613546427,31.753941613546427,31.393698345184326,-5.552895890780958,-3.454989194869995,0.0,-0.0006851553916931152,-0.41109323501586914,-0.3938467820272251,
431,22.34704569610767,2026-06-30T15:04:40.373+07:00,0.05186241865158081,-0.01204621884971857,31.117451190948486,31.384409612815055,31.384409612815055,31.053451190948486,-6.6706721215984555,-7.227731309831142,0.0,-0.0005670785903930664,-0.34024715423583984,-0.36953200073136827,
432,22.398781284224242,2026-06-30T15:04:40.423+07:00,0.05165165662765503,0.0007014274597167969,30.990993976593018,30.667481790137884,30.667481790137884,30.926993976593018,-7.9708756254589614,0.4208564758300781,0.0,-0.00021076202392578125,-0.12645721435546875,-0.716927822677178,
433,22.450484668137506,2026-06-30T15:04:40.472+07:00,0.05171281099319458,0.00626683235168457,31.027686595916748,30.848295170255373,30.848295170255373,30.963686595916748,-1.403242239106635,3.760099411010742,0.0,6.115436553955078e-05,0.03669261932373047,0.1808133801174847,
434,22.50238814414479,2026-06-30T15:04:40.526+07:00,0.052313029766082764,-3.3546977043151855,31.387817859649658,31.076802618635476,31.076802618635476,31.323817859649658,1.9239169461872545,-2012.8186225891113,0.0,0.0006002187728881836,0.36013126373291016,0.22850744838009973,
435,22.554589064093307,2026-06-30T15:04:40.573+07:00,0.05317336320877075,0.01809096336364746,31.90401792526245,31.463894177870458,31.463894177870458,31.84001792526245,5.656432512303475,10.854578018188477,0.0,0.0008603334426879883,0.516200065612793,0.38709155923498884,
436,22.60635878215544,2026-06-30T15:04:40.623+07:00,0.05421435832977295,0.021540403366088867,32.52861499786377,31.970099447636237,31.970099447636237,32.46461499786377,8.42076573262628,12.92424201965332,0.0,0.0010409951210021973,0.6245970726013184,0.5062052697657862,
437,22.65809451811947,2026-06-30T15:04:40.673+07:00,0.05523669719696045,-2.112842559814453,33.14201831817627,32.5396272615108,32.5396272615108,33.07801831817627,10.293558095032052,-1267.7055358886719,0.0,0.0010223388671875,0.6134033203125,0.5695278138745721,
438,22.709909124067053,2026-06-30T15:04:40.724+07:00,0.05653882026672363,0.10933774709701538,33.92329216003418,33.24110401495181,33.24110401495181,33.85929216003418,12.397664804374704,65.60264825820923,0.0,0.0013021230697631836,0.7812738418579102,0.7014767534409998,
439,22.761933748144656,2026-06-30T15:04:40.773+07:00,0.05766040086746216,0.02446085214614868,34.596240520477295,33.908092442134325,33.908092442134325,34.532240520477295,13.336910342863787,14.676511287689209,0.0,0.0011215806007385254,0.6729483604431152,0.6669884271825026,
440,22.81370537308976,2026-06-30T15:04:40.823+07:00,0.05899327993392944,0.09533834457397461,35.395967960357666,34.636677850193934,34.636677850193934,35.331967960357666,14.269718325107142,57.203006744384766,0.0,0.0013328790664672852,0.7997274398803711,0.7285854080596152,
441,22.86568079306744,2026-06-30T15:04:40.873+07:00,0.060379087924957275,0.17035073041915894,36.227452754974365,35.41632381102609,35.41632381102609,36.163452754974365,15.33642263360835,102.21043825149536,0.0,0.001385807991027832,0.8314847946166992,0.7796459608321697,
442,22.917356363032013,2026-06-30T15:04:40.926+07:00,-0.0007458925247192383,0.03185582533478737,-0.44753551483154297,14.56546288576012,14.56546288576012,359.48846448516844,-215.94147349334824,19.11349520087242,0.0,-0.061124980449676514,-36.67498826980591,-20.850860925265977,
443,22.96907574706711,2026-06-30T15:04:40.999+07:00,0.0010890960693359375,0.021968889981508255,0.6534576416015625,4.254654541522572,4.254654541522572,0.5894576416015624,-148.33159328520145,13.181333988904953,0.0,0.0018349885940551758,1.1009931564331055,-10.310808344237557,
444,23.02071564900689,2026-06-30T15:04:41.050+07:00,0.0017751455307006836,0.010889861732721329,1.0650873184204102,2.337740463413807,2.337740463413807,1.00108731842041,-83.38050856376226,6.533917039632797,0.0,0.0006860494613647461,0.41162967681884766,-1.9169140781087606,
445,23.07230483018793,2026-06-30T15:04:41.100+07:00,0.0019911527633666992,0.03178126737475395,1.1946916580200195,1.6353894922252106,1.6353894922252106,1.1306916580200195,-42.94835380782151,19.06876042485237,0.0,0.00021600723266601562,0.12960433959960938,-0.7023509711885936,
446,23.124035862041637,2026-06-30T15:04:41.151+07:00,0.0022262930870056152,0.0005633309483528137,1.3357758522033691,1.4165424740737034,1.4165424740737034,1.271775852203369,-20.45406853976303,0.33799856901168823,0.0,0.00023514032363891602,0.1410841941833496,-0.2188470181515072,
447,23.175924616167322,2026-06-30T15:04:41.200+07:00,0.0024017691612243652,0.012968514114618301,1.4410614967346191,1.3782512009018373,1.3782512009018373,1.377061496734619,-8.99929500570112,7.781108468770981,0.0,0.00017547607421875,0.10528564453125,-0.03829127317186476,
448,23.227751297177747,2026-06-30T15:04:41.250+07:00,0.0028247833251953125,0.011821132153272629,1.6948699951171875,1.4888444390178346,1.4888444390178346,1.6308699951171874,-2.394041965648212,7.092679291963577,0.0,0.00042301416397094727,0.25380849838256836,0.11059323811599597,
449,23.279801161028445,2026-06-30T15:04:41.300+07:00,0.003532111644744873,0.08033664524555206,2.119266986846924,1.7665189177331906,1.7665189177331906,2.0552669868469238,2.3730069348047995,48.20198714733124,0.0,0.0007073283195495605,0.42439699172973633,0.2776744787153689,
450,23.331629323074594,2026-06-30T15:04:41.350+07:00,0.0043708086013793945,0.015248365700244904,2.6224851608276367,2.1705721282746477,2.1705721282746477,2.5584851608276367,5.74814659289053,9.149019420146942,0.0,0.0008386969566345215,0.5032181739807129,0.4040532105414627,
451,23.38363520707935,2026-06-30T15:04:41.401+07:00,0.005006372928619385,0.008796170353889465,3.003823757171631,2.5768928894334646,2.5768928894334646,2.939823757171631,7.069424052600195,5.277702212333679,0.0,0.0006355643272399902,0.38133859634399414,0.4063207611588098,
452,23.43525875802152,2026-06-30T15:04:41.451+07:00,0.005525171756744385,0.012581057846546173,3.315103054046631,2.9167414925355186,2.9167414925355186,3.251103054046631,7.017857927277658,7.548634707927704,0.0,0.000518798828125,0.311279296875,0.3398486031020411,
453,23.486916308058426,2026-06-30T15:04:41.501+07:00,0.0061397552490234375,0.01170928031206131,3.6838531494140625,3.175981876673219,3.175981876673219,3.6198531494140624,6.701951067966348,7.025568187236786,0.0,0.0006145834922790527,0.36875009536743164,0.259240384137712,
454,23.53868311806582,2026-06-30T15:04:41.551+07:00,0.006577968597412109,0.00987638533115387,3.9467811584472656,3.554982643931265,3.554982643931265,3.8827811584472656,7.1694813394914725,5.925831198692322,0.0,0.0004382133483886719,0.2629280090332031,0.37900076725804865,
455,23.590406817151234,2026-06-30T15:04:41.601+07:00,0.007179200649261475,0.04601170867681503,4.307520389556885,3.9084914795838412,3.9084914795838412,4.243520389556885,7.167236375479704,27.60702520608902,0.0,0.0006012320518493652,0.36073923110961914,0.3535088356525762,
456,23.642051535192877,2026-06-30T15:04:41.652+07:00,0.007695674896240234,0.04110170900821686,4.617404937744141,4.247050556046108,4.247050556046108,4.553404937744141,6.841527704191865,24.661025404930115,0.0,0.0005164742469787598,0.30988454818725586,0.3385590764622748,
457,23.693665215047076,2026-06-30T15:04:41.701+07:00,0.007732510566711426,0.08604356646537781,4.6395063400268555,4.439304758042735,4.439304758042735,4.575506340026855,5.0500352876908465,51.626139879226685,0.0,3.6835670471191406e-05,0.022101402282714844,0.1922542019966329,
458,23.745256544090807,2026-06-30T15:04:41.751+07:00,0.007466912269592285,0.03714538365602493,4.480147361755371,4.464561251175004,4.464561251175004,4.416147361755371,2.177501165292604,22.28723019361496,0.0,-0.0002655982971191406,-0.15935897827148438,0.025256493132275182,
459,23.79692191001959,2026-06-30T15:04:41.826+07:00,0.007163107395172119,0.03426189720630646,4.2978644371032715,4.389965455782304,4.389965455782304,4.233864437103271,-0.6797070335700524,20.557138323783875,0.0,-0.000303804874420166,-0.1822829246520996,-0.07459579539269612,
460,23.848453276092187,2026-06-30T15:04:41.877+07:00,0.005899190902709961,-0.030900882557034492,3.5395145416259766,3.9564839923807162,3.9564839923807162,3.4755145416259765,-5.508707015789554,-18.540529534220695,0.0,-0.0012639164924621582,-0.7583498954772949,-0.4334814634015913,
461,23.89997516013682,2026-06-30T15:04:41.928+07:00,0.0041599273681640625,-0.036198247224092484,2.4959564208984375,3.19614090979645,3.19614090979645,2.4319564208984374,-11.097197639744103,-21.71894833445549,0.0,-0.0017392635345458984,-1.043558120727539,-0.7603430825842565,
462,23.95186711801216,2026-06-30T15:04:41.977+07:00,0.0023418068885803223,-0.002044795546680689,1.4050841331481934,2.2347471687140237,2.2347471687140237,1.3410841331481933,-16.412515301987213,-1.2268773280084133,0.0,-0.0018181204795837402,-1.0908722877502441,-0.9613937410824178,
463,24.00382053805515,2026-06-30T15:04:42.028+07:00,0.000784456729888916,-0.02179632894694805,0.4706740379333496,1.2716880910150319,1.2716880910150319,0.4066740379333496,-17.954810458224877,-13.07779736816883,0.0,-0.0015573501586914062,-0.9344100952148438,-0.9630590776990005,
464,24.057614826131612,2026-06-30T15:04:42.067+07:00,5.418062210083008e-05,-0.021677136421203613,0.03250837326049805,0.8155751898009309,0.8155751898009309,359.9685083732605,-15.725335670062282,-13.006281852722168,0.0,-0.0007302761077880859,-0.43816566467285156,-0.4561129012141123,
465,24.109429728006944,2026-06-30T15:04:42.140+07:00,-0.0016051530838012695,-0.0242401584982872,-0.9630918502807617,359.65694300848037,359.65694300848037,358.9729081497192,-15.605419274507199,-14.54409509897232,0.0,-0.0016593337059020996,-0.9956002235412598,-1.1586321813206268,
466,24.16090587200597,2026-06-30T15:04:42.189+07:00,0.05961489677429199,-0.02537316270172596,35.768938064575195,20.606383561031087,20.606383561031087,35.704938064575195,230.25827864356393,-15.223897621035576,0.0,0.06122004985809326,36.73202991485596,20.949440552550698,
467,24.21241823816672,2026-06-30T15:04:42.240+07:00,0.058251023292541504,-0.01253581140190363,34.9506139755249,28.943184889504202,28.943184889504202,34.8866139755249,186.62576567709357,-7.521486841142178,0.0,-0.0013638734817504883,-0.818324089050293,8.336801328473115,
468,24.264013973996043,2026-06-30T15:04:42.290+07:00,0.05686372518539429,-0.027817072346806526,34.11823511123657,31.98709529031694,31.98709529031694,34.05423511123657,112.1294296798851,-16.690243408083916,0.0,-0.0013872981071472168,-0.8323788642883301,3.0439104008127345,
469,24.315550877014175,2026-06-30T15:04:42.340+07:00,0.04988682270050049,-0.5811275243759155,29.932093620300293,31.612114757963546,31.612114757963546,29.868093620300293,38.76673785277925,-348.6765146255493,0.0,-0.006976902484893799,-4.186141490936279,-0.37498053235339057,
470,24.36711278022267,2026-06-30T15:04:42.391+07:00,0.05426853895187378,-0.010316104628145695,32.56112337112427,32.19787975222454,32.19787975222454,32.49712337112427,22.329688140905755,-6.189662776887417,0.0,0.004381716251373291,2.6290297508239746,0.5857649942609839,
471,24.4186771272216,2026-06-30T15:04:42.440+07:00,0.05321460962295532,-0.01962178945541382,31.928765773773193,32.088396344181525,32.088396344181525,31.864765773773193,7.749351894951525,-11.773073673248291,0.0,-0.001053929328918457,-0.6323575973510742,-0.10948340804301893,
472,24.470479604089633,2026-06-30T15:04:42.490+07:00,0.051204800605773926,0.2818285822868347,30.722880363464355,31.47528271336653,31.47528271336653,30.658880363464355,-4.914802963174476,169.09714937210083,0.0,-0.0020098090171813965,-1.205885410308838,-0.6131136308150076,
473,24.522149451076984,2026-06-30T15:04:42.543+07:00,0.05156075954437256,-0.01642596907913685,30.936455726623535,31.18790189448886,31.18790189448886,30.872455726623535,-5.34551470676733,-9.855581447482109,0.0,0.0003559589385986328,0.2135753631591797,-0.287380818877665,
474,24.573742039036006,2026-06-30T15:04:42.590+07:00,0.04931861162185669,0.20610779523849487,29.591166973114014,30.493175358473607,30.493175358473607,29.527166973114014,-11.623418480034537,123.66467714309692,0.0,-0.002242147922515869,-1.3452887535095215,-0.6947265360152528,
475,24.62530599720776,2026-06-30T15:04:42.642+07:00,0.05018198490142822,-0.013088049367070198,30.109190940856934,30.280668894453225,30.280668894453225,30.045190940856934,-7.399059890346116,-7.852829620242119,0.0,0.0008633732795715332,0.5180239677429199,-0.21250646402037887,
476,24.676964678103104,2026-06-30T15:04:42.690+07:00,0.04947131872177124,-0.013684123754501343,29.682791233062744,29.95074110766234,29.95074110766234,29.618791233062744,-7.20092210156924,-8.210474252700806,0.0,-0.0007106661796569824,-0.42639970779418945,-0.32992778679087564,
477,24.72885528416373,2026-06-30T15:04:42.741+07:00,0.04914557933807373,0.0404072105884552,29.48734760284424,29.572011408611957,29.572011408611957,29.42334760284424,-6.761904494980179,24.24432635307312,0.0,-0.00032573938369750977,-0.19544363021850586,-0.3787296990503819,
478,24.78092535212636,2026-06-30T15:04:42.791+07:00,0.04924178123474121,0.32774630188941956,29.545068740844727,29.502886372558216,29.502886372558216,29.481068740844727,-3.5039896312520673,196.64778113365173,0.0,9.620189666748047e-05,0.05772113800048828,-0.06912503605374809,
479,24.832564792130142,2026-06-30T15:04:42.841+07:00,0.049118638038635254,0.0002487301826477051,29.471182823181152,29.44847185636421,29.44847185636421,29.407182823181152,-2.0914360330443675,0.14923810958862305,0.0,-0.00012314319610595703,-0.07388591766357422,-0.05441451619401505,
480,24.88423362118192,2026-06-30T15:04:42.892+07:00,0.049118638038635254,0.00038295984268188477,29.471182823181152,29.42548172327223,29.42548172327223,29.407182823181152,-1.1368435797694747,0.22977590560913086,0.0,0.0,0.0,-0.02299013309198017,
481,24.93585020909086,2026-06-30T15:04:42.966+07:00,0.0489499568939209,0.45434683561325073,29.36997413635254,29.383375712579934,29.383375712579934,29.30597413635254,-0.949551416088213,272.60810136795044,0.0,-0.00016868114471435547,-0.10120868682861328,-0.042106010692293694,
482,24.987356815021485,2026-06-30T15:04:43.017+07:00,0.04913359880447388,-0.00023549798061139882,29.480159282684326,29.402780114287907,29.402780114287907,29.416159282684326,-0.19481567062691946,-0.1412987883668393,0.0,0.00018364191055297852,0.11018514633178711,0.019404401707959096,
483,25.038900551153347,2026-06-30T15:04:43.066+07:00,0.04942852258682251,0.01257932186126709,29.657113552093506,29.481064774382602,29.481064774382602,29.593113552093506,0.9760645358220623,7.547593116760254,0.0,0.0002949237823486328,0.1769542694091797,0.07828466009470958,
484,25.090454325079918,2026-06-30T15:04:43.118+07:00,0.05029010772705078,0.018555104732513428,30.17406463623047,29.780566368116975,29.780566368116975,30.11006463623047,3.9649542708033807,11.133062839508057,0.0,0.0008615851402282715,0.5169510841369629,0.29950159373436236,
485,25.14202182018198,2026-06-30T15:04:43.169+07:00,0.05113112926483154,0.017012953758239746,30.678677558898926,30.211081790825062,30.211081790825062,30.614677558898926,6.626390102442258,10.207772254943848,0.0,0.0008410215377807617,0.504612922668457,0.4305154227080834,
486,25.193615408148617,2026-06-30T15:04:43.218+07:00,0.05184531211853027,0.04487043619155884,31.107187271118164,30.646370084520473,30.646370084520473,31.043187271118164,7.925867358232321,26.922261714935303,0.0,0.0007141828536987305,0.4285097122192383,0.43528829369540745,
487,25.24525240319781,2026-06-30T15:04:43.267+07:00,0.05247294902801514,0.013927936553955078,31.483769416809082,31.058373102128744,31.058373102128744,31.419769416809082,8.174661067305054,8.356761932373047,0.0,0.0006276369094848633,0.37658214569091797,0.41200301760827074,
488,25.29680945421569,2026-06-30T15:04:43.318+07:00,0.05314445495605469,0.013182520866394043,31.886672973632812,31.457001419190128,31.457001419190128,31.822672973632812,8.1026153834897,7.909512519836426,0.0,0.0006715059280395508,0.40290355682373047,0.39862831706139445,
489,25.348578727105632,2026-06-30T15:04:43.368+07:00,0.053942859172821045,0.018241405487060547,32.36571550369263,31.886610479635593,31.886610479635593,32.30171550369263,8.543945872423446,10.944843292236328,0.0,0.0007984042167663574,0.47904253005981445,0.42960906044547187,
490,25.400384037056938,2026-06-30T15:04:43.418+07:00,0.05498623847961426,0.023873984813690186,32.991743087768555,32.42928511594712,32.42928511594712,32.927743087768555,9.871712991310615,14.324390888214111,0.0,0.0010433793067932129,0.6260275840759277,0.5426746363115171,
491,25.452699587214738,2026-06-30T15:04:43.468+07:00,0.05615592002868652,0.02729356288909912,33.693552017211914,33.040875510458825,33.040875510458825,33.629552017211914,11.610844720492155,16.376137733459473,0.0,0.0011696815490722656,0.7018089294433594,0.6115903945117225,
492,25.504304175032303,2026-06-30T15:04:43.519+07:00,0.057509422302246094,0.19643646478652954,34.505653381347656,33.75600812270658,33.75600812270658,34.441653381347656,13.42306926957615,117.86187887191772,0.0,0.0013535022735595703,0.8121013641357422,0.7151326122477712,
493,25.555928300134838,2026-06-30T15:04:43.570+07:00,0.058728933334350586,0.02894759178161621,35.23736000061035,34.24205793833614,34.24205793833614,35.17336000061035,12.852051316491234,17.368555068969727,0.0,0.0012195110321044922,0.7317066192626953,0.4860498156295421,
494,25.607543906196952,2026-06-30T15:04:43.620+07:00,0.060018718242645264,0.06272858381271362,36.01123094558716,35.140366260715815,35.140366260715815,35.94723094558716,15.705889918073234,37.637150287628174,0.0,0.0012897849082946777,0.7738709449768066,0.8983083223796768,
495,25.659065902000293,2026-06-30T15:04:43.672+07:00,-0.0012445449829101562,0.02538156881928444,-0.7467269897460938,14.090879065745304,14.090879065745304,359.1892730102539,-216.32703869690528,15.228941291570663,0.0,-0.06126326322555542,-36.75795793533325,-21.04948719497051,
496,25.710806489223614,2026-06-30T15:04:43.720+07:00,-4.5359134674072266e-05,0.024763163179159164,-0.02721548080444336,5.817658693885965,5.817658693885965,359.90878451919554,-185.87210878953977,14.857897907495499,0.0,0.001199185848236084,0.7195115089416504,-8.273220371859338,
497,25.76288018701598,2026-06-30T15:04:43.769+07:00,0.0012219548225402832,0.02858530357480049,0.7331728935241699,2.767465670527058,2.767465670527058,0.6691728935241699,-112.70090279340889,17.151182144880295,0.0,0.0012673139572143555,0.7603883743286133,-3.0501930233589007,
498,25.81455757212825,2026-06-30T15:04:43.845+07:00,0.0027027130126953125,0.023034606128931046,1.6216278076171875,1.7433926791458234,1.7433926791458234,1.5576278076171874,-38.6945276619197,13.820763677358627,0.0,0.0014807581901550293,0.8884549140930176,-1.0240729913812459,
499,25.866133826086298,2026-06-30T15:04:43.894+07:00,0.0036214590072631836,0.023407138884067535,2.17287540435791,1.8938617716356136,1.8938617716356136,2.10887540435791,-14.365785187627607,14.044283330440521,0.0,0.0009187459945678711,0.5512475967407227,0.1504690924898,
500,25.91772195114754,2026-06-30T15:04:43.946+07:00,0.004518091678619385,0.01860891282558441,2.710855007171631,2.1643267979484193,2.1643267979484193,2.646855007171631,-2.2642134465723798,11.165347695350647,0.0,0.0008966326713562012,0.5379796028137207,0.2704650263127917,
501,25.96954574319534,2026-06-30T15:04:43.995+07:00,0.005365729331970215,0.019040897488594055,3.219437599182129,2.681002132849837,2.681002132849837,3.155437599182129,5.192768410971283,11.424538493156433,0.0,0.0008476376533508301,0.508582592010498,0.5166753349014073,
502,26.02136249700561,2026-06-30T15:04:44.046+07:00,0.006270229816436768,0.06162838637828827,3.7621378898620605,3.209590778686811,3.209590778686811,3.6981378898620605,8.20027244735536,36.97703182697296,0.0,0.0009045004844665527,0.5427002906799316,0.528588645836976,
503,26.073204269167036,2026-06-30T15:04:44.095+07:00,0.007038593292236328,0.03932864964008331,4.223155975341797,3.7115079255474543,3.7115079255474543,4.159155975341797,9.384331538361533,23.597189784049988,0.0,0.0007683634757995605,0.46101808547973633,0.5019171468606487,
504,26.12503387616016,2026-06-30T15:04:44.146+07:00,0.0072838664054870605,0.06011572852730751,4.370319843292236,4.053018479712167,4.053018479712167,4.306319843292236,7.690915130696031,36.069437116384506,0.0,0.0002452731132507324,0.14716386795043945,0.34151055416469944,
505,26.176787389209494,2026-06-30T15:04:44.196+07:00,0.0080794095993042,0.014980092644691467,4.8476457595825195,4.444738503517319,4.444738503517319,4.7836457595825195,7.7394674327891515,8.98805558681488,0.0,0.0007955431938171387,0.4773259162902832,0.39172002380516346,
506,26.228826106060296,2026-06-30T15:04:44.246+07:00,0.008423089981079102,0.10902120918035507,5.053853988647461,4.740805409850705,4.740805409850705,4.989853988647461,6.658013845228596,65.41272550821304,0.0,0.00034368038177490234,0.2062082290649414,0.2960669063333796,
507,26.28130197012797,2026-06-30T15:04:44.296+07:00,0.008634507656097412,-0.0002266536612296477,5.180704593658447,4.953973756139983,4.953973756139983,5.116704593658447,5.213514626767168,-0.13599219673778862,0.0,0.00021141767501831055,0.12685060501098633,0.2131683462892795,
508,26.332951410207897,2026-06-30T15:04:44.346+07:00,0.008649885654449463,-5.529821282834746e-05,5.189931392669678,5.053303699337918,5.053303699337918,5.125931392669678,3.2902924621046092,-0.033178927697008476,0.0,1.537799835205078e-05,0.009226799011230469,0.09932994319794375,
509,26.384636090137064,2026-06-30T15:04:44.396+07:00,0.00855928659439087,-0.00640319287776947,5.1355719566345215,5.067815866490473,5.067815866490473,5.071571956634521,1.5274067800257987,-3.841915726661682,0.0,-9.059906005859375e-05,-0.05435943603515625,0.014512167152560096,
510,26.436541789211333,2026-06-30T15:04:44.458+07:00,0.008129000663757324,0.08776456862688065,4.8774003982543945,4.955444670032423,4.955444670032423,4.8134003982543945,-0.5247489580671746,52.65874117612839,0.0,-0.0004302859306335449,-0.25817155838012695,-0.11237119645804228,
511,26.488555061165243,2026-06-30T15:04:44.516+07:00,0.007180571556091309,-0.01705770380795002,4.308342933654785,4.616502557088713,4.616502557088713,4.244342933654785,-4.034908013717009,-10.234622284770012,0.0,-0.0009484291076660156,-0.5690574645996094,-0.33894211294369825,
512,26.540814795996994,2026-06-30T15:04:44.563+07:00,0.006376981735229492,-0.4033927321434021,3.8261890411376953,4.178941558914218,4.178941558914218,3.7621890411376953,-7.203154731259574,-242.03563928604126,0.0,-0.0008035898208618164,-0.48215389251708984,-0.4375609981744901,
513,26.592498773010448,2026-06-30T15:04:44.614+07:00,0.004998564720153809,-0.012214980088174343,2.999138832092285,3.565942036355797,3.565942036355797,2.935138832092285,-10.168618988491133,-7.328988052904606,0.0,-0.0013784170150756836,-0.8270502090454102,-0.6129995225584253,
514,26.644152416149154,2026-06-30T15:04:44.664+07:00,0.003199934959411621,-0.03303196653723717,1.9199609756469727,2.6929019723430474,2.6929019723430474,1.8559609756469726,-14.51251900184557,-19.8191799223423,0.0,-0.0017986297607421875,-1.0791778564453125,-0.8730400640127414,
515,26.69574091117829,2026-06-30T15:04:44.714+07:00,0.0015894770622253418,-0.03016352653503418,0.9536862373352051,1.7620729074268742,1.7620729074268742,0.889686237335205,-16.949589292015666,-18.098115921020508,0.0,-0.0016104578971862793,-0.9662747383117676,-0.9308290649161677,
516,26.747366925003007,2026-06-30T15:04:44.766+07:00,1.3887882232666016e-05,-0.010807007551193237,0.00833272933959961,0.8187960956604021,0.8187960956604021,359.9443327293396,-17.715282289208346,-6.484204530715942,0.0,-0.0015755891799926758,-0.9453535079956055,-0.9432768117664807,
517,26.799079809105024,2026-06-30T15:04:44.815+07:00,-0.001361072063446045,-0.020679041743278503,-0.816643238067627,359.9317316029018,359.9317316029018,359.11935676193235,-17.91435000812905,-12.407425045967102,0.0,-0.001374959945678711,-0.8249759674072266,-0.8870644927585545,
518,26.850813582073897,2026-06-30T15:04:44.864+07:00,0.05991995334625244,-0.02546638250350952,35.951972007751465,12.24637551200459,12.24637551200459,35.887972007751465,193.79273750901723,-15.279829502105713,0.0,0.061281025409698486,36.76861524581909,12.314643909102813,
519,26.902601059060544,2026-06-30T15:04:44.915+07:00,0.058580994606018066,-0.02721726894378662,35.14859676361084,25.52658000177383,25.52658000177383,35.08459676361084,223.41202359673363,-16.330361366271973,0.0,-0.001338958740234375,-0.803375244140625,13.280204489769233,
520,26.954270591028035,2026-06-30T15:04:44.964+07:00,0.05728191137313843,-0.024445654824376106,34.36914682388306,30.286341486200943,30.286341486200943,34.30514682388306,150.50662769287504,-14.667392894625664,0.0,-0.0012990832328796387,-0.7794499397277832,4.759761484427116,
521,27.00629851105623,2026-06-30T15:04:45.015+07:00,0.05599522590637207,-0.024415643885731697,33.59713554382324,32.25215505801595,32.25215505801595,33.53313554382324,84.41973723493317,-14.649386331439018,0.0,-0.0012866854667663574,-0.7720112800598145,1.965813571815005,
522,27.05797080299817,2026-06-30T15:04:45.065+07:00,0.054720938205718994,0.07165920734405518,32.8325629234314,32.63914473136255,32.63914473136255,32.768562923431396,39.45375649642199,42.995524406433105,0.0,-0.0012742877006530762,-0.7645726203918457,0.38698967334659073,
523,27.10964716807939,2026-06-30T15:04:45.139+07:00,0.05245161056518555,-0.026673050597310066,31.470966339111328,31.968619121022652,31.968619121022652,31.406966339111328,3.4994296568449155,-16.00383035838604,0.0,-0.0022693276405334473,-1.3615965843200684,-0.6705256103398938,
524,27.161225015996024,2026-06-30T15:04:45.190+07:00,0.051070332527160645,-0.024117620661854744,30.642199516296387,31.26033082708902,31.26033082708902,30.578199516296387,-6.758299672003975,-14.470572397112846,0.0,-0.0013812780380249023,-0.8287668228149414,-0.7082882939336343,
525,27.212837752187625,2026-06-30T15:04:45.241+07:00,0.04994720220565796,0.11116248369216919,29.968321323394775,30.540493003147652,30.540493003147652,29.904321323394775,-10.879855369528155,66.69749021530151,0.0,-0.0011231303215026855,-0.6738781929016113,-0.7198378239413614,
526,27.264516377123073,2026-06-30T15:04:45.291+07:00,0.04821181297302246,0.33580484986305237,28.927087783813477,29.73694484338852,29.73694484338852,28.863087783813477,-14.398052053553915,201.48290991783142,0.0,-0.001735389232635498,-1.0412335395812988,-0.8035481597591456,
527,27.31628916808404,2026-06-30T15:04:45.341+07:00,0.04814255237579346,-0.017993422225117683,28.885531425476074,29.267938859884882,29.267938859884882,28.821531425476074,-11.595694450469885,-10.79605333507061,0.0,-6.92605972290039e-05,-0.041556358337402344,-0.4690059835036493,
528,27.36815414414741,2026-06-30T15:04:45.390+07:00,0.047468721866607666,0.016405940055847168,28.4812331199646,28.818109388371255,28.818109388371255,28.4172331199646,-10.267763703636234,9.8435640335083,0.0,-0.000673830509185791,-0.4042983055114746,-0.44982947151362396,
529,27.419934862060472,2026-06-30T15:04:45.441+07:00,0.04634183645248413,0.3906414806842804,27.80510187149048,28.3198866246927,28.3198866246927,27.74110187149048,-10.597381902690294,234.38488841056824,0.0,-0.0011268854141235352,-0.6761312484741211,-0.498222763678541,
530,27.471821690211073,2026-06-30T15:04:45.492+07:00,0.04650801420211792,-1.9412119388580322,27.904808521270752,28.06268854935686,28.06268854935686,27.840808521270752,-7.378079580748522,-1164.7271633148193,0.0,0.00016617774963378906,0.09970664978027344,-0.25719807533585026,
531,27.523747444152832,2026-06-30T15:04:45.541+07:00,0.04592162370681763,0.048107802867889404,27.552974224090576,27.343222751912695,27.343222751912695,27.488974224090576,-9.089263303826092,28.864681720733643,0.0,-0.000586390495300293,-0.3518342971801758,-0.7194657974441725,
532,27.575553179020062,2026-06-30T15:04:45.591+07:00,0.04548519849777222,-0.0036962637677788734,27.29111909866333,27.301687494822325,27.301687494822325,27.22711909866333,-4.45333040496897,-2.217758260667324,0.0,-0.00043642520904541016,-0.2618551254272461,-0.041535257090373534,
533,27.62752773007378,2026-06-30T15:04:45.642+07:00,0.041427791118621826,-0.6271829605102539,24.856674671173096,26.383901705661934,26.383901705661934,24.792674671173096,-15.622560502013922,-376.30977630615234,0.0,-0.004057407379150391,-2.4344444274902344,-0.9177857891604049,
534,27.679345021024346,2026-06-30T15:04:45.691+07:00,0.04463011026382446,-0.005909026600420475,26.778066158294678,26.612688996402813,26.612688996402813,26.714066158294678,-4.270507859312572,-3.545415960252285,0.0,0.0032023191452026367,1.921391487121582,0.22878729074088255,
535,27.73224718007259,2026-06-30T15:04:45.743+07:00,0.039542555809020996,-1.042210578918457,23.725533485412598,25.575730470525173,25.575730470525173,23.661533485412598,-16.200317971044075,-625.3263473510742,0.0,-0.005087554454803467,-3.05253267288208,-1.036958525877651,
536,27.78432015608996,2026-06-30T15:04:45.791+07:00,0.04347074031829834,0.02966746687889099,26.082444190979004,25.487764111563152,25.487764111563152,26.018444190979004,-5.648565948712379,17.800480127334595,0.0,0.003928184509277344,2.3569107055664062,-0.08796635896203497,
537,27.835926263127476,2026-06-30T15:04:45.842+07:00,0.04252326488494873,-0.019752176478505135,25.51395893096924,25.53323289311611,25.53323289311611,25.44995893096924,-2.3042041999948815,-11.85130588710308,0.0,-0.0009474754333496094,-0.5684852600097656,0.045468781552955306,
538,27.887597740162164,2026-06-30T15:04:45.917+07:00,0.04116588830947876,-0.018060626462101936,24.699532985687256,25.013217504639183,25.013217504639183,24.635532985687256,-6.058616526565492,-10.836375877261162,0.0,-0.0013573765754699707,-0.8144259452819824,-0.520015388476935,
539,27.939193439204246,2026-06-30T15:04:45.967+07:00,0.04040825366973877,-0.01061022374778986,24.24495220184326,24.577877593618453,24.577877593618453,24.18095220184326,-7.620380834796364,-6.366134248673916,0.0,-0.0007576346397399902,-0.45458078384399414,-0.43533991102071923,
540,27.99120535911061,2026-06-30T15:04:46.018+07:00,0.04033905267715454,0.32323533296585083,24.203431606292725,24.315196556314053,24.315196556314053,24.139431606292725,-6.003615449923555,193.9411997795105,0.0,-6.920099258422852e-05,-0.04152059555053711,-0.2626810373043895,
541,28.043174502206966,2026-06-30T15:04:46.067+07:00,0.040304481983184814,0.0051021878607571125,24.18268918991089,24.197206189373663,24.197206189373663,24.11868918991089,-3.8458800447801615,3.0613127164542675,0.0,-3.457069396972656e-05,-0.020742416381835938,-0.11799036694037568,
542,28.094934590160847,2026-06-30T15:04:46.118+07:00,0.04043543338775635,0.3765207827091217,24.26126003265381,24.207236469668498,24.207236469668498,24.19726003265381,-1.5768325603272983,225.91246962547302,0.0,0.0001309514045715332,0.07857084274291992,0.010030280294841987,
543,28.14672532514669,2026-06-30T15:04:46.168+07:00,0.0415341854095459,0.015450745820999146,24.92051124572754,24.534751438519542,24.534751438519542,24.85651124572754,3.4176400773825066,9.270447492599487,0.0,0.0010987520217895508,0.6592512130737305,0.3275149688510339,
544,28.198519635014236,2026-06-30T15:04:46.218+07:00,0.04230600595474243,0.41416114568710327,25.38360357284546,24.971585029456865,24.971585029456865,25.31960357284546,6.338412567471477,248.49668741226196,0.0,0.0007718205451965332,0.4630923271179199,0.43683359093731156,
545,28.25033966707997,2026-06-30T15:04:46.269+07:00,0.04359358549118042,0.023318320512771606,26.156151294708252,25.540768841806102,25.540768841806102,26.092151294708252,9.207363072189551,13.990992307662964,0.0,0.0012875795364379883,0.772547721862793,0.5691838123492516,
546,28.30222292104736,2026-06-30T15:04:46.318+07:00,0.044864773750305176,0.36205145716667175,26.918864250183105,26.205801651783222,26.205801651783222,26.854864250183105,11.896720411333416,217.23087430000305,0.0,0.0012711882591247559,0.7627129554748535,0.6650328099771059,
547,28.35438354499638,2026-06-30T15:04:46.369+07:00,0.04595625400543213,0.10055047273635864,27.573752403259277,26.87639077811867,26.87639077811867,27.509752403259277,13.099067459066633,60.330283641815186,0.0,0.0010914802551269531,0.6548881530761719,0.6705891263354431,
548,28.40637133619748,2026-06-30T15:04:46.418+07:00,0.047115445137023926,0.023831963539123535,28.269267082214355,26.479957178340097,26.479957178340097,28.205267082214355,7.8847506694636795,14.299178123474121,0.0,0.0011591911315917969,0.6955146789550781,-0.3964335997785611,
549,28.458249331219122,2026-06-30T15:04:46.469+07:00,0.04842221736907959,0.026379525661468506,29.053330421447754,27.32539395842013,27.32539395842013,28.989330421447754,16.467420082232707,15.827715396881104,0.0,0.001306772232055664,0.7840633392333984,0.8454367800800355,
550,28.51031015906483,2026-06-30T15:04:46.519+07:00,0.04981321096420288,0.6480928659439087,29.88792657852173,28.60026303608225,28.60026303608225,29.82392657852173,22.010529111768886,388.8557195663452,0.0,0.001390993595123291,0.8345961570739746,1.2748690776621174,
551,28.562261283164844,2026-06-30T15:04:46.569+07:00,0.05103939771652222,-1.5509836673736572,30.62363862991333,29.636741020125353,29.636741020125353,30.55963862991333,21.466593432353083,-930.5902004241943,0.0,0.001226186752319336,0.7357120513916016,1.0364779840431027,
552,28.61402772204019,2026-06-30T15:04:46.645+07:00,0.0527191162109375,0.023480892181396484,31.6314697265625,30.85773478274035,30.85773478274035,31.5674697265625,17.459856855215772,14.08853530883789,0.0,0.0016797184944152832,1.00783109664917,1.2209937626149951,
553,28.66565981018357,2026-06-30T15:04:46.694+07:00,0.05386728048324585,0.02548503875732422,32.32036828994751,31.58700612924433,31.58700612924433,32.25636828994751,15.977900667161975,15.291023254394531,0.0,0.0011481642723083496,0.6888985633850098,0.7292713465039924,
554,28.71720489813015,2026-06-30T15:04:46.745+07:00,0.05505776405334473,0.019398033618927002,33.034658432006836,32.3296663463196,32.3296663463196,32.970658432006836,15.11829479419421,11.638820171356201,0.0,0.001190483570098877,0.7142901420593262,0.7426602170752687,
555,28.768979005049914,2026-06-30T15:04:46.795+07:00,0.056310057640075684,0.026908278465270996,33.78603458404541,33.052984457936695,33.052984457936695,33.72203458404541,15.053621538139893,16.144967079162598,0.0,0.001252293586730957,0.7513761520385742,0.7233181116170897,
556,28.82095438800752,2026-06-30T15:04:46.846+07:00,0.05549001693725586,-2.215285062789917,33.294010162353516,33.389257956622025,33.389257956622025,33.230010162353516,8.735709346740588,-1329.1710376739502,0.0,-0.0008200407028198242,-0.49202442169189453,0.33627349868532974,
557,28.87278364202939,2026-06-30T15:04:46.897+07:00,0.05903744697570801,0.0328754186630249,35.422468185424805,34.43766391648237,34.43766391648237,35.358468185424805,15.58352536406694,19.72525119781494,0.0,0.0035474300384521484,2.128458023071289,1.0484059598603608,
558,28.924730396131054,2026-06-30T15:04:46.946+07:00,0.060280680656433105,0.5774686932563782,36.16840839385986,35.33088984238699,35.33088984238699,36.10440839385986,17.110695054046555,346.4812159538269,0.0,0.0012432336807250977,0.7459402084350586,0.8932259259046305,
559,28.976513095200062,2026-06-30T15:04:46.997+07:00,-0.0007446408271789551,0.026400744915008545,-0.44678449630737305,14.548399720958843,14.548399720958843,359.4892155036926,-219.2830666030723,15.840446949005127,0.0,-0.06102532148361206,-36.615192890167236,-20.78249012142814,
560,29.02826234907843,2026-06-30T15:04:47.047+07:00,0.0005670785903930664,0.025186292827129364,0.34024715423583984,6.218557711164715,6.218557711164715,0.27624715423583984,-184.7235400085973,15.111775696277618,0.0,0.0013117194175720215,0.7870316505432129,-8.329842009794135,
561,29.081027805106714,2026-06-30T15:04:47.096+07:00,0.001761317253112793,0.025290597230196,1.0567903518676758,3.11799868354235,3.11799868354235,0.9927903518676757,-112.25918413591941,15.1743583381176,0.0,0.0011942386627197266,0.7165431976318359,-3.100559027622353,
562,29.133034967118874,2026-06-30T15:04:47.146+07:00,0.0029073357582092285,0.020760633051395416,1.744401454925537,2.2115272372231525,2.2115272372231525,1.680401454925537,-56.98004940119132,12.45637983083725,0.0,0.0011460185050964355,0.6876111030578613,-0.9064714463191876,
563,29.18485083221458,2026-06-30T15:04:47.196+07:00,0.003809988498687744,-0.28803616762161255,2.2859930992126465,2.15794227924931,2.15794227924931,2.2219930992126464,-24.322990986650723,-172.82170057296753,0.0,0.0009026527404785156,0.5415916442871094,-0.053584957973839664,
564,29.236449216026813,2026-06-30T15:04:47.248+07:00,0.004345238208770752,0.05346866324543953,2.607142925262451,2.3642944410124667,2.3642944410124667,2.543142925262451,-7.98233732469268,32.08119794726372,0.0,0.0005352497100830078,0.3211498260498047,0.20635216176316362,
565,29.288511062040925,2026-06-30T15:04:47.297+07:00,0.00551605224609375,0.03803104907274246,3.30963134765625,2.8168837888971963,2.8168837888971963,3.24563134765625,2.021382129524256,22.818629443645477,0.0,0.001170814037322998,0.7024884223937988,0.45258934788472516,
566,29.340310224099085,2026-06-30T15:04:47.371+07:00,0.007027328014373779,0.08218313753604889,4.216396808624268,3.6068125016473784,3.6068125016473784,4.1523968086242675,8.571294916445353,49.30988252162933,0.0,0.0015112757682800293,0.9067654609680176,0.789928712750168,
567,29.39188194205053,2026-06-30T15:04:47.422+07:00,0.008200585842132568,0.021647050976753235,4.920351505279541,4.24942852202399,4.24942852202399,4.856351505279541,11.039293509873904,12.988230586051941,0.0,0.001173257827758789,0.7039546966552734,0.6426160203766074,
568,29.443504844093695,2026-06-30T15:04:47.472+07:00,0.009274780750274658,0.02412063628435135,5.564868450164795,4.8967872695416474,4.8967872695416474,5.500868450164795,12.083015040636871,14.47238177061081,0.0,0.0010741949081420898,0.6445169448852539,0.6473587475176714,
569,29.495150877162814,2026-06-30T15:04:47.523+07:00,0.010290741920471191,0.014390215277671814,6.174445152282715,5.5398356310344425,5.5398356310344425,6.110445152282715,12.374206675361794,8.634129166603088,0.0,0.0010159611701965332,0.6095767021179199,0.643048361492788,
570,29.5469269270543,2026-06-30T15:04:47.573+07:00,0.01092684268951416,0.00947282463312149,6.556105613708496,6.054859824083903,6.054859824083903,6.492105613708496,11.177102423716747,5.683694779872894,0.0,0.0006361007690429688,0.38166046142578125,0.5150241930494701,
571,29.598849589005113,2026-06-30T15:04:47.601+07:00,0.011225879192352295,0.025320187211036682,6.735527515411377,6.27069351604852,6.27069351604852,6.671527515411377,9.935015896710938,15.19211232662201,0.0,0.00029903650283813477,0.17942190170288086,0.21583369196460467,
572,29.650852472055703,2026-06-30T15:04:47.681+07:00,0.01143336296081543,0.1114562451839447,6.860017776489258,6.63597442471506,6.63597442471506,6.796017776489258,5.841996694945724,66.87374711036682,0.0,0.00020748376846313477,0.12449026107788086,0.3652809086665343,
573,29.70351035404019,2026-06-30T15:04:47.717+07:00,0.0108412504196167,0.005434436723589897,6.5047502517700195,6.567645964184293,6.567645964184293,6.4407502517700195,3.1324729793414434,3.2606620341539383,0.0,-0.0005921125411987305,-0.3552675247192383,-0.06832846053077901,
574,29.7551984610036,2026-06-30T15:04:47.769+07:00,0.011349976062774658,-0.00023554268409498036,6.809985637664795,6.675242120869985,6.675242120869985,6.745985637664795,2.443369743523931,-0.14132561045698822,0.0,0.000508725643157959,0.3052353858947754,0.10759615668570177,
575,29.807113863062114,2026-06-30T15:04:47.817+07:00,0.01136934757232666,0.02835233509540558,6.821608543395996,6.67079506444106,6.67079506444106,6.757608543395996,1.237381841772267,17.011401057243347,0.0,1.9371509552001953e-05,0.011622905731201172,-0.00444705642891563,
576,29.858750691171736,2026-06-30T15:04:47.868+07:00,0.011355459690093994,0.008109115064144135,6.8132758140563965,6.715385454282849,6.715385454282849,6.749275814056396,1.0161222199092128,4.865469038486481,0.0,-1.3887882232666016e-05,-0.00833272933959961,0.04459038984180097,
577,29.91065789014101,2026-06-30T15:04:47.918+07:00,0.011349976062774658,-0.00023553523351438344,6.809985637664795,6.733398773614422,6.733398773614422,6.745985637664795,0.6255302014453452,-0.14132114010863006,0.0,-5.4836273193359375e-06,-0.0032901763916015625,0.018013319331572575,
578,29.962516866158694,2026-06-30T15:04:47.993+07:00,0.011382222175598145,0.08552803844213486,6.829333305358887,6.749718439164403,6.749718439164403,6.765333305358887,0.344330662201341,51.316823065280914,0.0,3.224611282348633e-05,0.019347667694091797,0.016319665549985984,
579,30.014084732159972,2026-06-30T15:04:48.045+07:00,0.011350691318511963,0.001180015504360199,6.810414791107178,6.747729222071241,6.747729222071241,6.746414791107178,0.12441665500658329,0.7080093026161194,0.0,-3.153085708618164e-05,-0.018918514251708984,-0.0019892170931541386,
580,30.065682894084603,2026-06-30T15:04:48.094+07:00,0.011351168155670166,0.001723848283290863,6.8107008934021,6.747249266740975,6.747249266740975,6.7467008934020996,0.04672173613758182,1.0343089699745178,0.0,4.76837158203125e-07,0.000286102294921875,-0.00047995533026323756,
581,30.117716944077983,2026-06-30T15:04:48.129+07:00,0.011334836483001709,7.720291614532471e-05,6.800901889801025,6.7436276848119885,6.7436276848119885,6.736901889801025,0.0,0.046321749687194824,0.0,-1.633167266845703e-05,-0.009799003601074219,-0.00362158192899642,
582,30.17184762004763,2026-06-30T15:04:48.190+07:00,0.009673774242401123,-0.30081456899642944,5.804264545440674,6.383101738981657,6.383101738981657,5.740264545440674,-3.9455641148370186,-180.48874139785767,0.0,-0.001661062240600586,-0.9966373443603516,-0.36052594583031805,
583,30.224065373186022,2026-06-30T15:04:48.252+07:00,0.009741485118865967,-0.012998752295970917,5.84489107131958,6.09885936800528,6.09885936800528,5.78089107131958,-4.6195968289648714,-7.79925137758255,0.0,6.771087646484375e-05,0.04062652587890625,-0.2842423709763864,
584,30.27599157206714,2026-06-30T15:04:48.301+07:00,0.008427977561950684,-0.02917402610182762,5.05678653717041,5.547084647818733,5.547084647818733,4.99278653717041,-8.79216292718222,-17.504415661096573,0.0,-0.0013135075569152832,-0.7881045341491699,-0.5517747201865575,
585,30.327938326168805,2026-06-30T15:04:48.352+07:00,0.0067179203033447266,-0.01972668431699276,4.030752182006836,4.748208812399931,4.748208812399931,3.966752182006836,-12.741821697455913,-11.836010590195656,0.0,-0.001710057258605957,-1.0260343551635742,-0.7988758354188121,
586,30.37998235714622,2026-06-30T15:04:48.384+07:00,0.005948245525360107,-0.02854817360639572,3.5689473152160645,4.313067288385573,4.313067288385573,3.5049473152160644,-12.999417851326056,-17.128904163837433,0.0,-0.0007696747779846191,-0.4618048667907715,-0.43514152401436945,
587,30.43197950022295,2026-06-30T15:04:48.461+07:00,0.0035203099250793457,-0.03476947546005249,2.1121859550476074,2.9193043526581106,2.9193043526581106,2.0481859550476074,-17.342842717176488,-20.861685276031494,0.0,-0.0024279356002807617,-1.456761360168457,-1.393762935727466,
588,30.48358014319092,2026-06-30T15:04:48.487+07:00,0.0026343464851379395,-0.03834575414657593,1.5806078910827637,2.4283605911067396,2.4283605911067396,1.5166078910827636,-17.744184233227028,-23.007452487945557,0.0,-0.0008859634399414062,-0.5315780639648438,-0.4909437615513639,
589,30.53817220707424,2026-06-30T15:04:48.568+07:00,9.775161743164062e-06,-0.034575775265693665,0.0058650970458984375,0.8870588299869556,0.8870588299869556,359.9418650970459,-19.47491199837707,-20.7454651594162,0.0,-0.0026245713233947754,-1.5747427940368652,-1.5413017611197972,
590,30.590387757169083,2026-06-30T15:04:48.621+07:00,-0.0018541216850280762,-0.03301116079092026,-1.1124730110168457,359.81023371998646,359.81023371998646,358.82352698898313,-20.083762013965984,-19.806696474552155,0.0,-0.0018638968467712402,-1.1183381080627441,-1.0768251100005273,
591,30.642232937039807,2026-06-30T15:04:48.669+07:00,0.0592341423034668,-0.027569951489567757,35.54048538208008,20.497616903594675,20.497616903594675,35.47648538208008,227.39565734384132,-16.541970893740654,0.0,0.06108826398849487,36.652958393096924,20.687383183608233,
592,30.695039726095274,2026-06-30T15:04:48.721+07:00,0.057890355587005615,-0.028136372566223145,34.73421335220337,28.772096896088897,28.772096896088897,34.67021335220337,184.5396811769103,-16.881823539733887,0.0,-0.0013437867164611816,-0.806272029876709,8.274479992494207,
593,30.747278517112136,2026-06-30T15:04:48.771+07:00,0.0564119815826416,-0.023264080286026,33.84718894958496,31.76671852201545,31.76671852201545,33.78318894958496,110.35041077393099,-13.9584481716156,0.0,-0.0014783740043640137,-0.8870244026184082,2.9946216259265555,
594,30.799510585144162,2026-06-30T15:04:48.828+07:00,0.05499112606048584,0.023719340562820435,32.994675636291504,32.5468038385749,32.5468038385749,32.930675636291504,53.55908769299446,14.23160433769226,0.0,-0.0014208555221557617,-0.852513313293457,0.7800853165594503,
595,30.851638987194747,2026-06-30T15:04:48.879+07:00,0.05383116006851196,0.44294849038124084,32.29869604110718,32.453389340511656,32.453389340511656,32.23469604110718,21.207064944647133,265.7690942287445,0.0,-0.001159965991973877,-0.6959795951843262,-0.09341449806325386,
596,30.9036015921738,2026-06-30T15:04:48.930+07:00,0.0472264289855957,-1.2422089576721191,28.335857391357422,30.871350945293095,30.871350945293095,28.271857391357422,-12.152036775255908,-745.3253746032715,0.0,-0.00660473108291626,-3.962838649749756,-1.5820383952185466,
597,30.955614013131708,2026-06-30T15:04:48.979+07:00,0.05167275667190552,0.1377129852771759,31.00365400314331,30.96586063939373,30.96586063939373,30.93965400314331,-4.365056987232901,82.62779116630554,0.0,0.0044463276863098145,2.6677966117858887,0.09450969410062271,
598,31.00796967302449,2026-06-30T15:04:49.029+07:00,0.05043458938598633,0.17106884717941284,30.260753631591797,30.596520311161008,30.596520311161008,30.196753631591797,-6.341254505577005,102.6413083076477,0.0,-0.0012381672859191895,-0.7429003715515137,-0.3693403282327097,
599,31.05972229805775,2026-06-30T15:04:49.080+07:00,0.0489957332611084,-0.022899331524968147,29.39743995666504,29.944489497994226,29.944489497994226,29.33343995666504,-10.195464076772883,-13.739598914980888,0.0,-0.0014388561248779297,-0.8633136749267578,-0.6520308131667889,
600,31.111731404205784,2026-06-30T15:04:49.129+07:00,0.048179805278778076,-0.0037069027312099934,28.907883167266846,29.35737196867572,29.35737196867572,28.843883167266846,-11.089028967035635,-2.224141638725996,0.0,-0.0008159279823303223,-0.48955678939819336,-0.5871175293185047,
601,31.16331784403883,2026-06-30T15:04:49.180+07:00,0.04775136709213257,0.3540102243423462,28.65082025527954,28.932083828566107,28.932083828566107,28.58682025527954,-9.45920386612657,212.40613460540771,0.0,-0.0004284381866455078,-0.2570629119873047,-0.4252881401096147,
602,31.21556252310984,2026-06-30T15:04:49.230+07:00,0.04725289344787598,0.4229947626590729,28.351736068725586,28.58958816106131,28.58958816106131,28.287736068725586,-7.964430229235558,253.79685759544373,0.0,-0.0004984736442565918,-0.2990841865539551,-0.34249566750480653,
603,31.26744283316657,2026-06-30T15:04:49.280+07:00,0.047013700008392334,0.3981168270111084,28.2082200050354,28.359131194753267,28.359131194753267,28.1442200050354,-6.081774036985326,238.87009620666504,0.0,-0.00023919343948364258,-0.14351606369018555,-0.23045696630805423,
604,31.319637642009184,2026-06-30T15:04:49.330+07:00,0.046212852001190186,-0.018042506650090218,27.72771120071411,27.760219187374506,27.760219187374506,27.66371120071411,-7.9514607057793505,-10.82550399005413,0.0,-0.0008008480072021484,-0.48050880432128906,-0.5989120073787717,
605,31.371930802008137,2026-06-30T15:04:49.380+07:00,0.045404911041259766,0.043826907873153687,27.24294662475586,27.479338607566003,27.479338607566003,27.17894662475586,-6.78155300184864,26.296144723892212,0.0,-0.0008079409599304199,-0.48476457595825195,-0.2808805798084961,
606,31.423771927133203,2026-06-30T15:04:49.431+07:00,0.04428380727767944,0.10711202025413513,26.570284366607666,27.009629864970794,27.009629864970794,26.506284366607666,-8.615226215765036,64.26721215248108,0.0,-0.0011211037635803223,-0.6726622581481934,-0.469708742595202,
607,31.47592847701162,2026-06-30T15:04:49.507+07:00,0.042565345764160156,0.018740534782409668,25.539207458496094,26.05215023254319,26.05215023254319,25.475207458496094,-11.5791026443818,11.2443208694458,0.0,-0.0017184615135192871,-1.0310769081115723,-0.9574796324276065,
608,31.52776910108514,2026-06-30T15:04:49.538+07:00,0.042042434215545654,-0.021529855206608772,25.225460529327393,25.74040883641766,25.74040883641766,25.161460529327393,-11.00121695495313,-12.917913123965263,0.0,-0.000522911548614502,-0.31374692916870117,-0.31174139612554086,
609,31.58004650217481,2026-06-30T15:04:49.591+07:00,0.041044414043426514,-0.01069673988968134,24.626648426055908,25.12068666007371,25.12068666007371,24.562648426055908,-11.28169287774653,-6.418043933808804,0.0,-0.0009980201721191406,-0.5988121032714844,-0.6197221763439416,
610,31.63204962713644,2026-06-30T15:04:49.642+07:00,0.040940701961517334,0.2568235397338867,24.5644211769104,24.749799266522437,24.749799266522437,24.5004211769104,-8.72628984684207,154.09412384033203,0.0,-0.00010371208190917969,-0.06222724914550781,-0.3708873935512713,
611,31.683626178186387,2026-06-30T15:04:49.692+07:00,0.04092663526535034,0.006908238399773836,24.555981159210205,24.58830659286528,24.58830659286528,24.491981159210205,-5.424854598153351,4.144943039864302,0.0,-1.4066696166992188e-05,-0.008440017700195312,-0.1614926736571647,
612,31.735551265068352,2026-06-30T15:04:49.743+07:00,0.03574109077453613,-1.0061250925064087,21.44465446472168,23.468903473159152,23.468903473159152,21.38065446472168,-17.965845054876525,-603.6750555038452,0.0,-0.005185544490814209,-3.1113266944885254,-1.119403119706135,
613,31.788388128159568,2026-06-30T15:04:49.792+07:00,0.04145920276641846,0.3288179636001587,24.875521659851074,24.30165705989327,24.30165705989327,24.811521659851074,1.5595682591598266,197.29077816009521,0.0,0.005718111991882324,3.4308671951293945,0.8327535867341282,
614,31.840445401147008,2026-06-30T15:04:49.849+07:00,0.04404807090759277,0.03039190173149109,26.428842544555664,25.36085476425327,25.36085476425327,26.364842544555664,12.061589775544423,18.235141038894653,0.0,0.0025888681411743164,1.5533208847045898,1.0591977043600025,
615,31.892564709996805,2026-06-30T15:04:49.924+07:00,0.04641908407211304,0.10777342319488525,27.851450443267822,26.05430392991206,26.05430392991206,27.787450443267822,11.441088201644996,64.66405391693115,0.0,0.0023710131645202637,1.4226078987121582,0.6934491656587909,
616,31.944719741120934,2026-06-30T15:04:49.973+07:00,0.04795044660568237,-2.863942861557007,28.770267963409424,27.47316976836285,27.47316976836285,28.706267963409424,21.346079248259944,-1718.365716934204,0.0,0.001531362533569336,0.9188175201416016,1.4188658384507846,
617,31.99666527309455,2026-06-30T15:04:50.008+07:00,0.04880082607269287,0.11796557903289795,29.280495643615723,28.08333382470136,28.08333382470136,29.216495643615723,20.013852777957997,70.77934741973877,0.0,0.000850379467010498,0.5102276802062988,0.6101640563385047,
618,32.048714249162,2026-06-30T15:04:50.077+07:00,0.05042475461959839,-1.146211862564087,30.254852771759033,29.180069665490006,29.180069665490006,30.190852771759033,17.758325492932638,-687.7271175384521,0.0,0.0016239285469055176,0.9743571281433105,1.0967358407886536,
619,32.10046068811789,2026-06-30T15:04:50.128+07:00,0.051885128021240234,0.11955219507217407,31.13107681274414,30.182638688592398,30.182638688592398,31.06707681274414,18.824010286636156,71.73131704330444,0.0,0.0014603734016418457,0.8762240409851074,1.0025690231023816,
620,32.1527014230378,2026-06-30T15:04:50.181+07:00,0.05288797616958618,0.5102382898330688,31.73278570175171,30.98487199452038,30.98487199452038,31.66878570175171,16.611731551209203,306.1429738998413,0.0,0.0010028481483459473,0.6017088890075684,0.8022333059279845,
621,32.20527173113078,2026-06-30T15:04:50.207+07:00,0.05379164218902588,0.02737361192703247,32.27498531341553,31.414011656133685,31.414011656133685,32.21098531341553,16.516254925804493,16.424167156219482,0.0,0.0009036660194396973,0.5421996116638184,0.42913966161330563,
622,32.261397385038435,2026-06-30T15:04:50.269+07:00,0.05548316240310669,0.03149384260177612,33.289897441864014,32.32077762581779,32.32077762581779,33.225897441864014,16.682134040553873,18.896305561065674,0.0,0.0016915202140808105,1.0149121284484863,0.906765969684102,
623,32.3137709160801,2026-06-30T15:04:50.345+07:00,0.05805027484893799,0.034563422203063965,34.83016490936279,33.71057880765696,33.71057880765696,34.76616490936279,19.58068804374539,20.73805332183838,0.0,0.002567112445831299,1.5402674674987793,1.3898011818391751,
624,32.36565898405388,2026-06-30T15:04:50.394+07:00,0.05969405174255371,0.0330730676651001,35.81643104553223,34.78357323117541,34.78357323117541,35.75243104553223,20.888694678045976,19.84384059906006,0.0,0.0016437768936157227,0.9862661361694336,1.0729944235184519,
625,32.4183359220624,2026-06-30T15:04:50.449+07:00,-0.0011079907417297363,0.032745663076639175,-0.6647944450378418,13.30656977698457,13.30656977698457,359.27120555496214,-201.88695593692034,19.647397845983505,0.0,-0.06080204248428345,-36.48122549057007,-21.47700345419085,
626,32.470353324199095,2026-06-30T15:04:50.488+07:00,0.0001360774040222168,0.03488396480679512,0.08164644241333008,8.655446609884633,8.655446609884633,0.017646442413330077,-173.5150719867752,20.930378884077072,0.0,0.0012440681457519531,0.7464408874511719,-4.651123167099939,
627,32.52212776406668,2026-06-30T15:04:50.537+07:00,0.0014660358428955078,0.02299284189939499,0.8796215057373047,4.042307718230909,4.042307718230909,0.8156215057373046,-124.01489377541643,13.795705139636993,0.0,0.001329958438873291,0.7979750633239746,-4.613138891653733,
628,32.57431492418982,2026-06-30T15:04:50.585+07:00,0.0025617480278015137,0.02311205118894577,1.5370488166809082,2.4807232651945057,2.4807232651945057,1.4730488166809081,-70.01799391742168,13.867230713367462,0.0,0.0010957121849060059,0.6574273109436035,-1.561584453036403,
629,32.62615179014392,2026-06-30T15:04:50.644+07:00,0.003778398036956787,0.03948836028575897,2.2670388221740723,2.233728009192126,2.233728009192126,2.203038822174072,-31.478511186680343,23.693016171455383,0.0,0.0012166500091552734,0.7299900054931641,-0.24699525600237848,
630,32.678418562049046,2026-06-30T15:04:50.701+07:00,0.004912972450256348,0.019222721457481384,2.9477834701538086,2.5348530473693858,2.5348530473693858,2.8837834701538085,-9.978751211943775,11.53363287448883,0.0,0.0011345744132995605,0.6807446479797363,0.301125038177247,
631,32.73025613022037,2026-06-30T15:04:50.752+07:00,0.005952179431915283,0.01759844273328781,3.57130765914917,3.0328624798696753,3.0328624798696753,3.50730765914917,1.5152769436144675,10.559065639972687,0.0,0.0010392069816589355,0.6235241889953613,0.4980094325002824,
632,32.78224110719748,2026-06-30T15:04:50.801+07:00,0.0060918331146240234,0.09351242333650589,3.655099868774414,3.394354487457082,3.394354487457082,3.591099868774414,4.525886785566103,56.107454001903534,0.0,0.00013965368270874023,0.08379220962524414,0.3614920075874011,
633,32.83392006508075,2026-06-30T15:04:50.853+07:00,0.007955312728881836,0.10765363276004791,4.773187637329102,4.075401984314261,4.075401984314261,4.7091876373291015,9.592623260294197,64.59217965602875,0.0,0.0018634796142578125,1.1180877685546875,0.6810474968571896,
634,32.88692520512268,2026-06-30T15:04:50.901+07:00,0.009073495864868164,0.024013414978981018,5.444097518920898,4.749097978097508,4.749097978097508,5.380097518920898,12.289264085131421,14.40804898738861,0.0,0.0011181831359863281,0.6709098815917969,0.673695993783241,
635,32.93869303399697,2026-06-30T15:04:50.963+07:00,0.010469198226928711,0.023976117372512817,6.281518936157227,5.510877256885491,5.510877256885491,6.2175189361572265,13.115853917137647,14.38567042350769,0.0,0.0013957023620605469,0.8374214172363281,0.7617792787879694,
636,32.990365751087666,2026-06-30T15:04:51.013+07:00,0.011583805084228516,0.022702068090438843,6.950283050537109,6.235358794863697,6.235358794863697,6.886283050537109,14.084076854077228,13.621240854263306,0.0,0.0011146068572998047,0.6687641143798828,0.7244815379781926,
637,33.042097598081455,2026-06-30T15:04:51.064+07:00,0.012652695178985596,0.017576053738594055,7.591617107391357,6.914011255642001,6.914011255642001,7.527617107391357,13.802298908143777,10.545632243156433,0.0,0.00106889009475708,0.641334056854248,0.6786524607782951,
638,33.09389426000416,2026-06-30T15:04:51.115+07:00,0.013416767120361328,0.016652211546897888,8.050060272216797,7.494514081327759,7.494514081327759,7.986060272216797,12.375563909502244,9.991326928138733,0.0,0.0007640719413757324,0.45844316482543945,0.5805028256857554,
639,33.14630955015309,2026-06-30T15:04:51.166+07:00,0.014001548290252686,0.012017875909805298,8.400928974151611,7.942240479867111,7.942240479867111,8.336928974151611,10.317760149894816,7.210725545883179,0.0,0.0005847811698913574,0.35086870193481445,0.4477263985393449,
640,33.19801624910906,2026-06-30T15:04:51.215+07:00,0.014526605606079102,0.010006025433540344,8.715963363647461,8.315005130156269,8.315005130156269,8.65196336364746,8.684620838273757,6.0036152601242065,0.0,0.000525057315826416,0.3150343894958496,0.37276465028915595,
641,33.250113224145025,2026-06-30T15:04:51.266+07:00,0.015081584453582764,0.011130943894386292,9.048950672149658,8.667881922453946,8.667881922453946,8.984950672149658,7.723654535180964,6.678566336631775,0.0,0.0005549788475036621,0.33298730850219727,0.3528767922976783,
642,33.303548253141344,2026-06-30T15:04:51.317+07:00,0.01536029577255249,0.005684688687324524,9.216177463531494,8.934650711449436,8.934650711449436,9.152177463531494,6.264764085310748,3.4108132123947144,0.0,0.00027871131896972656,0.16722679138183594,0.26676878899547773,
643,33.35656056110747,2026-06-30T15:04:51.369+07:00,0.015376925468444824,-0.00022368135978467762,9.226155281066895,9.071681008007737,9.071681008007737,9.162155281066894,4.077495999472985,-0.13420881587080657,0.0,1.6629695892333984e-05,0.00997781753540039,0.13703029655829368,
644,33.40837038913742,2026-06-30T15:04:51.419+07:00,0.015376925468444824,-0.00022368135978467762,9.226155281066895,9.1239299006994,9.1239299006994,9.162155281066894,2.3014286375435304,-0.13420881587080657,0.0,0.0,0.0,0.052248892691665105,
645,33.461483826162294,2026-06-30T15:04:51.472+07:00,0.015255391597747803,-7.584702416352229e-06,9.153234958648682,9.119002186825101,9.119002186825101,9.089234958648682,0.827104876870512,-0.0045508214498113375,0.0,-0.00012153387069702148,-0.07292032241821289,-0.004927713874309347,
646,33.51515896501951,2026-06-30T15:04:51.530+07:00,0.014849185943603516,0.00884363055229187,8.90951156616211,8.991123999065978,8.991123999065978,8.84551156616211,-1.1600698389533,5.306178331375122,0.0,-0.0004062056541442871,-0.24372339248657227,-0.12787818775910864,
647,33.56719092302956,2026-06-30T15:04:51.582+07:00,0.013955950736999512,-0.022776775062084198,8.373570442199707,8.675884963543748,8.675884963543748,8.309570442199707,-4.414482573800063,-13.666065037250519,0.0,-0.0008932352066040039,-0.5359411239624023,-0.3152390355222394,
648,33.62009193422273,2026-06-30T15:04:51.634+07:00,0.012675762176513672,0.009640663862228394,7.605457305908203,8.112551863014824,8.112551863014824,7.541457305908203,-8.694909951184032,5.784398317337036,0.0,-0.0012801885604858398,-0.7681131362915039,-0.5633331005289222,
649,33.67182872607373,2026-06-30T15:04:51.692+07:00,0.010923326015472412,-0.03694051131606102,6.553995609283447,7.313675484006011,7.313675484006011,6.489995609283447,-11.926789143075073,-22.164306789636612,0.0,-0.0017524361610412598,-1.0514616966247559,-0.7988763790088171,
650,33.724508330225945,2026-06-30T15:04:51.757+07:00,0.00876396894454956,-0.037573810666799545,5.258381366729736,6.074129401840181,6.074129401840181,5.194381366729736,-15.875441606581937,-22.544286400079727,0.0,-0.0021593570709228516,-1.295614242553711,-1.2395460821658162,
651,33.7773185451515,2026-06-30T15:04:51.807+07:00,0.005854666233062744,0.07331307232379913,3.5127997398376465,4.706598047225976,4.706598047225976,3.4487997398376464,-22.433482272414217,43.98784339427948,0.0,-0.0029093027114868164,-1.7455816268920898,-1.367531354614215,
652,33.82945789117366,2026-06-30T15:04:51.856+07:00,0.004492640495300293,0.01763482578098774,2.695584297180176,3.605649661628239,3.605649661628239,2.6315842971801757,-22.158388394247837,10.580895468592644,0.0,-0.0013620257377624512,-0.8172154426574707,-1.1009483855977464,
653,33.88179995911196,2026-06-30T15:04:51.906+07:00,0.003107130527496338,-0.028335293754935265,1.8642783164978027,2.655993762366684,2.655993762366684,1.8002783164978027,-20.349540996461133,-17.00117625296116,0.0,-0.001385509967803955,-0.831305980682373,-0.9496558992615576,
654,33.93429939704947,2026-06-30T15:04:51.956+07:00,0.00176316499710083,-0.02443864941596985,1.057898998260498,1.7784056120230956,1.7784056120230956,0.993898998260498,-18.747551147819575,-14.66318964958191,0.0,-0.0013439655303955078,-0.8063793182373047,-0.8775881503435983,
655,33.98619822622277,2026-06-30T15:04:52.006+07:00,0.00041162967681884766,-0.027627527713775635,0.2469778060913086,0.9471200866425803,0.9471200866425803,0.1829778060913086,-17.64983271077315,-16.57651662826538,0.0,-0.0013515353202819824,-0.8109211921691895,-0.8312855253805083,
656,34.03814157214947,2026-06-30T15:04:52.059+07:00,-0.0011608004570007324,-0.02798515558242798,-0.6964802742004395,0.05880855121408646,0.05880855121408646,359.23951972579954,-17.373224333833885,-16.791093349456787,0.0,-0.00157243013381958,-0.943458080291748,-0.8883115354284996,
657,34.09023093711585,2026-06-30T15:04:52.112+07:00,0.059983134269714355,0.42097538709640503,35.98988056182861,12.325147037978695,12.325147037978695,35.92588056182861,158.9499193817232,252.58523225784302,0.0,0.06114393472671509,36.68636083602905,12.266338486764596,
658,34.1420633951202,2026-06-30T15:04:52.141+07:00,0.05912613868713379,-0.03090978041291237,35.47568321228027,20.40543469898425,20.40543469898425,35.41168321228027,199.13985032947386,-18.54586824774742,0.0,-0.0008569955825805664,-0.5141973495483398,8.08028766100557,
659,34.19519514613785,2026-06-30T15:04:52.185+07:00,0.05801963806152344,-0.030455294996500015,34.81178283691406,25.425256547259682,25.425256547259682,34.74778283691406,169.93817085162686,-18.27317699790001,0.0,-0.0011065006256103516,-0.6639003753662109,5.019821848275427,
660,34.252943500177935,2026-06-30T15:04:52.185+07:00,0.05801963806152344,-0.030455294996500015,34.81178283691406,25.425256547259682,25.425256547259682,34.74778283691406,169.93817085162686,-18.27317699790001,0.0,0.0,0.0,0.0,
661,34.318155859131366,2026-06-30T15:04:52.317+07:00,0.055679500102996826,0.1779002547264099,33.407700061798096,28.196711777348124,28.196711777348124,33.343700061798096,117.79033792488968,106.74015283584595,0.0,-0.0023401379585266113,-1.4040827751159668,2.771455230088435,
662,34.371627351036295,2026-06-30T15:04:52.401+07:00,0.05213737487792969,-0.0032845439855009317,31.282424926757812,30.069307862369858,30.069307862369858,31.218424926757812,62.06755373086327,-1.970726391300559,0.0,-0.0035421252250671387,-2.125275135040283,1.8725960850217405,
663,34.42518825014122,2026-06-30T15:04:52.451+07:00,0.05073589086532593,-0.0016900899354368448,30.441534519195557,30.334494497157586,30.334494497157586,30.377534519195557,28.61268233494723,-1.014053961262107,0.0,-0.0014014840126037598,-0.8408904075622559,0.26518663478773874,
664,34.47699131909758,2026-06-30T15:04:52.501+07:00,0.04939532279968262,0.14943721890449524,29.63719367980957,29.996324027368804,29.996324027368804,29.57319367980957,7.724002985427212,89.66233134269714,0.0,-0.0013405680656433105,-0.8043408393859863,-0.3381704697887926,
665,34.52910714619793,2026-06-30T15:04:52.552+07:00,0.04771018028259277,0.06276458501815796,28.626108169555664,29.26419974736563,29.26419974736563,28.562108169555664,-5.322159922687743,37.658751010894775,0.0,-0.0016851425170898438,-1.0110855102539062,-0.7321242800031769,
666,34.58141654799692,2026-06-30T15:04:52.603+07:00,0.04612356424331665,-0.0016762027516961098,27.67413854598999,28.410077762202327,28.410077762202327,27.61013854598999,-11.989195580160908,-1.0057216510176659,0.0,-0.001586616039276123,-0.9519696235656738,-0.8541219851633173,
667,34.63403880014084,2026-06-30T15:04:52.653+07:00,0.044781506061553955,0.12736019492149353,26.868903636932373,27.562074323045877,27.562074323045877,26.804903636932373,-14.883949339880969,76.41611695289612,0.0,-0.0013420581817626953,-0.8052349090576172,-0.8480034391564573,
668,34.68725490407087,2026-06-30T15:04:52.714+07:00,0.043859124183654785,0.4139097332954407,26.31547451019287,26.830652445512303,26.830652445512303,26.25147451019287,-13.24700656587698,248.3458399772644,0.0,-0.0009223818778991699,-0.553429126739502,-0.7314218775335632,
669,34.74186206003651,2026-06-30T15:04:52.773+07:00,0.04302865266799927,0.6016411781311035,25.81719160079956,26.243875643914304,26.243875643914304,25.75319160079956,-11.362066927225124,360.9847068786621,0.0,-0.0008304715156555176,-0.49828290939331055,-0.5867768015980062,
670,34.79383962904103,2026-06-30T15:04:52.823+07:00,0.04122769832611084,0.22766710817813873,24.736618995666504,25.51563039849193,25.51563039849193,24.672618995666504,-13.826543101768987,136.60026490688324,0.0,-0.0018009543418884277,-1.0805726051330566,-0.7282452454223858,
671,34.84739987901412,2026-06-30T15:04:52.864+07:00,0.041045427322387695,0.3622618317604065,24.627256393432617,25.18229949672117,25.18229949672117,24.563256393432617,-11.882677544536932,217.3570990562439,0.0,-0.00018227100372314453,-0.10936260223388672,-0.33333090177075064,
672,34.90087342704646,2026-06-30T15:04:52.864+07:00,0.041045427322387695,0.3622618317604065,24.627256393432617,25.18229949672117,25.18229949672117,24.563256393432617,-11.882677544536932,217.3570990562439,0.0,0.0,0.0,0.0,
673,34.955605175113305,2026-06-30T15:04:52.976+07:00,0.04092562198638916,-0.00014963769353926182,24.555373191833496,24.820869896749233,24.820869896749233,24.491373191833496,-7.370782849545513,-0.08978261612355709,0.0,-0.00011980533599853516,-0.0718832015991211,-0.3614295999719275,
674,35.008395409211516,2026-06-30T15:04:53.015+07:00,0.040925681591033936,-6.0290101828286424e-05,24.55540895462036,24.705558567004132,24.705558567004132,24.49140895462036,-5.822944510611178,-0.036174061096971855,0.0,5.960464477539063e-08,3.5762786865234375e-05,-0.11531132974511138,
675,35.06529495003633,2026-06-30T15:04:53.092+07:00,0.0416603684425354,0.10108816623687744,24.99622106552124,24.754477481194456,24.754477481194456,24.93222106552124,-1.8163334784526843,60.652899742126465,0.0,0.0007346868515014648,0.4408121109008789,0.0489189141903239,
676,35.11841999809258,2026-06-30T15:04:53.127+07:00,0.042212069034576416,0.01644188165664673,25.32724142074585,24.932544860037442,24.932544860037442,25.26324142074585,0.5922317314777037,9.865128993988037,0.0,0.0005517005920410156,0.3310203552246094,0.1780673788429965,
677,35.17139839800075,2026-06-30T15:04:53.197+07:00,0.043545305728912354,0.26932933926582336,26.127183437347412,25.484447232040903,25.484447232040903,26.063183437347412,5.5036033237033575,161.59760355949402,0.0,0.0013332366943359375,0.7999420166015625,0.5519023720034681,
678,35.223714577034116,2026-06-30T15:04:53.248+07:00,0.044529616832733154,0.024562478065490723,26.717770099639893,26.011687913199864,26.011687913199864,26.653770099639893,8.910654252677162,14.737486839294434,0.0,0.0009843111038208008,0.5905866622924805,0.5272406811589576,
679,35.2767154769972,2026-06-30T15:04:53.298+07:00,0.04592466354370117,-1.3423138856887817,27.554798126220703,26.771024176709364,26.771024176709364,27.490798126220703,12.774017287613002,-805.388331413269,0.0,0.0013950467109680176,0.8370280265808105,0.7593362635095104,
680,35.32845369516872,2026-06-30T15:04:53.356+07:00,0.04408609867095947,-0.36219021677970886,26.451659202575684,26.882939809510248,26.882939809510248,26.387659202575684,5.484401436070077,-217.31413006782532,0.0,-0.0018385648727416992,-1.1031389236450195,0.1119156328008728,
681,35.38104326208122,2026-06-30T15:04:53.390+07:00,0.047615885734558105,0.4640941917896271,28.569531440734863,27.450846880438867,27.450846880438867,28.505531440734863,9.346846396607885,278.45651507377625,0.0,0.003529787063598633,2.1178722381591797,0.5679070709286123,
682,35.43273316510022,2026-06-30T15:04:53.463+07:00,0.050553321838378906,0.02994060516357422,30.331993103027344,28.83645501825323,28.83645501825323,30.267993103027344,16.527170346514776,17.96436309814453,0.0,0.0029374361038208008,1.7624616622924805,1.3856081378143585,
683,35.4842448271811,2026-06-30T15:04:53.491+07:00,0.051249027252197266,0.026088684797286987,30.74941635131836,29.48359148482602,29.48359148482602,30.68541635131836,18.9630436564114,15.653210878372192,0.0,0.0006957054138183594,0.4174232482910156,0.647136466572789,
684,35.536020840052515,2026-06-30T15:04:53.565+07:00,0.05322760343551636,0.0260809063911438,31.936562061309814,31.01388139575458,31.01388139575458,31.872562061309814,19.92777936933093,15.64854383468628,0.0,0.001978576183319092,1.187145709991455,1.530289910928559,
685,35.58781835413538,2026-06-30T15:04:53.615+07:00,0.05454796552658081,0.04388773441314697,32.728779315948486,31.88021124470585,31.88021124470585,32.664779315948486,18.54684233300835,26.332640647888184,0.0,0.0013203620910644531,0.7922172546386719,0.866329848951267,
686,35.64289471320808,2026-06-30T15:04:53.668+07:00,0.05586761236190796,0.02522408962249756,33.520567417144775,32.732262250594495,32.732262250594495,33.456567417144775,17.39236592014655,15.134453773498535,0.0,0.0013196468353271484,0.7917881011962891,0.8520510058886543,
687,35.69455459713936,2026-06-30T15:04:53.718+07:00,0.05724680423736572,0.050071656703948975,34.348082542419434,33.53786000246957,33.53786000246957,34.28408254241943,16.800712822563764,30.042994022369385,0.0,0.0013791918754577637,0.8275151252746582,0.8055977518750694,
688,35.74657949921675,2026-06-30T15:04:53.767+07:00,0.05863809585571289,0.02801811695098877,35.182857513427734,33.85765528110855,33.85765528110855,35.118857513427734,14.804596002107239,16.81087017059326,0.0,0.001391291618347168,0.8347749710083008,0.31979527863899193,
689,35.79836440109648,2026-06-30T15:04:53.817+07:00,0.060087621212005615,0.030520915985107422,36.05257272720337,35.01001586713644,35.01001586713644,35.98857272720337,19.563723642512443,18.312549591064453,0.0,0.0014495253562927246,0.8697152137756348,1.1523605860278963,
690,35.85021156305447,2026-06-30T15:04:53.869+07:00,-0.0009490251541137695,0.03011006861925125,-0.5694150924682617,14.325844997551041,14.325844997551041,359.3665849075317,-212.51122295709078,18.06604117155075,0.0,-0.061036646366119385,-36.62198781967163,-20.684170869585387,
691,35.902429001173005,2026-06-30T15:04:53.921+07:00,0.00044864416122436523,0.025766368955373764,0.26918649673461914,6.08788426918434,6.08788426918434,0.20518649673461914,-179.05537586288818,15.459821373224258,0.0,0.0013976693153381348,0.8386015892028809,-8.237960728366716,
692,35.95458523603156,2026-06-30T15:04:53.970+07:00,0.0018336772918701172,0.031235095113515854,1.1002063751220703,3.0718583288337644,3.0718583288337644,1.0362063751220703,-108.8764412676546,18.741057068109512,0.0,0.001385033130645752,0.8310198783874512,-3.0160259403505734,
693,36.00641199015081,2026-06-30T15:04:54.021+07:00,0.003372490406036377,0.031980134546756744,2.023494243621826,2.2873478275050307,2.2873478275050307,1.9594942436218261,-53.73919623480927,19.188080728054047,0.0,0.0015388131141662598,0.9232878684997559,-0.7845105013287252,
694,36.05830781813711,2026-06-30T15:04:54.071+07:00,0.004762411117553711,0.02524475008249283,2.8574466705322266,2.4876583169174014,2.4876583169174014,2.7934466705322265,-19.9089553958143,15.146850049495697,0.0,0.001389920711517334,0.8339524269104004,0.20031048941237373,
695,36.10991738806479,2026-06-30T15:04:54.122+07:00,0.00600886344909668,0.14517666399478912,3.605318069458008,3.0136067589594733,3.0136067589594733,3.5413180694580078,-2.1636851126315895,87.10599839687347,0.0,0.0012464523315429688,0.7478713989257812,0.525948442042079,
696,36.16243899217807,2026-06-30T15:04:54.175+07:00,0.007092833518981934,-0.3924572467803955,4.25570011138916,3.613343844998296,3.613343844998296,4.19170011138916,5.931654049420654,-235.4743480682373,0.0,0.001083970069885254,0.6503820419311523,0.5997370860388287,
697,36.214226802112535,2026-06-30T15:04:54.226+07:00,0.00807344913482666,0.02121390402317047,4.844069480895996,4.214009362064801,4.214009362064801,4.780069480895996,9.433326456131415,12.728342413902283,0.0,0.0009806156158447266,0.5883693695068359,0.6006655170665169,
698,36.266242722049356,2026-06-30T15:04:54.274+07:00,0.009134888648986816,0.023009493947029114,5.48093318939209,4.83862221140232,4.83862221140232,5.41693318939209,11.793242752401136,13.805696368217468,0.0,0.0010614395141601562,0.6368637084960938,0.6246128493375238,
699,36.31788051407784,2026-06-30T15:04:54.325+07:00,0.010345935821533203,0.08128787577152252,6.207561492919922,5.5112466999588845,5.5112466999588845,6.143561492919922,12.829174316733617,48.77272546291351,0.0,0.0012110471725463867,0.726628303527832,0.6726244885565507,
700,36.36951302806847,2026-06-30T15:04:54.376+07:00,0.011320531368255615,0.03044511377811432,6.792318820953369,6.149359291166971,6.149359291166971,6.728318820953369,12.790910810784059,18.26706826686859,0.0,0.0009745955467224121,0.5847573280334473,0.6381125912080847,
701,36.42141341115348,2026-06-30T15:04:54.451+07:00,0.012417376041412354,-0.8890460133552551,7.450425624847412,6.944307956136707,6.944307956136707,7.386425624847412,11.13852282621213,-533.4276080131531,0.0,0.0010968446731567383,0.658106803894043,0.7949486649697235,
702,36.47294720308855,2026-06-30T15:04:54.501+07:00,0.012831151485443115,0.00271393358707428,7.698690891265869,7.328635865108884,7.328635865108884,7.634690891265869,9.030066095473726,1.6283601522445679,0.0,0.0004137754440307617,0.24826526641845703,0.38432790897218183,
703,36.52461858722381,2026-06-30T15:04:54.552+07:00,0.01289457082748413,0.005805909633636475,7.7367424964904785,7.526722834078836,7.526722834078836,7.6727424964904785,5.95612422762474,3.4835457801818848,0.0,6.341934204101562e-05,0.038051605224609375,0.19808696896996025,
704,36.57614586013369,2026-06-30T15:04:54.601+07:00,0.012890636920928955,-0.00023651125957258046,7.734382152557373,7.609686090500192,7.609686090500192,7.670382152557373,3.4498554578551275,-0.14190675574354827,0.0,-3.933906555175781e-06,-0.0023603439331054688,0.08296325642135116,
705,36.62769243004732,2026-06-30T15:04:54.651+07:00,0.012625932693481445,0.01780133694410324,7.575559616088867,7.575367736958178,7.575367736958178,7.511559616088867,0.9527923158890945,10.680802166461945,0.0,-0.00026470422744750977,-0.15882253646850586,-0.0343183535420053,
706,36.67942405422218,2026-06-30T15:04:54.702+07:00,0.012160122394561768,-0.009207048453390598,7.2960734367370605,7.412507026531988,7.412507026531988,7.2320734367370605,-1.5600659473638117,-5.524229072034359,0.0,-0.00046581029891967773,-0.27948617935180664,-0.16286071042620165,
707,36.73194697406143,2026-06-30T15:04:54.753+07:00,0.01160585880279541,-0.012336308136582375,6.963515281677246,7.156779879291352,7.156779879291352,6.899515281677246,-3.7087397866241245,-7.401784881949425,0.0,-0.0005542635917663574,-0.33255815505981445,-0.25572714724063417,
708,36.78364895004779,2026-06-30T15:04:54.802+07:00,0.009661853313446045,-0.2543014883995056,5.797111988067627,6.551998364872028,6.551998364872028,5.733111988067627,-9.677884103091685,-152.58089303970337,0.0,-0.0019440054893493652,-1.1664032936096191,-0.6047815144193294,
709,36.83523337217048,2026-06-30T15:04:54.853+07:00,0.010113716125488281,-0.016911135986447334,6.068229675292969,6.294021718607051,6.294021718607051,6.004229675292969,-7.228037372762721,-10.1466815918684,0.0,0.00045186281204223633,0.2711176872253418,-0.2579766462649786,
710,36.88692249613814,2026-06-30T15:04:54.903+07:00,0.009241998195648193,0.022137299180030823,5.545198917388916,5.885352044801972,5.885352044801972,5.481198917388916,-7.856911854716496,13.282379508018494,0.0,-0.0008717179298400879,-0.5230307579040527,-0.4086696738050932,
711,36.93877182411961,2026-06-30T15:04:54.956+07:00,0.008060812950134277,0.06574542820453644,4.836487770080566,5.327312087975541,5.327312087975541,4.772487770080566,-9.495036605798495,39.44725692272186,0.0,-0.001181185245513916,-0.7087111473083496,-0.558039956826434,
712,36.99034232017584,2026-06-30T15:04:55.006+07:00,0.006971180438995361,0.08407384157180786,4.182708263397217,4.711818356059591,4.711818356059591,4.118708263397217,-11.083043828720665,50.44430494308472,0.0,-0.001089632511138916,-0.6537795066833496,-0.6154937319159615,
713,37.042086055036634,2026-06-30T15:04:55.053+07:00,0.005969226360321045,-0.011763119138777256,3.581535816192627,4.091268342353055,4.091268342353055,3.517535816192627,-12.352028883580001,-7.057871483266354,0.0,-0.0010019540786743164,-0.6011724472045898,-0.6205500137065485,
714,37.09373190300539,2026-06-30T15:04:55.102+07:00,0.004963576793670654,-0.010071900673210621,2.9781460762023926,3.478114352208025,3.478114352208025,2.9141460762023925,-12.598703493926529,-6.0431404039263725,0.0,-0.0010056495666503906,-0.6033897399902344,-0.6131539901450367,
715,37.145543546183035,2026-06-30T15:04:55.154+07:00,0.00395512580871582,-0.003150374162942171,2.373075485229492,2.872777170247479,2.872777170247479,2.309075485229492,-12.100854006290565,-1.8902244977653027,0.0,-0.001008450984954834,-0.6050705909729004,-0.6053371819605502,
716,37.19736813311465,2026-06-30T15:04:55.228+07:00,0.002223193645477295,-0.02383318543434143,1.333916187286377,1.8985137195680757,1.8985137195680757,1.269916187286377,-13.10301042596255,-14.299911260604858,0.0,-0.0017319321632385254,-1.0391592979431152,-0.9742634506794161,
717,37.24894329509698,2026-06-30T15:04:55.278+07:00,0.0010112524032592773,-0.025010421872138977,0.6067514419555664,1.1963518219844254,1.1963518219844254,0.5427514419555663,-13.789012871368694,-15.006253123283386,0.0,-0.0012119412422180176,-0.7271647453308105,-0.7021618975836645,
718,37.30053340108134,2026-06-30T15:04:55.329+07:00,-0.0002703070640563965,-0.02534569799900055,-0.1621842384338379,0.4626331901146493,0.4626331901146493,359.77381576156614,-14.147570425316163,-15.20741879940033,0.0,-0.0012815594673156738,-0.7689356803894043,-0.7337186318697775,
719,37.35218554502353,2026-06-30T15:04:55.379+07:00,-0.001599431037902832,-0.025472357869148254,-0.9596586227416992,359.68877610933504,359.68877610933504,358.9763413772583,-15.03915570627325,-15.283414721488953,0.0,-0.0013291239738464355,-0.7974743843078613,-0.773857080779635,
720,37.40395089122467,2026-06-30T15:04:55.429+07:00,0.05972975492477417,0.1432971954345703,35.8378529548645,20.597853472028106,20.597853472028106,35.7738529548645,224.84507423210627,85.97831726074219,0.0,0.061329185962677,36.7975115776062,20.909077362693097,
721,37.45582423801534,2026-06-30T15:04:55.480+07:00,0.05827951431274414,-0.027313711121678352,34.967708587646484,28.976773867612412,28.976773867612412,34.903708587646484,185.92358375904908,-16.38822667300701,0.0,-0.0014502406120300293,-0.8701443672180176,8.378920395584316,
722,37.50748865911737,2026-06-30T15:04:55.530+07:00,0.05688643455505371,-0.023417236283421516,34.13186073303223,32.00910661395058,32.00910661395058,34.06786073303223,111.46057290759677,-14.05034177005291,0.0,-0.0013930797576904297,-0.8358478546142578,3.03233274633817,
723,37.55915478407405,2026-06-30T15:04:55.580+07:00,0.05554395914077759,0.11875474452972412,33.32637548446655,32.812325894833194,32.812325894833194,33.26237548446655,55.52387545748027,71.25284671783447,0.0,-0.001342475414276123,-0.8054852485656738,0.8032192808826153,
724,37.610718372045085,2026-06-30T15:04:55.629+07:00,0.054095566272735596,0.056452810764312744,32.45733976364136,32.657099662670134,32.657099662670134,32.39333976364136,21.26918937694402,33.87168645858765,0.0,-0.0014483928680419922,-0.8690357208251953,-0.1552262321630451,
725,37.66222362709232,2026-06-30T15:04:55.679+07:00,0.05272269248962402,-0.017248185351490974,31.633615493774414,32.12053471345996,32.12053471345996,31.569615493774414,2.535524484915447,-10.348911210894585,0.0,-0.0013728737831115723,-0.8237242698669434,-0.5365649492101738,
726,37.71391271403991,2026-06-30T15:04:55.729+07:00,0.05152815580368042,-0.02041483111679554,30.916893482208252,31.478106589120557,31.478106589120557,30.852893482208252,-6.539619444788178,-12.248898670077324,0.0,-0.0011945366859436035,-0.7167220115661621,-0.6424281243394034,
727,37.76553563517518,2026-06-30T15:04:55.779+07:00,0.05044525861740112,0.3990826904773712,30.267155170440674,30.81272768124612,30.81272768124612,30.203155170440674,-10.554088918007546,239.44961428642273,0.0,-0.0010828971862792969,-0.6497383117675781,-0.665378907874441,
728,37.81703363102861,2026-06-30T15:04:55.830+07:00,0.049404025077819824,-0.01808282919228077,29.642415046691895,30.162372467899953,30.162372467899953,29.578415046691894,-12.018491708368558,-10.849697515368462,0.0,-0.0010412335395812988,-0.6247401237487793,-0.6503552133461596,
729,37.8686152191367,2026-06-30T15:04:55.880+07:00,0.043488144874572754,-4.305727958679199,26.092886924743652,28.521228709068808,28.521228709068808,26.028886924743652,-27.92028437431369,-2583.4367752075195,0.0,-0.00591588020324707,-3.549528121948242,-1.6411437588311344,
730,37.920364862075076,2026-06-30T15:04:55.930+07:00,0.04775714874267578,0.109039306640625,28.65428924560547,28.63565351253521,28.63565351253521,28.59028924560547,-11.019168246361323,65.423583984375,0.0,0.004269003868103027,2.5614023208618164,0.11442480346639172,
731,37.971922820201144,2026-06-30T15:04:55.981+07:00,0.04075545072555542,-1.6148765087127686,24.453270435333252,27.07648414703288,27.07648414703288,24.389270435333252,-25.901967625273503,-968.9259052276611,0.0,-0.007001698017120361,-4.201018810272217,-1.5591693655023278,
732,38.02361909300089,2026-06-30T15:04:56.031+07:00,0.04131507873535156,-1.089558720588684,24.789047241210938,26.430359085650675,26.430359085650675,24.725047241210937,-21.546859944565156,-653.7352323532104,0.0,0.0005596280097961426,0.33577680587768555,-0.6461250613822074,
733,38.07520325505175,2026-06-30T15:04:56.105+07:00,0.04515063762664795,-0.012525022961199284,27.09038257598877,26.966386869608375,26.966386869608375,27.02638257598877,-1.9349720991777761,-7.51501377671957,0.0,0.0038355588912963867,2.301335334777832,0.5360277839577066,
734,38.12696102820337,2026-06-30T15:04:56.157+07:00,0.044451355934143066,-0.012085259892046452,26.67081356048584,26.43102196962717,26.43102196962717,26.60681356048584,-5.314531548063954,-7.251155935227871,0.0,-0.0006992816925048828,-0.4195690155029297,-0.5353648999812037,
735,38.17853359715082,2026-06-30T15:04:56.206+07:00,0.04394489526748657,0.06417134404182434,26.366937160491943,26.38715631819538,26.38715631819538,26.302937160491943,-2.8588932176859037,38.502806425094604,0.0,-0.0005064606666564941,-0.3038763999938965,-0.043865651431787,
736,38.230372314108536,2026-06-30T15:04:56.256+07:00,0.0435788631439209,-0.002302797045558691,26.14731788635254,26.227310809108868,26.227310809108868,26.08331788635254,-3.0603597342921165,-1.3816782273352146,0.0,-0.00036603212356567383,-0.2196192741394043,-0.15984550908652295,
737,38.28293447406031,2026-06-30T15:04:56.307+07:00,0.04215085506439209,0.5206082463264465,25.290513038635254,25.444875289874773,25.444875289874773,25.226513038635254,-8.281951463547061,312.3649477958679,0.0,-0.0014280080795288086,-0.8568048477172852,-0.7824355192340988,
738,38.33445859909989,2026-06-30T15:04:56.356+07:00,0.04336649179458618,-0.00015759561210870743,26.01989507675171,25.74190118478899,25.74190118478899,25.95589507675171,-0.16449421476689885,-0.09455736726522446,0.0,0.0012156367301940918,0.7293820381164551,0.2970258949142135,
739,38.386325353058055,2026-06-30T15:04:56.408+07:00,0.04336661100387573,0.00011008977890014648,26.01996660232544,25.86519038602181,25.86519038602181,25.95596660232544,1.249269000148831,0.06605386734008789,0.0,1.1920928955078125e-07,7.152557373046875e-05,0.12328920123280795,
740,38.43792944122106,2026-06-30T15:04:56.457+07:00,0.04383605718612671,-2.260284900665283,26.301634311676025,26.036146904606888,26.036146904606888,26.237634311676025,2.7710065590063735,-1356.17094039917,0.0,0.00046944618225097656,0.28166770935058594,0.17095651858508631,
741,38.48959925118834,2026-06-30T15:04:56.507+07:00,0.04448354244232178,0.375216543674469,26.690125465393066,26.310339309380094,26.310339309380094,26.626125465393066,4.555808432695163,225.1299262046814,0.0,0.0006474852561950684,0.388491153717041,0.2741924047732027,
742,38.54176339413971,2026-06-30T15:04:56.560+07:00,0.045465707778930664,0.4529178738594055,27.2794246673584,26.574316494104053,26.574316494104053,27.2154246673584,6.308112954043339,271.7507243156433,0.0,0.0009821653366088867,0.589299201965332,0.2639771847239558,
743,38.5933350562118,2026-06-30T15:04:56.608+07:00,0.046858787536621094,0.029091715812683105,28.115272521972656,27.333401311837576,27.333401311837576,28.051272521972656,11.953462466496816,17.455029487609863,0.0,0.0013930797576904297,0.8358478546142578,0.7590848177335374,
744,38.64524058718234,2026-06-30T15:04:56.658+07:00,0.048656582832336426,0.41761672496795654,29.193949699401855,28.228413505972565,28.228413505972565,29.129949699401855,15.709355655288533,250.57003498077393,0.0,0.001797795295715332,1.0786771774291992,0.8950121941349778,
745,38.696800471050665,2026-06-30T15:04:56.708+07:00,0.0499722957611084,0.026267826557159424,29.98337745666504,29.08724931948218,29.08724931948218,29.91937745666504,16.845659540789423,15.760695934295654,0.0,0.0013157129287719727,0.7894277572631836,0.8588358135096144,
746,38.74844667012803,2026-06-30T15:04:56.758+07:00,0.05121523141860962,0.02888306975364685,30.72913885116577,29.917339856829365,29.917339856829365,30.66513885116577,16.849143020470386,17.32984185218811,0.0,0.0012429356575012207,0.7457613945007324,0.8300905373471892,
747,38.8003649241291,2026-06-30T15:04:56.809+07:00,0.05241084098815918,0.024241328239440918,31.446504592895508,30.690134281324823,30.690134281324823,31.382504592895508,15.877230459688667,14.54479694366455,0.0,0.0011956095695495605,0.7173657417297363,0.7727944244954585,
748,38.85247993702069,2026-06-30T15:04:56.858+07:00,0.05349743366241455,0.023742079734802246,32.09846019744873,31.392062194780074,31.392062194780074,32.03446019744873,14.913693932282584,14.245247840881348,0.0,0.001086592674255371,0.6519556045532227,0.7019279134552505,
749,38.90430283918977,2026-06-30T15:04:56.914+07:00,0.05480921268463135,0.4557863473892212,32.88552761077881,32.120133193159525,32.120133193159525,32.82152761077881,13.951173178539227,273.4718084335327,0.0,0.0013117790222167969,0.7870674133300781,0.7280709983794509,
750,38.956188371172175,2026-06-30T15:04:56.985+07:00,0.05654299259185791,0.027779817581176758,33.925795555114746,33.19737161490792,33.19737161490792,33.861795555114746,15.017045920043874,16.667890548706055,0.0,0.0017337799072265625,1.0402679443359375,1.0772384217484046,
751,39.00758464401588,2026-06-30T15:04:57.018+07:00,0.057215094566345215,-1.91162109375,34.32905673980713,33.57106140862265,33.57106140862265,34.26505673980713,13.824085004658558,-1146.97265625,0.0,0.0006721019744873047,0.4032611846923828,0.3736897937147319,
752,39.05906278803013,2026-06-30T15:04:57.090+07:00,0.059483885765075684,0.02756410837173462,35.69033145904541,34.85609380508454,34.85609380508454,35.62633145904541,16.72843205435474,16.53846502304077,0.0,0.0022687911987304688,1.3612747192382812,1.2850323964619008,
753,39.11052987608127,2026-06-30T15:04:57.141+07:00,-0.0016044378280639648,0.027134599164128304,-0.9626626968383789,22.576719003957493,22.576719003957493,358.9733373031616,-156.70769880781623,16.280759498476982,0.0,-0.06108832359313965,-36.65299415588379,-12.279374801127062,
754,39.16217235312797,2026-06-30T15:04:57.191+07:00,-0.00022721290588378906,0.029272910207509995,-0.13632774353027344,9.329410116147109,9.329410116147109,359.7996722564697,-213.81241213886167,17.563746124505997,0.0,0.0013772249221801758,0.8263349533081055,-13.24730888781039,
755,39.21367483003996,2026-06-30T15:04:57.242+07:00,0.0009948015213012695,0.022925008088350296,0.5968809127807617,4.171650288117874,4.171650288117874,0.5328809127807617,-146.13709490889312,13.755004853010178,0.0,0.0012220144271850586,0.7332086563110352,-5.157759828029242,
756,39.2656710841693,2026-06-30T15:04:57.291+07:00,0.002210378646850586,0.0405903197824955,1.3262271881103516,2.410635085989901,2.410635085989901,1.2622271881103515,-80.97482193584051,24.3541918694973,0.0,0.0012155771255493164,0.7293462753295898,-1.7610152021279646,
757,39.31721109710634,2026-06-30T15:04:57.341+07:00,0.0035219788551330566,0.07592840492725372,2.113187313079834,2.1169506660167103,2.1169506660167103,2.049187313079834,-37.00338055438577,45.557042956352234,0.0,0.0013116002082824707,0.7869601249694824,-0.2936844199732036,
758,39.369129203027114,2026-06-30T15:04:57.391+07:00,0.0047876834869384766,0.023185744881629944,2.872610092163086,2.438107201388317,2.438107201388317,2.808610092163086,-11.585858173283226,13.911446928977966,0.0,0.00126570463180542,0.759422779083252,0.3211565353716139,
759,39.42083195806481,2026-06-30T15:04:57.441+07:00,0.005908787250518799,0.02469073235988617,3.5452723503112793,2.97248528641629,2.97248528641629,3.4812723503112792,1.3719354641514716,14.814439415931702,0.0,0.0011211037635803223,0.6726622581481934,0.5343780850279813,
760,39.47274843417108,2026-06-30T15:04:57.491+07:00,0.006439566612243652,0.020302142947912216,3.8637399673461914,3.3717365445410863,3.3717365445410863,3.7997399673461913,5.374444255859571,12.18128576874733,0.0,0.0005307793617248535,0.3184676170349121,0.39925125812479223,
761,39.52460328000598,2026-06-30T15:04:57.543+07:00,0.0074836015701293945,0.013924427330493927,4.490160942077637,3.9328837063669027,3.9328837063669027,4.426160942077637,8.439156940794529,8.354656398296356,0.0,0.0010440349578857422,0.6264209747314453,0.5611471618258292,
762,39.57627831213176,2026-06-30T15:04:57.592+07:00,0.00815284252166748,0.10022438317537308,4.891705513000488,4.412404672025604,4.412404672025604,4.827705513000488,9.166075969494145,60.134629905223846,0.0,0.0006692409515380859,0.40154457092285156,0.4795209656587076,
763,39.62824490014464,2026-06-30T15:04:57.642+07:00,0.00902402400970459,0.028773196041584015,5.414414405822754,4.901050215502238,4.901050215502238,5.350414405822754,9.574456335280535,17.26391762495041,0.0,0.0008711814880371094,0.5227088928222656,0.4886455434766219,
764,39.67986332112923,2026-06-30T15:04:57.692+07:00,0.009630262851715088,0.010057345032691956,5.778157711029053,5.329890807905701,5.329890807905701,5.714157711029053,8.993893526242037,6.034407019615173,0.0,0.000606238842010498,0.36374330520629883,0.42884059240347483,
765,39.73220820305869,2026-06-30T15:04:57.742+07:00,0.01023775339126587,0.04276526719331741,6.1426520347595215,5.724321409646509,5.724321409646509,6.078652034759521,8.342737476033491,25.659160315990448,0.0,0.0006074905395507812,0.36449432373046875,0.3944306017407939,
766,39.783874495187774,2026-06-30T15:04:57.792+07:00,0.010358750820159912,0.0005055814981460571,6.215250492095947,5.966796801721131,5.966796801721131,6.151250492095947,6.222814392368138,0.3033488988876343,0.0,0.00012099742889404297,0.07259845733642578,0.2424753920746241,
767,39.83552937908098,2026-06-30T15:04:57.842+07:00,0.009889543056488037,0.008626587688922882,5.933725833892822,5.974752633405451,5.974752633405451,5.869725833892822,2.383189545897242,5.175952613353729,0.0,-0.000469207763671875,-0.281524658203125,0.007955831684313353,
768,39.88713568914682,2026-06-30T15:04:57.918+07:00,0.010325849056243896,0.11795604974031448,6.195509433746338,6.096596945067963,6.096596945067963,6.131509433746338,1.645100229142713,70.77362984418869,0.0,0.0004363059997558594,0.2617835998535156,0.12184431166249965,
769,39.93871525814757,2026-06-30T15:04:57.967+07:00,0.01007312536239624,0.005019985139369965,6.043875217437744,6.053313488206623,6.053313488206623,5.979875217437744,0.09242356196132895,3.0119910836219788,0.0,-0.00025272369384765625,-0.15163421630859375,-0.043283456861331615,
770,39.99021010613069,2026-06-30T15:04:58.018+07:00,0.009608089923858643,-0.011945047415792942,5.7648539543151855,5.890253012627236,5.890253012627236,5.7008539543151855,-1.9006063460529892,-7.167028449475765,0.0,-0.00046503543853759766,-0.2790212631225586,-0.1630604755793854,
771,40.042078415164724,2026-06-30T15:04:58.068+07:00,0.008706212043762207,-0.0253561083227396,5.223727226257324,5.494531720346682,5.494531720346682,5.159727226257324,-5.430992124224586,-15.21366499364376,0.0,-0.0009018778800964355,-0.5411267280578613,-0.3957212922805411,
772,40.09362829918973,2026-06-30T15:04:58.118+07:00,0.007266521453857422,-0.019358450546860695,4.359912872314453,4.902166608967365,4.902166608967365,4.295912872314453,-9.284141525131112,-11.615070328116417,0.0,-0.0014396905899047852,-0.8638143539428711,-0.5923651113793085,
773,40.145143332192674,2026-06-30T15:04:58.169+07:00,0.005761981010437012,-0.029454046860337257,3.457188606262207,4.129641577887089,4.129641577887089,3.393188606262207,-12.750530936080347,-17.672428116202354,0.0,-0.0015045404434204102,-0.9027242660522461,-0.7725250310802778,
774,40.196761494036764,2026-06-30T15:04:58.218+07:00,0.0043166279792785645,-0.020550664514303207,2.5899767875671387,3.292476421328775,3.292476421328775,2.5259767875671386,-15.32113940719605,-12.330398708581924,0.0,-0.0014453530311584473,-0.8672118186950684,-0.8371651565583136,
775,40.24831263720989,2026-06-30T15:04:58.269+07:00,0.0030361413955688477,-0.02422383241355419,1.8216848373413086,2.490301553428504,2.490301553428504,1.7576848373413085,-15.614637364962633,-14.534299448132515,0.0,-0.0012804865837097168,-0.7682919502258301,-0.8021748679002769,
776,40.29985224409029,2026-06-30T15:04:58.318+07:00,0.001850903034210205,-0.023031769320368767,1.110541820526123,1.7330822516947855,1.7330822516947855,1.046541820526123,-15.611338039458456,-13.81906159222126,0.0,-0.0011852383613586426,-0.7111430168151855,-0.757219301733727,
777,40.35162077611312,2026-06-30T15:04:58.368+07:00,0.000695645809173584,-0.023143544793128967,0.4173874855041504,1.0153094144746668,1.0153094144746668,0.3533874855041504,-15.090759341759224,-13.88612687587738,0.0,-0.001155257225036621,-0.6931543350219727,-0.7177728372201102,
778,40.40317501220852,2026-06-30T15:04:58.420+07:00,-0.00046938657760620117,-0.023002058267593384,-0.2816319465637207,0.30554346492784895,0.30554346492784895,359.65436805343626,-14.46289528602542,-13.80123496055603,0.0,-0.0011650323867797852,-0.6990194320678711,-0.7097659495468065,
779,40.45500367321074,2026-06-30T15:04:58.470+07:00,-0.0017006993293762207,-0.023441649973392487,-1.0204195976257324,359.5795625970348,359.5795625970348,358.91558040237425,-14.548014674561522,-14.064989984035492,0.0,-0.0012313127517700195,-0.7387876510620117,-0.7259808678929858,
780,40.506710335146636,2026-06-30T15:04:58.519+07:00,0.05971616506576538,-0.014605999924242496,35.82969903945923,20.573541619881315,20.573541619881315,35.76569903945923,229.00971620470182,-8.763599954545498,0.0,0.0614168643951416,36.85011863708496,20.99397902284653,
781,40.558248775079846,2026-06-30T15:04:58.569+07:00,0.05869060754776001,-0.01964259333908558,35.214364528656006,29.059600869731575,29.059600869731575,35.150364528656006,191.78189007980316,-11.785556003451347,0.0,-0.001025557518005371,-0.6153345108032227,8.486059249850257,
782,40.60994564020075,2026-06-30T15:04:58.619+07:00,0.05767261981964111,0.014451265335083008,34.60357189178467,32.293359063727756,32.293359063727756,34.53957189178467,116.29854515462401,8.670759201049805,0.0,-0.0010179877281188965,-0.6107926368713379,3.233758193996181,
783,40.661456728121266,2026-06-30T15:04:58.670+07:00,0.05645865201950073,-0.02464938350021839,33.87519121170044,33.2538872722522,33.2538872722522,33.81119121170044,59.06887626246587,-14.789630100131035,0.0,-0.0012139678001403809,-0.7283806800842285,0.9605282085244369,
784,40.71302548306994,2026-06-30T15:04:58.744+07:00,0.054560065269470215,-0.02288350649178028,32.73603916168213,33.02747030690467,33.02747030690467,32.67203916168213,13.03798554997683,-13.730103895068169,0.0,-0.0018985867500305176,-1.1391520500183105,-0.2264169653475392,
785,40.76486457022838,2026-06-30T15:04:58.795+07:00,0.05332756042480469,0.023809224367141724,31.996536254882812,32.30590987082017,32.30590987082017,31.932536254882812,-2.0256532114061496,14.285534620285034,0.0,-0.0012325048446655273,-0.7395029067993164,-0.721560436084502,
786,40.816389565123245,2026-06-30T15:04:58.844+07:00,0.052142977714538574,-0.01059767697006464,31.285786628723145,31.75585180031578,31.75585180031578,31.221786628723144,-7.330018289770599,-6.358606182038784,0.0,-0.0011845827102661133,-0.710749626159668,-0.5500580705044058,
787,40.8679254502058,2026-06-30T15:04:58.894+07:00,0.05115926265716553,-0.017921598628163338,30.695557594299316,31.16892646100802,31.16892646100802,30.631557594299316,-9.972318947781126,-10.752959176898003,0.0,-0.0009837150573730469,-0.5902290344238281,-0.5869253393077543,
788,40.91971683409065,2026-06-30T15:04:58.945+07:00,0.05023473501205444,-0.013570577837526798,30.140841007232666,30.59655806721561,30.59655806721561,30.076841007232666,-10.96544529951035,-8.142346702516079,0.0,-0.000924527645111084,-0.5547165870666504,-0.5723683937924022,
789,40.97131155105308,2026-06-30T15:04:58.996+07:00,0.049243390560150146,-0.02050742693245411,29.546034336090088,30.01228111664101,30.01228111664101,29.482034336090088,-11.475520602820898,-12.304456159472466,0.0,-0.0009913444519042969,-0.5948066711425781,-0.5842769505746048,
790,41.022984453011304,2026-06-30T15:04:59.047+07:00,0.04679781198501587,0.15691322088241577,28.07868719100952,29.142349722479675,29.142349722479675,28.01468719100952,-15.511092048819282,94.14793252944946,0.0,-0.0024455785751342773,-1.4673471450805664,-0.8699313941613411,
791,41.07459648605436,2026-06-30T15:04:59.096+07:00,0.0441361665725708,0.3433260917663574,26.48169994354248,27.381589244258894,27.381589244258894,26.41769994354248,-25.4577841208339,205.99565505981445,0.0,-0.0026616454124450684,-1.596987247467041,-1.7607604782207886,
792,41.12618316616863,2026-06-30T15:04:59.146+07:00,0.04619431495666504,-0.011977375485002995,27.716588973999023,27.59721614734787,27.59721614734787,27.652588973999023,-8.713388261842162,-7.186425291001797,0.0,0.0020581483840942383,1.234889030456543,0.2156269030889746,
793,41.17780586518347,2026-06-30T15:04:59.195+07:00,0.04529297351837158,-0.0176547784358263,27.17578411102295,27.37671967652732,27.37671967652732,27.11178411102295,-6.490550654002536,-10.592867061495781,0.0,-0.000901341438293457,-0.5408048629760742,-0.22049647082053525,
794,41.229571564123034,2026-06-30T15:04:59.246+07:00,0.04446965456008911,-0.004854798782616854,26.681792736053467,26.991998880303615,26.991998880303615,26.617792736053467,-7.20111467219518,-2.9128792695701122,0.0,-0.0008233189582824707,-0.4939913749694824,-0.3847207962236894,
795,41.28229600121267,2026-06-30T15:04:59.296+07:00,0.043737053871154785,-0.015158683992922306,26.24223232269287,26.57331384359202,26.57331384359202,26.17823232269287,-7.926363036248785,-9.095210395753384,0.0,-0.0007326006889343262,-0.4395604133605957,-0.41868503671159374,
796,41.33382344106212,2026-06-30T15:04:59.346+07:00,0.04303586483001709,-0.0033349993173033,25.821518898010254,26.17048613201395,26.17048613201395,25.757518898010254,-8.17445887816061,-2.00099959038198,0.0,-0.0007011890411376953,-0.4207134246826172,-0.40282771157808384,
797,41.38564365822822,2026-06-30T15:04:59.396+07:00,0.04116314649581909,0.22373561561107635,24.697887897491455,25.49075664766142,25.49075664766142,24.633887897491455,-12.206969644473858,134.2413693666458,0.0,-0.001872718334197998,-1.1236310005187988,-0.6797294843525208,
798,41.43723680218682,2026-06-30T15:04:59.447+07:00,0.04123276472091675,0.361347496509552,24.73965883255005,25.081822701720526,25.081822701720526,24.67565883255005,-9.897243828363079,216.8084979057312,0.0,6.961822509765625e-05,0.04177093505859375,-0.4089339459409018,
799,41.48895633406937,2026-06-30T15:04:59.496+07:00,0.04059338569641113,-0.009848148562014103,24.35603141784668,24.668131380587102,24.668131380587102,24.29203141784668,-8.994183024549239,-5.908889137208462,0.0,-0.0006393790245056152,-0.38362741470336914,-0.41369132113342744,
800,41.54058306920342,2026-06-30T15:04:59.571+07:00,0.039986371994018555,0.27433836460113525,23.991823196411133,24.183186711106714,24.183186711106714,23.927823196411133,-6.987212156974536,164.60301876068115,0.0,-0.0006070137023925781,-0.3642082214355469,-0.4849446694803987,
801,41.592200824059546,2026-06-30T15:04:59.624+07:00,0.039483845233917236,0.005320161581039429,23.690307140350342,23.88528089003739,23.88528089003739,23.62630714035034,-6.1673159722176605,3.1920969486236572,0.0,-0.0005025267601013184,-0.301516056060791,-0.29790582106932106,
802,41.644358300138265,2026-06-30T15:04:59.674+07:00,0.03929013013839722,0.11577460169792175,23.57407808303833,23.22594406651321,23.22594406651321,23.51007808303833,-7.718859468133439,69.46476101875305,0.0,-0.00019371509552001953,-0.11622905731201172,-0.6593368235241712,
803,41.69652538606897,2026-06-30T15:04:59.724+07:00,0.03920173645019531,-0.00015667092520743608,23.521041870117188,23.370736543472997,23.370736543472997,23.457041870117187,-1.7169013515885092,-0.09400255512446165,0.0,-8.83936882019043e-05,-0.05303621292114258,0.14479247695979325,
804,41.74839964020066,2026-06-30T15:04:59.773+07:00,0.03923630714416504,0.006772160530090332,23.541784286499023,23.44050552030009,23.44050552030009,23.477784286499023,0.0,4.063296318054199,0.0,3.457069396972656e-05,0.020742416381835938,0.06976897682710614,
805,41.80037096817978,2026-06-30T15:04:59.824+07:00,0.03946268558502197,0.002547592855989933,23.677611351013184,23.523868492118734,23.523868492118734,23.613611351013184,0.9772507312100234,1.5285557135939598,0.0,0.0002263784408569336,0.13582706451416016,0.08336297181864438,
806,41.85260222200304,2026-06-30T15:04:59.874+07:00,0.039904892444610596,0.07120466232299805,23.942935466766357,23.69578160344751,23.69578160344751,23.878935466766357,2.560470375981876,42.72279739379883,0.0,0.00044220685958862305,0.26532411575317383,0.17191311132876308,
807,41.9047465310432,2026-06-30T15:04:59.923+07:00,0.040456533432006836,0.013350903987884521,24.2739200592041,23.956125088763713,23.956125088763713,24.2099200592041,4.217752734157127,8.010542392730713,0.0,0.0005516409873962402,0.33098459243774414,0.26034348531621276,
808,41.9575255420059,2026-06-30T15:04:59.973+07:00,0.04117769002914429,0.015981018543243408,24.706614017486572,24.303308759159474,24.303308759159474,24.642614017486572,6.020862522231997,9.588611125946045,0.0,0.0007211565971374512,0.4326939582824707,0.3471836703957649,
809,42.009525925153866,2026-06-30T15:05:00.025+07:00,0.041870057582855225,0.01661410927772522,25.122034549713135,24.692006450071588,24.692006450071588,25.058034549713135,6.993565535923725,9.968465566635132,0.0,0.0006923675537109375,0.4154205322265625,0.38869769091212447,
810,42.061358865117654,2026-06-30T15:05:00.075+07:00,0.042706966400146484,0.019274026155471802,25.62417984008789,25.13543988460769,25.13543988460769,25.56017984008789,8.178857469327275,11.564415693283081,0.0,0.0008369088172912598,0.5021452903747559,0.44343343453610373,
811,42.11315432214178,2026-06-30T15:05:00.126+07:00,0.043830156326293945,0.20586606860160828,26.298093795776367,25.69652549152079,25.69652549152079,26.234093795776367,9.879719760916245,123.51964116096497,0.0,0.001123189926147461,0.6739139556884766,0.5610856069131103,
812,42.165180372074246,2026-06-30T15:05:00.175+07:00,0.04480105638504028,0.02638128399848938,26.88063383102417,26.226912594670484,26.226912594670484,26.81663383102417,10.902146740547746,15.828770399093628,0.0,0.0009709000587463379,0.5825400352478027,0.5303871031496783,
813,42.21691318205558,2026-06-30T15:05:00.226+07:00,0.0460963249206543,0.02398216724395752,27.657794952392578,26.933145024687988,26.933145024687988,27.593794952392578,12.674034194715027,14.389300346374512,0.0,0.0012952685356140137,0.7771611213684082,0.7062324300175078,
814,42.26899349107407,2026-06-30T15:05:00.277+07:00,0.04732012748718262,0.04006767272949219,28.39207649230957,27.6831651070066,27.6831651070066,28.32807649230957,13.66521632319644,24.040603637695312,0.0,0.0012238025665283203,0.7342815399169922,0.7500200823185992,
815,42.32083037518896,2026-06-30T15:05:00.351+07:00,0.04916638135910034,0.17265796661376953,29.499828815460205,28.54227388884309,28.54227388884309,29.435828815460205,12.633299852069783,103.59477996826172,0.0,0.0018462538719177246,1.1077523231506348,0.8591087818364826,
816,42.372610240010545,2026-06-30T15:05:00.401+07:00,0.05010986328125,0.021656960248947144,30.06591796875,29.321090124908,29.321090124908,30.00191796875,14.167637127654443,12.994176149368286,0.0,0.0009434819221496582,0.5660891532897949,0.7788162360648982,
817,42.42452755011618,2026-06-30T15:05:00.452+07:00,0.05119246244430542,0.4105401039123535,30.715477466583252,30.0139759154697,30.0139759154697,30.651477466583252,14.002401963272707,246.3240623474121,0.0,0.00108259916305542,0.649559497833252,0.6928857905616894,
818,42.476513433037326,2026-06-30T15:05:00.502+07:00,0.05090689659118652,0.3210960030555725,30.544137954711914,30.37665938789412,30.37665938789412,30.480137954711914,9.39977418264094,192.6576018333435,0.0,-0.0002855658531188965,-0.1713395118713379,0.3626834724244077,
819,42.528309650020674,2026-06-30T15:05:00.552+07:00,0.05334901809692383,0.1490917205810547,32.0094108581543,31.193222756281276,31.193222756281276,31.945410858154297,13.636576732387462,89.45503234863281,0.0,0.0024421215057373047,1.4652729034423828,0.8165633683871647,
820,42.580306329997256,2026-06-30T15:05:00.601+07:00,0.054667890071868896,-3.0132997035980225,32.80073404312134,31.973315851217453,31.973315851217453,32.73673404312134,15.180374141555072,-1807.9798221588135,0.0,0.0013188719749450684,0.791323184967041,0.7800930949361771,
821,42.63324069301598,2026-06-30T15:05:00.654+07:00,0.05592614412307739,0.487750768661499,33.555686473846436,32.737791847980134,32.737791847980134,33.491686473846435,14.980710322139629,292.6504611968994,0.0,0.001258254051208496,0.7549524307250977,0.764475996762684,
822,42.68679288821295,2026-06-30T15:05:00.717+07:00,0.057154297828674316,0.08948743343353271,34.29257869720459,33.49687437964703,33.49687437964703,34.22857869720459,13.275222433234791,53.69246006011963,0.0,0.0012281537055969238,0.7368922233581543,0.7590825316669054,
823,42.73932219715789,2026-06-30T15:05:00.766+07:00,0.052544593811035156,-0.3126128017902374,31.526756286621094,33.09878817149081,33.09878817149081,31.462756286621094,-2.950299814994091,-187.56768107414246,0.0,-0.00460970401763916,-2.765822410583496,-0.3980862081562293,
824,42.79122500610538,2026-06-30T15:05:00.816+07:00,0.06009793281555176,0.22216027975082397,36.058759689331055,34.67671168799602,34.67671168799602,35.994759689331055,16.569385036658524,133.29616785049438,0.0,0.0075533390045166016,4.532003402709961,1.5779235165052228,
825,42.84305953816511,2026-06-30T15:05:00.867+07:00,-0.0012816190719604492,0.024690689519047737,-0.7689714431762695,13.904358345801601,13.904358345801601,359.1670285568237,-213.86499526264092,14.814413711428642,0.0,-0.06137955188751221,-36.827731132507324,-20.772353342194407,
826,42.89495351421647,2026-06-30T15:05:00.917+07:00,-0.00019669532775878906,0.019870160147547722,-0.11801719665527344,5.703013208190048,5.703013208190048,359.8179828033447,-181.27683432177153,11.922096088528633,0.0,0.0010849237442016602,0.6509542465209961,-8.201345137611554,
827,42.94683947204612,2026-06-30T15:05:00.967+07:00,0.0012787580490112305,0.03172403201460838,0.7672548294067383,2.7209493085448617,2.7209493085448617,0.7032548294067382,-109.31073462194662,19.03441920876503,0.0,0.0014754533767700195,0.8852720260620117,-2.9820638996451976,
828,42.99889426212758,2026-06-30T15:05:01.021+07:00,0.0031258463859558105,0.0370139442384243,1.8755078315734863,2.071208582974639,2.071208582974639,1.8115078315734863,-52.01858832461396,22.20836654305458,0.0,0.00184708833694458,1.108253002166748,-0.6497407255702115,
829,43.05116779310629,2026-06-30T15:05:01.072+07:00,0.004765033721923828,0.030420199036598206,2.859020233154297,2.384897718887583,2.384897718887583,2.795020233154297,-18.066580504321472,18.252119421958923,0.0,0.0016391873359680176,0.9835124015808105,0.3136891359129379,
830,43.10338386101648,2026-06-30T15:05:01.126+07:00,0.006163060665130615,0.0210249200463295,3.697836399078369,3.0147596006087403,3.0147596006087403,3.633836399078369,-0.7106498604008786,12.614952027797699,0.0,0.0013980269432067871,0.8388161659240723,0.6298618817211548,
831,43.15550467022695,2026-06-30T15:05:01.177+07:00,0.007277429103851318,0.023893341422080994,4.366457462310791,3.6878494287909893,3.6878494287909893,4.302457462310791,7.28395381366923,14.336004853248596,0.0,0.0011143684387207031,0.6686210632324219,0.673089828182242,
832,43.20741094299592,2026-06-30T15:05:01.225+07:00,0.008313357830047607,0.08550211042165756,4.9880146980285645,4.269434822709146,4.269434822709146,4.924014698028564,10.636940615328337,51.30126625299454,0.0,0.001035928726196289,0.6215572357177734,0.5815853939181466,
833,43.25905682705343,2026-06-30T15:05:01.277+07:00,0.009313046932220459,0.022604264318943024,5.587828159332275,4.9221196987606195,4.9221196987606195,5.523828159332275,11.706933153420694,13.562558591365814,0.0,0.0009996891021728516,0.5998134613037109,0.6526848760514667,
834,43.31058750720695,2026-06-30T15:05:01.326+07:00,0.010331332683563232,0.021076872944831848,6.1987996101379395,5.3912894852706135,5.3912894852706135,6.134799610137939,11.549243561980218,12.646123766899109,0.0,0.0010182857513427734,0.6109714508056641,0.4691697865100082,
835,43.36224213219248,2026-06-30T15:05:01.376+07:00,0.011306405067443848,0.016315951943397522,6.783843040466309,6.099103570973644,6.099103570973644,6.7198430404663085,13.099392148561337,9.789571166038513,0.0,0.0009750723838806152,0.5850434303283691,0.7078140857030348,
836,43.41378077608533,2026-06-30T15:05:01.426+07:00,0.012075304985046387,-0.5490790009498596,7.245182991027832,6.67337389639925,6.67337389639925,7.181182991027832,12.355636050563772,-329.44740056991577,0.0,0.0007688999176025391,0.46133995056152344,0.5742703254256014,
837,43.46546421502717,2026-06-30T15:05:01.477+07:00,0.01091301441192627,-0.3202940821647644,6.547808647155762,6.748775065812193,6.748775065812193,6.483808647155762,5.08992086103041,-192.17644929885864,0.0,-0.0011622905731201172,-0.6973743438720703,0.07540116941294173,
838,43.51707898802124,2026-06-30T15:05:01.527+07:00,0.012357652187347412,0.0006843507289886475,7.414591312408447,7.00533867986711,7.00533867986711,7.350591312408447,5.409992039233514,0.4106104373931885,0.0,0.0014446377754211426,0.8667826652526855,0.2565636140549259,
839,43.5686824650038,2026-06-30T15:05:01.576+07:00,0.012341141700744629,-0.0005673617124557495,7.404685020446777,7.201132832462968,7.201132832462968,7.340685020446777,4.480568349084294,-0.3404170274734497,0.0,-1.6510486602783203e-05,-0.009906291961669922,0.19579415259585176,
840,43.6203292561695,2026-06-30T15:05:01.626+07:00,0.01220548152923584,0.02165766805410385,7.323288917541504,7.247027791055734,7.247027791055734,7.259288917541504,2.326390458872023,12.99460083246231,0.0,-0.00013566017150878906,-0.08139610290527344,0.045894958592754165,
841,43.67220043600537,2026-06-30T15:05:01.702+07:00,0.011401712894439697,-0.020795876160264015,6.841027736663818,7.024588192122442,7.024588192122442,6.777027736663818,-2.0121285721332596,-12.47752569615841,0.0,-0.0008037686347961426,-0.48226118087768555,-0.22243959893330612,
842,43.7237193020992,2026-06-30T15:05:01.752+07:00,0.010422170162200928,-0.021175900474190712,6.253302097320557,6.609894139318857,6.609894139318857,6.189302097320557,-5.716740256130714,-12.705540284514427,0.0,-0.0009795427322387695,-0.5877256393432617,-0.41469405280358274,
843,43.7754786121659,2026-06-30T15:05:01.802+07:00,0.009210526943206787,-0.026294516399502754,5.526316165924072,6.0337271255353455,6.0337271255353455,5.462316165924072,-9.230023326781819,-15.776709839701653,0.0,-0.0012116432189941406,-0.7269859313964844,-0.576167013783504,
844,43.82716788421385,2026-06-30T15:05:01.852+07:00,0.007786989212036133,-0.0325009748339653,4.67219352722168,5.305754430787853,5.305754430787853,4.60819352722168,-12.487206766240257,-19.50058490037918,0.0,-0.0014235377311706543,-0.8541226387023926,-0.7279726947475069,
845,43.87894886103459,2026-06-30T15:05:01.903+07:00,0.006141304969787598,0.038815923035144806,3.6847829818725586,4.446490262796902,4.446490262796902,3.6207829818725585,-15.348978937909543,23.289553821086884,0.0,-0.0016456842422485352,-0.9874105453491211,-0.8592641679909434,
846,43.93107057712041,2026-06-30T15:05:01.953+07:00,0.0046347975730896,-0.028872692957520485,2.7808785438537598,3.5431239902701988,3.5431239902701988,2.7168785438537597,-17.052632233138223,-17.32361577451229,0.0,-0.001506507396697998,-0.9039044380187988,-0.9033662725267106,
847,43.983034312026575,2026-06-30T15:05:02.003+07:00,0.0032085180282592773,-0.02972954325377941,1.9251108169555664,2.6418777237950475,2.6418777237950475,1.8611108169555663,-17.720885667990537,-17.837725952267647,0.0,-0.0014262795448303223,-0.8557677268981934,-0.9012462664751411,
848,44.03470823308453,2026-06-30T15:05:02.053+07:00,0.001889348030090332,-0.02478986606001854,1.1336088180541992,1.8032521206806515,1.8032521206806515,1.0696088180541992,-17.07400292984416,-14.873919636011124,0.0,-0.0013191699981689453,-0.7915019989013672,-0.8386256031143944,
849,44.08638406218961,2026-06-30T15:05:02.103+07:00,0.0006890296936035156,-0.0128764184191823,0.4134178161621094,1.0466829008780105,1.0466829008780105,0.3494178161621094,-16.18200726189868,-7.72585105150938,0.0,-0.0012003183364868164,-0.7201910018920898,-0.7565692198026284,
850,44.1381269460544,2026-06-30T15:05:02.154+07:00,-0.0006519556045532227,-0.02779250591993332,-0.3911733627319336,0.27366567887451604,0.27366567887451604,359.54482663726805,-15.942908569762151,-16.67550355195999,0.0,-0.0013409852981567383,-0.804591178894043,-0.7730172220034888,
851,44.18980716308579,2026-06-30T15:05:02.203+07:00,0.04371887445449829,23.538143157958984,26.231324672698975,9.080423099624284,9.080423099624284,26.167324672698975,132.63880607312316,14122.88589477539,0.0,0.044370830059051514,26.622498035430908,8.806757420749761,
852,44.24155925004743,2026-06-30T15:05:02.253+07:00,0.059004008769989014,-0.031627897173166275,35.40240526199341,24.36154228006093,24.36154228006093,35.33840526199341,222.89474400640256,-18.976738303899765,0.0,0.015285134315490723,9.171080589294434,15.281119180436633,
853,44.29315720917657,2026-06-30T15:05:02.303+07:00,0.05749386548995972,-0.026069702580571175,34.49631929397583,30.279336103663113,30.279336103663113,34.43231929397583,158.67257128971715,-15.641821548342705,0.0,-0.0015101432800292969,-0.9060859680175781,5.917793823602182,
854,44.344766037072986,2026-06-30T15:05:02.354+07:00,0.05590081214904785,-0.023589134216308594,33.54048728942871,32.254614508394376,32.254614508394376,33.47648728942871,87.92991428974139,-14.153480529785156,0.0,-0.0015930533409118652,-0.9558320045471191,1.975278404731256,
855,44.396569254109636,2026-06-30T15:05:02.403+07:00,0.054052650928497314,-0.03686601296067238,32.43159055709839,32.454517675450916,32.454517675450916,32.36759055709839,38.70246722543092,-22.119607776403427,0.0,-0.0018481612205505371,-1.1088967323303223,0.199903167056533,
856,44.44822497200221,2026-06-30T15:05:02.479+07:00,0.05189371109008789,-0.021570147946476936,31.136226654052734,31.664255935793854,31.664255935793854,31.072226654052734,2.6115474270367134,-12.942088767886162,0.0,-0.002158939838409424,-1.2953639030456543,-0.790261739657069,
857,44.49971878202632,2026-06-30T15:05:02.529+07:00,0.050763070583343506,-0.02303791232407093,30.457842350006104,31.00592362891706,31.00592362891706,30.393842350006103,-6.437679358449953,-13.822747394442558,0.0,-0.0011306405067443848,-0.6783843040466309,-0.6583323068767868,
858,44.55134344403632,2026-06-30T15:05:02.578+07:00,0.04982101917266846,0.04544714093208313,29.892611503601074,30.390739891077263,30.390739891077263,29.828611503601074,-9.946217192601932,27.268284559249878,0.0,-0.0009420514106750488,-0.5652308464050293,-0.6151837378398,
859,44.60301130916923,2026-06-30T15:05:02.628+07:00,0.043731629848480225,-0.79053795337677,26.238977909088135,28.700600730630004,28.700600730630004,26.174977909088135,-28.069998016008277,-474.322772026062,0.0,-0.006089389324188232,-3.6536335945129395,-1.690139160447245,
860,44.65464702621102,2026-06-30T15:05:02.679+07:00,0.04746931791305542,-0.021548809483647346,28.481590747833252,28.61403985094276,28.61403985094276,28.417590747833252,-13.306559903306677,-12.929285690188408,0.0,0.0037376880645751953,2.242612838745117,-0.08656087968725501,
861,44.70710342703387,2026-06-30T15:05:02.730+07:00,0.046528637409210205,0.4438289999961853,27.917182445526123,28.235526641825253,28.235526641825253,27.853182445526123,-10.050594251878522,266.2973999977112,0.0,-0.0009406805038452148,-0.5644083023071289,-0.3785132091175001,
862,44.75882775615901,2026-06-30T15:05:02.779+07:00,0.0454326868057251,-0.0175932664424181,27.25961208343506,27.711389615794126,27.711389615794126,27.19561208343506,-10.538281654423187,-10.555959865450859,0.0,-0.0010959506034851074,-0.6575703620910645,-0.5241370260311271,
863,44.810391455190256,2026-06-30T15:05:02.829+07:00,0.04471045732498169,0.1134096086025238,26.826274394989014,27.21210805191824,27.21210805191824,26.762274394989014,-10.2595575615002,68.04576516151428,0.0,-0.0007222294807434082,-0.4333376884460449,-0.49928156387588274,
864,44.8619434311986,2026-06-30T15:05:02.880+07:00,0.04387778043746948,-0.015798361971974373,26.32666826248169,26.710914210447186,26.710914210447186,26.26266826248169,-10.068333027770981,-9.479017183184624,0.0,-0.000832676887512207,-0.4996061325073242,-0.5011938414710642,
865,44.91362909320742,2026-06-30T15:05:02.929+07:00,0.04304361343383789,-0.016774209216237068,25.826168060302734,26.221568345521987,26.221568345521987,25.762168060302734,-9.986666216671903,-10.064525529742241,0.0,-0.0008341670036315918,-0.5005002021789551,-0.4893458649252125,
866,44.96517249615863,2026-06-30T15:05:02.981+07:00,0.04214900732040405,0.007991194725036621,25.28940439224243,25.722518301193993,25.722518301193993,25.22540439224243,-9.951485848972053,4.794716835021973,0.0,-0.0008946061134338379,-0.5367636680603027,-0.49905004432798705,
867,45.016725899185985,2026-06-30T15:05:03.030+07:00,0.04124408960342407,0.2042469084262848,24.746453762054443,25.17728742146154,25.17728742146154,24.682453762054443,-10.841600377763278,122.54814505577087,0.0,-0.0009049177169799805,-0.5429506301879883,-0.5452308797324577,
868,45.06835472700186,2026-06-30T15:05:03.079+07:00,0.04016387462615967,-0.01924118585884571,24.0983247756958,24.53545120971835,24.53545120971835,24.0343247756958,-11.819836054381973,-11.544711515307426,0.0,-0.0010802149772644043,-0.6481289863586426,-0.6418362117431968,
869,45.120101407170296,2026-06-30T15:05:03.131+07:00,0.03945505619049072,0.04810440540313721,23.673033714294434,24.034535088620654,24.034535088620654,23.609033714294434,-10.640259320417606,28.862643241882324,0.0,-0.0007088184356689453,-0.4252910614013672,-0.5009161210977027,
870,45.17169697606005,2026-06-30T15:05:03.180+07:00,0.03897416591644287,-0.004064769018441439,23.384499549865723,23.650867220915433,23.650867220915433,23.320499549865723,-9.002486177456927,-2.438861411064863,0.0,-0.00048089027404785156,-0.28853416442871094,-0.38366786770521344,
871,45.22336512012407,2026-06-30T15:05:03.231+07:00,0.038851022720336914,0.00015217065811157227,23.31061363220215,23.419469190038505,23.419469190038505,23.24661363220215,-6.2915141531681815,0.09130239486694336,0.0,-0.00012314319610595703,-0.07388591766357422,-0.23139803087693167,
872,45.27501791110262,2026-06-30T15:05:03.306+07:00,0.0391695499420166,0.21402084827423096,23.50172996520996,23.36843717672135,23.36843717672135,23.43772996520996,-1.8393938424433172,128.41250896453857,0.0,0.0003185272216796875,0.1911163330078125,-0.05103201331715468,
873,45.3265439060051,2026-06-30T15:05:03.355+07:00,0.03955411911010742,0.013607025146484375,23.732471466064453,22.66849085642815,22.66849085642815,23.668471466064453,-4.361794820576572,8.164215087890625,0.0,0.0003845691680908203,0.2307415008544922,-0.6999463202932077,
874,45.37809336511418,2026-06-30T15:05:03.406+07:00,0.040495336055755615,0.03276968002319336,24.29720163345337,23.503435067066263,23.503435067066263,24.23320163345337,7.698438238030549,19.661808013916016,0.0,0.0009412169456481934,0.564730167388916,0.8349442106381275,
875,45.429725249065086,2026-06-30T15:05:03.456+07:00,0.04177749156951904,0.0313989520072937,25.066494941711426,24.278368413203737,24.278368413203737,25.002494941711426,12.173293726731146,18.83937120437622,0.0,0.0012821555137634277,0.7692933082580566,0.774933346137459,
876,45.481442670105025,2026-06-30T15:05:03.508+07:00,0.04318171739578247,0.023471534252166748,25.909030437469482,25.09811858489551,25.09811858489551,25.845030437469482,14.381967728726245,14.082920551300049,0.0,0.0014042258262634277,0.8425354957580566,0.8197501716917657,
877,45.533173146191984,2026-06-30T15:05:03.556+07:00,0.04431349039077759,0.0254976749420166,26.588094234466553,25.846393752049313,25.846393752049313,26.524094234466553,14.941116534316848,15.298604965209961,0.0,0.0011317729949951172,0.6790637969970703,0.7482751671537926,
878,45.58476549317129,2026-06-30T15:05:03.606+07:00,0.04544806480407715,0.0262792706489563,27.26883888244629,26.560030958610433,26.560030958610433,27.20483888244629,14.807114890066808,15.76756238937378,0.0,0.0011345744132995605,0.6807446479797363,0.713637206561117,
879,45.63644737703726,2026-06-30T15:05:03.657+07:00,0.046540260314941406,0.02243468165397644,27.924156188964844,27.248425490167246,27.248425490167246,27.860156188964844,14.265209994998099,13.460808992385864,0.0,0.0010921955108642578,0.6553173065185547,0.6883945315568099,
880,45.688105539185926,2026-06-30T15:05:03.708+07:00,0.04799920320510864,0.03181469440460205,28.799521923065186,28.005702247766056,28.005702247766056,28.735521923065185,14.703151051163045,19.08881664276123,0.0,0.0014589428901672363,0.8753657341003418,0.7572767575988166,
881,45.739782182034105,2026-06-30T15:05:03.758+07:00,0.04952037334442139,0.02998173236846924,29.712224006652832,28.857456030850287,28.857456030850287,29.648224006652832,16.02450047684726,17.989039421081543,0.0,0.0015211701393127441,0.9127020835876465,0.8517537830842343,
882,45.79151584417559,2026-06-30T15:05:03.807+07:00,0.05087786912918091,0.026919662952423096,30.526721477508545,29.738829267386965,29.738829267386965,30.462721477508545,16.94512065248083,16.151797771453857,0.0,0.0013574957847595215,0.8144974708557129,0.8813732365366889,
883,45.84319822816178,2026-06-30T15:05:03.858+07:00,0.05204164981842041,0.5062975287437439,31.224989891052246,30.492231823724858,30.492231823724858,31.160989891052246,15.81562421897244,303.77851724624634,0.0,0.001163780689239502,0.6982684135437012,0.7534025563379032,
884,45.895024963188916,2026-06-30T15:05:03.907+07:00,0.05372786521911621,0.3127763271331787,32.23671913146973,31.369327845559614,31.369327845559614,32.17271913146973,17.304881863477497,187.66579627990723,0.0,0.0016862154006958008,1.0117292404174805,0.8770960218347454,
885,45.94677623617463,2026-06-30T15:05:03.958+07:00,0.054868996143341064,0.03155440092086792,32.92139768600464,32.138418881055244,32.138418881055244,32.85739768600464,16.32425173970295,18.932640552520752,0.0,0.0011411309242248535,0.6846785545349121,0.7690910354956202,
886,45.998444786062464,2026-06-30T15:05:04.008+07:00,0.056555986404418945,0.08560115098953247,33.93359184265137,33.015317152798204,33.015317152798204,33.86959184265137,17.068342566363125,51.36069059371948,0.0,0.0016869902610778809,1.0121941566467285,0.8768982717429594,
887,46.050081078195944,2026-06-30T15:05:04.058+07:00,0.05810415744781494,0.032440900802612305,34.862494468688965,33.94178255680875,33.94178255680875,34.798494468688965,18.150076608973365,19.464540481567383,0.0,0.001548171043395996,0.9289026260375977,0.9264654040105427,
888,46.10175131401047,2026-06-30T15:05:04.133+07:00,0.01478511095046997,-23.109107971191406,8.871066570281982,25.10713185951512,25.10713185951512,8.807066570281982,-120.29961482556565,-13865.464782714844,0.0,-0.04331904649734497,-25.991427898406982,-8.834650697293625,
889,46.15356669714674,2026-06-30T15:05:04.184+07:00,-0.00035077333450317383,0.031781140714883804,-0.2104640007019043,10.338805452495013,10.338805452495013,359.7255359992981,-208.43008800966837,19.068684428930283,0.0,-0.015135884284973145,-9.081530570983887,-14.768326407020112,
890,46.20542445103638,2026-06-30T15:05:04.233+07:00,0.0013068914413452148,0.03193015232682228,0.7841348648071289,4.669711910238892,4.669711910238892,0.7201348648071288,-151.40062105587182,19.15809139609337,0.0,0.0016576647758483887,0.9945988655090332,-5.669093542256121,
891,46.256882910151035,2026-06-30T15:05:04.283+07:00,0.003176450729370117,0.03791298717260361,1.9058704376220703,2.907425103660628,2.907425103660628,1.8418704376220703,-82.91293934729404,22.747792303562164,0.0,0.0018695592880249023,1.1217355728149414,-1.7622868065782598,
892,46.308612645138055,2026-06-30T15:05:04.333+07:00,0.004910945892333984,0.032950833439826965,2.9465675354003906,2.7914426571484308,2.7914426571484308,2.8825675354003906,-35.691751761581415,19.77050006389618,0.0,0.0017344951629638672,1.0406970977783203,-0.11598244651219147,
893,46.36023838119581,2026-06-30T15:05:04.383+07:00,0.0062029361724853516,0.02181965857744217,3.721761703491211,3.2131315457889733,3.2131315457889733,3.657761703491211,-9.923530484868962,13.091795146465302,0.0,0.0012919902801513672,0.7751941680908203,0.42168888864054566,
894,46.411853950005025,2026-06-30T15:05:04.434+07:00,0.007254064083099365,0.020858503878116608,4.352438449859619,3.767430212094711,3.767430212094711,4.288438449859619,2.1802615816066613,12.515102326869965,0.0,0.0010511279106140137,0.6306767463684082,0.5542986663057263,
895,46.46342657506466,2026-06-30T15:05:04.484+07:00,0.008098900318145752,0.014115720987319946,4.859340190887451,4.311141792218889,4.311141792218889,4.795340190887451,7.240294713397172,8.469432592391968,0.0,0.0008448362350463867,0.506901741027832,0.5437115801241816,
896,46.515131681226194,2026-06-30T15:05:04.534+07:00,0.008697211742401123,0.010993853211402893,5.218327045440674,4.7622583182003275,4.7622583182003275,5.154327045440674,8.170140042592374,6.596311926841736,0.0,0.0005983114242553711,0.35898685455322266,0.45111652598143337,
897,46.566958935,2026-06-30T15:05:04.584+07:00,0.009076237678527832,0.006739505100995302,5.445742607116699,5.1014522014685175,5.1014522014685175,5.381742607116699,7.363916548270513,4.043703060597181,0.0,0.000379025936126709,0.2274155616760254,0.33919388326819444,
898,46.618747597094625,2026-06-30T15:05:04.634+07:00,0.009107410907745361,-0.0002342388324905187,5.464446544647217,5.27503267046354,5.27503267046354,5.400446544647217,5.044593984563396,-0.1405432994943112,0.0,3.11732292175293e-05,0.018703937530517578,0.1735804689950271,
899,46.67044979613274,2026-06-30T15:05:04.684+07:00,0.009107410907745361,-0.00023429843713529408,5.464446544647217,5.348939940994761,5.348939940994761,5.400446544647217,2.932934800431564,-0.14057906228117645,0.0,0.0,0.0,0.07390727053120827,
900,46.72215790208429,2026-06-30T15:05:04.735+07:00,0.009092152118682861,-0.00015989691019058228,5.455291271209717,5.375529475105,5.375529475105,5.391291271209717,1.5160816823714445,-0.09593814611434937,0.0,-1.52587890625e-05,-0.0091552734375,0.02658953411022935,
901,46.77383815613575,2026-06-30T15:05:04.785+07:00,0.008563995361328125,0.07185740768909454,5.138397216796875,5.2569424911785685,5.2569424911785685,5.074397216796875,-0.9890792349024214,43.114444613456726,0.0,-0.0005281567573547363,-0.3168940544128418,-0.11858698392643419,
902,46.82554342900403,2026-06-30T15:05:04.837+07:00,0.007899045944213867,-0.017713474109768867,4.73942756652832,4.94844656043883,4.94844656043883,4.67542756652832,-3.8007384949998686,-10.62808446586132,0.0,-0.0006649494171142578,-0.3989696502685547,-0.30849593073975257,
903,46.87731455313042,2026-06-30T15:05:04.885+07:00,0.006961941719055176,0.02930714190006256,4.1771650314331055,4.53200589706998,4.53200589706998,4.113165031433105,-6.8270241292656495,17.584285140037537,0.0,-0.0009371042251586914,-0.5622625350952148,-0.41644066336886,
904,46.92899227119051,2026-06-30T15:05:04.935+07:00,0.005685389041900635,-0.0138244004920125,3.411233425140381,3.937312440728908,3.937312440728908,3.347233425140381,-10.107891617138183,-8.2946402952075,0.0,-0.001276552677154541,-0.7659316062927246,-0.5946934563410764,
905,46.98078300617635,2026-06-30T15:05:05.011+07:00,0.0036412477493286133,-0.02704923413693905,2.184748649597168,2.825351050363531,2.825351050363531,2.120748649597168,-13.768301160050163,-16.22954048216343,0.0,-0.0020441412925720215,-1.226484775543213,-1.1119613903653658,
906,47.03235037205741,2026-06-30T15:05:05.060+07:00,0.002368628978729248,-0.024374572560191154,1.4211773872375488,2.067457160045227,2.067457160045227,1.3571773872375488,-14.698816748784614,-14.624743536114693,0.0,-0.0012726187705993652,-0.7635712623596191,-0.7578938903183143,
907,47.08381749712862,2026-06-30T15:05:05.112+07:00,0.0011346936225891113,-0.0037290584295988083,0.6808161735534668,1.21143032192163,1.21143032192163,0.6168161735534667,-15.220453282630201,-2.237435057759285,0.0,-0.0012339353561401367,-0.740361213684082,-0.8560268381235971,
908,47.13541871402413,2026-06-30T15:05:05.163+07:00,-0.00013685226440429688,-0.048738032579422,-0.08211135864257812,0.5201438368926976,0.5201438368926976,359.8538886413574,-14.403338315913857,-29.2428195476532,0.0,-0.0012715458869934082,-0.7629275321960449,-0.6912864850289395,
909,47.18702533910982,2026-06-30T15:05:05.214+07:00,-0.0010741353034973145,-0.021267741918563843,-0.6444811820983887,359.8834710730014,359.8834710730014,359.2915188179016,-13.337265297600334,-12.760645151138306,0.0,-0.0009372830390930176,-0.5623698234558105,-0.6366727638912835,
910,47.238763315137476,2026-06-30T15:05:05.261+07:00,0.06063156574964523,0.43431752920150757,36.37893944978714,12.425037578238346,12.425037578238346,36.31493944978714,208.47197551199048,260.59051752090454,0.0,0.06170570105314255,37.02342063188553,12.541566505236972,
911,47.290534218074754,2026-06-30T15:05:05.312+07:00,0.05850017070770264,0.8859496116638184,35.10010242462158,25.647991385056898,25.647991385056898,35.03610242462158,228.88289672874475,531.569766998291,0.0,-0.0021313950419425964,-1.2788370251655579,13.222953806818566,
912,47.34222684218548,2026-06-30T15:05:05.363+07:00,0.057757019996643066,0.020103037357330322,34.65421199798584,30.908503247927626,30.908503247927626,34.59021199798584,153.0028151098818,12.061822414398193,0.0,-0.0007431507110595703,-0.4458904266357422,5.260511862870715,
913,47.39388606022112,2026-06-30T15:05:05.413+07:00,0.05639076232910156,0.07408976554870605,33.83445739746094,32.63084486008436,32.63084486008436,33.77045739746094,83.68970777152327,44.45385932922363,0.0,-0.001366257667541504,-0.8197546005249023,1.7223416121567254,
914,47.44555899919942,2026-06-30T15:05:05.463+07:00,0.05505096912384033,-0.02452641911804676,33.0305814743042,32.91098285135584,32.91098285135584,32.9665814743042,37.96920563682143,-14.715851470828056,0.0,-0.0013397932052612305,-0.8038759231567383,0.28013799127148786,
915,47.49716699402779,2026-06-30T15:05:05.512+07:00,0.05380004644393921,-0.023692073300480843,32.280027866363525,32.602388999223756,32.602388999223756,32.216027866363525,11.92866140438585,-14.215243980288506,0.0,-0.001250922679901123,-0.7505536079406738,-0.308593852132077,
916,47.54889350803569,2026-06-30T15:05:05.561+07:00,0.05257171392440796,-0.024921387434005737,31.543028354644775,31.94263203692736,31.94263203692736,31.479028354644775,-2.3252530137881324,-14.952832460403442,0.0,-0.00122833251953125,-0.73699951171875,-0.6597569622963988,
917,47.600582818035036,2026-06-30T15:05:05.614+07:00,0.051535606384277344,-0.008560181595385075,30.921363830566406,31.02345617726632,31.02345617726632,30.857363830566406,-9.077829571503141,-5.136108957231045,0.0,-0.0010361075401306152,-0.6216645240783691,-0.9191758596610384,
918,47.652413331205025,2026-06-30T15:05:05.663+07:00,0.050502121448516846,-0.021419914439320564,30.301272869110107,30.581102389579087,30.581102389579087,30.237272869110107,-8.905512487761298,-12.851948663592339,0.0,-0.001033484935760498,-0.6200909614562988,-0.44235378768723876,
919,47.70420828904025,2026-06-30T15:05:05.713+07:00,0.04934489727020264,-0.021867068484425545,29.606938362121582,30.061946679759373,30.061946679759373,29.542938362121582,-9.904727300777274,-13.120241090655327,0.0,-0.001157224178314209,-0.6943345069885254,-0.5191557098196995,
920,47.75691663403995,2026-06-30T15:05:05.788+07:00,0.04775667190551758,-0.02124852128326893,28.654003143310547,29.171726880191425,29.171726880191425,28.590003143310547,-11.66275758925658,-12.749112769961357,0.0,-0.0015882253646850586,-0.9529352188110352,-0.8902197995679444,
921,47.808438944164664,2026-06-30T15:05:05.838+07:00,0.04687845706939697,0.3433605432510376,28.127074241638184,28.597609665875165,28.597609665875165,28.063074241638184,-11.573336420689891,206.01632595062256,0.0,-0.0008782148361206055,-0.5269289016723633,-0.5741172143162601,
922,47.859928124118596,2026-06-30T15:05:05.888+07:00,0.0460171103477478,-0.015966149047017097,27.61026620864868,27.960070732292643,27.960070732292643,27.54626620864868,-11.736365433975326,-9.579689428210258,0.0,-0.0008613467216491699,-0.516808032989502,-0.6375389335825332,
923,47.91146756405942,2026-06-30T15:05:05.939+07:00,0.045267581939697266,0.1043681800365448,27.16054916381836,27.508006501386593,27.508006501386593,27.09654916381836,-10.068936321584532,62.62090802192688,0.0,-0.0007495284080505371,-0.44971704483032227,-0.4520642309060463,
924,47.96308726305142,2026-06-30T15:05:05.990+07:00,0.044389963150024414,-0.01626431941986084,26.63397789001465,27.018300507722984,27.018300507722984,26.56997789001465,-9.823993536445057,-9.758591651916504,0.0,-0.0008776187896728516,-0.5265712738037109,-0.48970599366361967,
925,48.014910869067535,2026-06-30T15:05:06.015+07:00,0.04398798942565918,-0.013202161528170109,26.392793655395508,26.77697310940837,26.77697310940837,26.328793655395508,-9.762204760018607,-7.921296916902065,0.0,-0.0004019737243652344,-0.24118423461914062,-0.2413273983146098,
926,48.06665560416877,2026-06-30T15:05:06.096+07:00,0.042785704135894775,-0.016301514580845833,25.671422481536865,26.0709286772631,26.0709286772631,25.607422481536865,-9.428236250688249,-9.7809087485075,0.0,-0.0012022852897644043,-0.7213711738586426,-0.7060444321452621,
927,48.11841617315076,2026-06-30T15:05:06.149+07:00,0.03308588266372681,-0.3569505214691162,19.851529598236084,23.699217875682308,23.699217875682308,19.787529598236084,-39.175170976309914,-214.17031288146973,0.0,-0.009699821472167969,-5.819892883300781,-2.3717108015808037,
928,48.17006890918128,2026-06-30T15:05:06.200+07:00,0.04094803333282471,0.16426950693130493,24.568819999694824,24.203335208842123,24.203335208842123,24.504819999694824,-11.310657038186243,98.56170415878296,0.0,0.0078621506690979,4.71729040145874,0.5041173331598259,
929,48.22172431205399,2026-06-30T15:05:06.251+07:00,0.04067409038543701,0.04348808526992798,24.404454231262207,24.292634534566435,24.292634534566435,24.340454231262207,-3.871001198373829,26.092851161956787,0.0,-0.0002739429473876953,-0.1643657684326172,0.08929932572431198,
930,48.27394554601051,2026-06-30T15:05:06.302+07:00,0.04052901268005371,-0.00010573864710750058,24.317407608032227,24.27204753713194,24.27204753713194,24.253407608032227,-1.8689075887165454,-0.06344318826450035,0.0,-0.00014507770538330078,-0.08704662322998047,-0.020586997434492105,
931,48.32602893002331,2026-06-30T15:05:06.354+07:00,0.04052901268005371,-1.6540290744160302e-05,24.317407608032227,24.26127484204284,24.26127484204284,24.253407608032227,-0.906436491224194,-0.009924174446496181,0.0,0.0,0.0,-0.010772695089087847,
932,48.37811207212508,2026-06-30T15:05:06.403+07:00,0.040762364864349365,0.01235121488571167,24.45741891860962,24.314424757428444,24.314424757428444,24.39341891860962,0.33951765798949196,7.410728931427002,0.0,0.0002333521842956543,0.14001131057739258,0.05314991538560321,
933,48.43020369601436,2026-06-30T15:05:06.455+07:00,0.0414157509803772,0.015368342399597168,24.84945058822632,24.54306897739709,24.54306897739709,24.78545058822632,2.805722871727429,9.2210054397583,0.0,0.000653386116027832,0.3920316696166992,0.22864421996865758,
934,48.48235213407315,2026-06-30T15:05:06.504+07:00,0.04246103763580322,0.02321365475654602,25.476622581481934,24.96988023673842,24.96988023673842,25.412622581481934,6.444941277346887,13.928192853927612,0.0,0.0010452866554260254,0.6271719932556152,0.4268112593413207,
935,48.53433681419119,2026-06-30T15:05:06.558+07:00,0.04383498430252075,0.028637796640396118,26.30099058151245,25.618974355285125,25.618974355285125,26.23699058151245,9.999535170734333,17.18267798423767,0.0,0.0013739466667175293,0.8243680000305176,0.6490941185467136,
936,48.58626951207407,2026-06-30T15:05:06.607+07:00,0.04527604579925537,0.36694595217704773,27.165627479553223,26.071586023256543,26.071586023256543,27.101627479553223,11.318530654042917,220.16757130622864,0.0,0.0014410614967346191,0.8646368980407715,0.4526116679714107,
937,48.63822969212197,2026-06-30T15:05:06.658+07:00,0.04656487703323364,0.33472901582717896,27.938926219940186,27.016212454168468,27.016212454168468,27.874926219940185,15.755213798378634,200.83740949630737,0.0,0.0012888312339782715,0.7732987403869629,0.9446264309119101,
938,48.690269760088995,2026-06-30T15:05:06.709+07:00,0.04144185781478882,-1.0832284688949585,24.86511468887329,26.495377633056215,26.495377633056215,24.80111468887329,-3.6079131583057613,-649.9370813369751,0.0,-0.005123019218444824,-3.0738115310668945,-0.5208348211122598,
939,48.74217525520362,2026-06-30T15:05:06.761+07:00,0.04903954267501831,0.025052130222320557,29.423725605010986,28.05710510445157,28.05710510445157,29.359725605010986,15.661842520987358,15.031278133392334,0.0,0.007597684860229492,4.558610916137695,1.5617274713953577,
940,48.79415637906641,2026-06-30T15:05:06.810+07:00,0.05033677816390991,0.16600170731544495,30.202066898345947,29.167915952241213,29.167915952241213,30.138066898345947,19.42080118190906,99.60102438926697,0.0,0.0012972354888916016,0.7783412933349609,1.1108108477896508,
941,48.8461634661071,2026-06-30T15:05:06.862+07:00,0.05141270160675049,0.027115464210510254,30.847620964050293,30.03131673731756,30.03131673731756,30.783620964050293,17.85983814385168,16.269278526306152,0.0,0.0010759234428405762,0.6455540657043457,0.863400785076351,
942,48.89830666407943,2026-06-30T15:05:06.910+07:00,0.052479088306427,0.02245873212814331,31.4874529838562,30.759553351145424,30.759553351145424,31.4234529838562,16.487039659379825,13.475239276885986,0.0,0.0010663866996765137,0.6398320198059082,0.7282366138278746,
943,48.95048001012765,2026-06-30T15:05:06.961+07:00,0.05357170104980469,0.02199631929397583,32.14302062988281,31.45184430123683,31.45184430123683,32.07902062988281,14.79453763421102,13.197791576385498,0.0,0.0010926127433776855,0.6555676460266113,0.6922909500914045,
944,49.003326984122396,2026-06-30T15:05:07.016+07:00,0.05482584238052368,0.02406013011932373,32.89550542831421,32.15717398793296,32.15717398793296,32.83150542831421,14.216746732722328,14.436078071594238,0.0,0.0012541413307189941,0.7524847984313965,0.7053296866961318,
945,49.055458886083215,2026-06-30T15:05:07.066+07:00,0.0559810996055603,0.025028586387634277,33.58865976333618,32.868319206741965,32.868319206741965,33.52465976333618,14.34895510293764,15.017151832580566,0.0,0.001155257225036621,0.6931543350219727,0.7111452188090084,
946,49.10736689902842,2026-06-30T15:05:07.117+07:00,0.057267189025878906,0.02824699878692627,34.360313415527344,33.6127889750608,33.6127889750608,34.296313415527344,14.661539293137,16.94819927215576,0.0,0.0012860894203186035,0.7716536521911621,0.7444697683188224,
947,49.15924483817071,2026-06-30T15:05:07.167+07:00,0.05865389108657837,0.05293053388595581,35.19233465194702,34.390091298096074,34.390091298096074,35.12833465194702,15.310525221298615,31.758320331573486,0.0,0.0013867020606994629,0.8320212364196777,0.7773023230352578,
948,49.211296221008524,2026-06-30T15:05:07.220+07:00,0.06000286340713501,0.07940971851348877,36.001718044281006,35.192095688466345,35.192095688466345,35.937718044281006,15.38627519750449,47.64583110809326,0.0,0.0013489723205566406,0.8093833923339844,0.8020043903702572,
949,49.26356986304745,2026-06-30T15:05:07.271+07:00,-0.0010991692543029785,0.030236363410949707,-0.6595015525817871,14.163335247884614,14.163335247884614,359.2764984474182,-218.63992828502163,18.141818046569824,0.0,-0.06110203266143799,-36.66121959686279,-21.02876044058172,
950,49.315330025041476,2026-06-30T15:05:07.323+07:00,0.00030750036239624023,0.04068951681256294,0.18450021743774414,5.9552333665983905,5.9552333665983905,0.12050021743774414,-179.40168990855437,24.413710087537766,0.0,0.0014066696166992188,0.8440017700195312,-8.208101881286211,
951,49.36710242717527,2026-06-30T15:05:07.397+07:00,0.00233536958694458,0.06430784612894058,1.401221752166748,2.3597821536197134,2.3597821536197134,1.337221752166748,-78.80526021436938,38.58470767736435,0.0,0.00202786922454834,1.216721534729004,-3.5954512129786735,
952,49.41888268105686,2026-06-30T15:05:07.449+07:00,0.003859877586364746,0.026466354727745056,2.3159265518188477,2.1996597345873257,2.1996597345873257,2.2519265518188476,-34.54403725217208,15.879812836647034,0.0,0.001524507999420166,0.9147047996520996,-0.16012241903237623,
953,49.47094699018635,2026-06-30T15:05:07.499+07:00,0.005122005939483643,0.06941896677017212,3.0732035636901855,2.5866001510749657,2.5866001510749657,3.0092035636901855,-9.837054424536094,41.65138006210327,0.0,0.0012621283531188965,0.7572770118713379,0.3869404164876471,
954,49.523016058141366,2026-06-30T15:05:07.551+07:00,0.006022095680236816,0.014873191714286804,3.61325740814209,3.058538301892988,3.058538301892988,3.54925740814209,1.3102226495529434,8.923915028572083,0.0,0.0009000897407531738,0.5400538444519043,0.47193815081803336,
955,49.574926109053195,2026-06-30T15:05:07.601+07:00,0.006635069847106934,0.018374934792518616,3.98104190826416,3.5173784041245675,3.5173784041245675,3.91704190826416,5.814337260345134,11.02496087551117,0.0,0.0006129741668701172,0.3677845001220703,0.45884010223159066,
956,49.62690206617117,2026-06-30T15:05:07.651+07:00,0.007222533226013184,0.014552786946296692,4.33351993560791,3.9135740030066537,3.9135740030066537,4.26951993560791,7.093361724188266,8.731672167778015,0.0,0.00058746337890625,0.35247802734375,0.39619559888208755,
957,49.67914706002921,2026-06-30T15:05:07.702+07:00,0.007904767990112305,0.013375595211982727,4.742860794067383,4.313675365887318,4.313675365887318,4.678860794067383,7.59952619009215,8.025357127189636,0.0,0.0006822347640991211,0.40934085845947266,0.4001013628806618,
958,49.73194209020585,2026-06-30T15:05:07.754+07:00,0.008417725563049316,0.010194197297096252,5.05063533782959,4.669920198282838,4.669920198282838,4.98663533782959,7.195013393300659,6.1165183782577515,0.0,0.0005129575729370117,0.30777454376220703,0.3562448323955323,
959,49.78437286103144,2026-06-30T15:05:07.803+07:00,0.008729517459869385,0.005016058683395386,5.237710475921631,4.9486794407035175,4.9486794407035175,5.173710475921631,6.225945855807688,3.0096352100372314,0.0,0.00031179189682006836,0.18707513809204102,0.2787592424206764,
960,49.8363695780281,2026-06-30T15:05:07.854+07:00,0.008726060390472412,-0.00022922457719687372,5.235636234283447,5.0774451250299375,5.0774451250299375,5.171636234283447,4.0449700447274894,-0.13753474631812423,0.0,-3.4570693969726562e-06,-0.0020742416381835938,0.12876568432642443,
961,49.88828223920427,2026-06-30T15:05:07.905+07:00,0.008726119995117188,-5.826354936289135e-06,5.2356719970703125,5.13185300759924,5.13185300759924,5.171671997070312,2.3036996698713477,-0.0034958129617734812,0.0,5.960464477539063e-08,3.5762786865234375e-05,0.05440788256930773,
962,49.94023497402668,2026-06-30T15:05:07.956+07:00,0.008726060390472412,-0.00022938850452192128,5.235636234283447,5.158147322886201,5.158147322886201,5.171636234283447,1.235276951365665,-0.13763310271315277,0.0,-5.960464477539063e-08,-3.5762786865234375e-05,0.026294315286975234,
963,49.9922917841468,2026-06-30T15:05:08.008+07:00,0.00871962308883667,0.09261960536241531,5.231773853302002,5.164585335874604,5.164585335874604,5.167773853302002,0.5852090119006474,55.57176321744919,0.0,-6.4373016357421875e-06,-0.0038623809814453125,0.006438012988411401,
964,50.044401759048924,2026-06-30T15:05:08.061+07:00,0.007743120193481445,-0.0473470464348793,4.645872116088867,4.962239788337603,4.962239788337603,4.581872116088867,-2.4250921730896815,-28.408227860927582,0.0,-0.0009765028953552246,-0.5859017372131348,-0.20234554753699285,
965,50.09664493822493,2026-06-30T15:05:08.110+07:00,0.008648693561553955,-0.0037239640951156616,5.189216136932373,5.064641112275137,5.064641112275137,5.125216136932373,0.09665256640925302,-2.234378457069397,0.0,0.0009055733680725098,0.5433440208435059,0.10240132393752788,
966,50.148651785217226,2026-06-30T15:05:08.160+07:00,0.008021712303161621,0.014559760689735413,4.813027381896973,4.937145963949458,4.937145963949458,4.749027381896973,-1.7937275825658647,8.735856413841248,0.0,-0.000626981258392334,-0.3761887550354004,-0.12749514832569275,
967,50.20073509402573,2026-06-30T15:05:08.214+07:00,0.006825625896453857,-0.012120840139687061,4.0953755378723145,4.493145793484999,4.493145793484999,4.031375537872314,-5.856267200074031,-7.272504083812237,0.0,-0.0011960864067077637,-0.7176518440246582,-0.44400017046444873,
968,50.25306893908419,2026-06-30T15:05:08.265+07:00,0.00561070442199707,-0.02471977099776268,3.366422653198242,3.8913627468963474,3.8913627468963474,3.302422653198242,-9.483398465440638,-14.831862598657608,0.0,-0.0012149214744567871,-0.7289528846740723,-0.6017830465886504,
969,50.3052534700837,2026-06-30T15:05:08.317+07:00,0.0043828487396240234,-0.0035676027182489634,2.629709243774414,3.2119991291988788,3.2119991291988788,2.565709243774414,-11.727547356215801,-2.140561630949378,0.0,-0.0012278556823730469,-0.7367134094238281,-0.6793636176974758,
970,50.35748913115822,2026-06-30T15:05:08.367+07:00,0.003135859966278076,-0.024086562916636467,1.8815159797668457,2.49464377410389,2.49464377410389,1.8175159797668456,-13.49841219725394,-14.45193774998188,0.0,-0.0012469887733459473,-0.7481932640075684,-0.7173553550949805,
971,50.409324144013226,2026-06-30T15:05:08.419+07:00,0.001544177532196045,-0.05758443474769592,0.926506519317627,1.6758091786828835,1.6758091786828835,0.8625065193176269,-15.108263576583502,-34.550660848617554,0.0,-0.0015916824340820312,-0.9550094604492188,-0.8188345954210092,
972,50.46139658312313,2026-06-30T15:05:08.469+07:00,0.0006248950958251953,-0.020592371001839638,0.3749370574951172,0.9638545754899348,0.9638545754899348,0.3109370574951172,-14.653001115529909,-12.355422601103783,0.0,-0.0009192824363708496,-0.5515694618225098,-0.711954603192936,
973,50.51330072619021,2026-06-30T15:05:08.522+07:00,-0.0004073977470397949,-0.04453854262828827,-0.24443864822387695,0.30994487273688315,0.30994487273688315,359.6915613517761,-13.273019819061933,-26.72312557697296,0.0,-0.0010322928428649902,-0.6193757057189941,-0.6539097027530545,
974,50.56540075712837,2026-06-30T15:05:08.575+07:00,-0.0012593269348144531,-0.017358846962451935,-0.7555961608886719,359.72235707638225,359.72235707638225,359.1804038391113,-12.09710888216865,-10.415308177471161,0.0,-0.0008519291877746582,-0.5111575126647949,-0.5875877963546827,
975,50.617244529072195,2026-06-30T15:05:08.626+07:00,0.060170114040374756,-0.022522928193211555,36.10206842422485,12.24454663885939,12.24454663885939,36.03806842422485,181.8814543655186,-13.513756915926933,0.0,0.06142944097518921,36.857664585113525,12.522189562477138,
976,50.66917128302157,2026-06-30T15:05:08.675+07:00,0.05893439054489136,-0.025250138714909554,35.360634326934814,25.640415858902166,25.640415858902166,35.296634326934814,225.86152511222375,-15.150083228945732,0.0,-0.0012357234954833984,-0.7414340972900391,13.395869220042783,
977,50.72115601808764,2026-06-30T15:05:08.727+07:00,0.05650734901428223,0.49484488368034363,33.904409408569336,30.60878983535588,30.60878983535588,33.840409408569336,147.80639981382328,296.9069302082062,0.0,-0.002427041530609131,-1.4562249183654785,4.968373976453705,
978,50.77329734619707,2026-06-30T15:05:08.779+07:00,0.055968284606933594,-0.004962981212884188,33.580970764160156,32.395432161744324,32.395432161744324,33.516970764160156,80.79284967581853,-2.9777887277305126,0.0,-0.0005390644073486328,-0.3234386444091797,1.7866423263884599,
979,50.825493914075196,2026-06-30T15:05:08.856+07:00,0.053810060024261475,0.007829457521438599,32.286036014556885,32.488611065201496,32.488611065201496,32.222036014556885,21.372644413487404,4.697674512863159,0.0,-0.002158224582672119,-1.2949347496032715,0.09317890345715796,
980,50.87757931603119,2026-06-30T15:05:08.906+07:00,0.05209475755691528,0.5188943147659302,31.25685453414917,31.86318205416559,31.86318205416559,31.19285453414917,1.6511466252621272,311.3365888595581,0.0,-0.0017153024673461914,-1.0291814804077148,-0.6254290110359193,
981,50.9293838290032,2026-06-30T15:05:08.959+07:00,0.050579965114593506,-0.02841144986450672,30.347979068756104,30.321658562391413,30.321658562391413,30.283979068756103,-11.927324861106761,-17.046869918704033,0.0,-0.0015147924423217773,-0.9088754653930664,-1.5415234917741714,
982,50.98242522915825,2026-06-30T15:05:09.011+07:00,0.04895561933517456,-0.03346273675560951,29.373371601104736,29.853465080855763,29.853465080855763,29.309371601104736,-10.921579857991517,-20.077642053365707,0.0,-0.0016243457794189453,-0.9746074676513672,-0.4681934815356499,
983,51.03436896414496,2026-06-30T15:05:09.060+07:00,0.04731130599975586,-0.020722659304738045,28.386783599853516,28.971896655610454,28.971896655610454,28.322783599853516,-14.794223261337503,-12.433595582842827,0.0,-0.0016443133354187012,-0.9865880012512207,-0.8815684252453195,
984,51.08641742100008,2026-06-30T15:05:09.110+07:00,0.04403787851333618,0.010420726612210274,26.42272710800171,27.798394508820824,27.798394508820824,26.35872710800171,-22.16168441603834,6.252435967326164,0.0,-0.0032734274864196777,-1.9640564918518066,-1.1735021467896445,
985,51.138539989013225,2026-06-30T15:05:09.162+07:00,0.044702887535095215,0.06962317228317261,26.82173252105713,27.265185374205927,27.265185374205927,26.75773252105713,-15.507806481473528,41.773903369903564,0.0,0.0006650090217590332,0.3990054130554199,-0.533209134614907,
986,51.190921002067626,2026-06-30T15:05:09.214+07:00,0.04360306262969971,-0.020335257053375244,26.161837577819824,26.65552009133679,26.65552009133679,26.097837577819824,-13.337142706548425,-12.201154232025146,0.0,-0.0010998249053955078,-0.6598949432373047,-0.6096652828691447,
987,51.243055736180395,2026-06-30T15:05:09.261+07:00,0.04260283708572388,-0.011633367277681828,25.561702251434326,26.05264385171083,26.05264385171083,25.497702251434326,-13.14134768694973,-6.9800203666090965,0.0,-0.00100022554397583,-0.600135326385498,-0.6028762396259708,
988,51.29529758216813,2026-06-30T15:05:09.312+07:00,0.041515350341796875,-0.02070099301636219,24.909210205078125,25.4307638200362,25.4307638200362,24.845210205078125,-12.929697011208878,-12.420595809817314,0.0,-0.001087486743927002,-0.6524920463562012,-0.6218800316746353,
989,51.347252855077386,2026-06-30T15:05:09.363+07:00,0.04045623540878296,-0.020686449483036995,24.273741245269775,24.808944407423844,24.808944407423844,24.209741245269775,-12.876237796544261,-12.411869689822197,0.0,-0.001059114933013916,-0.6354689598083496,-0.6218194126123535,
990,51.39934408920817,2026-06-30T15:05:09.415+07:00,0.03956449031829834,-0.014979453757405281,23.738694190979004,24.216017255039322,24.216017255039322,23.674694190979004,-12.03997582699142,-8.987672254443169,0.0,-0.0008917450904846191,-0.5350470542907715,-0.592927152384533,
991,51.45141054713167,2026-06-30T15:05:09.469+07:00,0.0385211706161499,0.31689929962158203,23.11270236968994,23.6272643136363,23.6272643136363,23.04870236968994,-11.568010002459665,190.13957977294922,0.0,-0.0010433197021484375,-0.6259918212890625,-0.5887529414030155,
992,51.50346609717235,2026-06-30T15:05:09.521+07:00,0.03897297382354736,9.989738464355469e-05,23.383784294128418,23.367756603837247,23.367756603837247,23.319784294128418,-7.237635036843489,0.05993843078613281,0.0,0.00045180320739746094,0.27108192443847656,-0.25950770979903837,
993,51.55543161020614,2026-06-30T15:05:09.571+07:00,0.03833448886871338,0.3785742223262787,23.000693321228027,23.20780136211792,23.20780136211792,22.936693321228027,-5.324964108809507,227.1445333957672,0.0,-0.0006384849548339844,-0.3830909729003906,-0.15995524171933084,
994,51.60764027014375,2026-06-30T15:05:09.620+07:00,0.03905487060546875,0.008176147937774658,23.43292236328125,23.289669829557475,23.289669829557475,23.36892236328125,-1.25904369603489,4.905688762664795,0.0,0.0007203817367553711,0.43222904205322266,0.08186846743956266,
995,51.65920433914289,2026-06-30T15:05:09.670+07:00,0.03962850570678711,0.2450372278690338,23.777103424072266,23.48436952206724,23.48436952206724,23.713103424072266,1.9077788568627267,147.0223367214203,0.0,0.0005736351013183594,0.3441810607910156,0.19469969250977215,
996,51.710946853039786,2026-06-30T15:05:09.720+07:00,0.04026693105697632,0.05258828401565552,24.16015863418579,23.771255152643032,23.771255152643032,24.09615863418579,4.303890233488023,31.55297040939331,0.0,0.000638425350189209,0.3830552101135254,0.28688563057579586,
997,51.762997625162825,2026-06-30T15:05:09.769+07:00,0.041081905364990234,0.01708623766899109,24.64914321899414,24.18251707332728,24.18251707332728,24.58514321899414,6.785631343119135,10.251742601394653,0.0,0.000814974308013916,0.4889845848083496,0.4112619206842396,
998,51.81461652717553,2026-06-30T15:05:09.844+07:00,0.04239201545715332,0.5550031065940857,25.435209274291992,24.954058476214243,24.954058476214243,25.371209274291992,9.379980289629616,333.0018639564514,0.0,0.001310110092163086,0.7860660552978516,0.7715414028869532,
999,51.866239078110084,2026-06-30T15:05:09.894+07:00,0.04386097192764282,0.31522053480148315,26.316583156585693,25.61383363037959,25.61383363037959,26.252583156585693,11.579582039084444,189.1323208808899,0.0,0.001468956470489502,0.8813738822937012,0.6597751541653452,
1000,51.91783937020227,2026-06-30T15:05:09.944+07:00,0.03733479976654053,-1.3783560991287231,22.400879859924316,24.681973683549657,24.681973683549657,22.336879859924316,-10.984069791103995,-827.0136594772339,0.0,-0.006526172161102295,-3.915703296661377,-0.9318599468299453,
1001,51.969616901129484,2026-06-30T15:05:09.994+07:00,0.04611086845397949,0.022658616304397583,27.666521072387695,26.30215094686293,26.30215094686293,27.602521072387695,13.78346820009162,13.59516978263855,0.0,0.008776068687438965,5.265641212463379,1.6201772633132805,
1002,52.021373267052695,2026-06-30T15:05:10.045+07:00,0.04727327823638916,0.024007439613342285,28.363966941833496,27.379231971498864,27.379231971498864,28.299966941833496,17.870641312188113,14.404463768005371,0.0,0.001162409782409668,0.6974458694458008,1.0770810246359304,
1003,52.07326946500689,2026-06-30T15:05:10.094+07:00,0.04867446422576904,0.04322993755340576,29.204678535461426,28.298729185602998,28.298729185602998,29.140678535461426,18.608149004999458,25.937962532043457,0.0,0.0014011859893798828,0.8407115936279297,0.9194972141041262,
1004,52.1252729780972,2026-06-30T15:05:10.144+07:00,0.05029606819152832,0.03548151254653931,30.177640914916992,29.24815875275221,29.24815875275221,30.113640914916992,18.934568868153566,21.288907527923584,0.0,0.0016216039657592773,0.9729623794555664,0.9494295671492239,
1005,52.17697736201808,2026-06-30T15:05:10.196+07:00,0.051905691623687744,0.027293264865875244,31.143414974212646,30.21123359370011,30.21123359370011,31.079414974212646,18.913775279343017,16.375958919525146,0.0,0.0016096234321594238,0.9657740592956543,0.9630748409479111,
1006,52.22877472708933,2026-06-30T15:05:10.245+07:00,0.053440630435943604,0.03401380777359009,32.06437826156616,30.850460920301344,30.850460920301344,32.00037826156616,17.152870161233512,20.408284664154053,0.0,0.0015349388122558594,0.9209632873535156,0.6392273266012296,
1007,52.28045707405545,2026-06-30T15:05:10.296+07:00,0.055328428745269775,0.10042095184326172,33.197057247161865,32.03248749780712,32.03248749780712,33.133057247161865,20.695566173251628,60.25257110595703,0.0,0.0018877983093261719,1.1326789855957031,1.1820265775057806,
1008,52.33228190219961,2026-06-30T15:05:10.345+07:00,0.05688446760177612,0.03276956081390381,34.130680561065674,33.104695555187696,33.104695555187696,34.066680561065674,21.603173960567922,19.661736488342285,0.0,0.0015560388565063477,0.9336233139038086,1.0722080573805783,
1009,52.383898749016225,2026-06-30T15:05:10.395+07:00,0.05843549966812134,0.029983341693878174,35.0612998008728,34.09424110667831,34.09424110667831,34.9972998008728,20.689457167594107,17.990005016326904,0.0,0.0015510320663452148,0.9306192398071289,0.9895455514906075,
1010,52.43571076216176,2026-06-30T15:05:10.446+07:00,0.05982905626296997,0.2762995958328247,35.89743375778198,34.1750141456325,34.1750141456325,35.83343375778198,15.32435419605492,165.77975749969482,0.0,0.0013935565948486328,0.8361339569091797,0.08077303895419163,
1011,52.48733555315994,2026-06-30T15:05:10.496+07:00,-0.0022234320640563965,-0.482590913772583,-1.334059238433838,22.155475563655514,22.155475563655514,358.60194076156614,-169.57804431250472,-289.5545482635498,0.0,-0.06205248832702637,-37.23149299621582,-12.019538581976974,
1012,52.53904667822644,2026-06-30T15:05:10.547+07:00,-0.0008233189582824707,0.02347487583756447,-0.4939913749694824,8.963499261282497,8.963499261282497,359.4420086250305,-215.3155289927267,14.084925502538681,0.0,0.0014001131057739258,0.8400678634643555,-13.191976302373007,
1013,52.59077187604271,2026-06-30T15:05:10.621+07:00,0.001040637493133545,0.02736407145857811,0.624382495880127,2.660214395783019,2.660214395783019,0.5603824958801269,-113.37981589495669,16.418442875146866,0.0,0.0018639564514160156,1.1183738708496094,-6.303284865499478,
1014,52.64239529706538,2026-06-30T15:05:10.671+07:00,0.002375185489654541,0.023445062339305878,1.4251112937927246,1.8244563648511527,1.8244563648511527,1.3611112937927246,-56.64008034957962,14.067037403583527,0.0,0.001334547996520996,0.8007287979125977,-0.8357580309318564,
1015,52.69395733019337,2026-06-30T15:05:10.721+07:00,0.0033730268478393555,0.017812378704547882,2.0238161087036133,1.8383600842664176,1.8383600842664176,1.9598161087036132,-23.43330513917962,10.68742722272873,0.0,0.0009978413581848145,0.5987048149108887,0.01390371941525359,
1016,52.74560952815227,2026-06-30T15:05:10.771+07:00,0.004090607166290283,0.006725914776325226,2.45436429977417,2.070770381652441,2.070770381652441,2.39036429977417,-6.798021863734244,4.0355488657951355,0.0,0.0007175803184509277,0.43054819107055664,0.23241029738602492,
1017,52.79734896821901,2026-06-30T15:05:10.823+07:00,0.00431293249130249,0.011896587908267975,2.587759494781494,2.298834862287668,2.298834862287668,2.523759494781494,-0.24810857855455648,7.137952744960785,0.0,0.00022232532501220703,0.13339519500732422,0.22806448063522566,
1018,52.8490157041233,2026-06-30T15:05:10.872+07:00,0.004332005977630615,-0.00015848503971938044,2.599203586578369,2.435646969858,2.435646969858,2.535203586578369,1.4293880951484526,-0.09509102383162826,0.0,1.9073486328125e-05,0.011444091796875,0.13681210757033568,
1019,52.90072842105292,2026-06-30T15:05:10.922+07:00,0.004338085651397705,0.009475115686655045,2.602851390838623,2.4943932394030637,2.4943932394030637,2.538851390838623,1.2672119767543855,5.685069411993027,0.0,6.079673767089844e-06,0.0036478042602539062,0.05874626954505402,
1020,52.952542934101075,2026-06-30T15:05:10.972+07:00,0.004332005977630615,7.245317101478577e-05,2.599203586578369,2.51795307886279,2.51795307886279,2.535203586578369,0.7952414271680787,0.04347190260887146,0.0,-6.079673767089844e-06,-0.0036478042602539062,0.023559839459721843,
1021,53.004153170157224,2026-06-30T15:05:11.023+07:00,0.004331827163696289,-0.00023307654191739857,2.5990962982177734,2.5297245758630136,2.5297245758630136,2.5350962982177734,0.4536069718559971,-0.13984592515043914,0.0,-1.7881393432617188e-07,-0.00010728836059570312,0.011771497000211184,
1022,53.05585144320503,2026-06-30T15:05:11.073+07:00,0.004316747188568115,-2.1718451534979977e-06,2.590048313140869,2.5275771260389415,2.5275771260389415,2.526048313140869,0.16778883378934384,-0.0013031070920987986,0.0,-1.5079975128173828e-05,-0.009047985076904297,-0.0021474498240650064,
1023,53.10785614117049,2026-06-30T15:05:11.122+07:00,0.004316568374633789,-0.00023313614656217396,2.5899410247802734,2.528381524874606,2.528381524874606,2.5259410247802734,0.07028262253649312,-0.13988168793730438,0.0,-1.7881393432617188e-07,-0.00010728836059570312,0.0008043988356689624,
1024,53.15965413511731,2026-06-30T15:05:11.173+07:00,0.004269301891326904,-0.0029824310913681984,2.5615811347961426,2.5165905566710203,2.5165905566710203,2.4975811347961425,-0.15324493420153956,-1.789458654820919,0.0,-4.7266483306884766e-05,-0.02835988998413086,-0.011790968203598595,
1025,53.21129081607796,2026-06-30T15:05:11.223+07:00,0.003855764865875244,-0.012616005726158619,2.3134589195251465,2.3998291530138625,2.3998291530138625,2.2494589195251464,-1.5670421621576938,-7.569603435695171,0.0,-0.00041353702545166016,-0.2481222152709961,-0.11676140365716492,
1026,53.26307960716076,2026-06-30T15:05:11.273+07:00,0.002701997756958008,-0.036167409271001816,1.6211986541748047,2.0141294058171804,2.0141294058171804,1.5571986541748046,-5.4333730182364315,-21.70044556260109,0.0,-0.0011537671089172363,-0.6922602653503418,-0.3856997471966679,
1027,53.314696102170274,2026-06-30T15:05:11.324+07:00,0.0020224452018737793,-0.023188531398773193,1.2134671211242676,1.5892804638194358,1.5892804638194358,1.1494671211242675,-7.346577681370846,-13.913118839263916,0.0,-0.0006795525550842285,-0.4077315330505371,-0.4248489419977375,
1028,53.366241560084745,2026-06-30T15:05:11.373+07:00,0.00045555830001831055,-0.02902980148792267,0.27333498001098633,0.9037117084061062,0.9037117084061062,0.20933498001098633,-11.386885565170934,-17.4178808927536,0.0,-0.0015668869018554688,-0.9401321411132812,-0.6855687554133283,
1029,53.41787325916812,2026-06-30T15:05:11.449+07:00,0.0653301328420639,8.456562042236328,39.19807970523834,13.718411422295675,13.718411422295675,39.13407970523834,183.44303667136808,5073.937225341797,0.0,0.0648745745420456,38.924744725227356,12.814699713889581,
1030,53.46936486521736,2026-06-30T15:05:11.498+07:00,0.058736324310302734,-0.03242260590195656,35.24179458618164,26.222107479055218,26.222107479055218,35.17779458618164,216.1285150297755,-19.453563541173935,0.0,-0.006593808531761169,-3.9562851190567017,12.503696056759537,
1031,53.52085171220824,2026-06-30T15:05:11.549+07:00,0.053419649600982666,-0.4538803696632385,32.0517897605896,30.162284444753812,30.162284444753812,31.9877897605896,131.76824178856054,-272.3282217979431,0.0,-0.005316674709320068,-3.190004825592041,3.9401769656985834,
1032,53.57240685611032,2026-06-30T15:05:11.601+07:00,0.055553436279296875,-0.028459608554840088,33.332061767578125,32.05375547388131,32.05375547388131,33.268061767578125,75.34508491952373,-17.075765132904053,0.0,0.002133786678314209,1.2802720069885254,1.8914710291275014,
1033,53.62401462905109,2026-06-30T15:05:11.651+07:00,0.05403280258178711,-0.029494766145944595,32.419681549072266,32.32174726171235,32.32174726171235,32.355681549072266,34.174502620933694,-17.696859687566757,0.0,-0.0015206336975097656,-0.9123802185058594,0.2679917878310505,
1034,53.67554134619422,2026-06-30T15:05:11.701+07:00,0.052722036838531494,-0.024689944460988045,31.633222103118896,31.97973577761135,31.97973577761135,31.569222103118896,10.130690855768112,-14.813966676592827,0.0,-0.0013107657432556152,-0.7864594459533691,-0.34201148410099336,
1035,53.727205156115815,2026-06-30T15:05:11.750+07:00,0.05147445201873779,-0.02740180678665638,30.884671211242676,31.268556775712582,31.268556775712582,30.820671211242676,-3.557818213868594,-16.441084071993828,0.0,-0.0012475848197937012,-0.7485508918762207,-0.7111790018987563,
1036,53.77897429908626,2026-06-30T15:05:11.800+07:00,0.0503542423248291,0.0701335072517395,30.21254539489746,30.685715702692935,30.685715702692935,30.14854539489746,-8.25322302939436,42.0801043510437,0.0,-0.0011202096939086914,-0.6721258163452148,-0.5828410730196367,
1037,53.83090818207711,2026-06-30T15:05:11.850+07:00,0.0491490364074707,-0.0016233924543485045,29.489421844482422,30.032918369199546,30.032918369199546,29.425421844482422,-11.09358887386549,-0.9740354726091027,0.0,-0.0012052059173583984,-0.7231235504150391,-0.6527973334933961,
1038,53.88261125120334,2026-06-30T15:05:11.902+07:00,0.0475427508354187,-0.016584308817982674,28.52565050125122,29.231377250021456,29.231377250021456,28.46165050125122,-13.813706756556044,-9.950585290789604,0.0,-0.001606285572052002,-0.9637713432312012,-0.801541119178097,
1039,53.93408680218272,2026-06-30T15:05:11.951+07:00,0.04607802629470825,-0.025830687955021858,27.64681577682495,28.37437001254279,28.37437001254279,27.58281577682495,-15.957128577124505,-15.498412773013115,0.0,-0.0014647245407104492,-0.8788347244262695,-0.8570072374786548,
1040,53.985611390089616,2026-06-30T15:05:12.001+07:00,0.04436075687408447,0.36953380703926086,26.616454124450684,27.46535896957392,27.46535896957392,26.552454124450684,-17.741967212346097,221.72028422355652,0.0,-0.0017172694206237793,-1.0303616523742676,-0.9090110429688707,
1041,54.0371527930256,2026-06-30T15:05:12.053+07:00,0.04348552227020264,-0.02190527506172657,26.091313362121582,26.732511903378267,26.732511903378267,26.027313362121582,-16.10968492493473,-13.143165037035942,0.0,-0.0008752346038818359,-0.5251407623291016,-0.7328470661956601,
1042,54.08867802913301,2026-06-30T15:05:12.103+07:00,0.03960317373275757,-0.37080880999565125,23.76190423965454,25.441241473641043,25.441241473641043,23.69790423965454,-23.774155880497993,-222.48528599739075,0.0,-0.0038823485374450684,-2.329409122467041,-1.2912704297372102,
1043,54.14020128315315,2026-06-30T15:05:12.152+07:00,0.04119366407394409,-0.023380698636174202,24.716198444366455,25.06642503024464,25.06642503024464,24.652198444366455,-14.678089181695148,-14.028419181704521,0.0,0.0015904903411865234,0.9542942047119141,-0.37481644339641207,
1044,54.19192388909869,2026-06-30T15:05:12.201+07:00,0.03987693786621094,-0.0026762487832456827,23.926162719726562,24.465845974566534,24.465845974566534,23.862162719726562,-13.425784565528495,-1.6057492699474096,0.0,-0.0013167262077331543,-0.7900357246398926,-0.6005790556781108,
1045,54.24352455115877,2026-06-30T15:05:12.251+07:00,0.038659870624542236,0.04009729623794556,23.195922374725342,23.765556348500194,23.765556348500194,23.13192237472534,-13.851993026144697,24.058377742767334,0.0,-0.0012170672416687012,-0.7302403450012207,-0.7002896260663363,
1046,54.29514680500142,2026-06-30T15:05:12.303+07:00,0.03456753492355347,-0.5222127437591553,20.74052095413208,22.4659846490115,22.4659846490115,20.67652095413208,-22.23358959387643,-313.32764625549316,0.0,-0.0040923357009887695,-2.4554014205932617,-1.2995716994886948,
1047,54.346913282060996,2026-06-30T15:05:12.377+07:00,0.03636258840560913,-0.01669117994606495,21.81755304336548,22.091545301706574,22.091545301706574,21.75355304336548,-10.217059671318445,-10.01470796763897,0.0,0.001795053482055664,1.0770320892333984,-0.37443934730492856,
1048,54.39866801700555,2026-06-30T15:05:12.428+07:00,0.03251606225967407,-0.5500562191009521,19.509637355804443,21.026595838732007,21.026595838732007,19.445637355804443,-17.987076119285796,-330.0337314605713,0.0,-0.0038465261459350586,-2.307915687561035,-1.0649494629745675,
1049,54.45047169714235,2026-06-30T15:05:12.477+07:00,0.03465163707733154,0.29828885197639465,20.790982246398926,20.906762379529066,20.906762379529066,20.726982246398926,-9.16500782507604,178.9733111858368,0.0,0.0021355748176574707,1.2813448905944824,-0.11983345920293687,
1050,54.50227550719865,2026-06-30T15:05:12.530+07:00,0.03398442268371582,-0.003541827667504549,20.390653610229492,20.602284100904996,20.602284100904996,20.326653610229492,-7.191833572734186,-2.1250966005027294,0.0,-0.0006672143936157227,-0.4003286361694336,-0.3044782786240603,
1051,54.55410161311738,2026-06-30T15:05:12.577+07:00,0.03358626365661621,-0.007424205541610718,20.151758193969727,20.343148804519192,20.343148804519192,20.087758193969727,-6.297217138616714,-4.454523324966431,0.0,-0.0003981590270996094,-0.23889541625976562,-0.2591352963858071,
1052,54.60609366209246,2026-06-30T15:05:12.627+07:00,0.03348851203918457,0.05776819586753845,20.093107223510742,20.141319529913027,20.141319529913027,20.029107223510742,-4.768890240175268,34.66091752052307,0.0,-9.775161743164062e-05,-0.058650970458984375,-0.20182927460615474,
1053,54.658051416045055,2026-06-30T15:05:12.689+07:00,0.03373849391937256,0.015910714864730835,20.243096351623535,20.123195853486717,20.123195853486717,20.179096351623535,-2.0062388552223362,9.546428918838501,0.0,0.0002499818801879883,0.14998912811279297,-0.018123676426313295,
1054,54.709665541071445,2026-06-30T15:05:12.736+07:00,0.034952640533447266,0.23536741733551025,20.97158432006836,20.436338040342097,20.436338040342097,20.90758432006836,3.5271977788516606,141.22045040130615,0.0,0.001214146614074707,0.7284879684448242,0.313142186855373,
1055,54.761499961139634,2026-06-30T15:05:12.785+07:00,0.03633803129196167,0.03235393762588501,21.802818775177002,21.105687702434704,21.105687702434704,21.738818775177002,9.630977543869985,19.412362575531006,0.0,0.0013853907585144043,0.8312344551086426,0.6693496620925998,
1056,54.81309867906384,2026-06-30T15:05:12.836+07:00,0.03800225257873535,0.031914472579956055,22.80135154724121,21.95062592585878,21.95062592585878,22.73735154724121,13.749228579045903,19.148683547973633,0.0,0.0016642212867736816,0.998532772064209,0.8449382234240659,
1057,54.86471837805584,2026-06-30T15:05:12.888+07:00,0.03972834348678589,0.2975199520587921,23.837006092071533,22.912764902417248,22.912764902417248,23.773006092071533,16.595735181435472,178.51197123527527,0.0,0.0017260909080505371,1.0356545448303223,0.9621389765584638,
1058,54.916448613163084,2026-06-30T15:05:12.936+07:00,0.041172683238983154,0.0319439172744751,24.703609943389893,23.808162903784712,23.808162903784712,24.639609943389893,17.710177940634228,19.16635036468506,0.0,0.0014443397521972656,0.8666038513183594,0.8953980013674538,
1059,54.968154923059046,2026-06-30T15:05:12.985+07:00,0.04260224103927612,0.024649441242218018,25.561344623565674,24.69787086830335,24.69787086830335,25.497344623565674,18.046023788763257,14.78966474533081,0.0,0.0014295578002929688,0.8577346801757812,0.8897079645186352,
1060,55.0199812320061,2026-06-30T15:05:13.035+07:00,0.04174882173538208,0.4360033869743347,25.049293041229248,25.083635859929913,25.083635859929913,24.985293041229248,10.149796613135251,261.60203218460083,0.0,-0.000853419303894043,-0.5120515823364258,0.38576499162655864,
1061,55.07181700505316,2026-06-30T15:05:13.085+07:00,0.04553961753845215,0.028799086809158325,27.32377052307129,26.2617107231356,26.2617107231356,27.25977052307129,18.02350887093444,17.279452085494995,0.0,0.0037907958030700684,2.274477481842041,1.178074863205694,
1062,55.12340405606665,2026-06-30T15:05:13.136+07:00,0.045884788036346436,0.29791396856307983,27.53087282180786,27.016108559323847,27.016108559323847,27.46687282180786,15.559025854405759,178.7483811378479,0.0,0.0003451704978942871,0.20710229873657227,0.7543978361882466,
1063,55.175125069217756,2026-06-30T15:05:13.188+07:00,0.0487520694732666,0.03817927837371826,29.25124168395996,28.14161641036645,28.14161641036645,29.18724168395996,19.169590382252007,22.907567024230957,0.0,0.002867281436920166,1.7203688621520996,1.125507851042613,
1064,55.226944267051294,2026-06-30T15:05:13.238+07:00,0.050367772579193115,0.8110201358795166,30.22066354751587,29.208080525628738,29.208080525628738,30.15666354751587,20.273434850489938,486.61208152770996,0.0,0.0016157031059265137,0.9694218635559082,1.0664641152622778,
1065,55.278591874055564,2026-06-30T15:05:13.287+07:00,0.05239748954772949,0.47712987661361694,31.438493728637695,30.32419107404195,30.32419107404195,31.374493728637695,21.739487374777518,286.27792596817017,0.0,0.002029716968536377,1.2178301811218262,1.1161105484132179,
1066,55.33053527516313,2026-06-30T15:05:13.361+07:00,0.052849650382995605,-0.09221431612968445,31.709790229797363,30.945615181089536,30.945615181089536,31.645790229797363,11.167930976162705,-55.32858967781067,0.0,0.0004521608352661133,0.27129650115966797,0.6214241070475737,
1067,55.38218043721281,2026-06-30T15:05:13.412+07:00,0.057870447635650635,0.047305166721343994,34.72226858139038,32.92319299181299,32.92319299181299,34.65826858139038,27.306748566851414,28.383100032806396,0.0,0.005020797252655029,3.0124783515930176,1.97757781072346,
1068,55.4335917471908,2026-06-30T15:05:13.462+07:00,0.0601004958152771,0.29406046867370605,36.06029748916626,34.54735352964539,34.54735352964539,35.99629748916626,30.28860443257189,176.43628120422363,0.0,0.002230048179626465,1.338028907775879,1.6241605378324095,
1069,55.48524489114061,2026-06-30T15:05:13.514+07:00,-0.0007656216621398926,0.019072523340582848,-0.45937299728393555,14.182317485429126,14.182317485429126,359.47662700271604,-200.33173558289187,11.443514004349709,0.0,-0.06086611747741699,-36.519670486450195,-20.365036044216254,
1070,55.53701021918096,2026-06-30T15:05:13.563+07:00,0.0012646317481994629,0.03950946033000946,0.7587790489196777,6.269181383630331,6.269181383630331,0.6947790489196777,-173.78126616958315,23.705676198005676,0.0,0.0020302534103393555,1.2181520462036133,-7.913136101798784,
1071,55.58861284307204,2026-06-30T15:05:13.613+07:00,0.003053009510040283,0.03635786473751068,1.83180570602417,3.556668097558364,3.556668097558364,1.7678057060241699,-102.66851762145095,21.81471884250641,0.0,0.0017883777618408203,1.0730266571044922,-2.712513286071953,
1072,55.64067687513307,2026-06-30T15:05:13.664+07:00,0.0047422051429748535,0.03024090826511383,2.845323085784912,3.012217725062479,3.012217725062479,2.781323085784912,-48.755998397779095,18.1445449590683,0.0,0.0016891956329345703,1.0135173797607422,-0.5444503724958736,
1073,55.692538258153945,2026-06-30T15:05:13.714+07:00,0.006040632724761963,0.09397311508655548,3.6243796348571777,3.2516190814006154,3.2516190814006154,3.5603796348571777,-17.471851955259062,56.38386905193329,0.0,0.0012984275817871094,0.7790565490722656,0.23940135633813497,
1074,55.74435895704664,2026-06-30T15:05:13.766+07:00,0.00716787576675415,0.08263327181339264,4.30072546005249,3.7608483416292278,3.7608483416292278,4.23672546005249,-1.6555365108360443,49.57996308803558,0.0,0.0011272430419921875,0.6763458251953125,0.5092292602286079,
1075,55.79597828513943,2026-06-30T15:05:13.814+07:00,0.008240938186645508,0.022678405046463013,4.944562911987305,4.3421186087598915,4.3421186087598915,4.880562911987305,6.186944723936766,13.607043027877808,0.0,0.0010730624198913574,0.6438374519348145,0.5812702671306624,
1076,55.84773405804299,2026-06-30T15:05:13.864+07:00,0.009299159049987793,0.02012283354997635,5.579495429992676,4.946218383656813,4.946218383656813,5.515495429992676,9.673256786795388,12.07370012998581,0.0,0.0010582208633422852,0.6349325180053711,0.6040997748969232,
1077,55.89928049710579,2026-06-30T15:05:13.914+07:00,0.010149002075195312,0.02431005984544754,6.0894012451171875,5.514642161046417,5.514642161046417,6.025401245117187,10.861693405370753,14.586035907268524,0.0,0.0008498430252075195,0.5099058151245117,0.5684237773895973,
1078,55.95141738001257,2026-06-30T15:05:13.964+07:00,0.011221706867218018,0.044791653752326965,6.7330241203308105,6.101426296638913,6.101426296638913,6.6690241203308105,11.452675440462938,26.87499225139618,0.0,0.001072704792022705,0.643622875213623,0.5867841355924952,
1079,56.00320241204463,2026-06-30T15:05:14.016+07:00,0.012308239936828613,0.12958665192127228,7.384943962097168,6.732872108001072,6.732872108001072,7.320943962097168,12.022280028282275,77.75199115276337,0.0,0.0010865330696105957,0.6519198417663574,0.6314458113621697,
1080,56.054891277104616,2026-06-30T15:05:14.069+07:00,0.013177037239074707,0.016918852925300598,7.906222343444824,7.318180565621292,7.318180565621292,7.842222343444824,11.682276836598103,10.151311755180359,0.0,0.0008687973022460938,0.5212783813476562,0.585308457620215,
1081,56.10745177115314,2026-06-30T15:05:14.123+07:00,0.013997137546539307,0.15117831528186798,8.398282527923584,7.848124843176125,7.848124843176125,8.334282527923584,10.959257059018832,90.70698916912079,0.0,0.0008201003074645996,0.49206018447875977,0.5299442775548187,
1082,56.15911887702532,2026-06-30T15:05:14.177+07:00,0.014568448066711426,0.14500918984413147,8.741068840026855,8.298014032853475,8.298014032853475,8.677068840026855,9.336137949247561,87.00551390647888,0.0,0.0005713105201721191,0.3427863121032715,0.44988918967735003,
1083,56.210867835208774,2026-06-30T15:05:14.225+07:00,0.015349507331848145,0.008864670991897583,9.209704399108887,8.750804753734496,8.750804753734496,9.145704399108887,9.352561498209678,5.31880259513855,0.0,0.0007810592651367188,0.46863555908203125,0.452790720881012,
1084,56.26256138505414,2026-06-30T15:05:14.277+07:00,0.015703022480010986,0.10429905354976654,9.421813488006592,9.07795306395857,9.07795306395857,9.357813488006592,7.513603995310079,62.579432129859924,0.0,0.0003535151481628418,0.21210908889770508,0.3271483102240609,
1085,56.31438232422806,2026-06-30T15:05:14.328+07:00,0.015666842460632324,0.00014713406562805176,9.400105476379395,9.227036082131592,9.227036082131592,9.336105476379394,4.774477131920931,0.08828043937683105,0.0,-3.618001937866211e-05,-0.021708011627197266,0.14908301817303027,
1086,56.36639202199876,2026-06-30T15:05:14.376+07:00,0.015666842460632324,0.0001544654369354248,9.400105476379395,9.290023657309698,9.290023657309698,9.336105476379394,2.7473188287221335,0.09267926216125488,0.0,0.0,0.0,0.06298757517811282,
1087,56.418139591114596,2026-06-30T15:05:14.427+07:00,0.015710771083831787,0.09223589301109314,9.426462650299072,9.272399039202526,9.272399039202526,9.362462650299072,1.2872933810520613,55.341535806655884,0.0,4.392862319946289e-05,0.026357173919677734,-0.017624618107163315,
1088,56.46986562316306,2026-06-30T15:05:14.478+07:00,0.01567023992538452,0.02641715109348297,9.402143955230713,9.312587865494038,9.312587865494038,9.338143955230713,0.9682862798738859,15.850290656089783,0.0,-4.0531158447265625e-05,-0.024318695068359375,0.040188826291512214,
1089,56.522554652998224,2026-06-30T15:05:14.536+07:00,0.015651583671569824,-5.4821375670144334e-05,9.390950202941895,9.321036700016403,9.321036700016403,9.326950202941894,0.4876820670658999,-0.0328928254020866,0.0,-1.8656253814697266e-05,-0.01119375228881836,0.008448834522368998,
1090,56.57458061003126,2026-06-30T15:05:14.583+07:00,0.015651464462280273,-0.00022634865308646113,9.390878677368164,9.328698131861284,9.328698131861284,9.326878677368164,0.27793638781290714,-0.13580919185187668,0.0,-1.1920928955078125e-07,-7.152557373046875e-05,0.007661431844894651,
1091,56.627677880227566,2026-06-30T15:05:14.639+07:00,0.015470445156097412,0.18880952894687653,9.282267093658447,9.289633342593103,9.289633342593103,9.218267093658447,-0.34958593236709506,113.28571736812592,0.0,-0.00018101930618286133,-0.1086115837097168,-0.039064789268195454,
1092,56.68018581811339,2026-06-30T15:05:14.697+07:00,0.01554262638092041,-0.008563862182199955,9.325575828552246,9.288286526340126,9.288286526340126,9.261575828552246,-0.2693218175762289,-5.138317309319973,0.0,7.218122482299805e-05,0.04330873489379883,-0.0013468162529761685,
1093,56.73308649612591,2026-06-30T15:05:14.745+07:00,0.014692723751068115,0.333320677280426,8.81563425064087,9.063969050962381,9.063969050962381,8.751634250640869,-3.1492330341163557,199.99240636825562,0.0,-0.0008499026298522949,-0.509941577911377,-0.22431747537774527,
1094,56.78480780613609,2026-06-30T15:05:14.795+07:00,0.014096736907958984,-0.026356326416134834,8.45804214477539,8.761823056872718,8.761823056872718,8.39404214477539,-5.0763547572303,-15.8137958496809,0.0,-0.0005959868431091309,-0.3575921058654785,-0.30214599408967047,
1095,56.83668357809074,2026-06-30T15:05:14.845+07:00,0.01174229383468628,-0.11963782459497452,7.045376300811768,7.955509110852454,7.955509110852454,6.9813763008117675,-12.440072818701406,-71.78269475698471,0.0,-0.002354443073272705,-1.412665843963623,-0.8063139460202535,
1096,56.88832512916997,2026-06-30T15:05:14.895+07:00,0.010878324508666992,-0.04091498628258705,6.526994705200195,7.220373995628804,7.220373995628804,6.462994705200195,-14.613725162425636,-24.54899176955223,0.0,-0.0008639693260192871,-0.5183815956115723,-0.7351351152236418,
1097,56.94001221610233,2026-06-30T15:05:14.970+07:00,0.007669270038604736,-0.0400807149708271,4.601562023162842,5.506161889053401,5.506161889053401,4.537562023162842,-19.817576239905787,-24.04842898249626,0.0,-0.003209054470062256,-1.9254326820373535,-1.7142121065754168,
1098,56.991696044104174,2026-06-30T15:05:15.021+07:00,0.005334615707397461,-0.09878391027450562,3.2007694244384766,4.327236476499928,4.327236476499928,3.1367694244384765,-22.06074646472649,-59.27034616470337,0.0,-0.0023346543312072754,-1.4007925987243652,-1.1789254125534683,
1099,57.043680131202564,2026-06-30T15:05:15.071+07:00,0.00393521785736084,-0.0402224026620388,2.361130714416504,3.2819759303317664,3.2819759303317664,2.297130714416504,-21.75854653285341,-24.133441597223282,0.0,-0.001399397850036621,-0.8396387100219727,-1.0452605461681514,
1100,57.095517645124346,2026-06-30T15:05:15.126+07:00,0.0019641518592834473,-0.034992098808288574,1.1784911155700684,2.16196770442457,2.16196770442457,1.1144911155700683,-21.011060931768448,-20.995259284973145,0.0,-0.0019710659980773926,-1.1826395988464355,-1.1200082259071849,
1101,57.14719180599786,2026-06-30T15:05:15.173+07:00,0.0004488229751586914,-0.012469053268432617,0.26929378509521484,1.1254064585358288,1.1254064585358288,0.20529378509521484,-21.426343164300263,-7.48143196105957,0.0,-0.0015153288841247559,-0.9091973304748535,-1.0365612458887483,
1102,57.1987813571468,2026-06-30T15:05:15.224+07:00,-0.0008932352066040039,-0.01975572109222412,-0.5359411239624023,0.21890513340594236,0.21890513340594236,359.4000588760376,-19.382281334327484,-11.853432655334473,0.0,-0.0013420581817626953,-0.8052349090576172,-0.9065013251298808,
1103,57.25040494510904,2026-06-30T15:05:15.276+07:00,0.059950053691864014,-0.02754068560898304,35.97003221511841,12.408613681805377,12.408613681805377,35.90603221511841,169.1540545287775,-16.524411365389824,0.0,0.06084328889846802,36.50597333908081,12.189708548399437,
1104,57.302075625164434,2026-06-30T15:05:15.329+07:00,0.05814582109451294,-0.034112218767404556,34.887492656707764,25.464653683705706,25.464653683705706,34.823492656707764,210.47581228959382,-20.467331260442734,0.0,-0.0018042325973510742,-1.0825395584106445,13.056040001900328,
1105,57.35396332317032,2026-06-30T15:05:15.380+07:00,0.056613147258758545,-0.024448754265904427,33.96788835525513,30.4305255160157,30.4305255160157,33.90388835525513,142.5199452444748,-14.669252559542656,0.0,-0.0015326738357543945,-0.9196043014526367,4.96587183231,
1106,57.40559657709673,2026-06-30T15:05:15.429+07:00,0.0554046630859375,-0.02386009879410267,33.2427978515625,32.09488002463437,32.09488002463437,33.1787978515625,78.65984915696674,-14.316059276461601,0.0,-0.001208484172821045,-0.725090503692627,1.6643545086186577,
1107,57.4576277572196,2026-06-30T15:05:15.480+07:00,0.05418962240219116,-0.025171758607029915,32.5137734413147,32.3764724131588,32.3764724131588,32.4497734413147,35.80165389841504,-15.103055164217949,0.0,-0.0012150406837463379,-0.7290244102478027,0.28159238852441604,
1108,57.5092068631202,2026-06-30T15:05:15.533+07:00,0.05305123329162598,-0.02180388569831848,31.830739974975586,32.097747092928806,32.097747092928806,31.766739974975586,11.85712622899494,-13.082331418991089,0.0,-0.0011383891105651855,-0.6830334663391113,-0.2787253202299951,
1109,57.560732858022675,2026-06-30T15:05:15.580+07:00,0.05208563804626465,-0.019792230799794197,31.25138282775879,31.63282858403163,31.63282858403163,31.18738282775879,-0.7125882687117056,-11.875338479876518,0.0,-0.0009655952453613281,-0.5793571472167969,-0.46491850889717057,
1110,57.61245081620291,2026-06-30T15:05:15.631+07:00,0.05137509107589722,-0.014047833159565926,30.82505464553833,31.177251558677412,31.177251558677412,30.76105464553833,-5.550992165779192,-8.428699895739555,0.0,-0.0007105469703674316,-0.426328182220459,-0.4555770253542164,
1111,57.664050941122696,2026-06-30T15:05:15.679+07:00,0.050609469413757324,-0.01738560199737549,30.365681648254395,30.728440132980822,30.728440132980822,30.301681648254394,-7.894488922796541,-10.431361198425293,0.0,-0.0007656216621398926,-0.45937299728393555,-0.44881142569659005,
1112,57.71586723206565,2026-06-30T15:05:15.730+07:00,0.04951286315917969,-0.023346276953816414,29.707717895507812,30.18280385857774,30.18280385857774,29.643717895507812,-9.79206083537596,-14.007766172289848,0.0,-0.0010966062545776367,-0.657963752746582,-0.5456362744030798,
1113,57.76765304105356,2026-06-30T15:05:15.781+07:00,0.048352181911468506,0.04338085651397705,29.011309146881104,29.29870930141265,29.29870930141265,28.947309146881103,-12.747765295756464,26.02851390838623,0.0,-0.0011606812477111816,-0.696408748626709,-0.8840945571650991,
1114,57.81943027721718,2026-06-30T15:05:15.834+07:00,0.046977698802948,-0.02100706286728382,28.1866192817688,28.70911945764073,28.70911945764073,28.1226192817688,-11.862411120192656,-12.604237720370293,0.0,-0.0013744831085205078,-0.8246898651123047,-0.5895898437719325,
1115,57.871738030109555,2026-06-30T15:05:15.884+07:00,0.046069324016571045,0.03625044226646423,27.641594409942627,28.115878530316717,28.115878530316717,27.577594409942627,-11.663776331957429,21.75026535987854,0.0,-0.0009083747863769531,-0.5450248718261719,-0.5932409273240182,
1116,57.92345024715178,2026-06-30T15:05:15.934+07:00,0.045161664485931396,0.03207838535308838,27.096998691558838,27.30204419554975,27.30204419554975,27.032998691558838,-12.769166048518564,19.247031211853027,0.0,-0.0009076595306396484,-0.5445957183837891,-0.8138343347669661,
1117,57.97514137113467,2026-06-30T15:05:15.985+07:00,0.044304609298706055,-0.017438294366002083,26.582765579223633,26.9389449516973,26.9389449516973,26.518765579223633,-9.707752949111438,-10.46297661960125,0.0,-0.0008570551872253418,-0.5142331123352051,-0.36309924385244585,
1118,58.02748858719133,2026-06-30T15:05:16.036+07:00,0.04351681470870972,0.0028423070907592773,26.11008882522583,26.475252843757605,26.475252843757605,26.04608882522583,-9.424702720346001,1.7053842544555664,0.0,-0.0007877945899963379,-0.47267675399780273,-0.46369210793969273,
1119,58.079254841199145,2026-06-30T15:05:16.110+07:00,0.04207050800323486,0.026013165712356567,25.242304801940918,25.68828071087616,25.68828071087616,25.178304801940918,-10.469334753394106,15.60789942741394,0.0,-0.0014463067054748535,-0.8677840232849121,-0.7869721328814308,
1120,58.13154446519911,2026-06-30T15:05:16.161+07:00,0.037740230560302734,-0.6270678043365479,22.64413833618164,24.41817590755991,24.41817590755991,22.58013833618164,-20.82059348227896,-376.2406826019287,0.0,-0.004330277442932129,-2.5981664657592773,-1.2701048033162579,
1121,58.18303320114501,2026-06-30T15:05:16.211+07:00,0.040513455867767334,-0.011128248646855354,24.3080735206604,24.355179576090087,24.355179576090087,24.2440735206604,-9.663256562182397,-6.676949188113213,0.0,0.0027732253074645996,1.6639351844787598,-0.06299633146983297,
1122,58.23449803004041,2026-06-30T15:05:16.260+07:00,0.04031872749328613,0.004778563976287842,24.19123649597168,24.229196990959945,24.229196990959945,24.12723649597168,-5.5275625020620485,2.867138385772705,0.0,-0.00019472837448120117,-0.1168370246887207,-0.1259825851301457,
1123,58.28615659917705,2026-06-30T15:05:16.311+07:00,0.04031640291213989,0.00139540433883667,24.189841747283936,24.17377261955926,24.17377261955926,24.125841747283935,-2.9814308269998318,0.837242603302002,0.0,-2.3245811462402344e-06,-0.0013947486877441406,-0.05542437140067591,
1124,58.3378439641092,2026-06-30T15:05:16.361+07:00,0.04064065217971802,0.014418929815292358,24.38439130783081,24.222613818247936,24.222613818247936,24.32039130783081,-0.4482893527189358,8.651357889175415,0.0,0.000324249267578125,0.194549560546875,0.04884119868867742,
1125,58.389495274052024,2026-06-30T15:05:16.413+07:00,0.04147744178771973,0.017086178064346313,24.886465072631836,24.51020439174903,24.51020439174903,24.822465072631836,3.16326643672203,10.251706838607788,0.0,0.000836789608001709,0.5020737648010254,0.28759057350109174,
1126,58.44116504606791,2026-06-30T15:05:16.463+07:00,0.04247361421585083,0.019440561532974243,25.484168529510498,24.969749853572285,24.969749853572285,25.420168529510498,6.793977964117767,11.664336919784546,0.0,0.0009961724281311035,0.5977034568786621,0.45954546182326794,
1127,58.492820708081126,2026-06-30T15:05:16.514+07:00,0.04360651969909668,0.471227765083313,26.163911819458008,25.5505528004447,25.5505528004447,26.099911819458008,9.529421297611911,282.7366590499878,0.0,0.0011329054832458496,0.6797432899475098,0.5808029468724101,
1128,58.54458729503676,2026-06-30T15:05:16.562+07:00,0.04440194368362427,0.040643513202667236,26.64116621017456,26.088625855493945,26.088625855493945,26.57716621017456,10.666555447856942,24.386107921600342,0.0,0.0007954239845275879,0.47725439071655273,0.5380730550492387,
1129,58.5962444760371,2026-06-30T15:05:16.611+07:00,0.04534435272216797,0.020303338766098022,27.20661163330078,26.593421759914207,26.593421759914207,27.14261163330078,10.809676467952622,12.182003259658813,0.0,0.0009424090385437012,0.5654454231262207,0.5047959044202628,
1130,58.64793093316257,2026-06-30T15:05:16.662+07:00,0.0464479923248291,0.3285561501979828,27.86879539489746,27.2097502701419,27.2097502701419,27.80479539489746,11.99220863715543,197.13369011878967,0.0,0.0011036396026611328,0.6621837615966797,0.616328510227703,
1131,58.699480299139395,2026-06-30T15:05:16.711+07:00,0.04746431112289429,0.060014694929122925,28.478586673736572,27.82356461451451,27.82356461451451,28.414586673736572,12.546785888935224,36.008816957473755,0.0,0.0010163187980651855,0.6097912788391113,0.6138143443725994,
1132,58.751308146165684,2026-06-30T15:05:16.763+07:00,0.04879850149154663,0.08578610420227051,29.27910089492798,28.117136980285004,28.117136980285004,29.21510089492798,11.621146326484766,51.471662521362305,0.0,0.0013341903686523438,0.8005142211914062,0.29357236577050116,
1133,58.80302940006368,2026-06-30T15:05:16.813+07:00,0.050119996070861816,0.026963889598846436,30.07199764251709,29.11436489665615,29.11436489665615,30.00799764251709,16.399986166853612,16.17833375930786,0.0,0.0013214945793151855,0.7928967475891113,0.9972279163711448,
1134,58.85493891313672,2026-06-30T15:05:16.863+07:00,0.05132937431335449,0.08546578884124756,30.797624588012695,29.969323025295882,29.969323025295882,30.733624588012695,16.674089653938537,51.279473304748535,0.0,0.0012093782424926758,0.7256269454956055,0.854958128639737,
1135,58.907473147148266,2026-06-30T15:05:16.938+07:00,0.050538063049316406,0.7718353271484375,30.322837829589844,30.55797271333767,30.55797271333767,30.258837829589844,7.929974535446522,463.1011962890625,0.0,-0.0007913112640380859,-0.47478675842285156,0.5886496880417837,
1136,58.959113049088046,2026-06-30T15:05:16.989+07:00,0.05416274070739746,0.024787545204162598,32.49764442443848,31.52970132450216,31.52970132450216,32.43364442443848,14.263183864832506,14.872527122497559,0.0,0.0036246776580810547,2.174806594848633,0.9717286111644796,
1137,59.01080634002574,2026-06-30T15:05:17.039+07:00,0.05516272783279419,0.5287147760391235,33.097636699676514,32.33574739848842,32.33574739848842,33.033636699676514,15.295084600850481,317.2288656234741,0.0,0.0009999871253967285,0.5999922752380371,0.8060460739862663,
1138,59.062343947123736,2026-06-30T15:05:17.089+07:00,0.0567011833190918,0.7778393030166626,34.02070999145508,33.157053856019594,33.157053856019594,33.95670999145508,16.041628334908186,466.70358180999756,0.0,0.0015384554862976074,0.9230732917785645,0.8213064575311648,
1139,59.114012664183974,2026-06-30T15:05:17.140+07:00,0.057758212089538574,0.023966670036315918,34.654927253723145,33.90721321753003,33.90721321753003,34.590927253723144,15.428040621357122,14.38000202178955,0.0,0.0010570287704467773,0.6342172622680664,0.7501593615104412,
1140,59.165604807203636,2026-06-30T15:05:17.188+07:00,0.05903655290603638,0.31591761112213135,35.421931743621826,34.668508174568714,34.668508174568714,35.357931743621826,15.597510070194355,189.5505666732788,0.0,0.0012783408164978027,0.7670044898986816,0.7612949570386718,
1141,59.217132691061124,2026-06-30T15:05:17.240+07:00,0.059871673583984375,0.017946481704711914,35.923004150390625,35.296781136965656,35.296781136965656,35.859004150390625,13.741673085490456,10.767889022827148,0.0,0.000835120677947998,0.5010724067687988,0.6282729623969487,
1142,59.26908263005316,2026-06-30T15:05:17.290+07:00,-0.0017693042755126953,0.013467133976519108,-1.0615825653076172,22.74634130718531,22.74634130718531,358.87441743469236,-175.8843669338643,8.080280385911465,0.0,-0.06164097785949707,-36.98458671569824,-12.550439829780345,
1143,59.32072527310811,2026-06-30T15:05:17.341+07:00,-0.0009433627128601074,0.016320709139108658,-0.5660176277160645,9.196009931236286,9.196009931236286,359.3699823722839,-222.97665316276792,9.792425483465195,0.0,0.0008259415626525879,0.49556493759155273,-13.550331375949014,
1144,59.37236423115246,2026-06-30T15:05:17.390+07:00,-0.00017726421356201172,0.017721425741910934,-0.10635852813720703,3.739791964883491,3.739791964883491,359.8296414718628,-155.37126012032323,10.63285544514656,0.0,0.0007660984992980957,0.4596590995788574,-5.456217966352796,
1145,59.42401705915108,2026-06-30T15:05:17.440+07:00,0.0007823705673217773,0.022385496646165848,0.4694223403930664,1.7480638222920262,1.7480638222920262,0.4054223403930664,-87.29133993686231,13.431297987699509,0.0,0.0009596347808837891,0.5757808685302734,-1.9917281425914553,
1146,59.475729869212955,2026-06-30T15:05:17.491+07:00,0.001835167407989502,0.022221587598323822,1.1011004447937012,1.2601413324701822,1.2601413324701822,1.0371004447937011,-41.812598714814186,13.332952558994293,0.0,0.0010527968406677246,0.6316781044006348,-0.48792248982184105,
1147,59.52741077216342,2026-06-30T15:05:17.540+07:00,0.003007173538208008,0.024747319519519806,1.8043041229248047,1.4367844671972434,1.4367844671972434,1.7403041229248046,-15.095559761749195,14.848391711711884,0.0,0.0011720061302185059,0.7032036781311035,0.1766431347270725,
1148,59.57901728502475,2026-06-30T15:05:17.590+07:00,0.00404733419418335,0.02016519010066986,2.4284005165100098,1.9034728951869324,1.9034728951869324,2.3644005165100097,-0.7744386439343645,12.099114060401917,0.0,0.0010401606559753418,0.6240963935852051,0.4666884279896806,
1149,59.630701632006094,2026-06-30T15:05:17.641+07:00,0.004940629005432129,0.01839187741279602,2.9643774032592773,2.4280014586302228,2.4280014586302228,2.9003774032592773,5.5964365102639055,11.035126447677612,0.0,0.0008932948112487793,0.5359768867492676,0.5245285634432832,
1150,59.68276462610811,2026-06-30T15:05:17.691+07:00,0.005064606666564941,0.048298392444849014,3.038763999938965,2.760883177830941,2.760883177830941,2.974763999938965,5.988614099092227,28.97903546690941,0.0,0.0001239776611328125,0.0743865966796875,0.33288171920071363,
1151,59.73431326914579,2026-06-30T15:05:17.743+07:00,0.005277872085571289,-0.00022726507449988276,3.1667232513427734,2.9096830170632746,2.9096830170632746,3.1027232513427734,4.311968619684526,-0.13635904469992965,0.0,0.00021326541900634766,0.1279592514038086,0.14879983923233908,
1152,59.78834479721263,2026-06-30T15:05:17.807+07:00,0.005291163921356201,0.021967992186546326,3.1746983528137207,3.023955037874511,3.023955037874511,3.1106983528137206,2.82796903638104,13.180795311927795,0.0,1.329183578491211e-05,0.007975101470947266,0.114272020811228,
1153,59.8399255881086,2026-06-30T15:05:17.857+07:00,0.005268692970275879,-0.0058450847864151,3.1612157821655273,3.0675404750424335,3.0675404750424335,3.0972157821655273,1.667118411929434,-3.50705087184906,0.0,-2.2470951080322266e-05,-0.01348257064819336,0.04358543716793406,
1154,59.89159321319312,2026-06-30T15:05:17.906+07:00,0.005263388156890869,0.0010689646005630493,3.1580328941345215,3.070261538485805,3.070261538485805,3.0940328941345214,0.7947192199092973,0.6413787603378296,0.0,-5.304813385009766e-06,-0.0031828880310058594,0.0027210634433743053,
1155,59.94328906014562,2026-06-30T15:05:17.956+07:00,0.005251586437225342,0.006247088313102722,3.150951862335205,3.065027530335182,3.065027530335182,3.086951862335205,0.35134880422980075,3.7482529878616333,0.0,-1.1801719665527344e-05,-0.007081031799316406,-0.005234008150637237,
1156,59.99486559210345,2026-06-30T15:05:18.006+07:00,0.004593849182128906,0.014196818694472313,2.7563095092773438,2.9177919814792577,2.9177919814792577,2.6923095092773437,-1.9596858252096823,8.518091216683388,0.0,-0.0006577372550964355,-0.39464235305786133,-0.1472355488559174,
1157,60.0465479940176,2026-06-30T15:05:18.055+07:00,0.004159331321716309,-0.014771098271012306,2.495598793029785,2.633167071062087,2.633167071062087,2.431598793029785,-4.031524244289946,-8.862658962607384,0.0,-0.00043451786041259766,-0.2607107162475586,-0.28462491041716476,
1158,60.09826956316829,2026-06-30T15:05:18.106+07:00,0.003292977809906006,0.01824239268898964,1.9757866859436035,2.283025024464874,2.283025024464874,1.9117866859436035,-5.8466167852819915,10.945435613393784,0.0,-0.0008663535118103027,-0.5198121070861816,-0.35014204659722736,
1159,60.14992326218635,2026-06-30T15:05:18.180+07:00,0.0021195411682128906,-0.00765588553622365,1.2717247009277344,1.6482523777700706,1.6482523777700706,1.2077247009277343,-8.02264040374742,-4.59353132173419,0.0,-0.0011734366416931152,-0.7040619850158691,-0.6347726466948131,
1160,60.201439664000645,2026-06-30T15:05:18.232+07:00,0.0008897185325622559,-0.02145439386367798,0.5338311195373535,1.0634182692219567,1.0634182692219567,0.4698311195373535,-10.074791959787365,-12.872636318206787,0.0,-0.0012298226356506348,-0.7378935813903809,-0.5848341085481081,
1161,60.25344254821539,2026-06-30T15:05:18.282+07:00,-0.0002181529998779297,-0.01134396344423294,-0.1308917999267578,0.4220342488347242,0.4220342488347242,359.8051082000732,-11.726316923774958,-6.806378066539764,0.0,-0.0011078715324401855,-0.6647229194641113,-0.6413840203872212,
1162,60.30516296811402,2026-06-30T15:05:18.332+07:00,-0.0014033913612365723,-0.020478397607803345,-0.8420348167419434,359.71676990937596,359.71676990937596,359.09396518325804,-13.11190532615449,-12.287038564682007,0.0,-0.0011852383613586426,-0.7111430168151855,-0.7052643394588358,
1163,60.35749625810422,2026-06-30T15:05:18.382+07:00,0.06000441312789917,0.4491535425186157,36.0026478767395,19.89171840871679,19.89171840871679,35.9386478767395,222.6710979216067,269.49212551116943,0.0,0.06140780448913574,36.844682693481445,20.174948499340815,
1164,60.40930734621361,2026-06-30T15:05:18.431+07:00,0.05791360139846802,0.4794178009033203,34.74816083908081,28.605739468711437,28.605739468711437,34.68416083908081,189.95326350084397,287.6506805419922,0.0,-0.0020908117294311523,-1.2544870376586914,8.71402105999465,
1165,60.46095793321729,2026-06-30T15:05:18.482+07:00,0.0567631721496582,-0.031244639307260513,34.05790328979492,30.917046137574346,30.917046137574346,33.99390328979492,110.18871933572635,-18.746783584356308,0.0,-0.0011504292488098145,-0.6902575492858887,2.3113066688628976,
1166,60.51256452105008,2026-06-30T15:05:18.533+07:00,0.05520588159561157,-0.023809077218174934,33.12352895736694,32.255802582200246,32.255802582200246,33.05952895736694,60.379324571551194,-14.28544633090496,0.0,-0.0015572905540466309,-0.9343743324279785,1.3387564446259148,
1167,60.56412883102894,2026-06-30T15:05:18.583+07:00,0.053804218769073486,-0.027058007195591927,32.28253126144409,32.11222974825194,32.11222974825194,32.21853126144409,24.510224112285297,-16.234804317355156,0.0,-0.001401662826538086,-0.8409976959228516,-0.14357283394829778,
1168,60.6158741961699,2026-06-30T15:05:18.634+07:00,0.05270278453826904,-3.437851905822754,31.621670722961426,31.860395957186242,31.860395957186242,31.557670722961426,7.3278470636735085,-2062.7111434936523,0.0,-0.0011014342308044434,-0.660860538482666,-0.2518337910657067,
1169,60.667476506205276,2026-06-30T15:05:18.682+07:00,0.052046895027160645,-0.012775362469255924,31.228137016296387,31.49990596072489,31.49990596072489,31.164137016296387,-1.2216284246424252,-7.6652174815535545,0.0,-0.0006558895111083984,-0.39353370666503906,-0.3604899964613537,
1170,60.71919298218563,2026-06-30T15:05:18.732+07:00,0.05118584632873535,-0.02240896411240101,30.71150779724121,31.070887413687107,31.070887413687107,30.64750779724121,-5.688353674017648,-13.445378467440605,0.0,-0.000861048698425293,-0.5166292190551758,-0.4290185470377992,
1171,60.770847829058766,2026-06-30T15:05:18.784+07:00,0.05002009868621826,-1.417008638381958,30.012059211730957,30.49762294529283,30.49762294529283,29.948059211730957,-9.415245250955575,-850.2051830291748,0.0,-0.0011657476425170898,-0.6994485855102539,-0.5732644683942851,
1172,60.82275489717722,2026-06-30T15:05:18.833+07:00,0.045128047466278076,-0.43255615234375,27.076828479766846,29.02826695587799,29.02826695587799,27.012828479766846,-25.310371955079788,-259.53369140625,0.0,-0.0048920512199401855,-2.9352307319641113,-1.4693559894148507,
1173,60.87455267016776,2026-06-30T15:05:18.886+07:00,0.04656738042831421,-0.03347325697541237,27.940428256988525,28.477114759979287,28.477114759979287,27.876428256988525,-17.002586784121085,-20.08395418524742,0.0,0.0014393329620361328,0.8635997772216797,-0.5511521958987089,
1174,60.926352424081415,2026-06-30T15:05:18.934+07:00,0.045027315616607666,-0.029934676364064217,27.0163893699646,27.69971007834589,27.69971007834589,26.9523893699646,-16.57524497012969,-17.96080581843853,0.0,-0.001540064811706543,-0.9240388870239258,-0.777404681633385,
1175,60.978211844107136,2026-06-30T15:05:18.984+07:00,0.043698787689208984,0.004904240369796753,26.21927261352539,26.884414474701554,26.884414474701554,26.15527261352539,-16.433004809208413,2.9425442218780518,0.0,-0.0013285279273986816,-0.797116756439209,-0.81529560364433,
1176,61.02990732109174,2026-06-30T15:05:19.059+07:00,0.04145246744155884,-0.022916408255696297,24.871480464935303,25.619890020755,25.619890020755,24.807480464935303,-17.840135032276063,-13.749844953417778,0.0,-0.0022463202476501465,-1.347792148590088,-1.2645244539465637,
1177,61.08157083415426,2026-06-30T15:05:19.110+07:00,0.04028552770614624,0.07927560806274414,24.171316623687744,24.823248133292534,24.823248133292534,24.107316623687744,-16.5566079179956,47.565364837646484,0.0,-0.0011669397354125977,-0.7001638412475586,-0.7966418874624708,
1178,61.13307755207643,2026-06-30T15:05:19.161+07:00,0.03881925344467163,-0.03010663576424122,23.29155206680298,24.001367527403822,24.001367527403822,23.22755206680298,-16.405744411678285,-18.06398145854473,0.0,-0.0014662742614746094,-0.8797645568847656,-0.8218806058887083,
1179,61.18458664021455,2026-06-30T15:05:19.212+07:00,0.03767287731170654,-0.020383628085255623,22.603726387023926,23.240867518306096,23.240867518306096,22.539726387023926,-15.36623743791019,-12.230176851153374,0.0,-0.0011463761329650879,-0.6878256797790527,-0.7605000090977114,
1180,61.23635080107488,2026-06-30T15:05:19.260+07:00,0.03658413887023926,-0.022208930924534798,21.950483322143555,22.52925005990489,22.52925005990489,21.886483322143555,-15.281949873402748,-13.325358554720879,0.0,-0.0010887384414672852,-0.6532430648803711,-0.7116174584012072,
1181,61.288069166010246,2026-06-30T15:05:19.311+07:00,0.035500526428222656,-0.020920367911458015,21.300315856933594,21.850142184123285,21.850142184123285,21.236315856933594,-14.403999196162193,-12.55222074687481,0.0,-0.0010836124420166016,-0.6501674652099609,-0.6791078757815967,
1182,61.33979427209124,2026-06-30T15:05:19.361+07:00,0.03456825017929077,-0.01878264732658863,20.740950107574463,21.2320981685429,21.2320981685429,20.676950107574463,-13.44822673904521,-11.269588395953178,0.0,-0.0009322762489318848,-0.5593657493591309,-0.6180440155803808,
1183,61.39157023001462,2026-06-30T15:05:19.411+07:00,0.033679068088531494,-0.016517670825123787,20.207440853118896,20.659350074784964,20.659350074784964,20.143440853118896,-12.338114712880218,-9.910602495074272,0.0,-0.0008891820907592773,-0.5335092544555664,-0.572748093757923,
1184,61.443293002201244,2026-06-30T15:05:19.461+07:00,0.03322196006774902,-0.0036136810667812824,19.933176040649414,20.219914976680265,20.219914976680265,19.869176040649414,-10.262225606386165,-2.1682086400687695,0.0,-0.0004571080207824707,-0.2742648124694824,-0.4394350981046955,
1185,61.4950189050287,2026-06-30T15:05:19.511+07:00,0.0331917405128479,-8.21352077764459e-05,19.91504430770874,20.007778993056505,20.007778993056505,19.85104430770874,-6.65242751286098,-0.04928112466586754,0.0,-3.0219554901123047e-05,-0.018131732940673828,-0.2121359836237673,
1186,61.54673686204478,2026-06-30T15:05:19.561+07:00,0.033278048038482666,0.1239774227142334,19.9668288230896,19.935389292651468,19.935389292651468,19.9028288230896,-3.5330064352524895,74.38645362854004,0.0,8.630752563476562e-05,0.051784515380859375,-0.07238970040504,
1187,61.59832470910624,2026-06-30T15:05:19.613+07:00,0.033799707889556885,0.031232059001922607,20.27982473373413,20.047808584812614,20.047808584812614,20.21582473373413,0.0,18.739235401153564,0.0,0.0005216598510742188,0.31299591064453125,0.11241929216114954,
1188,61.649994667153805,2026-06-30T15:05:19.661+07:00,0.03451722860336304,0.01564544439315796,20.710337162017822,20.34419515220693,20.34419515220693,20.646337162017822,3.8165527722089614,9.387266635894775,0.0,0.0007175207138061523,0.4305124282836914,0.2963865673943076,
1189,61.702027939027175,2026-06-30T15:05:19.711+07:00,0.0353693962097168,0.016546785831451416,21.221637725830078,20.76699705015795,20.76699705015795,21.157637725830078,6.627137314269627,9.92807149887085,0.0,0.0008521676063537598,0.5113005638122559,0.4228018979510182,
1190,61.754370785085484,2026-06-30T15:05:19.765+07:00,0.03641831874847412,0.16775593161582947,21.850991249084473,21.231806460677205,21.231806460677205,21.786991249084473,8.395222363733081,100.65355896949768,0.0,0.0010489225387573242,0.6293535232543945,0.4648094105192513,
1191,61.80631002015434,2026-06-30T15:05:19.817+07:00,0.034991443157196045,-0.28845828771591187,20.994865894317627,21.330334478014873,21.330334478014873,20.930865894317627,2.949665956698869,-173.07497262954712,0.0,-0.0014268755912780762,-0.8561253547668457,0.09852801733765659,
1192,61.858707847073674,2026-06-30T15:05:19.868+07:00,0.03864079713821411,0.023489952087402344,23.184478282928467,22.28314017073058,22.28314017073058,23.120478282928467,12.084618115639731,14.093971252441406,0.0,0.0036493539810180664,2.18961238861084,0.9528056927157138,
1193,61.9105777121149,2026-06-30T15:05:19.918+07:00,0.03891831636428833,0.3931204080581665,23.350989818572998,22.867167304351845,22.867167304351845,23.286989818572998,11.558698357701164,235.8722448348999,0.0,0.00027751922607421875,0.16651153564453125,0.5840271336212766,
1194,61.96249618800357,2026-06-30T15:05:19.994+07:00,0.041991472244262695,0.025784224271774292,25.194883346557617,24.31709822536227,24.31709822536227,25.130883346557617,16.828227312200603,15.470534563064575,0.0,0.0030731558799743652,1.8438935279846191,1.4499309210104343,
1195,62.014619645196944,2026-06-30T15:05:20.045+07:00,0.04320937395095825,0.022990405559539795,25.92562437057495,25.130044911899592,25.130044911899592,25.86162437057495,16.308235041732463,13.794243335723877,0.0,0.0012179017066955566,0.730741024017334,0.812946686537316,
1196,62.06660456513055,2026-06-30T15:05:20.096+07:00,0.04441636800765991,0.02286389470100403,26.649820804595947,25.90081000553194,25.90081000553194,26.585820804595947,15.516694880423874,13.718336820602417,0.0,0.0012069940567016602,0.7241964340209961,0.7707650936323489,
1197,62.11869542906061,2026-06-30T15:05:20.147+07:00,0.04568362236022949,0.025217831134796143,27.410173416137695,26.646523571169254,26.646523571169254,27.346173416137695,15.042772447067803,15.130698680877686,0.0,0.00126725435256958,0.760352611541748,0.7457135656373168,
1198,62.17069309018552,2026-06-30T15:05:20.197+07:00,0.047061920166015625,0.4178927540779114,28.237152099609375,27.231121216639135,27.231121216639135,28.173152099609375,14.356930546247547,250.73565244674683,0.0,0.0013782978057861328,0.8269786834716797,0.58459764546987,
1199,62.22250665910542,2026-06-30T15:05:20.249+07:00,0.04835695028305054,0.026781529188156128,29.014170169830322,28.132593821528204,28.132593821528204,28.950170169830322,16.021184300431273,16.068917512893677,0.0,0.0012950301170349121,0.7770180702209473,0.9014726048890793,
1200,62.274541857186705,2026-06-30T15:05:20.299+07:00,0.049825310707092285,0.15929746627807617,29.89518642425537,29.01274186026446,29.01274186026446,29.83118642425537,17.07356684360648,95.5784797668457,0.0,0.001468360424041748,0.8810162544250488,0.8801480387362517,
1201,62.326401389203966,2026-06-30T15:05:20.351+07:00,0.05114942789077759,0.0292474627494812,30.689656734466553,29.864808780228625,29.864808780228625,30.625656734466553,16.603182104648987,17.54847764968872,0.0,0.0013241171836853027,0.7944703102111816,0.8520669199641588,
1202,62.37829730915837,2026-06-30T15:05:20.404+07:00,0.052797675132751465,0.22040706872940063,31.67860507965088,30.759955316891087,30.759955316891087,31.61460507965088,17.016704730077496,132.24424123764038,0.0,0.001648247241973877,0.9889483451843262,0.8951465366624518,
1203,62.43020793306641,2026-06-30T15:05:20.451+07:00,0.054207801818847656,0.03295779228210449,32.524681091308594,31.643662168005896,31.643662168005896,32.460681091308594,18.1380606366351,19.774675369262695,0.0,0.0014101266860961914,0.8460760116577148,0.8837068511148232,
1204,62.482448797207326,2026-06-30T15:05:20.501+07:00,0.05450868606567383,0.34880226850509644,32.7052116394043,32.290424715199336,32.290424715199336,32.6412116394043,14.470689957289679,209.28136110305786,0.0,0.0003008842468261719,0.18053054809570312,0.6467625471934468,
1205,62.53410457004793,2026-06-30T15:05:20.551+07:00,0.05751001834869385,0.042202889919281006,34.50601100921631,33.34809069914308,33.34809069914308,34.44201100921631,18.944628416677894,25.321733951568604,0.0,0.0030013322830200195,1.8007993698120117,1.0576659839437355,
1206,62.585885213222355,2026-06-30T15:05:20.601+07:00,0.059269607067108154,0.07836753129959106,35.56176424026489,34.486923644217605,34.486923644217605,35.49776424026489,21.093426275611037,47.02051877975464,0.0,0.0017595887184143066,1.055753231048584,1.1388329450745118,
1207,62.63752144901082,2026-06-30T15:05:20.652+07:00,-0.001673579216003418,0.029394030570983887,-1.0041475296020508,22.3853153121135,22.3853153121135,358.9318524703979,-162.30908320652756,17.636418342590332,0.0,-0.06094318628311157,-36.56591176986694,-12.101608332104092,
1208,62.68908896204084,2026-06-30T15:05:20.703+07:00,-0.00010079145431518555,0.046947598457336426,-0.06047487258911133,9.290874467155412,9.290874467155412,359.87552512741087,-210.7819213160074,28.168559074401855,0.0,0.0015727877616882324,0.9436726570129395,-13.094440844958086,
1209,62.74075005017221,2026-06-30T15:05:20.752+07:00,0.0010988116264343262,0.022003065794706345,0.6592869758605957,4.190798275296588,4.190798275296588,0.5952869758605956,-146.46275786624568,13.201839476823807,0.0,0.0011996030807495117,0.719761848449707,-5.100076191858818,
1210,62.79266680404544,2026-06-30T15:05:20.802+07:00,0.0022283196449279785,0.02401471883058548,1.336991786956787,2.428391344827748,2.428391344827748,1.272991786956787,-80.93329575995737,14.408831298351288,0.0,0.0011295080184936523,0.6777048110961914,-1.762406930468842,
1211,62.844353817170486,2026-06-30T15:05:20.852+07:00,0.0032317638397216797,0.01630333438515663,1.9390583038330078,2.043484752436172,2.043484752436172,1.8750583038330078,-38.087726848397075,9.782000631093979,0.0,0.0010034441947937012,0.6020665168762207,-0.3849065923915873,
1212,62.89605131209828,2026-06-30T15:05:20.927+07:00,0.003935575485229492,0.0006719981320202351,2.3613452911376953,2.1807006033181966,2.1807006033181966,2.2973452911376953,-8.93740325060612,0.40319887921214104,0.0,0.0007038116455078125,0.4222869873046875,0.13721585088202914,
1213,62.94773886213079,2026-06-30T15:05:20.976+07:00,0.0038518309593200684,0.041121188551187515,2.311098575592041,2.2278323490391263,2.2278323490391263,2.247098575592041,-3.290691853715149,24.67271313071251,0.0,-8.374452590942383e-05,-0.0502467155456543,0.04713174572091816,
1214,62.999479487072676,2026-06-30T15:05:21.028+07:00,0.0036575794219970703,-0.00890952069312334,2.194547653198242,2.1988085187225397,2.1988085187225397,2.130547653198242,-1.8335348601109467,-5.345712415874004,0.0,-0.00019425153732299805,-0.11655092239379883,-0.029023830316589283,
1215,63.0511708711274,2026-06-30T15:05:21.077+07:00,0.0031970739364624023,-0.009751466102898121,1.9182443618774414,2.030308437586861,2.030308437586861,1.8542443618774413,-2.870684453005064,-5.8508796617388725,0.0,-0.00046050548553466797,-0.2763032913208008,-0.16850008113567583,
1216,63.10285860602744,2026-06-30T15:05:21.128+07:00,0.0025202035903930664,-0.014184592291712761,1.5121221542358398,1.7396413773499237,1.7396413773499237,1.4481221542358398,-4.637026450969207,-8.510755375027657,0.0,-0.0006768703460693359,-0.40612220764160156,-0.29066706023692745,
1217,63.1547187671531,2026-06-30T15:05:21.177+07:00,0.0017948150634765625,-0.017678914591670036,1.0768890380859375,1.367773645380581,1.367773645380581,1.0128890380859374,-6.343369284350315,-10.607348755002022,0.0,-0.0007253885269165039,-0.43523311614990234,-0.3718677319693313,
1218,63.20654892921448,2026-06-30T15:05:21.227+07:00,0.0010019540786743164,-0.016114307567477226,0.6011724472045898,0.9404242881640916,0.9404242881640916,0.5371724472045898,-7.777245073018885,-9.668584540486336,0.0,-0.0007928609848022461,-0.47571659088134766,-0.42734935721648526,
1219,63.25821497919969,2026-06-30T15:05:21.279+07:00,-3.808736801147461e-05,-0.004483968019485474,-0.022852420806884766,0.4152950015144787,0.4152950015144787,359.9131475791931,-9.252417189102156,-2.690380811691284,0.0,-0.001040041446685791,-0.6240248680114746,-0.5251292866496158,
1220,63.30972667806782,2026-06-30T15:05:21.329+07:00,-0.0009791851043701172,-0.017842881381511688,-0.5875110626220703,359.845492260935,359.845492260935,359.3484889373779,-10.417852475347317,-10.705728828907013,0.0,-0.0009410977363586426,-0.5646586418151855,-0.5698027405794619,
1221,63.36126498808153,2026-06-30T15:05:21.380+07:00,-0.0019190311431884766,-0.016531579196453094,-1.151418685913086,359.2953090663752,359.2953090663752,358.7845813140869,-10.866167502091018,-9.918947517871857,0.0,-0.0009398460388183594,-0.5639076232910156,-0.5501831945597928,
1222,63.4128115021158,2026-06-30T15:05:21.429+07:00,0.05974453687667847,-0.015750708058476448,35.84672212600708,20.421846650470716,20.421846650470716,35.78272212600708,232.62006912692215,-9.450424835085869,0.0,0.06166356801986694,36.998140811920166,21.12653758409556,
1223,63.46464345906861,2026-06-30T15:05:21.480+07:00,0.058869004249572754,-0.019341589882969856,35.32140254974365,29.047064663444797,29.047064663444797,35.25740254974365,191.284786406358,-11.604953929781914,0.0,-0.0008755326271057129,-0.5253195762634277,8.625218012974074,
1224,63.51632612105459,2026-06-30T15:05:21.529+07:00,0.05796849727630615,-0.017709912732243538,34.78109836578369,32.38370097053201,32.38370097053201,34.71709836578369,118.37976734464769,-10.625947639346123,0.0,-0.0009005069732666016,-0.5403041839599609,3.3366363070872183,
1225,63.567976931110024,2026-06-30T15:05:21.580+07:00,0.05698978900909424,-2.729646921157837,34.19387340545654,33.4599212591556,33.4599212591556,34.12987340545654,61.300338273975,-1637.7881526947021,0.0,-0.000978708267211914,-0.5872249603271484,1.076220288623574,
1226,63.61968390713446,2026-06-30T15:05:21.629+07:00,0.056083738803863525,0.21827945113182068,33.650243282318115,33.588864413601435,33.588864413601435,33.586243282318115,26.97080350266505,130.9676706790924,0.0,-0.0009060502052307129,-0.5436301231384277,0.12894315444583526,
1227,63.671429365174845,2026-06-30T15:05:21.679+07:00,0.05490434169769287,0.2724224328994751,32.94260501861572,33.24105231369795,33.24105231369795,32.87860501861572,7.221406517413069,163.45345973968506,0.0,-0.0011793971061706543,-0.7076382637023926,-0.3478120999034786,
1228,63.723198489053175,2026-06-30T15:05:21.730+07:00,0.053621649742126465,-0.0168764591217041,32.17298984527588,32.488506649246446,32.488506649246446,32.10898984527588,-4.632350192065747,-10.125875473022461,0.0,-0.0012826919555664062,-0.7696151733398438,-0.7525456644515032,
1229,63.77485503908247,2026-06-30T15:05:21.805+07:00,0.05191326141357422,-0.02467009611427784,31.14795684814453,31.65537329593799,31.65537329593799,31.08395684814453,-9.523400977230121,-14.802057668566704,0.0,-0.001708388328552246,-1.0250329971313477,-0.8331333533084546,
1230,63.82657077512704,2026-06-30T15:05:21.856+07:00,0.04642730951309204,-0.7726267576217651,27.856385707855225,30.079668374691703,30.079668374691703,27.792385707855225,-24.284430543448714,-463.5760545730591,0.0,-0.005485951900482178,-3.2915711402893066,-1.5757049212462846,
1231,63.878189381211996,2026-06-30T15:05:21.905+07:00,0.04920387268066406,0.13265591859817505,29.522323608398438,29.809752351838732,29.809752351838732,29.458323608398437,-13.748518056746658,79.59355115890503,0.0,0.0027765631675720215,1.665937900543213,-0.269916022852982,
1232,63.92990256100893,2026-06-30T15:05:21.956+07:00,0.04762530326843262,-0.028112830594182014,28.57518196105957,29.155060229272365,29.155060229272365,28.51118196105957,-13.474820199651653,-16.86769835650921,0.0,-0.0015785694122314453,-0.9471416473388672,-0.6546921225663596,
1233,63.98154301918112,2026-06-30T15:05:22.006+07:00,0.04611772298812866,-0.030109647661447525,27.670633792877197,28.361031085075965,28.361031085075965,27.606633792877197,-15.096690701749614,-18.065788596868515,0.0,-0.001507580280303955,-0.904548168182373,-0.7940291441964007,
1234,64.03381719812751,2026-06-30T15:05:22.055+07:00,0.04475545883178711,0.1802576184272766,26.853275299072266,26.73024395982246,26.73024395982246,26.789275299072266,-20.61866927685779,108.15457105636597,0.0,-0.0013622641563415527,-0.8173584938049316,-1.630787125253505,
1235,64.08537161909044,2026-06-30T15:05:22.108+07:00,0.04321873188018799,-0.026280106976628304,25.931239128112793,25.826602815380337,25.826602815380337,25.867239128112793,-16.320730193526558,-15.768064185976982,0.0,-0.001536726951599121,-0.9220361709594727,-0.9036411444421333,
1236,64.1369412811473,2026-06-30T15:05:22.156+07:00,0.041720032691955566,-0.03236735239624977,25.03201961517334,25.432324993796595,25.432324993796595,24.96801961517334,-11.8207559967457,-19.420411437749863,0.0,-0.0014986991882324219,-0.8992195129394531,-0.3942778215837279,
1237,64.18848494300619,2026-06-30T15:05:22.207+07:00,0.0375361442565918,-0.1545124053955078,22.521686553955078,24.176329537538283,24.176329537538283,22.457686553955078,-21.67813608187572,-92.70744323730469,0.0,-0.0041838884353637695,-2.5103330612182617,-1.2559954562583187,
1238,64.24000123422593,2026-06-30T15:05:22.257+07:00,0.03866708278656006,-0.02575877495110035,23.200249671936035,23.678539157130672,23.678539157130672,23.136249671936035,-15.362415812648573,-15.45526497066021,0.0,0.0011309385299682617,0.678563117980957,-0.497790380407622,
1239,64.29179902514443,2026-06-30T15:05:22.308+07:00,0.03730267286300659,0.01315528154373169,22.381603717803955,22.978474779914475,22.978474779914475,22.317603717803955,-14.511235313627502,7.893168926239014,0.0,-0.0013644099235534668,-0.8186459541320801,-0.7000643772161936,
1240,64.34351513115689,2026-06-30T15:05:22.357+07:00,0.0361407995223999,0.0571729838848114,21.68447971343994,22.264218793595287,22.264218793595287,21.62047971343994,-14.404254240860277,34.30379033088684,0.0,-0.0011618733406066895,-0.6971240043640137,-0.7142559863191877,
1241,64.39508090401068,2026-06-30T15:05:22.407+07:00,0.03496772050857544,-0.0049426862969994545,20.980632305145264,21.56314160704969,21.56314160704969,20.916632305145264,-14.334125045827875,-2.9656117781996727,0.0,-0.0011730790138244629,-0.7038474082946777,-0.7010771865456036,
1242,64.44663578807376,2026-06-30T15:05:22.456+07:00,0.034055888652801514,0.013743191957473755,20.433533191680908,20.9270017294416,20.9270017294416,20.369533191680908,-13.582211280039902,8.245915174484253,0.0,-0.0009118318557739258,-0.5470991134643555,-0.6361398776080875,
1243,64.49824335705489,2026-06-30T15:05:22.507+07:00,0.03344845771789551,-0.005002797581255436,20.069074630737305,20.438084067767175,20.438084067767175,20.005074630737305,-11.390973063763221,-3.0016785487532616,0.0,-0.0006074309349060059,-0.3644585609436035,-0.48891766167443507,
1244,64.5497741480358,2026-06-30T15:05:22.558+07:00,0.033210813999176025,0.028413087129592896,19.926488399505615,20.115318769650155,20.115318769650155,19.862488399505615,-8.380912217159088,17.047852277755737,0.0,-0.00023764371871948242,-0.14258623123168945,-0.3227652981170195,
1245,64.60135462507606,2026-06-30T15:05:22.632+07:00,0.033191978931427,0.0004583895206451416,19.9151873588562,19.744357848522142,19.744357848522142,19.8511873588562,-5.051968371369087,0.27503371238708496,0.0,-1.8835067749023438e-05,-0.011301040649414062,-0.3709609211280167,
1246,64.65293202805333,2026-06-30T15:05:22.683+07:00,0.03354501724243164,0.008698642253875732,20.127010345458984,19.90686799157586,19.90686799157586,20.063010345458984,-0.2527486148808187,5.2191853523254395,0.0,0.00035303831100463867,0.2118229866027832,0.1625101430537086,
1247,64.70459148520604,2026-06-30T15:05:22.733+07:00,0.03397572040557861,0.008661389350891113,20.385432243347168,20.116655547136677,20.116655547136677,20.321432243347168,2.333937742643884,5.196833610534668,0.0,0.00043070316314697266,0.2584218978881836,0.20978755556080841,
1248,64.75622751703486,2026-06-30T15:05:22.783+07:00,0.03446000814437866,0.012297004461288452,20.676004886627197,20.37234797572625,20.37234797572625,20.612004886627197,3.9455265538421727,7.378202676773071,0.0,0.00048428773880004883,0.2905726432800293,0.2556924285895832,
1249,64.80860708514228,2026-06-30T15:05:22.833+07:00,0.03492915630340576,0.5005554556846619,20.957493782043457,20.65689929827255,20.65689929827255,20.893493782043457,4.911909129143092,300.3332734107971,0.0,0.0004691481590270996,0.28148889541625977,0.28455132254629234,
1250,64.86099133803509,2026-06-30T15:05:22.883+07:00,0.036151230335235596,0.22409415245056152,21.690738201141357,21.143081667749733,21.143081667749733,21.626738201141357,7.875229557432947,134.4564914703369,0.0,0.001222074031829834,0.7332444190979004,0.4861823694771772,
1251,64.91251222207211,2026-06-30T15:05:22.934+07:00,0.036984264850616455,0.021065562963485718,22.190558910369873,21.587290698042764,21.587290698042764,22.126558910369873,8.96894200355939,12.63933777809143,0.0,0.0008330345153808594,0.4998207092285156,0.44420903029302394,
1252,64.9645198090002,2026-06-30T15:05:22.984+07:00,0.03819400072097778,0.09814894199371338,22.91640043258667,22.234562309392597,22.234562309392597,22.85240043258667,11.488966392023205,58.88936519622803,0.0,0.0012097358703613281,0.7258415222167969,0.6472716113498223,
1253,65.01638752617873,2026-06-30T15:05:23.034+07:00,0.039496660232543945,0.027449816465377808,23.697996139526367,22.95175007794044,22.95175007794044,23.633996139526367,13.279549291843576,16.469889879226685,0.0,0.0013026595115661621,0.7815957069396973,0.7171877685478307,
1254,65.06815855717286,2026-06-30T15:05:23.083+07:00,0.04079306125640869,0.08437967300415039,24.475836753845215,23.707268094729837,23.707268094729837,24.411836753845215,14.684847991235152,50.627803802490234,0.0,0.001296401023864746,0.7778406143188477,0.7555180167894093,
1255,65.12004827405326,2026-06-30T15:05:23.133+07:00,0.04205334186553955,0.025914818048477173,25.23200511932373,24.47787977341462,24.47787977341462,25.16800511932373,15.203868196442432,15.548890829086304,0.0,0.0012602806091308594,0.7561683654785156,0.7706116786847872,
1256,65.17162415804341,2026-06-30T15:05:23.185+07:00,0.043307363986968994,0.04191869497299194,25.984418392181396,25.22540356415194,25.22540356415194,25.920418392181396,14.943020834849222,25.151216983795166,0.0,0.0012540221214294434,0.752413272857666,0.7475237907373184,
1257,65.22366820811294,2026-06-30T15:05:23.235+07:00,0.04366743564605713,0.38449627161026,26.200461387634277,25.77845345772416,25.77845345772416,26.136461387634277,12.240458913611903,230.697762966156,0.0,0.00036007165908813477,0.21604299545288086,0.5530498935722221,
1258,65.2752538882196,2026-06-30T15:05:23.284+07:00,0.04550212621688843,0.021086663007736206,27.301275730133057,26.549057731613715,26.549057731613715,27.237275730133057,14.231126299922439,12.651997804641724,0.0,0.0018346905708312988,1.1008143424987793,0.7706042738895462,
1259,65.32703342009336,2026-06-30T15:05:23.334+07:00,0.0464092493057251,0.4527583420276642,27.84554958343506,27.102998988278852,27.102998988278852,27.78154958343506,13.013841577566314,271.6550052165985,0.0,0.0009071230888366699,0.544273853302002,0.5539412566651265,
1260,65.37888965499587,2026-06-30T15:05:23.410+07:00,0.04850202798843384,0.05801042914390564,29.101216793060303,28.29717047209742,28.29717047209742,29.037216793060303,15.17217056533486,34.806257486343384,0.0,0.0020927786827087402,1.2556672096252441,1.1941714838185646,
1261,65.43047866900451,2026-06-30T15:05:23.460+07:00,0.049759626388549805,0.02394634485244751,29.855775833129883,29.085567459660894,29.085567459660894,29.791775833129883,15.518261017750962,14.367806911468506,0.0,0.0012575984001159668,0.7545590400695801,0.7883969875634875,
1262,65.48196220118552,2026-06-30T15:05:23.510+07:00,0.05094116926193237,0.44728076457977295,30.564701557159424,29.825946287656436,29.825946287656436,30.500701557159424,15.087425257339975,268.36845874786377,0.0,0.0011815428733825684,0.708925724029541,0.7403788279955279,
1263,65.53422243520617,2026-06-30T15:05:23.561+07:00,0.05207294225692749,0.020973771810531616,31.243765354156494,30.53387720163067,30.53387720163067,31.179765354156494,14.480408587380733,12.58426308631897,0.0,0.0011317729949951172,0.6790637969970703,0.7079309139742236,
1264,65.58671552105807,2026-06-30T15:05:23.616+07:00,0.05329495668411255,0.024363458156585693,31.97697401046753,31.269464346393413,31.269464346393413,31.91297401046753,14.396747252297889,14.618074893951416,0.0,0.0012220144271850586,0.7332086563110352,0.7355871447627464,
1265,65.63822325714864,2026-06-30T15:05:23.650+07:00,0.05397629737854004,0.025912940502166748,32.38577842712402,31.637774274649125,31.637774274649125,32.32177842712402,13.188509443572164,15.547764301300049,0.0,0.0006813406944274902,0.40880441665649414,0.3683099282557123,
1266,65.68976916000247,2026-06-30T15:05:23.698+07:00,0.0553092360496521,0.07171189785003662,33.18554162979126,32.39935255586302,32.39935255586302,33.12154162979126,14.71345795830588,43.02713871002197,0.0,0.0013329386711120605,0.7997632026672363,0.7615782812139003,
1267,65.74135782103986,2026-06-30T15:05:23.772+07:00,0.0561789870262146,0.4390251636505127,33.70739221572876,33.367191640919174,33.367191640919174,33.64339221572876,12.449948538120857,263.4150981903076,0.0,0.0008697509765625,0.5218505859375,0.9678390850561414,
1268,65.79281544615515,2026-06-30T15:05:23.822+07:00,0.059002041816711426,0.8578516840934753,35.401225090026855,34.401794270814825,34.401794270814825,35.337225090026855,17.19845594022619,514.7110104560852,0.0,0.002823054790496826,1.6938328742980957,1.0346026298956588,
1269,65.84433051617816,2026-06-30T15:05:23.872+07:00,0.060375750064849854,0.027752935886383057,36.22545003890991,35.325220281052715,35.325220281052715,36.16145003890991,18.01719899302862,16.651761531829834,0.0,0.0013737082481384277,0.8242249488830566,0.9234260102379039,
1270,65.89592710300349,2026-06-30T15:05:23.924+07:00,-0.0008102655410766602,0.03134560585021973,-0.4861593246459961,14.523314184133598,14.523314184133598,359.449840675354,-212.55074734693346,18.807363510131836,0.0,-0.061186015605926514,-36.71160936355591,-20.80190609691911,
1271,65.94751704321243,2026-06-30T15:05:23.973+07:00,0.00023418664932250977,0.020013265311717987,0.14051198959350586,6.114929155569559,6.114929155569559,0.07651198959350586,-184.21902125834956,12.007959187030792,0.0,0.00104445219039917,0.626671314239502,-8.408385028564027,
1272,65.99934735218994,2026-06-30T15:05:24.022+07:00,0.0009433627128601074,0.01894780993461609,0.5660176277160645,2.83187320633162,2.83187320633162,0.5020176277160644,-114.67732533831662,11.368685960769653,0.0,0.0007091760635375977,0.4255056381225586,-3.2830559492379336,
1273,66.05089444015175,2026-06-30T15:05:24.072+07:00,0.0010967850685119629,0.00012017972767353058,0.6580710411071777,1.535409350636486,1.535409350636486,0.5940710411071777,-62.749054193921516,0.07210783660411835,0.0,0.00015342235565185547,0.09205341339111328,-1.296463855695123,
1274,66.10251139802858,2026-06-30T15:05:24.122+07:00,0.0011057853698730469,0.014648769050836563,0.6634712219238281,0.9937741725772865,0.9937741725772865,0.5994712219238281,-32.46066084062776,8.789261430501938,0.0,9.000301361083984e-06,0.005400180816650391,-0.5416351780592095,
1275,66.15415685600601,2026-06-30T15:05:24.173+07:00,0.0010966062545776367,0.00013503804802894592,0.657963752746582,0.7628836551250529,0.7628836551250529,0.593963752746582,-16.23953549327613,0.08102282881736755,0.0,-9.179115295410156e-06,-0.005507469177246094,-0.23089051745222378,
1276,66.2057498882059,2026-06-30T15:05:24.223+07:00,0.001101672649383545,0.022531483322381973,0.661003589630127,0.6669658767915548,0.6669658767915548,0.5970035896301269,-7.919441019923754,13.518889993429184,0.0,5.066394805908203e-06,0.003039836883544922,-0.09591777833350079,
1277,66.2579498081468,2026-06-30T15:05:24.273+07:00,0.0010636448860168457,0.027046505361795425,0.6381869316101074,0.6158024380507866,0.6158024380507866,0.5741869316101074,-3.923096494009723,16.227903217077255,0.0,-3.802776336669922e-05,-0.02281665802001953,-0.05116343874075824,
1278,66.30969461705536,2026-06-30T15:05:24.323+07:00,0.0008858442306518555,-0.01120480615645647,0.5315065383911133,0.5558632874407321,0.5558632874407321,0.4675065383911133,-2.462420168411051,-6.722883693873882,0.0,-0.00017780065536499023,-0.10668039321899414,-0.05993915061006305,
1279,66.36121061211452,2026-06-30T15:05:24.374+07:00,-1.4901161193847656e-06,-0.0039032541681081057,-0.0008940696716308594,0.26909505352269164,0.26909505352269164,359.93510593032835,-4.459891516490913,-2.3419525008648634,0.0,-0.0008873343467712402,-0.5324006080627441,-0.2867682339180533,
1280,66.41283192206174,2026-06-30T15:05:24.424+07:00,-0.0011022090911865234,-0.016658678650856018,-0.6613254547119141,359.7745177991972,359.7745177991972,359.27467454528806,-7.880994295600436,-9.99520719051361,0.0,-0.0011007189750671387,-0.6604313850402832,-0.4945772543254634,
1281,66.46446897322312,2026-06-30T15:05:24.473+07:00,0.06007122993469238,-0.0243686456233263,36.04273796081543,12.245078502960325,12.245078502960325,35.97873796081543,191.8785523222964,-14.621187373995781,0.0,0.061173439025878906,36.704063415527344,12.470560703763113,
1282,66.51617524516769,2026-06-30T15:05:24.524+07:00,0.05856531858444214,-0.03275788202881813,35.13919115066528,25.53491155780339,25.53491155780339,35.07519115066528,224.93633617631227,-19.65472921729088,0.0,-0.0015059113502502441,-0.9035468101501465,13.289833054843058,
1283,66.56800290616229,2026-06-30T15:05:24.598+07:00,0.05594831705093384,-0.03438213840126991,33.5689902305603,31.591643043284492,31.591643043284492,33.5049902305603,112.03079869854434,-20.629283040761948,0.0,-0.0026170015335083008,-1.5702009201049805,6.0567314854810945,
1284,66.619495698018,2026-06-30T15:05:24.649+07:00,0.054231464862823486,-0.034442100673913956,32.53887891769409,32.23094452500011,32.23094452500011,32.47487891769409,53.699916073325966,-20.665260404348373,0.0,-0.0017168521881103516,-1.030111312866211,0.63930148171562,
1285,66.67110711918212,2026-06-30T15:05:24.699+07:00,0.052694499492645264,-0.03079879656434059,31.616699695587158,31.94557169244686,31.94557169244686,31.552699695587158,18.991208407026164,-18.479277938604355,0.0,-0.0015369653701782227,-0.9221792221069336,-0.2853728325532643,
1286,66.72280222503468,2026-06-30T15:05:24.752+07:00,0.05118948221206665,-0.029852602630853653,30.71368932723999,31.29166711745138,31.29166711745138,30.64968932723999,0.782479637866663,-17.91156157851219,0.0,-0.0015050172805786133,-0.903010368347168,-0.6539045749954653,
1287,66.77462984900922,2026-06-30T15:05:24.801+07:00,0.04962211847305298,0.19747206568717957,29.773271083831787,30.469493967213463,30.469493967213463,29.709271083831787,-9.27264059518311,118.48323941230774,0.0,-0.0015673637390136719,-0.9404182434082031,-0.8221731502379157,
1288,66.82629865920171,2026-06-30T15:05:24.850+07:00,0.04809445142745972,-0.025926144793629646,28.85667085647583,29.586085087914125,29.586085087914125,28.79267085647583,-14.491402722216195,-15.555686876177788,0.0,-0.0015276670455932617,-0.916600227355957,-0.8834088792993384,
1289,66.87812928319909,2026-06-30T15:05:24.900+07:00,0.0468144416809082,-0.020234229043126106,28.088665008544922,28.67797820537911,28.67797820537911,28.024665008544922,-16.27260565861962,-12.140537425875664,0.0,-0.0012800097465515137,-0.7680058479309082,-0.9081068825350087,
1290,66.9297203340102,2026-06-30T15:05:24.950+07:00,0.04555553197860718,-0.02552432008087635,27.333319187164307,27.940403091758565,27.940403091758565,27.269319187164307,-15.522556031863724,-15.31459204852581,0.0,-0.0012589097023010254,-0.7553458213806152,-0.7375751136205508,
1291,66.98165755020455,2026-06-30T15:05:25.000+07:00,0.04434490203857422,-0.02207520790398121,26.60694122314453,27.220692915683042,27.220692915683042,26.54294122314453,-15.04579818861791,-13.245124742388725,0.0,-0.001210629940032959,-0.7263779640197754,-0.7197101760755231,
1292,67.03430072800256,2026-06-30T15:05:25.052+07:00,0.04318314790725708,-0.008634687401354313,25.909888744354248,26.508046894620982,26.508046894620982,25.845888744354248,-14.326700762339033,-5.180812440812588,0.0,-0.0011617541313171387,-0.6970524787902832,-0.7126460210620564,
1293,67.0858399271965,2026-06-30T15:05:25.101+07:00,0.04206717014312744,0.06725680828094482,25.240302085876465,25.818168558676295,25.818168558676295,25.176302085876465,-14.55816387601345,40.354084968566895,0.0,-0.0011159777641296387,-0.6695866584777832,-0.6898783359446838,
1294,67.13783327303827,2026-06-30T15:05:25.152+07:00,0.04053229093551636,-0.016308726742863655,24.319374561309814,25.021708228541502,25.021708228541502,24.255374561309814,-15.129220704993626,-9.785236045718193,0.0,-0.001534879207611084,-0.9209275245666504,-0.7964603301347779,
1295,67.18953475006856,2026-06-30T15:05:25.201+07:00,0.03911423683166504,0.03281274437904358,23.468542098999023,24.178112902296167,24.178112902296167,23.404542098999023,-16.46310871679967,19.687646627426147,0.0,-0.0014180541038513184,-0.850832462310791,-0.8435953262453495,
1296,67.241100856103,2026-06-30T15:05:25.252+07:00,0.03766334056854248,-0.026687951758503914,22.59800434112549,23.304044971441847,23.304044971441847,22.53400434112549,-16.913680489418894,-16.01277105510235,0.0,-0.0014508962631225586,-0.8705377578735352,-0.8740679308543235,
1297,67.29296394321136,2026-06-30T15:05:25.303+07:00,0.036469221115112305,-5.206483183428645e-05,21.881532669067383,22.524861632231968,22.524861632231968,21.817532669067383,-15.971556529086632,-0.03123889910057187,0.0,-0.0011941194534301758,-0.7164716720581055,-0.7791833392098795,
1298,67.34453825303353,2026-06-30T15:05:25.351+07:00,0.0354536771774292,-0.014201493002474308,21.27220630645752,21.847431912313933,21.847431912313933,21.20820630645752,-15.146054338556022,-8.520895801484585,0.0,-0.0010155439376831055,-0.6093263626098633,-0.6774297199180239,
1299,67.39628497022204,2026-06-30T15:05:25.401+07:00,0.03439736366271973,-0.020564379170536995,20.638418197631836,21.186003368334333,21.186003368334333,20.574418197631836,-14.1777460688565,-12.338627502322197,0.0,-0.0010563135147094727,-0.6337881088256836,-0.6614285439796106,
1300,67.44818609417416,2026-06-30T15:05:25.458+07:00,0.033271729946136475,-0.019469143822789192,19.963037967681885,20.51965823483543,20.51965823483543,19.899037967681885,-12.890325064096404,-11.681486293673515,0.0,-0.001125633716583252,-0.6753802299499512,-0.6663451334989077,
1301,67.49992857011966,2026-06-30T15:05:25.510+07:00,0.03221285343170166,-0.01733836717903614,19.327712059020996,19.871177887476406,19.871177887476406,19.263712059020996,-12.820529324725094,-10.403020307421684,0.0,-0.0010588765144348145,-0.6353259086608887,-0.6484803473590262,
1302,67.55184399010614,2026-06-30T15:05:25.561+07:00,0.03149282932281494,0.26830145716667175,18.895697593688965,19.314820737512104,19.314820737512104,18.831697593688965,-11.710558950578575,160.98087430000305,0.0,-0.0007200241088867188,-0.43201446533203125,-0.556357149964299,
1303,67.6035986521747,2026-06-30T15:05:25.614+07:00,0.030910730361938477,0.02536025643348694,18.546438217163086,18.870349591465267,18.870349591465267,18.482438217163086,-9.853376617517965,15.216153860092163,0.0,-0.0005820989608764648,-0.3492593765258789,-0.4444711460468511,
1304,67.6555302941706,2026-06-30T15:05:25.664+07:00,0.03036332130432129,-0.0005680025788024068,18.217992782592773,18.50079151885564,18.50079151885564,18.153992782592773,-8.441692608364663,-0.3408015472814441,0.0,-0.0005474090576171875,-0.3284454345703125,-0.36955807260963525,
1305,67.70856137899682,2026-06-30T15:05:25.715+07:00,0.030163347721099854,0.2856981158256531,18.098008632659912,18.19440071214002,18.19440071214002,18.034008632659912,-6.694174981442208,171.41886949539185,0.0,-0.00019997358322143555,-0.11998414993286133,-0.30639080671562624,
1306,67.76067887316458,2026-06-30T15:05:25.768+07:00,0.02995443344116211,0.0168876051902771,17.972660064697266,18.027603696793236,18.027603696793236,17.908660064697266,-4.55669541932995,10.13256311416626,0.0,-0.00020891427993774414,-0.12534856796264648,-0.1667970153467877,
1307,67.8124070900958,2026-06-30T15:05:25.820+07:00,0.030115783214569092,0.24479299783706665,18.069469928741455,18.001811927358396,18.001811927358396,18.005469928741455,-2.1371056626340037,146.87579870224,0.0,0.00016134977340698242,0.09680986404418945,-0.0257917694348464,
1308,67.8646981951315,2026-06-30T15:05:25.872+07:00,0.03035646677017212,0.0200158953666687,18.21388006210327,18.05797460049285,18.05797460049285,18.14988006210327,-0.12017422990444016,12.00953722000122,0.0,0.00024068355560302734,0.1444101333618164,0.05616267313445178,
1309,67.91682678204961,2026-06-30T15:05:25.925+07:00,0.03098750114440918,0.018019109964370728,18.592500686645508,18.278788114399912,18.278788114399912,18.528500686645508,2.522075467244747,10.811465978622437,0.0,0.0006310343742370605,0.37862062454223633,0.2208135139070464,
1310,67.96861598012038,2026-06-30T15:05:25.977+07:00,0.032038331031799316,0.023800313472747803,19.22299861907959,18.719995536288753,18.719995536288753,19.15899861907959,6.22932802443113,14.280188083648682,0.0,0.0010508298873901367,0.630497932434082,0.44120742188883355,
1311,68.0204700671602,2026-06-30T15:05:26.030+07:00,0.033386826515197754,0.23669296503067017,20.032095909118652,19.341733559571882,19.341733559571882,19.968095909118652,9.690627695979437,142.0157790184021,0.0,0.0013484954833984375,0.8090972900390625,0.6217380232831147,
1312,68.07249078410678,2026-06-30T15:05:26.081+07:00,0.03470331430435181,0.027078330516815186,20.821988582611084,20.064445509506513,20.064445509506513,20.757988582611084,12.517230145993954,16.24699831008911,0.0,0.0013164877891540527,0.7898926734924316,0.7227119499346202,
1313,68.1243962221779,2026-06-30T15:05:26.133+07:00,0.03629958629608154,0.13054439425468445,21.779751777648926,20.900297651003342,20.900297651003342,21.715751777648926,14.974521104051464,78.32663655281067,0.0,0.0015962719917297363,0.9577631950378418,0.8358521414968436,
1314,68.17641966114752,2026-06-30T15:05:26.183+07:00,0.03789633512496948,0.09506437182426453,22.73780107498169,21.8251142228962,21.8251142228962,22.67380107498169,17.045779595502015,57.038623094558716,0.0,0.0015967488288879395,0.9580492973327637,0.9248165718928476,
1315,68.22834539599717,2026-06-30T15:05:26.259+07:00,0.04031318426132202,0.11596223711967468,24.187910556793213,23.233921259802162,23.233921259802162,24.123910556793213,18.302536330612153,69.57734227180481,0.0,0.002416849136352539,1.4501094818115234,1.408807036905955,
1316,68.28014944610186,2026-06-30T15:05:26.310+07:00,0.04184305667877197,0.03156918287277222,25.105834007263184,24.17253159859942,24.17253159859942,25.041834007263184,18.557878622323166,18.94150972366333,0.0,0.0015298724174499512,0.9179234504699707,0.9386103387972469,
1317,68.33307379111648,2026-06-30T15:05:26.361+07:00,0.04307687282562256,0.2731019854545593,25.846123695373535,24.890615510518725,24.890615510518725,25.782123695373535,16.80003523668387,163.8611912727356,0.0,0.001233816146850586,0.7402896881103516,0.7180839119193081,
1318,68.38506474811584,2026-06-30T15:05:26.411+07:00,0.04388707876205444,0.03410235047340393,26.332247257232666,25.634908285835383,25.634908285835383,26.268247257232666,15.564663155612633,20.46141028404236,0.0,0.0008102059364318848,0.48612356185913086,0.7442927753166657,
1319,68.43726177909411,2026-06-30T15:05:26.464+07:00,0.044495463371276855,0.009611725807189941,26.697278022766113,26.19366516649497,26.19366516649497,26.633278022766113,12.573257089759759,5.767035484313965,0.0,0.0006083846092224121,0.36503076553344727,0.5587568806595868,
1320,68.48901225510053,2026-06-30T15:05:26.514+07:00,0.045348167419433594,0.5438559651374817,27.208900451660156,26.66837170368725,26.66837170368725,27.144900451660156,10.909684289090357,326.313579082489,0.0,0.0008527040481567383,0.511622428894043,0.47470653719227585,
1321,68.5411556751933,2026-06-30T15:05:26.570+07:00,0.045523762702941895,0.4619441032409668,27.314257621765137,27.009674835382892,27.009674835382892,27.250257621765137,7.943922661724418,277.1664619445801,0.0,0.00017559528350830078,0.10535717010498047,0.3413031316956392,
1322,68.59293711418286,2026-06-30T15:05:26.620+07:00,0.04655945301055908,0.06855326890945435,27.93567180633545,27.465414790266774,27.465414790266774,27.87167180633545,8.613060552552351,41.13196134567261,0.0,0.0010356903076171875,0.6214141845703125,0.45573995488388164,
1323,68.64485731208697,2026-06-30T15:05:26.673+07:00,0.04727637767791748,0.04379501938819885,28.36582660675049,27.897616809814146,27.897616809814146,28.30182660675049,8.558633225880799,26.27701163291931,0.0,0.0007169246673583984,0.43015480041503906,0.43220201954736126,
1324,68.6969221031759,2026-06-30T15:05:26.724+07:00,0.048419058322906494,0.04436850547790527,29.051434993743896,28.446025136581756,28.446025136581756,28.987434993743896,9.992244543360872,26.621103286743164,0.0,0.0011426806449890137,0.6856083869934082,0.5484083267675999,
1325,68.74889963399619,2026-06-30T15:05:26.775+07:00,0.04957073926925659,0.4787444472312927,29.742443561553955,29.09190998977938,29.09190998977938,29.678443561553955,11.620794856911928,287.24666833877563,0.0,0.0011516809463500977,0.6910085678100586,0.6458848531976287,
1326,68.80087455408648,2026-06-30T15:05:26.826+07:00,0.048142313957214355,0.30972063541412354,28.885388374328613,29.23032209256136,29.23032209256136,28.821388374328613,4.783261824287571,185.83238124847412,0.0,-0.0014284253120422363,-0.8570551872253418,0.13841210278198446,
1327,68.85302228899673,2026-06-30T15:05:26.877+07:00,0.05193495750427246,0.025488436222076416,31.160974502563477,30.24482838594319,30.24482838594319,31.096974502563477,13.575444956535614,15.29306173324585,0.0,0.0037926435470581055,2.2755861282348633,1.014506293381828,
1328,68.90486830216832,2026-06-30T15:05:26.928+07:00,0.053243041038513184,0.24848437309265137,31.94582462310791,31.1059450807132,31.1059450807132,31.88182462310791,15.54705360348468,149.09062385559082,0.0,0.0013080835342407227,0.7848501205444336,0.8611166947700042,
1329,68.95703518507071,2026-06-30T15:05:26.977+07:00,0.054065823554992676,0.018194139003753662,32.439494132995605,31.780831246779467,31.780831246779467,32.375494132995605,14.403137965975372,10.916483402252197,0.0,0.0008227825164794922,0.4936695098876953,0.6748861660662726,
1330,69.00887832720764,2026-06-30T15:05:27.028+07:00,0.05491840839385986,0.014439046382904053,32.95104503631592,32.369828365880224,32.369828365880224,32.88704503631592,12.764496820874493,8.663427829742432,0.0,0.0008525848388671875,0.5115509033203125,0.5889971191007533,
1331,69.06077104411088,2026-06-30T15:05:27.083+07:00,0.05590552091598511,0.02857959270477295,33.543312549591064,32.82835713631207,32.82835713631207,33.479312549591064,11.459609885844866,17.14775562286377,0.0,0.0009871125221252441,0.5922675132751465,0.4585287704318546,
1332,69.11253383522853,2026-06-30T15:05:27.135+07:00,0.05669361352920532,0.032401204109191895,34.01616811752319,32.43188574347396,32.43188574347396,33.95216811752319,6.9270725953555345,19.440722465515137,0.0,0.0007880926132202148,0.4728555679321289,-0.39647139283812294,
1333,69.16453527403064,2026-06-30T15:05:27.189+07:00,0.05765247344970703,0.10430634021759033,34.59148406982422,33.57528880167001,33.57528880167001,34.52748406982422,15.108199274050843,62.5838041305542,0.0,0.000958859920501709,0.5753159523010254,1.1434030581960428,
1334,69.21651819418184,2026-06-30T15:05:27.241+07:00,0.05828821659088135,0.015800297260284424,34.97292995452881,34.30438773172018,34.30438773172018,34.90892995452881,14.406714947598152,9.480178356170654,0.0,0.0006357431411743164,0.38144588470458984,0.7290989300501565,
1335,69.26838283706456,2026-06-30T15:05:27.291+07:00,0.05894750356674194,0.012149512767791748,35.368502140045166,34.86208560747094,34.86208560747094,35.304502140045166,12.300596541786312,7.289707660675049,0.0,0.0006592869758605957,0.3955721855163574,0.5576978757507618,
1336,69.32035434921272,2026-06-30T15:05:27.345+07:00,0.059576988220214844,0.017878830432891846,35.746192932128906,35.291413154334464,35.291413154334464,35.682192932128906,9.939884521786993,10.727298259735107,0.0,0.0006294846534729004,0.37769079208374023,0.4293275468635329,
1337,69.37263493612409,2026-06-30T15:05:27.395+07:00,0.06010770797729492,0.013147413730621338,36.06462478637695,35.667974981852964,35.667974981852964,36.00062478637695,8.445408562280893,7.888448238372803,0.0,0.0005307197570800781,0.3184318542480469,0.37656182751851475,
1338,69.42449431912974,2026-06-30T15:05:27.447+07:00,-0.0016794204711914062,0.014924110844731331,-1.0076522827148438,22.932395340820733,22.932395340820733,358.92834771728513,-166.1731432759972,8.954466506838799,0.0,-0.06178712844848633,-37.0722770690918,-12.735579641032245,
1339,69.47644290607423,2026-06-30T15:05:27.498+07:00,-0.000967562198638916,0.013411642983555794,-0.5805373191833496,9.278094976214174,9.278094976214174,359.35546268081663,-217.7401028883558,8.046985790133476,0.0,0.0007118582725524902,0.42711496353149414,-13.65430036460657,
1340,69.52848090021871,2026-06-30T15:05:27.549+07:00,-0.00047665834426879883,0.010602766647934914,-0.2859950065612793,3.6822859983935237,3.6822859983935237,359.6500049934387,-152.5110498265094,6.361659988760948,0.0,0.0004909038543701172,0.2945423126220703,-5.595808977820639,
1341,69.5805479681585,2026-06-30T15:05:27.600+07:00,-0.00012236833572387695,0.0077938903123140335,-0.07342100143432617,1.4513462212364678,1.4513462212364678,359.86257899856565,-88.41343044953621,4.67633418738842,0.0,0.0003542900085449219,0.21257400512695312,-2.2309397771570616,
1342,69.63287777709775,2026-06-30T15:05:27.650+07:00,0.00018417835235595703,0.005536351352930069,0.11050701141357422,0.6211515705542261,0.6211515705542261,0.04650701141357422,-46.52174429485697,3.3218108117580414,0.0,0.000306546688079834,0.1839280128479004,-0.8301946506822446,
1343,69.68485186411999,2026-06-30T15:05:27.700+07:00,0.00038063526153564453,0.004120726604014635,0.22838115692138672,0.3470583015882531,0.3470583015882531,0.16438115692138672,-22.622616427869996,2.472435962408781,0.0,0.0001964569091796875,0.1178741455078125,-0.2740932689659701,
1344,69.73693456104957,2026-06-30T15:05:27.752+07:00,0.0003829002380371094,0.005938665941357613,0.22974014282226562,0.24184263079216411,0.24184263079216411,0.16574014282226562,-10.68150939546677,3.5631995648145676,0.0,2.2649765014648438e-06,0.0013589859008789062,-0.10521567079609895,
1345,69.78875672305003,2026-06-30T15:05:27.801+07:00,0.00037926435470581055,-3.671273952932097e-05,0.22755861282348633,0.1807520720241391,0.1807520720241391,0.16355861282348633,-5.1020404821322245,-0.022027643717592582,0.0,-3.635883331298828e-06,-0.002181529998779297,-0.06109055876802927,
1346,69.84053171705455,2026-06-30T15:05:27.852+07:00,0.00037926435470581055,-0.0001783203479135409,0.22755861282348633,0.17119710690031045,0.17119710690031045,0.16355861282348633,-2.261893841041447,-0.10699220874812454,0.0,0.0,0.0,-0.00955496512384002,
1347,69.89238969306462,2026-06-30T15:05:27.903+07:00,0.0003807544708251953,0.002325044944882393,0.2284526824951172,0.16709066492200922,0.16709066492200922,0.1644526824951172,-0.9985627391926868,1.3950269669294357,0.0,1.4901161193847656e-06,0.0008940696716308594,-0.0041064419783083395,
1348,69.94457168714143,2026-06-30T15:05:27.954+07:00,0.00037920475006103516,-0.00023051726748235524,0.2275228500366211,0.16586826332891808,0.16586826332891808,0.1635228500366211,-0.4402433881905815,-0.13831036048941314,0.0,-1.5497207641601562e-06,-0.0009298324584960938,-0.0012224015930826226,
1349,69.99643490416929,2026-06-30T15:05:28.006+07:00,0.00010657310485839844,-0.039405688643455505,0.06394386291503906,0.10730182183010362,0.10730182183010362,359.999943862915,-0.9911876708104609,-23.643413186073303,0.0,-0.0002726316452026367,-0.16357898712158203,-0.05856644149881163,
1350,70.04837310221046,2026-06-30T15:05:28.058+07:00,-0.0005548596382141113,-0.010691165924072266,-0.3329157829284668,359.8930749008,359.8930749008,359.6030842170715,-3.0418347353442146,-6.414699554443359,0.0,-0.0006614327430725098,-0.39685964584350586,-0.21422692103010377,
1351,70.1004437811207,2026-06-30T15:05:28.108+07:00,0.06458181887865067,6.219595909118652,38.7490913271904,13.302086638163644,13.302086638163644,38.6850913271904,205.74019040320573,3731.7575454711914,0.0,0.06513667851686478,39.082007110118866,13.409011737363642,
1352,70.15292040421627,2026-06-30T15:05:28.159+07:00,0.05875200033187866,-0.03475809097290039,35.2512001991272,26.0573453590778,26.0573453590778,35.1872001991272,225.18954911893968,-20.854854583740234,0.0,-0.005829818546772003,-3.497891128063202,12.755258720914156,
1353,70.20474841701798,2026-06-30T15:05:28.211+07:00,0.05681025981903076,-0.03501958027482033,34.08615589141846,30.79579163761049,30.79579163761049,34.02215589141846,145.1000482716714,-21.011748164892197,0.0,-0.0019417405128479004,-1.1650443077087402,4.7384462785326775,
1354,70.25674861506559,2026-06-30T15:05:28.264+07:00,0.05489814281463623,-0.03238949552178383,32.93888568878174,32.12194236869249,32.12194236869249,32.87488568878174,74.29886714019776,-19.433697313070297,0.0,-0.0019121170043945312,-1.1472702026367188,1.3261507310820093,
1355,70.30871340609156,2026-06-30T15:05:28.339+07:00,0.05290067195892334,0.3517921268939972,31.740403175354004,31.965821851111826,31.965821851111826,31.676403175354004,17.8773784648615,211.07527613639832,0.0,-0.0019974708557128906,-1.1984825134277344,-0.1561205175806606,
1356,70.36081062210724,2026-06-30T15:05:28.389+07:00,0.05184781551361084,-0.013152183033525944,31.108689308166504,31.492251987629878,31.492251987629878,31.044689308166504,1.9654389833144492,-7.891309820115566,0.0,-0.0010528564453125,-0.6317138671875,-0.4735698634819414,
1357,70.41313161607832,2026-06-30T15:05:28.442+07:00,0.050794363021850586,-0.02104264684021473,30.47661781311035,30.939180626217336,30.939180626217336,30.41261781311035,-5.484093265497489,-12.625588104128838,0.0,-0.001053452491760254,-0.6320714950561523,-0.5530713614125489,
1358,70.46508472110145,2026-06-30T15:05:28.493+07:00,0.04960817098617554,-0.019776852801442146,29.764902591705322,29.858848494495117,29.858848494495117,29.700902591705322,-11.974550305752153,-11.866111680865288,0.0,-0.0011861920356750488,-0.7117152214050293,-1.0803321317222299,
1359,70.5170610670466,2026-06-30T15:05:28.544+07:00,0.048363685607910156,-0.00617912458255887,29.018211364746094,29.416747615863954,29.416747615863954,28.954211364746094,-10.2305517827521,-3.707474749535322,0.0,-0.0012444853782653809,-0.7466912269592285,-0.4421008786311518,
1360,70.56894919113256,2026-06-30T15:05:28.593+07:00,0.04722040891647339,-0.019798966124653816,28.332245349884033,28.825068384496728,28.825068384496728,28.268245349884033,-11.334077977389121,-11.87937967479229,0.0,-0.0011432766914367676,-0.6859660148620605,-0.5916792313672374,
1361,70.62113201920874,2026-06-30T15:05:28.643+07:00,0.04612624645233154,0.07165640592575073,27.675747871398926,27.951810506791595,27.951810506791595,27.611747871398926,-13.446536479991474,42.99384355545044,0.0,-0.0010941624641418457,-0.6564974784851074,-0.8732578777051287,
1362,70.67303934600204,2026-06-30T15:05:28.694+07:00,0.04513704776763916,-0.016014518216252327,27.082228660583496,27.467276050893897,27.467276050893897,27.018228660583496,-11.288630348767681,-9.608710929751396,0.0,-0.0009891986846923828,-0.5935192108154297,-0.4845344558976876,
1363,70.72490547015332,2026-06-30T15:05:28.744+07:00,0.044370830059051514,0.12162703275680542,26.622498035430908,26.594763333468006,26.594763333468006,26.558498035430908,-12.406193122003941,72.97621965408325,0.0,-0.0007662177085876465,-0.4597306251525879,-0.8725127174258773,
1364,70.77667228016071,2026-06-30T15:05:28.796+07:00,0.043518900871276855,0.41973066329956055,26.111340522766113,26.29688392061023,26.29688392061023,26.047340522766113,-8.509305454530939,251.83839797973633,0.0,-0.0008519291877746582,-0.5111575126647949,-0.29787941285778174,
1365,70.82882277411409,2026-06-30T15:05:28.845+07:00,0.042285919189453125,-0.02372056245803833,25.371551513671875,25.817343327358934,25.817343327358934,25.307551513671875,-9.536855404869122,-14.232337474822998,0.0,-0.0012329816818237305,-0.7397890090942383,-0.4795405932513006,
1366,70.8806297131814,2026-06-30T15:05:28.896+07:00,0.04105895757675171,-0.021805794909596443,24.635374546051025,25.181988036108145,25.181988036108145,24.571374546051025,-11.372300629632477,-13.083476945757866,0.0,-0.001226961612701416,-0.7361769676208496,-0.6353552912507894,
1367,70.9325483920984,2026-06-30T15:05:28.948+07:00,0.04003661870956421,-0.018520565703511238,24.021971225738525,24.54551129439013,24.54551129439013,23.957971225738525,-12.057556798338616,-11.112339422106743,0.0,-0.0010223388671875,-0.6134033203125,-0.6364767417180133,
1368,70.984425294213,2026-06-30T15:05:28.998+07:00,0.030265092849731445,-1.5397653579711914,18.159055709838867,22.08969213256709,22.08969213256709,18.095055709838867,-39.41462199000933,-923.8592147827148,0.0,-0.009771525859832764,-5.862915515899658,-2.4558191618230296,
1369,71.03647888102569,2026-06-30T15:05:29.050+07:00,0.03897291421890259,-0.000192166306078434,23.383748531341553,22.803979407287056,22.803979407287056,23.319748531341553,-9.123385645946417,-0.1152997836470604,0.0,0.008707821369171143,5.2246928215026855,0.7142872747199647,
1370,71.0883567831479,2026-06-30T15:05:29.101+07:00,0.03900092840194702,-0.9103705883026123,23.400557041168213,23.109728655268782,23.109728655268782,23.336557041168213,-0.5173727050741617,-546.2223529815674,0.0,2.8014183044433594e-05,0.016808509826660156,0.30574924798173697,
1371,71.1403926841449,2026-06-30T15:05:29.153+07:00,0.039525628089904785,0.015140324831008911,23.71537685394287,23.37021579130693,23.37021579130693,23.65137685394287,2.892031187842665,9.084194898605347,0.0,0.0005246996879577637,0.3148198127746582,0.26048713603813667,
1372,71.19243740104139,2026-06-30T15:05:29.204+07:00,0.04040330648422241,0.018984705209732056,24.241983890533447,23.774111358957143,23.774111358957143,24.177983890533447,6.044872795673828,11.390823125839233,0.0,0.000877678394317627,0.5266070365905762,0.40389556765020984,
1373,71.24460859806277,2026-06-30T15:05:29.255+07:00,0.04101407527923584,0.010871022939682007,24.608445167541504,24.1836524737352,24.1836524737352,24.544445167541504,7.149223149145891,6.522613763809204,0.0,0.0006107687950134277,0.36646127700805664,0.409541114778051,
1374,71.29642342613079,2026-06-30T15:05:29.305+07:00,0.04153883457183838,0.01227906346321106,24.923300743103027,24.534159911419366,24.534159911419366,24.859300743103027,7.201166130235222,7.367438077926636,0.0,0.0005247592926025391,0.31485557556152344,0.3505074376841719,
1375,71.34836431010626,2026-06-30T15:05:29.357+07:00,0.04229533672332764,0.015862762928009033,25.377202033996582,24.556906815552054,24.556906815552054,25.313202033996582,5.842958367552611,9.51765775680542,0.0,0.0007565021514892578,0.4539012908935547,0.02274690413270264,
1376,71.40043634106405,2026-06-30T15:05:29.407+07:00,0.043119192123413086,0.018246829509735107,25.87151527404785,25.21878823606756,25.21878823606756,25.80751527404785,10.149941215442198,10.948097705841064,0.0,0.0008238554000854492,0.49431324005126953,0.661881420515499,
1377,71.45281494501978,2026-06-30T15:05:29.482+07:00,0.04487884044647217,0.12017086148262024,26.9273042678833,26.210487949187495,26.210487949187495,26.8633042678833,12.677599805552733,72.10251688957214,0.0,0.001759648323059082,1.0557889938354492,0.9916997131199423,
1378,71.50466021802276,2026-06-30T15:05:29.532+07:00,0.04618632793426514,0.24792590737342834,27.711796760559082,26.945212013271867,26.945212013271867,27.647796760559082,14.043564980939653,148.755544424057,0.0,0.0013074874877929688,0.7844924926757812,0.7347240640843609,
1379,71.55660391622223,2026-06-30T15:05:29.583+07:00,0.047307491302490234,0.023968130350112915,28.38449478149414,27.662462794134207,27.662462794134207,28.32049478149414,14.27525592109396,14.380878210067749,0.0,0.0011211633682250977,0.6726980209350586,0.7172507808623436,
1380,71.60856496519409,2026-06-30T15:05:29.634+07:00,0.048511385917663574,0.025755584239959717,29.106831550598145,28.053645789835286,28.053645789835286,29.042831550598144,12.734571547011438,15.45335054397583,0.0,0.0012038946151733398,0.7223367691040039,0.3911829957010866,
1381,71.66061171912588,2026-06-30T15:05:29.685+07:00,0.04579085111618042,-0.6937248706817627,27.474510669708252,28.11700864348668,28.11700864348668,27.410510669708252,3.3975487024069153,-416.2349224090576,0.0,-0.0027205348014831543,-1.6323208808898926,0.06336285365139815,
1382,71.71289669419639,2026-06-30T15:05:29.737+07:00,0.051144540309906006,0.040902137756347656,30.686724185943604,29.48453777282382,29.48453777282382,30.622724185943603,16.62752916008802,24.541282653808594,0.0,0.005353689193725586,3.2122135162353516,1.3675291293371288,
1383,71.76514346618205,2026-06-30T15:05:29.790+07:00,0.0524449348449707,0.04371082782745361,31.466960906982422,30.526598481610606,30.526598481610606,31.402960906982422,18.335719833132654,26.226496696472168,0.0,0.0013003945350646973,0.7802367210388184,1.042060708786778,
1384,71.81712118210271,2026-06-30T15:05:29.840+07:00,0.05379229784011841,0.027990102767944336,32.275378704071045,31.420916155323056,31.420916155323056,32.211378704071045,18.013111247293992,16.7940616607666,0.0,0.001347362995147705,0.808417797088623,0.8943176737124645,
1385,71.86897080601193,2026-06-30T15:05:29.893+07:00,0.0552482008934021,0.2267788052558899,33.14892053604126,32.28340826554251,32.28340826554251,33.08492053604126,17.23073959449283,136.06728315353394,0.0,0.0014559030532836914,0.8735418319702148,0.8624921102194492,
1386,71.92100824508816,2026-06-30T15:05:29.944+07:00,0.056359291076660156,0.02612704038619995,33.815574645996094,33.06820381459466,33.06820381459466,33.751574645996094,16.0889248815556,15.67622423171997,0.0,0.0011110901832580566,0.666654109954834,0.7847955490521485,
1387,71.97290892410092,2026-06-30T15:05:29.994+07:00,0.05758434534072876,0.0283469557762146,34.550607204437256,33.81099950112967,33.81099950112967,34.486607204437256,15.56414378223815,17.00817346572876,0.0,0.0012250542640686035,0.7350325584411621,0.742795686535004,
1388,72.02475060406141,2026-06-30T15:05:30.046+07:00,0.05878406763076782,0.12669414281845093,35.27044057846069,34.55543153046492,34.55543153046492,35.20644057846069,14.726634078881128,76.01648569107056,0.0,0.0011997222900390625,0.7198333740234375,0.7444320293352575,
1389,72.07677183905616,2026-06-30T15:05:30.096+07:00,0.05977290868759155,0.39093589782714844,35.86374521255493,35.18966828123715,35.18966828123715,35.79974521255493,13.635691377185886,234.56153869628906,0.0,0.0009888410568237305,0.5933046340942383,0.6342367507722315,
1390,72.12869307422079,2026-06-30T15:05:30.148+07:00,-0.005284726619720459,-5.207276821136475,-3.1708359718322754,21.92852964189443,21.92852964189443,356.7651640281677,-177.31955630402172,-3124.3660926818848,0.0,-0.06505763530731201,-39.03458118438721,-13.261138639342732,
1391,72.18073406815529,2026-06-30T15:05:30.200+07:00,-0.0009368658065795898,0.02844792976975441,-0.5621194839477539,8.831476223804149,8.831476223804149,359.3738805160522,-213.61361458687335,17.068757861852646,0.0,0.004347860813140869,2.6087164878845215,-13.097053418090269,
1392,72.23247591522522,2026-06-30T15:05:30.251+07:00,0.00011116266250610352,0.02677900716662407,0.06669759750366211,3.655417795390913,3.655417795390913,0.002697597503662108,-146.62931550926,16.06740429997444,0.0,0.0010480284690856934,0.628817081451416,-5.176058428413228,
1393,72.28441135422327,2026-06-30T15:05:30.301+07:00,0.001122117042541504,0.02713659778237343,0.6732702255249023,1.827729623277547,1.827729623277547,0.6092702255249023,-81.71347129771306,16.281958669424057,0.0,0.0010109543800354004,0.6065726280212402,-1.827688172113369,
1394,72.3365526071284,2026-06-30T15:05:30.352+07:00,0.0020975470542907715,0.01823314279317856,1.258528232574463,1.3934202372226296,1.3934202372226296,1.1945282325744628,-38.77636916327342,10.939885675907135,0.0,0.0009754300117492676,0.5852580070495605,-0.4343093860549061,
1395,72.38877293420956,2026-06-30T15:05:30.401+07:00,0.002792060375213623,-0.11818701028823853,1.6752362251281738,1.471710803676949,1.471710803676949,1.6112362251281738,-15.24010248542997,-70.91220617294312,0.0,0.0006945133209228516,0.41670799255371094,0.07829056645431365,
1396,72.44057298405096,2026-06-30T15:05:30.452+07:00,0.003284752368927002,0.007936425507068634,1.9708514213562012,1.695341994746457,1.695341994746457,1.9068514213562011,-3.880863343179481,4.76185530424118,0.0,0.0004926919937133789,0.29561519622802734,0.2236311910695008,
1397,72.49286216311157,2026-06-30T15:05:30.502+07:00,0.0034162402153015137,-0.00022941085626371205,2.049744129180908,1.858924258138349,1.858924258138349,1.9857441291809081,0.22463894120355477,-0.13764651375822723,0.0,0.00013148784637451172,0.07889270782470703,0.16358226339190196,
1398,72.54482356505468,2026-06-30T15:05:30.553+07:00,0.0033822059631347656,0.02268851175904274,2.0293235778808594,1.8323298412475142,1.8323298412475142,1.9653235778808593,0.2865581933458401,13.613107055425644,0.0,-3.403425216674805e-05,-0.020420551300048828,-0.02659441689084474,
1399,72.5970670580864,2026-06-30T15:05:30.628+07:00,0.0022979378700256348,-0.020383326336741447,1.3787627220153809,1.5858276619048428,1.5858276619048428,1.3147627220153808,-2.7236615038583722,-12.229995802044868,0.0,-0.0010842680931091309,-0.6505608558654785,-0.24650217934268426,
1400,72.6491672010161,2026-06-30T15:05:30.677+07:00,0.0013127923011779785,-0.010690135881304741,0.7876753807067871,1.154536293933892,1.154536293933892,0.723675380706787,-6.300402768591638,-6.4140815287828445,0.0,-0.0009851455688476562,-0.5910873413085938,-0.4312913679709425,
1401,72.70118075003847,2026-06-30T15:05:30.728+07:00,0.00014913082122802734,-0.021962925791740417,0.0894784927368164,0.5798384170251285,0.5798384170251285,0.025478492736816405,-9.430409751090586,-13.17775547504425,0.0,-0.0011636614799499512,-0.6981968879699707,-0.5746978769087718,
1402,72.75323709612712,2026-06-30T15:05:30.783+07:00,-0.001006782054901123,-0.022350365296006203,-0.6040692329406738,359.9333235631538,359.9333235631538,359.3319307670593,-10.97368825118438,-13.410219177603722,0.0,-0.0011559128761291504,-0.6935477256774902,-0.6465148538713947,
1403,72.80539403506555,2026-06-30T15:05:30.832+07:00,0.06033945083618164,0.08671301603317261,36.203670501708984,12.384243553357635,12.384243553357635,36.139670501708984,183.79771421784682,52.027809619903564,0.0,0.061346232891082764,36.80773973464966,12.450919990203829,
1404,72.85785223217681,2026-06-30T15:05:30.884+07:00,0.058911263942718506,-0.02836865372955799,35.3467583656311,25.70034966693577,25.70034966693577,35.2827583656311,218.46129312743045,-17.021192237734795,0.0,-0.0014281868934631348,-0.8569121360778809,13.316106113578144,
1405,72.91266105417162,2026-06-30T15:05:30.943+07:00,0.05737614631652832,-0.028539838269352913,34.42568778991699,30.795324253950852,30.795324253950852,34.36168778991699,140.02869083804717,-17.123902961611748,0.0,-0.0015351176261901855,-0.9210705757141113,5.094974587015088,
1406,72.96443616016768,2026-06-30T15:05:30.995+07:00,0.055298030376434326,0.556732714176178,33.178818225860596,32.313369153084565,32.313369153084565,33.114818225860596,74.35871580846515,334.0396285057068,0.0,-0.002078115940093994,-1.2468695640563965,1.518044899133713,
1407,73.01675372710451,2026-06-30T15:05:31.045+07:00,0.053413569927215576,0.4444524049758911,32.048141956329346,32.322418695602295,32.322418695602295,31.984141956329346,30.43956266059895,266.67144298553467,0.0,-0.00188446044921875,-1.13067626953125,0.009049542517743703,
1408,73.06884198100306,2026-06-30T15:05:31.076+07:00,0.053267061710357666,-0.02575373835861683,31.9602370262146,32.17325511131661,32.17325511131661,31.8962370262146,18.068331940130463,-15.452243015170097,0.0,-0.00014650821685791016,-0.0879049301147461,-0.1491635842857022,
1409,73.12068527122028,2026-06-30T15:05:31.130+07:00,0.051753997802734375,-0.02877110429108143,31.052398681640625,31.603816235153822,31.603816235153822,30.988398681640625,1.3205693732020523,-17.262662574648857,0.0,-0.001513063907623291,-0.9078383445739746,-0.569438876162792,
1410,73.17232839600183,2026-06-30T15:05:31.201+07:00,0.049502551555633545,-0.031401608139276505,29.701530933380127,30.42258954885889,30.42258954885889,29.637530933380127,-12.122369669045172,-18.840964883565903,0.0,-0.00225144624710083,-1.350867748260498,-1.1812266862949343,
1411,73.22392339119688,2026-06-30T15:05:31.253+07:00,0.04763883352279663,-0.039031002670526505,28.58330011367798,29.45626065528522,29.45626065528522,28.51930011367798,-15.931315666560055,-23.418601602315903,0.0,-0.001863718032836914,-1.1182308197021484,-0.9663288935736603,
1412,73.27547242306173,2026-06-30T15:05:31.303+07:00,0.04447215795516968,0.2538660764694214,26.683294773101807,28.045103472070938,28.045103472070938,26.619294773101807,-23.665737462576182,152.31964588165283,0.0,-0.003166675567626953,-1.9000053405761719,-1.4111571832142715,
1413,73.32718795514666,2026-06-30T15:05:31.358+07:00,0.04412209987640381,0.37954235076904297,26.473259925842285,27.224974640879193,27.224974640879193,26.409259925842285,-18.632393914976202,227.72541046142578,0.0,-0.00035005807876586914,-0.21003484725952148,-0.8201288311917381,
1414,73.37915207911283,2026-06-30T15:05:31.405+07:00,0.04283320903778076,-0.023169340565800667,25.699925422668457,26.400163409573647,26.400163409573647,25.635925422668457,-17.88909948287166,-13.9016043394804,0.0,-0.0012888908386230469,-0.7733345031738281,-0.8248112313055458,
1415,73.43101701815613,2026-06-30T15:05:31.454+07:00,0.04150700569152832,-0.010652274824678898,24.904203414916992,25.578881333397266,25.578881333397266,24.840203414916992,-17.276888894945184,-6.391364894807339,0.0,-0.0013262033462524414,-0.7957220077514648,-0.8212820761763737,
1416,73.48367391806096,2026-06-30T15:05:31.504+07:00,0.04050493240356445,-0.017686160281300545,24.302959442138672,24.877902081635415,24.877902081635415,24.238959442138672,-15.433943784520928,-10.611696168780327,0.0,-0.0010020732879638672,-0.6012439727783203,-0.7009792517618507,
1417,73.53522995021194,2026-06-30T15:05:31.554+07:00,0.040056049823760986,-0.00012526009231805801,24.033629894256592,24.369720185753934,24.369720185753934,23.96962989425659,-12.29092516848496,-0.07515605539083481,0.0,-0.0004488825798034668,-0.2693295478820801,-0.5081818958814779,
1418,73.58689727820456,2026-06-30T15:05:31.605+07:00,0.04004091024398804,-0.00018498302961234003,24.024546146392822,24.13340590595486,24.13340590595486,23.960546146392822,-7.785623254353645,-0.11098981776740402,0.0,-1.5139579772949219e-05,-0.009083747863769531,-0.2363142797990747,
1419,73.6385637910571,2026-06-30T15:05:31.656+07:00,0.04032236337661743,0.011706054210662842,24.19341802597046,24.107679263343773,24.107679263343773,24.12941802597046,-3.459976770731734,7.023632526397705,0.0,0.00028145313262939453,0.16887187957763672,-0.025726642611090256,
1420,73.6902671570424,2026-06-30T15:05:31.705+07:00,0.04103118181228638,0.01698845624923706,24.618709087371826,24.31188080915344,24.31188080915344,24.554709087371826,1.078786480306957,10.193073749542236,0.0,0.0007088184356689453,0.4252910614013672,0.2042015458096671,
1421,73.741875392152,2026-06-30T15:05:31.755+07:00,0.04200303554534912,0.0241854190826416,25.201821327209473,24.686209117203404,24.686209117203404,25.137821327209473,5.1646735587878645,14.511251449584961,0.0,0.0009718537330627441,0.5831122398376465,0.374328308049968,
1422,73.79349838709459,2026-06-30T15:05:31.805+07:00,0.043045759201049805,0.024460792541503906,25.827455520629883,25.235932620578847,25.235932620578847,25.763455520629883,8.80631014955284,14.676475524902344,0.0,0.0010427236557006836,0.6256341934204102,0.5497235033754464,
1423,73.8451926780399,2026-06-30T15:05:31.856+07:00,0.044190824031829834,0.09173959493637085,26.5144944190979,25.854435872642938,25.854435872642938,26.4504944190979,10.954834564264909,55.04375696182251,0.0,0.0011450648307800293,0.6870388984680176,0.6185032520641016,
1424,73.89686452504247,2026-06-30T15:05:31.906+07:00,0.04529130458831787,0.024058490991592407,27.174782752990723,26.515888656132518,26.515888656132518,27.110782752990723,12.128304520119974,14.435094594955444,0.0,0.0011004805564880371,0.6602883338928223,0.6614527834895796,
1425,73.94850377901457,2026-06-30T15:05:31.955+07:00,0.04643303155899048,0.024073123931884766,27.859818935394287,27.177178410878867,27.177178410878867,27.795818935394287,13.019994354817404,14.44387435913086,0.0,0.0011417269706726074,0.6850361824035645,0.661289754746349,
1426,74.00026118103415,2026-06-30T15:05:32.032+07:00,0.04838293790817261,0.3105027377605438,29.029762744903564,28.27550883480602,28.27550883480602,28.965762744903564,14.164052993744045,186.3016426563263,0.0,0.001949906349182129,1.1699438095092773,1.098330423927166,
1427,74.05213208310306,2026-06-30T15:05:32.080+07:00,0.04991179704666138,0.02872920036315918,29.947078227996826,29.108298031802597,29.108298031802597,29.883078227996826,15.864003798403946,17.237520217895508,0.0,0.0015288591384887695,0.9173154830932617,0.832789196996572,
1428,74.1036594111938,2026-06-30T15:05:32.131+07:00,0.051413774490356445,0.05862867832183838,30.848264694213867,29.977755311937877,29.977755311937877,30.784264694213867,16.763427897975838,35.17720699310303,0.0,0.0015019774436950684,0.901186466217041,0.8694572801352933,
1429,74.1553298512008,2026-06-30T15:05:32.181+07:00,0.05282098054885864,0.027418076992034912,31.692588329315186,30.62372387847191,30.62372387847191,31.628588329315185,15.819456792288104,16.450846195220947,0.0,0.0014072060585021973,0.8443236351013184,0.6459685665340373,
1430,74.20725593809038,2026-06-30T15:05:32.231+07:00,0.054388999938964844,0.13916194438934326,32.633399963378906,31.636351905482158,31.636351905482158,32.569399963378906,18.466330098936336,83.49716663360596,0.0,0.0015680193901062012,0.9408116340637207,1.012628027010237,
1431,74.25892980303615,2026-06-30T15:05:32.281+07:00,0.05593395233154297,0.29753124713897705,33.56037139892578,32.59992005262289,32.59992005262289,33.49637139892578,19.002890292566363,178.51874828338623,0.0,0.001544952392578125,0.926971435546875,0.9635681471407338,
1432,74.31061785318889,2026-06-30T15:05:32.339+07:00,0.0570988655090332,0.5342286825180054,34.25931930541992,33.43458995078503,33.43458995078503,34.19531930541992,16.29390298045188,320.5372095108032,0.0,0.0011649131774902344,0.6989479064941406,0.834669898162133,
1433,74.36258007003926,2026-06-30T15:05:32.385+07:00,0.05600160360336304,0.4433463215827942,33.60096216201782,33.738010596045505,33.738010596045505,33.53696216201782,8.740377480387886,266.0077929496765,0.0,-0.001097261905670166,-0.6583571434020996,0.3034206452604735,
1434,74.41429354599677,2026-06-30T15:05:32.435+07:00,0.059131741523742676,0.23153364658355713,35.479044914245605,34.63491708756988,34.63491708756988,35.415044914245605,14.02912165658931,138.92018795013428,0.0,0.0031301379203796387,1.8780827522277832,0.8969064915243621,
1435,74.46589052211493,2026-06-30T15:05:32.487+07:00,0.059905052185058594,0.021062135696411133,35.943031311035156,35.29347929715788,35.29347929715788,35.879031311035156,13.261666793702462,12.63728141784668,0.0,0.000773310661315918,0.4639863967895508,0.6585622095880126,
1436,74.51791790500283,2026-06-30T15:05:32.539+07:00,-0.0017439723014831543,0.016265930607914925,-1.0463833808898926,22.742333361251177,22.742333361251177,358.8896166191101,-157.0625336905029,9.759558364748955,0.0,-0.06164902448654175,-36.98941469192505,-12.551145935906703,
1437,74.56966695608571,2026-06-30T15:05:32.586+07:00,-0.0009379386901855469,0.025757964700460434,-0.5627632141113281,9.192957856399111,9.192957856399111,359.37323678588865,-223.73446126044504,15.45477882027626,0.0,0.0008060336112976074,0.48362016677856445,-13.549375504852065,
1438,74.62169746821746,2026-06-30T15:05:32.637+07:00,1.6450881958007812e-05,0.020430803298950195,0.009870529174804688,3.788026502294837,3.788026502294837,359.9458705291748,-154.26415336108565,12.258481979370117,0.0,0.0009543895721435547,0.5726337432861328,-5.404931354104264,
1439,74.67341935215518,2026-06-30T15:05:32.686+07:00,0.0007903575897216797,-0.0806884840130806,0.4742145538330078,1.8103854213769017,1.8103854213769017,0.4102145538330078,-87.47035347352804,-48.41309040784836,0.0,0.0007739067077636719,0.4643440246582031,-1.977641080917948,
1440,74.72549512400292,2026-06-30T15:05:32.737+07:00,0.0023824572563171387,0.026354003697633743,1.4294743537902832,1.4480469592222285,1.4480469592222285,1.3654743537902831,-40.29617972491506,15.812402218580246,0.0,0.001592099666595459,0.9552597999572754,-0.3623384621546677,
1441,74.77764546917751,2026-06-30T15:05:32.786+07:00,0.003358125686645508,0.08870791643857956,2.0148754119873047,1.674887965061584,1.674887965061584,1.9508754119873046,-14.00511647876803,53.224749863147736,0.0,0.0009756684303283691,0.5854010581970215,0.2268410058393613,
1442,74.82975179702044,2026-06-30T15:05:32.836+07:00,0.0042209625244140625,0.014582112431526184,2.5325775146484375,2.0779674648715436,2.0779674648715436,2.4685775146484374,-1.0353822411616633,8.74926745891571,0.0,0.0008628368377685547,0.5177021026611328,0.40307949980996227,
1443,74.88198662409559,2026-06-30T15:05:32.911+07:00,0.0046958327293396,0.1574767529964447,2.8174996376037598,2.5461501946031984,2.5461501946031984,2.7534996376037597,3.9793352505625363,94.48605179786682,0.0,0.0004748702049255371,0.28492212295532227,0.46818272973166586,
1444,74.93351732310839,2026-06-30T15:05:32.961+07:00,0.0050199031829833984,-0.4364687204360962,3.011941909790039,2.761929114167938,2.761929114167938,2.947941909790039,4.120622242651863,-261.8812322616577,0.0,0.00032407045364379883,0.1944422721862793,0.21577891956474105,
1445,74.98511926201172,2026-06-30T15:05:33.013+07:00,0.00544428825378418,0.009977415204048157,3.266572952270508,2.9861430201821406,2.9861430201821406,3.2025729522705078,4.307351033771865,5.986449122428894,0.0,0.00042438507080078125,0.25463104248046875,0.22421390601419944,
1446,75.03674438712187,2026-06-30T15:05:33.062+07:00,0.005981147289276123,0.013307705521583557,3.588688373565674,3.2578315093819015,3.2578315093819015,3.5246883735656738,5.066222515946949,7.984623312950134,0.0,0.0005368590354919434,0.322115421295166,0.27168848919976085,
1447,75.0882732712198,2026-06-30T15:05:33.114+07:00,0.006704986095428467,0.014708437025547028,4.02299165725708,3.6119500984098805,3.6119500984098805,3.95899165725708,6.193092870917018,8.825062215328217,0.0,0.0007238388061523438,0.43430328369140625,0.35411858902799054,
1448,75.13993045105599,2026-06-30T15:05:33.162+07:00,0.007218122482299805,0.00567830353975296,4.330873489379883,3.9630590913675987,3.9630590913675987,4.266873489379883,6.91802084077787,3.406982123851776,0.0,0.0005131363868713379,0.30788183212280273,0.35110899295770537,
1449,75.19172439002432,2026-06-30T15:05:33.213+07:00,0.007383763790130615,0.00012762099504470825,4.430258274078369,4.030444095684269,4.030444095684269,4.366258274078369,4.627253614314113,0.07657259702682495,0.0,0.00016564130783081055,0.09938478469848633,0.06738500431666239,
1450,75.24359797709621,2026-06-30T15:05:33.264+07:00,0.007383465766906738,-0.0002374947362113744,4.430079460144043,4.224403695203971,4.224403695203971,4.366079460144043,4.099526311712677,-0.14249684172682464,0.0,-2.980232238769531e-07,-0.00017881393432617188,0.193959599519701,
1451,75.29528971202672,2026-06-30T15:05:33.314+07:00,0.007384359836578369,0.0012599974870681763,4.4306159019470215,4.30653124459808,4.30653124459808,4.366615901947021,2.62477341280143,0.7559984922409058,0.0,8.940696716308594e-07,0.0005364418029785156,0.0821275493941016,
1452,75.34722692915238,2026-06-30T15:05:33.363+07:00,0.007371187210083008,-0.5815320014953613,4.422712326049805,4.336275289503883,4.336275289503883,4.358712326049805,1.4491209924903607,-348.9192008972168,0.0,-1.3172626495361328e-05,-0.007903575897216797,0.029744044905811506,
1453,75.39909883006476,2026-06-30T15:05:33.414+07:00,0.007390856742858887,0.06003744155168533,4.434514045715332,4.352956478291494,4.352956478291494,4.370514045715332,0.8144111767280504,36.0224649310112,0.0,1.9669532775878906e-05,0.011801719665527344,0.01668118878760083,
1454,75.45083377021365,2026-06-30T15:05:33.463+07:00,0.0073683857917785645,0.00015693902969360352,4.421031475067139,4.355358605133501,4.355358605133501,4.357031475067139,0.3713530862192055,0.09416341781616211,0.0,-2.2470951080322266e-05,-0.01348257064819336,0.0024021268420142405,
1455,75.50260217208415,2026-06-30T15:05:33.516+07:00,0.006784796714782715,-0.02765619568526745,4.070878028869629,4.233746573249011,4.233746573249011,4.006878028869629,-1.5457166447202082,-16.59371741116047,0.0,-0.0005835890769958496,-0.35015344619750977,-0.12161203188449576,
1456,75.55443603708409,2026-06-30T15:05:33.563+07:00,0.007368862628936768,0.00096883624792099,4.4213175773620605,4.1451788075535445,4.1451788075535445,4.3573175773620605,-0.7187880666106707,0.581301748752594,0.0,0.0005840659141540527,0.35043954849243164,-0.08856776569547264,
1457,75.60628951201215,2026-06-30T15:05:33.614+07:00,0.006197214126586914,-0.3065986633300781,3.7183284759521484,4.022000747121011,4.022000747121011,3.6543284759521484,-2.7851705372236424,-183.95919799804688,0.0,-0.0011716485023498535,-0.7029891014099121,-0.12317806043253654,
1458,75.65823547006585,2026-06-30T15:05:33.664+07:00,0.007014632225036621,-0.012136862613260746,4.208779335021973,4.134252706481996,4.134252706481996,4.144779335021973,-0.20320427589682546,-7.282117567956448,0.0,0.000817418098449707,0.4904508590698242,0.1122519593609752,
1459,75.70995377912186,2026-06-30T15:05:33.740+07:00,0.005669057369232178,-0.02414732612669468,3.4014344215393066,3.7183109140759347,3.7183109140759347,3.3374344215393066,-4.721292239501462,-14.488395676016808,0.0,-0.0013455748558044434,-0.807344913482666,-0.4159417924060733,
1460,75.76155079319142,2026-06-30T15:05:33.790+07:00,0.004242837429046631,-0.02759694866836071,2.5457024574279785,3.1032420165239225,3.1032420165239225,2.4817024574279785,-9.379512582070575,-16.558169201016426,0.0,-0.0014262199401855469,-0.8557319641113281,-0.6150688975520211,
1461,75.81312238005921,2026-06-30T15:05:33.840+07:00,0.0027523040771484375,-0.02007192187011242,1.6513824462890625,2.3275890277324756,2.3275890277324756,1.5873824462890624,-12.996659158788324,-12.043153122067451,0.0,-0.0014905333518981934,-0.894320011138916,-0.7756529887914496,
1462,75.86490015313029,2026-06-30T15:05:33.892+07:00,0.0012624859809875488,-0.03194817900657654,0.7574915885925293,1.4837187579204332,1.4837187579204332,0.6934915885925292,-14.812738967792646,-19.168907403945923,0.0,-0.0014898180961608887,-0.8938908576965332,-0.8438702698120437,
1463,75.91687496216036,2026-06-30T15:05:33.941+07:00,-0.0002727508544921875,-0.030689045786857605,-0.1636505126953125,0.5981285695733396,0.5981285695733396,359.77234948730467,-16.62104336899332,-18.413427472114563,0.0,-0.0015352368354797363,-0.9211421012878418,-0.8855901883470949,
1464,75.96867938200012,2026-06-30T15:05:33.992+07:00,-0.0017284750938415527,-0.024676434695720673,-1.0370850563049316,359.70739489521446,359.70739489521446,358.89891494369505,-17.373001301596588,-14.805860817432404,0.0,-0.0014557242393493652,-0.8734345436096191,-0.8907336743588985,
1465,76.02051591407508,2026-06-30T15:05:34.041+07:00,0.05958336591720581,-0.023653091862797737,35.750019550323486,20.559194311489808,20.559194311489808,35.686019550323486,228.42704744593152,-14.191855117678642,0.0,0.06131184101104736,36.78710460662842,20.851799416275355,
1466,76.07236042711884,2026-06-30T15:05:34.092+07:00,0.05844402313232422,-0.02233433909714222,35.06641387939453,28.995735739525884,28.995735739525884,35.00241387939453,187.23425450432921,-13.400603458285332,0.0,-0.0011393427848815918,-0.6836056709289551,8.436541428036065,
1467,76.12416332913563,2026-06-30T15:05:34.141+07:00,0.056628525257110596,0.4500773847103119,33.97711515426636,32.00179034260449,32.00179034260449,33.91311515426636,112.09250957754101,270.04643082618713,0.0,-0.001815497875213623,-1.0892987251281738,3.00605460307861,
1468,76.17621017503552,2026-06-30T15:05:34.191+07:00,0.05621236562728882,-0.026767374947667122,33.72741937637329,33.04705354775065,33.04705354775065,33.66341937637329,58.37005660489565,-16.060424968600273,0.0,-0.00041615962982177734,-0.2496957778930664,1.0452632051461705,
1469,76.22781215119176,2026-06-30T15:05:34.241+07:00,0.05374252796173096,0.35713106393814087,32.245516777038574,32.786771584143075,32.786771584143075,32.181516777038574,20.530013768989452,214.27863836288452,0.0,-0.0024698376655578613,-1.4819025993347168,-0.26028196360758216,
1470,76.2797994420398,2026-06-30T15:05:34.291+07:00,0.05293017625808716,-0.036825571209192276,31.758105754852295,32.27836710028609,32.27836710028609,31.694105754852295,2.4778404937272818,-22.095342725515366,0.0,-0.0008123517036437988,-0.4874110221862793,-0.5084044838569923,
1471,76.33290176722221,2026-06-30T15:05:34.341+07:00,0.05101078748703003,-0.030731262639164925,30.606472492218018,31.407862571832847,31.407862571832847,30.542472492218018,-9.554681906745898,-18.438757583498955,0.0,-0.001919388771057129,-1.1516332626342773,-0.8705045284532389,
1472,76.38436209619977,2026-06-30T15:05:34.392+07:00,0.049335598945617676,0.4336782693862915,29.601359367370605,30.431340724736813,30.431340724736813,29.537359367370605,-15.212504645318477,260.2069616317749,0.0,-0.0016751885414123535,-1.005113124847412,-0.9765218470960235,
1473,76.43586451699957,2026-06-30T15:05:34.467+07:00,0.046266257762908936,-0.034262869507074356,27.75975465774536,28.709048567596934,28.709048567596934,27.69575465774536,-20.911209578698138,-20.557721704244614,0.0,-0.0030693411827087402,-1.8416047096252441,-1.72229215713989,
1474,76.48747043707408,2026-06-30T15:05:34.517+07:00,0.04467862844467163,0.1792929470539093,26.80717706680298,27.66932363139151,27.66932363139151,26.74317706680298,-20.57456002158308,107.57576823234558,0.0,-0.0015876293182373047,-0.9525775909423828,-1.039724936205431,
1475,76.53932759910822,2026-06-30T15:05:34.568+07:00,0.0423511266708374,0.477837473154068,25.41067600250244,26.530646960875004,26.530646960875004,25.34667600250244,-22.29975185285438,286.7024838924408,0.0,-0.0023275017738342285,-1.396501064300537,-1.138676670516503,
1476,76.59095676010475,2026-06-30T15:05:34.618+07:00,0.042571306228637695,-0.005220920778810978,25.542783737182617,25.955797037478103,25.955797037478103,25.478783737182617,-15.872039639978821,-3.1325524672865868,0.0,0.00022017955780029297,0.13210773468017578,-0.5748499233968971,
1477,76.642591514159,2026-06-30T15:05:34.668+07:00,0.04250580072402954,0.05801212787628174,25.503480434417725,25.65760792714271,25.65760792714271,25.439480434417725,-10.023521729217489,34.80727672576904,0.0,-6.55055046081543e-05,-0.03930330276489258,-0.298189110335386,
1478,76.6941927310545,2026-06-30T15:05:34.718+07:00,0.042470335960388184,0.005798369646072388,25.48220157623291,25.546533249125858,25.546533249125858,25.41820157623291,-5.621797306368983,3.4790217876434326,0.0,-3.546476364135742e-05,-0.021278858184814453,-0.11107467801684834,
1479,76.74582767114043,2026-06-30T15:05:34.770+07:00,0.04282432794570923,0.012764692306518555,25.694596767425537,25.561006220502332,25.561006220502332,25.630596767425537,-2.0440886745324427,7.658815383911133,0.0,0.0003539919853210449,0.21239519119262695,0.014472971376477517,
1480,76.79748377716169,2026-06-30T15:05:34.818+07:00,0.043605923652648926,0.7864257097244263,26.163554191589355,25.817587606265874,25.817587606265874,26.099554191589355,2.383603201411738,471.85542583465576,0.0,0.0007815957069396973,0.46895742416381836,0.25658138576355327,
1481,76.8491633462254,2026-06-30T15:05:34.868+07:00,0.04419505596160889,0.08996006846427917,26.517033576965332,26.123618759596123,26.123618759596123,26.453033576965332,4.729745663148288,53.976041078567505,0.0,0.0005891323089599609,0.35347938537597656,0.30603115333025244,
1482,76.900711563183,2026-06-30T15:05:34.918+07:00,0.0450749397277832,0.021749824285507202,27.044963836669922,26.55248381664782,26.55248381664782,26.980963836669922,7.08638756271967,13.049894571304321,0.0,0.0008798837661743164,0.5279302597045898,0.428865057051695,
1483,76.95224383613095,2026-06-30T15:05:34.970+07:00,0.046103060245513916,-2.1851048469543457,27.66183614730835,27.082104333960476,27.082104333960476,27.59783614730835,9.10040325190895,-1311.0629081726074,0.0,0.0010281205177307129,0.6168723106384277,0.5296205173126509,
1484,77.00380640500225,2026-06-30T15:05:35.018+07:00,0.047099530696868896,0.027866363525390625,28.259718418121338,27.658525396768322,27.658525396768322,28.195718418121338,10.867188346403898,16.719818115234375,0.0,0.0009964704513549805,0.5978822708129883,0.5764210628078388,
1485,77.0554534920957,2026-06-30T15:05:35.068+07:00,0.048208534717559814,0.035182952880859375,28.92512083053589,28.271834776364933,28.271834776364933,28.86112083053589,11.869416201657364,21.109771728515625,0.0,0.001109004020690918,0.6654024124145508,0.6133093795966147,
1486,77.10999437002465,2026-06-30T15:05:35.122+07:00,0.04950052499771118,0.02610766887664795,29.70031499862671,28.9803167803574,28.9803167803574,29.63631499862671,13.171387799555657,15.66460132598877,0.0,0.0012919902801513672,0.7751941680908203,0.708482003992458,
1487,77.16158710606396,2026-06-30T15:05:35.171+07:00,0.05072695016860962,0.028737664222717285,30.43617010116577,29.700286514700235,29.700286514700235,30.37217010116577,14.217796282441538,17.24259853363037,0.0,0.0012264251708984375,0.7358551025390625,0.7199697343428397,
1488,77.21368545200676,2026-06-30T15:05:35.222+07:00,0.05195897817611694,0.024930357933044434,31.175386905670166,30.444454174752416,30.444454174752416,31.111386905670166,14.361441403628822,14.95821475982666,0.0,0.0012320280075073242,0.7392168045043945,0.7441676600521703,
1489,77.26555081713013,2026-06-30T15:05:35.296+07:00,0.05374187231063843,0.02227795124053955,32.24512338638306,31.5318006542808,31.5318006542808,32.18112338638306,14.587644478638545,13.36677074432373,0.0,0.0017828941345214844,1.0697364807128906,1.087346479528378,
1490,77.3170494781807,2026-06-30T15:05:35.321+07:00,0.05438113212585449,0.026547133922576904,32.628679275512695,31.893308171711965,31.893308171711965,32.564679275512695,14.464231055552386,15.928280353546143,0.0,0.0006392598152160645,0.38355588912963867,0.36150751743116416,
1491,77.3690128622111,2026-06-30T15:05:35.377+07:00,0.05590087175369263,0.03307342529296875,33.540523052215576,32.69807120326738,32.69807120326738,33.476523052215576,15.133510816176305,19.84405517578125,0.0,0.0015197396278381348,0.9118437767028809,0.8047630315554102,
1492,77.42060367111117,2026-06-30T15:05:35.452+07:00,0.05819964408874512,0.028393805027008057,34.91978645324707,34.03066391332863,34.03066391332863,34.85578645324707,17.265341036422505,17.036283016204834,0.0,0.0022987723350524902,1.3792634010314941,1.332592710061249,
1493,77.47212633304298,2026-06-30T15:05:35.502+07:00,0.05964022874832153,0.028051018714904785,35.78413724899292,34.919092071965785,34.919092071965785,35.72013724899292,17.431647475147802,16.83061122894287,0.0,0.001440584659576416,0.8643507957458496,0.8884281586371685,
1494,77.52361616212875,2026-06-30T15:05:35.552+07:00,-0.001515209674835205,0.025695504620671272,-0.909125804901123,22.631413850938454,22.631413850938454,359.02687419509886,-156.4440182567241,15.417302772402763,0.0,-0.06115543842315674,-36.69326305389404,-12.287678221027335,
1495,77.57532621221617,2026-06-30T15:05:35.602+07:00,-0.0002663135528564453,0.025218669325113297,-0.1597881317138672,9.351564895470906,9.351564895470906,359.7762118682861,-213.1600900733635,15.131201595067978,0.0,0.0012488961219787598,0.7493376731872559,-13.279848955467543,
1496,77.62688165111467,2026-06-30T15:05:35.652+07:00,0.0010452866554260254,0.0261574424803257,0.6271719932556152,4.191539336242268,4.191539336242268,0.5631719932556152,-147.4683394865924,15.69446548819542,0.0,0.0013116002082824707,0.7869601249694824,-5.160025559228643,
1497,77.67844183114357,2026-06-30T15:05:35.702+07:00,0.002412736415863037,0.029614485800266266,1.4476418495178223,2.482426675657482,2.482426675657482,1.3836418495178222,-80.58031151729531,17.76869148015976,0.0,0.0013674497604370117,0.820469856262207,-1.7091126605847933,
1498,77.73017401108518,2026-06-30T15:05:35.753+07:00,0.0037079453468322754,0.01892288774251938,2.2247672080993652,2.2253153148588316,2.2253153148588316,2.160767208099365,-36.467763179499784,11.353732645511627,0.0,0.0012952089309692383,0.777125358581543,-0.25711136079866037,
1499,77.78290004120208,2026-06-30T15:05:35.803+07:00,0.004140317440032959,-0.214339941740036,2.4841904640197754,2.327099876535626,2.327099876535626,2.4201904640197753,-14.214042953406063,-128.6039650440216,0.0,0.0004323720932006836,0.25942325592041016,0.10178456167679428,
1500,77.8343789440114,2026-06-30T15:05:35.853+07:00,0.003993093967437744,-0.008011039346456528,2.3958563804626465,2.3469242929443346,2.3469242929443346,2.3318563804626464,-5.890999569171555,-4.806623607873917,0.0,-0.00014722347259521484,-0.0883340835571289,0.01982441640871002,
1501,77.88588525401428,2026-06-30T15:05:35.903+07:00,0.003305494785308838,-0.017249759286642075,1.9832968711853027,2.1549527747305155,2.1549527747305155,1.9192968711853027,-4.958541857893358,-10.349855571985245,0.0,-0.0006875991821289062,-0.41255950927734375,-0.19197151821381908,
1502,77.93771371105686,2026-06-30T15:05:35.954+07:00,0.002314329147338867,-0.0209005419164896,1.3885974884033203,1.7441883563446359,1.7441883563446359,1.3245974884033203,-6.93420726338834,-12.54032514989376,0.0,-0.0009911656379699707,-0.5946993827819824,-0.41076441838586675,
1503,77.989294169005,2026-06-30T15:05:36.003+07:00,0.0012462139129638672,-0.02194364182651043,0.7477283477783203,1.2050865038782894,1.2050865038782894,0.6837283477783203,-9.34036419100943,-13.166185095906258,0.0,-0.001068115234375,-0.640869140625,-0.5391018524663593,
1504,78.0407389421016,2026-06-30T15:05:36.054+07:00,0.0002678036689758301,-0.014202501624822617,0.16068220138549805,0.6257591932571465,0.6257591932571465,0.09668220138549805,-10.619291941551282,-8.52150097489357,0.0,-0.0009784102439880371,-0.5870461463928223,-0.579327310621153,
1505,78.09230441902764,2026-06-30T15:05:36.105+07:00,-0.0004780888557434082,-0.013450004160404205,-0.2868533134460449,0.11023996127861935,0.11023996127861935,359.64914668655393,-10.296870280004747,-8.070002496242523,0.0,-0.0007458925247192383,-0.44753551483154297,-0.5155192319785158,
1506,78.14402758004144,2026-06-30T15:05:36.160+07:00,-0.0013030171394348145,-0.011058401316404343,-0.7818102836608887,359.5961487677974,359.5961487677974,359.1541897163391,-9.596213192353513,-6.635040789842606,0.0,-0.0008249282836914062,-0.49495697021484375,-0.5140911934812493,
1507,78.19617150002159,2026-06-30T15:05:36.222+07:00,0.06015932559967041,0.01472175121307373,36.095595359802246,12.18174139376589,12.18174139376589,36.031595359802246,155.54293268954683,8.833050727844238,0.0,0.061462342739105225,36.877405643463135,12.585592625968502,
1508,78.24804053106345,2026-06-30T15:05:36.271+07:00,0.05275893211364746,-0.35097572207450867,31.655359268188477,24.320183017451527,24.320183017451527,31.591359268188477,198.19972662258613,-210.5854332447052,0.0,-0.007400393486022949,-4.4402360916137695,12.138441623685651,
1509,78.29953763703816,2026-06-30T15:05:36.322+07:00,0.057767271995544434,-0.029036106541752815,34.66036319732666,30.344523294922176,30.344523294922176,34.59636319732666,148.3155467011043,-17.42166392505169,0.0,0.005008339881896973,3.0050039291381836,6.024340277470657,
1510,78.35115385404788,2026-06-30T15:05:36.372+07:00,0.05621182918548584,-0.032694343477487564,33.727097511291504,32.362675921921436,32.362675921921436,33.663097511291504,84.34635891358809,-19.61660608649254,0.0,-0.0015554428100585938,-0.9332656860351562,2.0181526269992673,
1511,78.40279327519238,2026-06-30T15:05:36.421+07:00,0.05472952127456665,0.07076439261436462,32.83771276473999,32.697657698689206,32.697657698689206,32.77371276473999,38.89936869073808,42.458635568618774,0.0,-0.0014823079109191895,-0.8893847465515137,0.3349817767677621,
1512,78.45454564015381,2026-06-30T15:05:36.473+07:00,0.053159475326538086,-0.029006483033299446,31.89568519592285,32.30048754462543,32.30048754462543,31.83168519592285,11.663761751578734,-17.403889819979668,0.0,-0.0015700459480285645,-0.9420275688171387,-0.3971701540637582,
1513,78.50618198700249,2026-06-30T15:05:36.522+07:00,0.051720380783081055,-0.03128630295395851,31.032228469848633,31.62801623005686,31.62801623005686,30.968228469848633,-3.3152359272782785,-18.771781772375107,0.0,-0.0014390945434570312,-0.8634567260742188,-0.6724713145685826,
1514,78.55836362903938,2026-06-30T15:05:36.573+07:00,0.05006593465805054,-0.02540046162903309,30.039560794830322,30.787399883426982,30.787399883426982,29.975560794830322,-11.109146640104697,-15.240276977419853,0.0,-0.0016544461250305176,-0.9926676750183105,-0.8406163466298722,
1515,78.61003940110095,2026-06-30T15:05:36.622+07:00,0.04839569330215454,-0.03059345856308937,29.037415981292725,29.85092172437614,29.85092172437614,28.973415981292725,-15.809727455781438,-18.356075137853622,0.0,-0.001670241355895996,-1.0021448135375977,-0.9364781590508358,
1516,78.6616580071859,2026-06-30T15:05:36.672+07:00,0.046867191791534424,0.012977778911590576,28.120315074920654,28.914446881981,28.914446881981,28.056315074920654,-17.807024490015984,7.786667346954346,0.0,-0.0015285015106201172,-0.9171009063720703,-0.9364748423951426,
1517,78.7132500950247,2026-06-30T15:05:36.723+07:00,0.04526418447494507,-0.028953881934285164,27.15851068496704,27.98217100857424,27.98217100857424,27.09451068496704,-18.571344383303295,-17.3723291605711,0.0,-0.0016030073165893555,-0.9618043899536133,-0.932275873406752,
1518,78.76515620015562,2026-06-30T15:05:36.773+07:00,0.043653666973114014,-0.032410863786935806,26.192200183868408,26.92082675228419,26.92082675228419,26.128200183868408,-19.692832901524355,-19.446518272161484,0.0,-0.0016105175018310547,-0.9663105010986328,-1.061344256290056,
1519,78.81692354707047,2026-06-30T15:05:36.848+07:00,0.04145646095275879,-0.02403646893799305,24.873876571655273,25.603141936115872,25.603141936115872,24.809876571655273,-18.320441257432726,-14.42188136279583,0.0,-0.0021972060203552246,-1.3183236122131348,-1.3176848161683097,
1520,78.8684636161197,2026-06-30T15:05:36.897+07:00,0.0403141975402832,-0.01919427700340748,24.188518524169922,24.821745250830606,24.821745250830606,24.124518524169922,-16.897271806374622,-11.516566202044487,0.0,-0.001142263412475586,-0.6853580474853516,-0.781396685285273,
1521,78.92013940704055,2026-06-30T15:05:36.948+07:00,0.0396885871887207,0.11691272258758545,23.813152313232422,24.2272272294779,24.2272272294779,23.749152313232422,-13.743203666485414,70.14763355255127,0.0,-0.0006256103515625,-0.3753662109375,-0.5945180213527124,
1522,78.97164323600009,2026-06-30T15:05:36.997+07:00,0.03949159383773804,-0.00015085935592651367,23.694956302642822,23.884939185835638,23.884939185835638,23.630956302642822,-9.637860715124154,-0.0905156135559082,0.0,-0.00019699335098266602,-0.11819601058959961,-0.34228804364227017,
1523,79.02320621209219,2026-06-30T15:05:37.048+07:00,0.03950744867324829,0.00083199143409729,23.704469203948975,23.7428709435888,23.7428709435888,23.640469203948975,-5.622367390177137,0.499194860458374,0.0,1.5854835510253906e-05,0.009512901306152344,-0.142068242246836,
1524,79.07497294712812,2026-06-30T15:05:37.099+07:00,0.039953649044036865,0.014578074216842651,23.97218942642212,23.798280535950745,23.798280535950745,23.90818942642212,-1.5884339056242487,8.74684453010559,0.0,0.0004462003707885742,0.26772022247314453,0.055409592361939985,
1525,79.12651029415429,2026-06-30T15:05:37.150+07:00,0.04102247953414917,0.42029112577438354,24.613487720489502,24.015545867728715,24.015545867728715,24.549487720489502,2.8153922270735237,252.17467546463013,0.0,0.0010688304901123047,0.6412982940673828,0.21726533177798046,
1526,79.17824936308898,2026-06-30T15:05:37.200+07:00,0.04201322793960571,0.023934781551361084,25.207936763763428,24.590802386851585,24.590802386851585,25.143936763763428,7.893576466197855,14.36086893081665,0.0,0.000990748405456543,0.5944490432739258,0.5752565191228598,
1527,79.22994769108482,2026-06-30T15:05:37.250+07:00,0.043169260025024414,0.02357715368270874,25.90155601501465,25.23314416247273,25.23314416247273,25.83755601501465,10.928563970670432,14.146292209625244,0.0,0.0011560320854187012,0.6936192512512207,0.6423417756211336,
1528,79.28153361217119,2026-06-30T15:05:37.300+07:00,0.04449820518493652,0.028777658939361572,26.698923110961914,25.974385771763853,25.974385771763853,26.634923110961914,13.283094874831697,17.266595363616943,0.0,0.0013289451599121094,0.7973670959472656,0.7412416092911371,
1529,79.33340334706008,2026-06-30T15:05:37.350+07:00,0.04596686363220215,0.03645920753479004,27.58011817932129,26.793627299864784,26.793627299864784,27.51611817932129,15.184314141297326,21.875524520874023,0.0,0.001468658447265625,0.881195068359375,0.8192415281009175,
1530,79.38481199019589,2026-06-30T15:05:37.400+07:00,0.046830713748931885,0.37928274273872375,28.09842824935913,27.510368840946025,27.510368840946025,28.03442824935913,14.321060623722627,227.56964564323425,0.0,0.0008638501167297363,0.5183100700378418,0.7167415410812339,
1531,79.43638957804069,2026-06-30T15:05:37.451+07:00,0.04954260587692261,0.22133028507232666,29.725563526153564,28.457866443200317,28.457866443200317,29.661563526153564,17.943253247338447,132.798171043396,0.0,0.0027118921279907227,1.6271352767944336,0.9474976022542876,
1532,79.48800712800585,2026-06-30T15:05:37.500+07:00,0.050936877727508545,0.03729322552680969,30.562126636505127,29.530104181659564,29.530104181659564,30.498126636505127,20.343124361173956,22.375935316085815,0.0,0.0013942718505859375,0.8365631103515625,1.0722377384592505,
1533,79.53959127119742,2026-06-30T15:05:37.550+07:00,0.05256056785583496,-1.7547504901885986,31.536340713500977,30.53064091253173,30.53064091253173,31.472340713500977,20.390804804099332,-1052.8502941131592,0.0,0.001623690128326416,0.9742140769958496,1.0005367308721702,
1534,79.59126411820762,2026-06-30T15:05:37.600+07:00,0.0540928840637207,0.5293072462081909,32.45573043823242,31.515622706235195,31.515622706235195,32.39173043823242,20.018601708186246,317.58434772491455,0.0,0.0015323162078857422,0.9193897247314453,0.9849817937034686,
1535,79.64286948321387,2026-06-30T15:05:37.650+07:00,0.056175410747528076,0.6658843159675598,33.705246448516846,32.58743045434819,32.58743045434819,33.641246448516846,21.205699128303667,399.5305895805359,0.0,0.002082526683807373,1.2495160102844238,1.0718077481130024,
1536,79.69447512621991,2026-06-30T15:05:37.701+07:00,0.058067262172698975,0.47734683752059937,34.840357303619385,33.683339478675514,33.683339478675514,34.776357303619385,21.695113127770497,286.4081025123596,0.0,0.0018918514251708984,1.135110855102539,1.0959090243273408,
1537,79.74613054702058,2026-06-30T15:05:37.775+07:00,0.0603710412979126,0.05694782733917236,36.22262477874756,35.223163293945554,35.223163293945554,36.15862477874756,21.074487770816315,34.16869640350342,0.0,0.002303779125213623,1.3822674751281738,1.53982381527004,
1538,79.79761848715134,2026-06-30T15:05:37.827+07:00,-0.0005473494529724121,0.02935105934739113,-0.32840967178344727,14.542412610866934,14.542412610866934,359.60759032821653,-211.04226332912646,17.610635608434677,0.0,-0.06091839075088501,-36.551034450531006,-20.680750683078628,
1539,79.84912972315215,2026-06-30T15:05:37.876+07:00,0.0009260177612304688,0.02816641703248024,0.5556106567382812,6.330108496821062,6.330108496821062,0.49161065673828125,-181.95792282334122,16.899850219488144,0.0,0.0014733672142028809,0.8840203285217285,-8.212304114045878,
1540,79.90076438407414,2026-06-30T15:05:37.926+07:00,0.0023117661476135254,0.024314455687999725,1.3870596885681152,3.3523853459036017,3.3523853459036017,1.3230596885681152,-109.24211549433552,14.588673412799835,0.0,0.0013857483863830566,0.831449031829834,-2.9777231509174555,
1541,79.9523956940975,2026-06-30T15:05:37.977+07:00,0.0031862854957580566,0.05872870236635208,1.911771297454834,2.452968741414045,2.452968741414045,1.847771297454834,-55.6714211476494,35.23722141981125,0.0,0.0008745193481445312,0.5247116088867188,-0.8994166044895451,
1542,80.00392461521551,2026-06-30T15:05:38.026+07:00,0.0041356682777404785,0.04537714272737503,2.481400966644287,2.4042614017355177,2.4042614017355177,2.417400966644287,-23.93006280994308,27.22628563642502,0.0,0.0009493827819824219,0.5696296691894531,-0.04870733967851493,
1543,80.05555536900647,2026-06-30T15:05:38.076+07:00,0.0038030147552490234,-0.20308485627174377,2.281808853149414,2.371306391291793,2.371306391291793,2.217808853149414,-10.886841282095721,-121.85091376304626,0.0,-0.0003326535224914551,-0.19959211349487305,-0.03295501044371463,
1544,80.10829052818008,2026-06-30T15:05:38.127+07:00,0.004974842071533203,0.018510257825255394,2.984905242919922,2.6841354130263935,2.6841354130263935,2.920905242919922,-1.108531519694254,11.106154695153236,0.0,0.0011718273162841797,0.7030963897705078,0.3128290217346148,
1545,80.16002822713926,2026-06-30T15:05:38.176+07:00,0.005868792533874512,0.014330476522445679,3.521275520324707,3.0854688362254477,3.0854688362254477,3.457275520324707,4.260222535216253,8.598285913467407,0.0,0.0008939504623413086,0.5363702774047852,0.4013334231990484,
1546,80.21158729610033,2026-06-30T15:05:38.228+07:00,0.006391942501068115,0.0902145653963089,3.835165500640869,3.4595239122294283,3.4595239122294283,3.771165500640869,5.942045289228666,54.12873923778534,0.0,0.0005231499671936035,0.3138899803161621,0.3740550760039696,
1547,80.26345893810503,2026-06-30T15:05:38.277+07:00,0.0067057013511657715,-0.405785471200943,4.023420810699463,3.7542838524687108,3.7542838524687108,3.959420810699463,5.805385794363643,-243.4712827205658,0.0,0.00031375885009765625,0.18825531005859375,0.2947599402392882,
1548,80.31512322905473,2026-06-30T15:05:38.327+07:00,0.0072779059410095215,0.002103962004184723,4.366743564605713,4.058579340223723,4.058579340223723,4.302743564605713,5.923995051365578,1.2623772025108337,0.0,0.00057220458984375,0.34332275390625,0.304295487755013,
1549,80.36688342806883,2026-06-30T15:05:38.377+07:00,0.007310748100280762,0.016632623970508575,4.386448860168457,4.212729507372376,4.212729507372376,4.322448860168457,4.215601989695268,9.979574382305145,0.0,3.2842159271240234e-05,0.01970529556274414,0.15415016714865715,
1550,80.41879888507538,2026-06-30T15:05:38.429+07:00,0.006875276565551758,-0.016761058941483498,4.125165939331055,4.174880170504811,4.174880170504811,4.061165939331055,1.142735343291206,-10.056635364890099,0.0,-0.0004354715347290039,-0.26128292083740234,-0.03784933686756631,
1551,80.47047973121516,2026-06-30T15:05:38.502+07:00,0.004441261291503906,0.014262976124882698,2.6647567749023438,3.3180154104860993,3.3180154104860993,2.6007567749023437,-9.212352985419027,8.557785674929619,0.0,-0.0024340152740478516,-1.460409164428711,-0.8568647600187091,
1552,80.522406633012,2026-06-30T15:05:38.528+07:00,0.003413558006286621,-0.028607754036784172,2.0481348037719727,2.851157198136153,2.851157198136153,1.9841348037719726,-12.275366885235158,-17.164652422070503,0.0,-0.0010277032852172852,-0.6166219711303711,-0.4668582123499334,
1553,80.57399772107601,2026-06-30T15:05:38.604+07:00,0.0003433823585510254,-0.034791797399520874,0.20602941513061523,1.1952868961812946,1.1952868961812946,0.14202941513061523,-19.473727795419506,-20.875078439712524,0.0,-0.0030701756477355957,-1.8421053886413574,-1.6558703019548489,
1554,80.62569777108729,2026-06-30T15:05:38.654+07:00,-0.001247107982635498,-0.025843702256679535,-0.7482647895812988,0.1430855016233572,0.1430855016233572,359.1877352104187,-20.162253362689032,-15.506221354007721,0.0,-0.0015904903411865234,-0.9542942047119141,-1.052201394557926,
1555,80.67733952519484,2026-06-30T15:05:38.703+07:00,0.059748291969299316,-0.027751924470067024,35.84897518157959,12.297011978136482,12.297011978136482,35.78497518157959,178.02663159315813,-16.651154682040215,0.0,0.060995399951934814,36.59723997116089,12.153926476513135,
1556,80.72903646412306,2026-06-30T15:05:38.753+07:00,0.058034300804138184,-0.0364840067923069,34.82058048248291,25.38507611327579,25.38507611327579,34.75658048248291,218.48555509721442,-21.89040407538414,0.0,-0.0017139911651611328,-1.0283946990966797,13.08806413513932,
1557,80.78081836621277,2026-06-30T15:05:38.803+07:00,0.05600738525390625,-0.03084433265030384,33.60443115234375,29.428183973645382,29.428183973645382,33.54043115234375,140.7739213491899,-18.506599590182304,0.0,-0.0020269155502319336,-1.2161493301391602,4.043107860369588,
1558,80.83317293412983,2026-06-30T15:05:38.853+07:00,0.05393326282501221,-0.038861338049173355,32.359957695007324,31.21679420351269,31.21679420351269,32.295957695007324,78.37289799066788,-23.316802829504013,0.0,-0.002074122428894043,-1.2444734573364258,1.7886102298673165,
1559,80.88471554010175,2026-06-30T15:05:38.903+07:00,0.052159667015075684,-0.033728305250406265,31.29580020904541,31.34183800221321,31.34183800221321,31.23180020904541,33.88129296402187,-20.23698315024376,0.0,-0.0017735958099365234,-1.064157485961914,0.12504379870051707,
1560,80.93616831302643,2026-06-30T15:05:38.954+07:00,0.05064624547958374,0.17266765236854553,30.387747287750244,30.841255347829993,30.841255347829993,30.323747287750244,8.381622336210762,103.60059142112732,0.0,-0.0015134215354919434,-0.908052921295166,-0.5005826543832086,
1561,80.98776764119975,2026-06-30T15:05:39.004+07:00,0.04915153980255127,-0.028192343190312386,29.49092388153076,29.915228261331183,29.915228261331183,29.42692388153076,-6.084285748496377,-16.91540591418743,0.0,-0.0014947056770324707,-0.8968234062194824,-0.9260270864988058,
1562,81.03948833909817,2026-06-30T15:05:39.054+07:00,0.04763972759246826,0.12687623500823975,28.583836555480957,29.2157681959075,29.2157681959075,28.519836555480957,-10.804790465549715,76.12574100494385,0.0,-0.0015118122100830078,-0.9070873260498047,-0.6994600654236933,
1563,81.09135926002637,2026-06-30T15:05:39.106+07:00,0.04593253135681152,0.023104846477508545,27.559518814086914,28.33226640550812,28.33226640550812,27.495518814086914,-14.551617889853231,13.862907886505127,0.0,-0.0017071962356567383,-1.024317741394043,-0.8835017903993787,
1564,81.14296521712095,2026-06-30T15:05:39.154+07:00,0.044532060623168945,0.008739680051803589,26.719236373901367,27.458468726085027,27.458468726085027,26.655236373901367,-16.551168600346124,5.243808031082153,0.0,-0.0014004707336425781,-0.8402824401855469,-0.8737976794230917,
1565,81.19455400900915,2026-06-30T15:05:39.204+07:00,0.043417274951934814,0.19633036851882935,26.05036497116089,26.488590795064077,26.488590795064077,25.98636497116089,-17.081166537979108,117.79822111129761,0.0,-0.0011147856712341309,-0.6688714027404785,-0.9698779310209602,
1566,81.24629385513254,2026-06-30T15:05:39.254+07:00,0.04216510057449341,0.3762693703174591,25.299060344696045,25.86082860992847,25.86082860992847,25.235060344696045,-14.62138359031544,225.76162219047546,0.0,-0.0012521743774414062,-0.7513046264648438,-0.627762185135623,
1567,81.29794262815267,2026-06-30T15:05:39.305+07:00,0.04105806350708008,-0.022023649886250496,24.634838104248047,25.194453181452417,25.194453181452417,24.570838104248047,-13.90707274969629,-13.214189931750298,0.0,-0.00110703706741333,-0.664222240447998,-0.6663754284760444,
1568,81.35031836200505,2026-06-30T15:05:39.379+07:00,0.0394892692565918,0.07368624210357666,23.693561553955078,24.19445659448131,24.19445659448131,23.629561553955078,-13.272024176920121,44.211745262145996,0.0,-0.0015687942504882812,-0.9412765502929688,-0.9999965869711218,
1569,81.40188620914705,2026-06-30T15:05:39.431+07:00,0.033471643924713135,-1.3410899639129639,20.08298635482788,22.530360302830946,22.530360302830946,20.01898635482788,-26.582729284730092,-804.6539783477783,0.0,-0.006017625331878662,-3.6105751991271973,-1.6640962916503668,
1570,81.4538418140728,2026-06-30T15:05:39.480+07:00,0.03783327341079712,-0.013873309828341007,22.69996404647827,22.637599818144594,22.637599818144594,22.63596404647827,-10.261427934227232,-8.323985897004604,0.0,0.004361629486083984,2.6169776916503906,0.10723951531363696,
1571,81.50556717906147,2026-06-30T15:05:39.530+07:00,0.03705114126205444,-0.0041356985457241535,22.230684757232666,22.416813888368427,22.416813888368427,22.166684757232666,-7.096865896756956,-2.481419127434492,0.0,-0.0007821321487426758,-0.46927928924560547,-0.22078592977615585,
1572,81.55724191502668,2026-06-30T15:05:39.580+07:00,0.03667420148849487,0.21489620208740234,22.004520893096924,22.14718141828503,22.14718141828503,21.940520893096924,-6.020312276648566,128.9377212524414,0.0,-0.0003769397735595703,-0.2261638641357422,-0.2696324700833941,
1573,81.60894157621078,2026-06-30T15:05:39.630+07:00,0.03655123710632324,0.005445390939712524,21.930742263793945,21.984715236423675,21.984715236423675,21.866742263793945,-4.333339693286675,3.2672345638275146,0.0,-0.00012296438217163086,-0.07377862930297852,-0.16246618186136175,
1574,81.66041199699976,2026-06-30T15:05:39.682+07:00,0.036595046520233154,0.004059553612023592,21.957027912139893,21.925387155984502,21.925387155984502,21.893027912139893,-2.4348687972403784,2.435732167214155,0.0,4.380941390991211e-05,0.026285648345947266,-0.05932808043917248,
1575,81.71207151003182,2026-06-30T15:05:39.731+07:00,0.03730738162994385,0.01701563596725464,22.38442897796631,22.097490941939448,22.097490941939448,22.32042897796631,1.2717745507242841,10.209381580352783,0.0,0.0007123351097106934,0.427401065826416,0.17210378595495968,
1576,81.76363896811381,2026-06-30T15:05:39.781+07:00,0.03575122356414795,-0.29446375370025635,21.45073413848877,21.965549740274028,21.965549740274028,21.38673413848877,-2.699932838803439,-176.6782522201538,0.0,-0.0015561580657958984,-0.9336948394775391,-0.1319412016654269,
1577,81.81543355504982,2026-06-30T15:05:39.832+07:00,0.03945428133010864,0.10853034257888794,23.672568798065186,22.28060433266003,22.28060433266003,23.608568798065185,6.150167550466161,65.11820554733276,0.0,0.0037030577659606934,2.221834659576416,0.3150545923859909,
1578,81.86713618016802,2026-06-30T15:05:39.881+07:00,0.03874671459197998,0.05361156910657883,23.24802875518799,22.983440053773503,22.983440053773503,23.18402875518799,9.470376172861942,32.166941463947296,0.0,-0.0007075667381286621,-0.42454004287719727,0.7028357211134733,
1579,81.91877163713798,2026-06-30T15:05:39.931+07:00,0.04224926233291626,0.2825828790664673,25.349557399749756,24.21267688204891,24.21267688204891,25.285557399749756,18.14109920050499,169.54972743988037,0.0,0.0035025477409362793,2.1015286445617676,1.2292368282754182,
1580,81.97057465114631,2026-06-30T15:05:39.982+07:00,0.043641090393066406,0.03128218650817871,26.184654235839844,25.210441384715686,25.210441384715686,26.120654235839844,19.18623816930982,18.769311904907227,0.0,0.0013918280601501465,0.8350968360900879,0.9977645026667687,
1581,82.0222917010542,2026-06-30T15:05:40.032+07:00,0.04516118764877319,0.12841537594795227,27.096712589263916,26.15562702930431,26.15562702930431,27.032712589263916,19.1478204032133,77.04922556877136,0.0,0.0015200972557067871,0.9120583534240723,0.9451856445886335,
1582,82.07389988121577,2026-06-30T15:05:40.083+07:00,0.046770453453063965,0.4865577220916748,28.06227207183838,27.09202694341584,27.09202694341584,27.99827207183838,18.97115887097131,291.9346332550049,0.0,0.0016092658042907715,0.9655594825744629,0.9363999141115187,
1583,82.12595487502404,2026-06-30T15:05:40.157+07:00,0.04948437213897705,0.2797588109970093,29.69062328338623,28.631346129090502,28.631346129090502,29.62662328338623,20.506172948231054,167.85528659820557,0.0,0.002713918685913086,1.6283512115478516,1.5393191856746569,
1584,82.17758168419823,2026-06-30T15:05:40.208+07:00,0.05111896991729736,-2.896244764328003,30.671381950378418,28.777591896746326,28.777591896746326,30.607381950378418,15.427116367079572,-1737.7468585968018,0.0,0.0016345977783203125,0.9807586669921875,0.1462457676558131,
1585,82.22913829120807,2026-06-30T15:05:40.258+07:00,0.0527382493019104,0.03508198261260986,31.64294958114624,30.278501830907178,30.278501830907178,31.57894958114624,23.71759767990449,21.049189567565918,0.0,0.0016192793846130371,0.9715676307678223,1.500909934160859,
1586,82.28083069319837,2026-06-30T15:05:40.308+07:00,0.05454540252685547,0.03699696063995361,32.72724151611328,31.5317283849093,31.5317283849093,32.66324151611328,24.39388823365077,22.198176383972168,0.0,0.0018071532249450684,1.084291934967041,1.2532265540021115,
1587,82.33313109399751,2026-06-30T15:05:40.357+07:00,0.05628889799118042,0.03601354360580444,33.77333879470825,32.294651936750306,32.294651936750306,33.70933879470825,22.11193287003424,21.608126163482666,0.0,0.0017434954643249512,1.0460972785949707,0.7629235518409985,
1588,82.38472903310321,2026-06-30T15:05:40.407+07:00,0.05799412727355957,0.03358495235443115,34.79647636413574,33.60088461479151,33.60088461479151,34.73247636413574,24.341909276267963,20.15097141265869,0.0,0.0017052292823791504,1.0231375694274902,1.306232678041198,
1589,82.43631021305919,2026-06-30T15:05:40.459+07:00,0.059536516666412354,0.028369545936584473,35.72190999984741,33.86920898633694,33.86920898633694,35.65790999984741,18.165102171072043,17.021727561950684,0.0,0.0015423893928527832,0.9254336357116699,0.2683243715454182,
1590,82.4878908561077,2026-06-30T15:05:40.510+07:00,-0.0017064213752746582,0.020184816792607307,-1.023852825164795,22.1384249834625,22.1384249834625,358.9121471748352,-163.650191315758,12.110890075564384,0.0,-0.06124293804168701,-36.74576282501221,-11.73078400287443,
1591,82.53963479516096,2026-06-30T15:05:40.560+07:00,-0.0006375908851623535,0.031085018068552017,-0.3825545310974121,9.033863087722274,9.033863087722274,359.55344546890257,-215.24834838906852,18.65101084113121,0.0,0.0010688304901123047,0.6412982940673828,-13.104561895740233,
1592,82.5912691601552,2026-06-30T15:05:40.609+07:00,-0.00013566017150878906,0.007645474746823311,-0.08139610290527344,3.709645072167111,3.709645072167111,359.8546038970947,-150.28077312478663,4.5872848480939865,0.0,0.0005019307136535645,0.30115842819213867,-5.324218015555175,
1593,82.64306598808616,2026-06-30T15:05:40.660+07:00,-0.0001214742660522461,0.004821689799427986,-0.07288455963134766,1.4879813125790713,1.4879813125790713,359.86311544036863,-87.56105938699056,2.8930138796567917,0.0,1.4185905456542969e-05,0.008511543273925781,-2.22166375958804,
1594,82.69492161204107,2026-06-30T15:05:40.710+07:00,-0.00012439489364624023,0.00011291913688182831,-0.07463693618774414,0.5486987702903288,0.5486987702903288,359.86136306381223,-47.36290658943885,0.06775148212909698,0.0,-2.9206275939941406e-06,-0.0017523765563964844,-0.939282542288737,
1595,82.74661775515415,2026-06-30T15:05:40.759+07:00,-0.00015115737915039062,0.025109611451625824,-0.09069442749023438,0.1461422778433384,0.1461422778433384,359.84530557250974,-24.572777948941393,15.065766870975494,0.0,-2.676248550415039e-05,-0.016057491302490234,-0.40255649244699043,
1596,82.7984944160562,2026-06-30T15:05:40.810+07:00,-0.00013899803161621094,0.0011336300522089005,-0.08339881896972656,359.9765327980596,359.9765327980596,359.85260118103025,-12.25441308094987,0.6801780313253403,0.0,1.2159347534179688e-05,0.0072956085205078125,-0.16960947978373042,
1597,82.85025137406774,2026-06-30T15:05:40.860+07:00,-0.000338137149810791,-0.004439433570951223,-0.2028822898864746,359.8376447438112,359.8376447438112,359.7331177101135,-6.726765190570937,-2.663660142570734,0.0,-0.00019913911819458008,-0.11948347091674805,-0.13888805424841166,
1598,82.90193125721999,2026-06-30T15:05:40.910+07:00,-0.0010256171226501465,-0.016941525042057037,-0.6153702735900879,359.5918551599308,359.5918551599308,359.3206297264099,-5.799235630689197,-10.164915025234222,0.0,-0.0006874799728393555,-0.4124879837036133,-0.24578958388042338,
1599,82.95371408504434,2026-06-30T15:05:40.984+07:00,0.059815406799316406,-0.02532065100967884,35.889244079589844,20.970555277073938,20.970555277073938,35.825244079589844,242.30859854415735,-15.192390605807304,0.0,0.06084102392196655,36.50461435317993,21.378700117143126,
1600,83.00537843210623,2026-06-30T15:05:41.035+07:00,0.058560073375701904,-0.025291087105870247,35.13604402542114,28.366300782876046,28.366300782876046,35.07204402542114,185.92325958326654,-15.174652263522148,0.0,-0.001255333423614502,-0.7532000541687012,7.395745505802097,
1601,83.05703303799964,2026-06-30T15:05:41.084+07:00,0.05751967430114746,0.35589563846588135,34.51180458068848,31.93403597082174,31.93403597082174,34.44780458068848,118.28151372095982,213.5373830795288,0.0,-0.0010403990745544434,-0.624239444732666,3.5677351879456864,
1602,83.1087584211491,2026-06-30T15:05:41.135+07:00,0.05614691972732544,-0.023965241387486458,33.688151836395264,32.99353732008391,32.99353732008391,33.624151836395264,61.09111780877985,-14.379144832491875,0.0,-0.0013727545738220215,-0.8236527442932129,1.0595013492621774,
1603,83.16037139808759,2026-06-30T15:05:41.185+07:00,0.05503225326538086,-2.609614849090576,33.019351959228516,33.04318000590226,33.04318000590226,32.955351959228516,25.989938233301995,-1565.7689094543457,0.0,-0.00111466646194458,-0.668799877166748,0.0496426858183554,
1604,83.21217544819228,2026-06-30T15:05:41.236+07:00,0.05375140905380249,-0.01644781418144703,32.250845432281494,32.63561285718883,32.63561285718883,32.186845432281494,6.1811535289623585,-9.868688508868217,0.0,-0.0012808442115783691,-0.7685065269470215,-0.40756714871344,
1605,83.26425066404045,2026-06-30T15:05:41.286+07:00,0.05248302221298218,-0.02303418703377247,31.489813327789307,32.01431104034519,32.01431104034519,31.425813327789307,-4.844045039796825,-13.820512220263481,0.0,-0.0012683868408203125,-0.7610321044921875,-0.6213018168436406,
1606,83.31654167617671,2026-06-30T15:05:41.338+07:00,0.05125141143798828,0.1451030671596527,30.75084686279297,31.320932919949364,31.320932919949364,30.68684686279297,-10.055431600139904,87.06184029579163,0.0,-0.0012316107749938965,-0.7389664649963379,-0.6933781203958347,
1607,83.36847489210777,2026-06-30T15:05:41.387+07:00,0.049630820751190186,0.09724825620651245,29.77849245071411,30.49028457076128,30.49028457076128,29.71449245071411,-14.588488713383121,58.34895372390747,0.0,-0.0016205906867980957,-0.9723544120788574,-0.8306483491880954,
1608,83.42038446106017,2026-06-30T15:05:41.438+07:00,0.04769700765609741,-0.035759780555963516,28.618204593658447,29.493791412291362,29.493791412291362,28.554204593658447,-17.88576394485089,-21.45586833357811,0.0,-0.0019338130950927734,-1.160287857055664,-0.9964931584699173,
1609,83.47267960221507,2026-06-30T15:05:41.489+07:00,0.04621756076812744,-0.022259654477238655,27.730536460876465,28.01938320555922,28.01938320555922,27.666536460876465,-20.949927412682563,-13.355792686343193,0.0,-0.0014794468879699707,-0.8876681327819824,-1.4744082067321358,
1610,83.52487141103484,2026-06-30T15:05:41.540+07:00,0.04538273811340332,0.3842512369155884,27.229642868041992,27.566491352457447,27.566491352457447,27.165642868041992,-13.953854217489651,230.55074214935303,0.0,-0.0008348226547241211,-0.5008935928344727,-0.45289185310176094,
1611,83.5767793871928,2026-06-30T15:05:41.589+07:00,0.0444258451461792,0.0001659392728470266,26.65550708770752,27.056631329933783,27.056631329933783,26.59150708770752,-11.991497438198177,0.09956356370821595,0.0,-0.0009568929672241211,-0.5741357803344727,-0.509860022523668,
1612,83.62889484409243,2026-06-30T15:05:41.640+07:00,0.04351377487182617,-0.021135123446583748,26.108264923095703,26.543196299656422,26.543196299656422,26.044264923095703,-11.058007532923128,-12.681074067950249,0.0,-0.0009120702743530273,-0.5472421646118164,-0.5134350302773498,
1613,83.6808809300419,2026-06-30T15:05:41.690+07:00,0.042384326457977295,0.015916407108306885,25.430595874786377,25.941278502562863,25.941278502562863,25.366595874786377,-11.675456510788086,9.54984426498413,0.0,-0.001129448413848877,-0.6776690483093262,-0.601917797093563,
1614,83.7330567210447,2026-06-30T15:05:41.741+07:00,0.040814340114593506,-0.033563438802957535,24.488604068756104,25.0807517132198,25.0807517132198,24.424604068756103,-14.501956441482129,-20.13806328177452,0.0,-0.001569986343383789,-0.9419918060302734,-0.860526789343055,
1615,83.7852156960871,2026-06-30T15:05:41.817+07:00,0.03837364912033081,-0.030092092230916023,23.024189472198486,23.784052809220942,23.784052809220942,22.960189472198486,-16.622687555825475,-18.055255338549614,0.0,-0.0024406909942626953,-1.4644145965576172,-1.2966989039988448,
1616,83.83775774412788,2026-06-30T15:05:41.866+07:00,0.03708165884017944,0.22578305006027222,22.248995304107666,22.93765347814417,22.93765347814417,22.184995304107666,-16.96182138473416,135.46983003616333,0.0,-0.0012919902801513672,-0.7751941680908203,-0.8463993310767819,
1617,83.88983423821628,2026-06-30T15:05:41.893+07:00,0.032686054706573486,-0.5988622903823853,19.611632823944092,21.751146249174145,21.751146249174145,19.54763282394409,-26.622947098997326,-359.31737422943115,0.0,-0.004395604133605957,-2.637362480163574,-1.1865072289700151,
1618,83.94171343604103,2026-06-30T15:05:41.962+07:00,0.035649240016937256,0.3062259256839752,21.389544010162354,21.542152101946378,21.542152101946378,21.325544010162353,-13.087794638543329,183.73555541038513,0.0,0.0029631853103637695,1.7779111862182617,-0.2089941472277701,
1619,83.9936390791554,2026-06-30T15:05:42.024+07:00,0.03551018238067627,-0.00023192170192487538,21.30610942840576,21.369739877581925,21.369739877581925,21.24210942840576,-7.052585817967572,-0.13915302115492523,0.0,-0.00013905763626098633,-0.0834345817565918,-0.17241222436445014,
1620,84.04587049805559,2026-06-30T15:05:42.077+07:00,0.0356982946395874,-2.336808681488037,21.41897678375244,21.349831879312834,21.349831879312834,21.35497678375244,-3.1262321132086193,-1402.0852088928223,0.0,0.0001881122589111328,0.11286735534667969,-0.01990799826910461,
1621,84.09771810402162,2026-06-30T15:05:42.127+07:00,0.03656882047653198,0.05625763535499573,21.94129228591919,21.588741789482395,21.588741789482395,21.87729228591919,1.6930273397733542,33.75458121299744,0.0,0.0008705258369445801,0.522315502166748,0.23890991016955354,
1622,84.14954976504669,2026-06-30T15:05:42.177+07:00,0.03411799669265747,0.12048882246017456,20.470798015594482,21.33863201192751,21.33863201192751,20.406798015594482,-4.762232325485298,72.29329347610474,0.0,-0.0024508237838745117,-1.470494270324707,-0.25010977755488284,
1623,84.201400593156,2026-06-30T15:05:42.229+07:00,0.03882551193237305,0.025075972080230713,23.295307159423828,22.202516783731166,22.202516783731166,23.231307159423828,8.491332136295952,15.045583248138428,0.0,0.004707515239715576,2.8245091438293457,0.8638847718036686,
1624,84.25329479109496,2026-06-30T15:05:42.277+07:00,0.04005473852157593,0.02398073673248291,24.032843112945557,23.144749073529223,23.144749073529223,23.968843112945557,14.714213921161507,14.388442039489746,0.0,0.0012292265892028809,0.7375359535217285,0.9422322897980564,
1625,84.3051507670898,2026-06-30T15:05:42.328+07:00,0.04111987352371216,0.1032918393611908,24.671924114227295,23.916540897561834,23.916540897561834,24.607924114227295,15.076458170552101,61.97510361671448,0.0,0.0010651350021362305,0.6390810012817383,0.7717918240326185,
1626,84.35728307510726,2026-06-30T15:05:42.378+07:00,0.041914939880371094,0.05495256185531616,25.148963928222656,24.535931350283867,24.535931350283867,25.084963928222656,13.562617459862906,32.9715371131897,0.0,0.0007950663566589355,0.47703981399536133,0.6193904527220297,
1627,84.40958881005645,2026-06-30T15:05:42.428+07:00,0.04262262582778931,0.011768877506256104,25.573575496673584,25.05423558098993,25.05423558098993,25.509575496673584,11.6751997951243,7.061326503753662,0.0,0.0007076859474182129,0.42461156845092773,0.5183042307060646,
1628,84.4613111380022,2026-06-30T15:05:42.478+07:00,0.04332250356674194,0.013340502977371216,25.993502140045166,25.511601785766324,25.511601785766324,25.929502140045166,10.290066759194666,8.00430178642273,0.0,0.0006998777389526367,0.41992664337158203,0.457366204776406,
1629,84.51325468719006,2026-06-30T15:05:42.533+07:00,0.043956875801086426,0.013184159994125366,26.374125480651855,25.92821256938191,25.92821256938191,26.310125480651855,8.730968645161076,7.91049599647522,0.0,0.0006343722343444824,0.38062334060668945,0.4166107836155959,
1630,84.56534508918412,2026-06-30T15:05:42.584+07:00,0.04443514347076416,0.4242174029350281,26.661086082458496,26.299223823377424,26.299223823377424,26.597086082458496,7.815393114823174,254.53044176101685,0.0,0.0004782676696777344,0.2869606018066406,0.37101125399550483,
1631,84.61714976816438,2026-06-30T15:05:42.635+07:00,0.045494914054870605,0.06199970841407776,27.296948432922363,26.273158142246924,26.273158142246924,27.232948432922363,6.47233281838817,37.199825048446655,0.0,0.0010597705841064453,0.6358623504638672,-0.026065681130489793,
1632,84.6689563000109,2026-06-30T15:05:42.690+07:00,0.04629719257354736,0.024917781352996826,27.778315544128418,27.056903234986866,27.056903234986866,27.714315544128418,10.895032580294986,14.950668811798096,0.0,0.0008022785186767578,0.4813671112060547,0.7837450927399345,
1633,84.72070481302217,2026-06-30T15:05:42.738+07:00,0.04727208614349365,0.09379836916923523,28.36325168609619,27.702127755545376,27.702127755545376,28.29925168609619,12.46794587639758,56.27902150154114,0.0,0.0009748935699462891,0.5849361419677734,0.6452245205585143,
1634,84.77249477105215,2026-06-30T15:05:42.788+07:00,0.04847961664199829,0.09081816673278809,29.087769985198975,28.37563568801973,28.37563568801973,29.023769985198975,13.531871453483184,54.49090003967285,0.0,0.0012075304985046387,0.7245182991027832,0.6735079324743651,
1635,84.82447154214606,2026-06-30T15:05:42.842+07:00,0.04962044954299927,0.024783164262771606,29.77226972579956,29.06882634943238,29.06882634943238,29.70826972579956,13.343785363092373,14.869898557662964,0.0,0.0011408329010009766,0.6844997406005859,0.6931906614126433,
1636,84.87641707411967,2026-06-30T15:05:42.892+07:00,0.05079382658004761,0.024224311113357544,30.476295948028564,29.764369250890798,29.764369250890798,30.412295948028564,13.695133955063149,14.534586668014526,0.0,0.0011733770370483398,0.7040262222290039,0.695542901458424,
1637,84.92842719703913,2026-06-30T15:05:42.948+07:00,0.05201941728591919,0.021884620189666748,31.211650371551514,30.47504389748604,30.47504389748604,31.147650371551514,13.091595527282855,13.130772113800049,0.0,0.001225590705871582,0.7353544235229492,0.7106746465952369,
1638,84.98033674713224,2026-06-30T15:05:43.004+07:00,0.0533178448677063,0.021899402141571045,31.99070692062378,31.22929338183571,31.22929338183571,31.92670692062378,13.425899026370574,13.139641284942627,0.0,0.0012984275817871094,0.7790565490722656,0.754249484349657,
1639,85.03233429719694,2026-06-30T15:05:43.058+07:00,0.054678142070770264,-2.575373411178589,32.80688524246216,32.028589984642615,32.028589984642615,32.74288524246216,14.396001377561422,-1545.2240467071533,0.0,0.0013602972030639648,0.8161783218383789,0.799296602806919,
1640,85.08393195807002,2026-06-30T15:05:43.107+07:00,0.05616956949234009,0.47378408908843994,33.70174169540405,32.84895801029083,32.84895801029083,33.63774169540405,15.822668697649412,284.27045345306396,0.0,0.0014914274215698242,0.8948564529418945,0.8203680256482073,
1641,85.13567436020821,2026-06-30T15:05:43.158+07:00,0.057742297649383545,0.19474530220031738,34.64537858963013,33.73320764900013,33.73320764900013,34.58137858963013,16.913901959692502,116.84718132019043,0.0,0.001572728157043457,0.9436368942260742,0.8842496387092922,
1642,85.18716933717951,2026-06-30T15:05:43.207+07:00,0.05892658233642578,0.02046149969100952,35.35594940185547,34.55656057813429,34.55656057813429,35.29194940185547,16.869374996942962,12.276899814605713,0.0,0.0011842846870422363,0.7105708122253418,0.8233529291341597,
1643,85.23876283201389,2026-06-30T15:05:43.257+07:00,0.05964493751525879,0.050823211669921875,35.78696250915527,35.20027404037342,35.20027404037342,35.72296250915527,14.436699602793068,30.493927001953125,0.0,0.0007183551788330078,0.4310131072998047,0.6437134622391341,
1644,85.29038545605727,2026-06-30T15:05:43.308+07:00,0.059906601905822754,0.004309297073632479,35.94396114349365,35.57843324239445,35.57843324239445,35.87996114349365,10.253738568280648,2.5855782441794872,0.0,0.00026166439056396484,0.1569986343383789,0.37815920202103825,
1645,85.34197926614434,2026-06-30T15:05:43.357+07:00,0.05959522724151611,0.5463243722915649,35.75713634490967,35.70725665771607,35.70725665771607,35.69313634490967,5.504375761616134,327.79462337493896,0.0,-0.0003113746643066406,-0.18682479858398438,0.12882341532161945,
1646,85.39363731606863,2026-06-30T15:05:43.407+07:00,0.0599520206451416,0.0004355907440185547,35.97121238708496,35.842550470279456,35.842550470279456,35.90721238708496,3.707509527879448,0.2613544464111328,0.0,0.0003567934036254883,0.21407604217529297,0.1352938125633898,
1647,85.44527729321271,2026-06-30T15:05:43.456+07:00,0.05995190143585205,4.100799560546875e-05,35.97114086151123,35.87989210138586,35.87989210138586,35.90714086151123,1.990048380423989,0.02460479736328125,0.0,-1.1920928955078125e-07,-7.152557373046875e-05,0.03734163110641475,
1648,85.49685071315616,2026-06-30T15:05:43.506+07:00,0.06012076139450073,0.01237267255783081,36.07245683670044,35.93165837405532,35.93165837405532,36.00845683670044,1.549577751688324,7.423603534698486,0.0,0.00016885995864868164,0.10131597518920898,0.05176627266945388,
1649,85.54869270813651,2026-06-30T15:05:43.559+07:00,-0.0011611580848693848,0.03392273560166359,-0.6966948509216309,14.601778833185277,14.601778833185277,359.23930514907835,-223.2999241169006,20.353641360998154,0.0,-0.06128191947937012,-36.76915168762207,-21.329879540870024,
1650,85.60029235109687,2026-06-30T15:05:43.631+07:00,0.00021457672119140625,0.01799340918660164,0.12874603271484375,3.9433654593958702,3.9433654593958702,0.06474603271484375,-154.98496724072606,10.796045511960983,0.0,0.001375734806060791,0.8254408836364746,-10.658413373789415,
1651,85.6518110500183,2026-06-30T15:05:43.683+07:00,0.000796973705291748,-0.03391481935977936,0.47818422317504883,1.8943528738684656,1.8943528738684656,0.4141842231750488,-87.37484547610265,-20.348891615867615,0.0,0.0005823969841003418,0.3494381904602051,-2.0490125855274073,
1652,85.70341058121994,2026-06-30T15:05:43.732+07:00,0.0013868212699890137,0.0003280527889728546,0.8320927619934082,1.2291463494270893,1.2291463494270893,0.7680927619934081,-44.333254081164256,0.19683167338371277,0.0,0.0005898475646972656,0.3539085388183594,-0.6652065244413734,
1653,85.7549812621437,2026-06-30T15:05:43.782+07:00,0.0014170408248901367,-0.0002307854883838445,0.850224494934082,0.9365027443837372,0.9365027443837372,0.786224494934082,-21.758426324199185,-0.1384712930303067,0.0,3.0219554901123047e-05,0.018131732940673828,-0.2926436050433381,
1654,85.80729971802793,2026-06-30T15:05:43.832+07:00,0.0013856291770935059,-0.0015793670900166035,0.8313775062561035,0.8437959001122488,0.8437959001122488,0.7673775062561035,-10.242014983511307,-0.9476202540099621,0.0,-3.141164779663086e-05,-0.018846988677978516,-0.09270684427147557,
1655,85.85939641622826,2026-06-30T15:05:43.883+07:00,0.0006200671195983887,-0.02226966619491577,0.3720402717590332,0.6015437134379903,0.6015437134379903,0.3080402717590332,-7.312165535216574,-13.361799716949463,0.0,-0.0007655620574951172,-0.4593372344970703,-0.24225218667424997,
1656,85.91156426118687,2026-06-30T15:05:43.935+07:00,-0.000840604305267334,-0.08431069552898407,-0.5043625831604004,0.025743828443671124,0.025743828443671124,359.4316374168396,-9.728361226895979,-50.58641731739044,0.0,-0.0014606714248657227,-0.8764028549194336,-0.5757998849943249,
1657,85.96353453304619,2026-06-30T15:05:43.982+07:00,0.05991196632385254,-2.8806488513946533,35.94717979431152,12.3234795018829,12.3234795018829,35.88317979431152,187.59142410475326,-1728.389310836792,0.0,0.06075257062911987,36.451542377471924,12.297735673439234,
1658,86.01556971203536,2026-06-30T15:05:44.032+07:00,0.05789303779602051,-0.03686666861176491,34.735822677612305,25.356854577641762,25.356854577641762,34.671822677612305,223.4101820478649,-22.120001167058945,0.0,-0.0020189285278320312,-1.2113571166992188,13.033375075758869,
1659,86.06737970700487,2026-06-30T15:05:44.082+07:00,0.05620294809341431,-0.03193426504731178,33.721768856048584,30.264870626981963,30.264870626981963,33.657768856048584,147.95248513695807,-19.16055902838707,0.0,-0.0016900897026062012,-1.0140538215637207,4.908016049340205,
1660,86.11933620111085,2026-06-30T15:05:44.133+07:00,0.054675936698913574,0.09890511631965637,32.805562019348145,31.79116510741315,31.79116510741315,32.741562019348144,78.60878869871233,59.34306979179382,0.0,-0.0015270113945007324,-0.9162068367004395,1.5262944804311758,
1661,86.17101182509214,2026-06-30T15:05:44.184+07:00,0.05292212963104248,0.3276605010032654,31.75327777862549,31.853275456658295,31.853275456658295,31.68927777862549,33.257506709670224,196.59630060195923,0.0,-0.0017538070678710938,-1.0522842407226562,0.06211034924513115,
1662,86.22290820907801,2026-06-30T15:05:44.234+07:00,0.0516391396522522,-3.353269338607788,30.98348379135132,31.423139394144332,31.423139394144332,30.91948379135132,8.775863441613359,-2011.9616031646729,0.0,-0.0012829899787902832,-0.7697939872741699,-0.4301360625139523,
1663,86.27473122207448,2026-06-30T15:05:44.283+07:00,0.050030410289764404,-0.0318676233291626,30.018246173858643,30.68413676827639,30.68413676827639,29.954246173858643,-5.271626852262639,-19.12057399749756,0.0,-0.001608729362487793,-0.9652376174926758,-0.7390026258679541,
1664,86.32656858605333,2026-06-30T15:05:44.358+07:00,0.04746276140213013,0.09997034072875977,28.477656841278076,29.303607113369825,29.303607113369825,28.413656841278076,-15.09681685975848,59.98220443725586,0.0,-0.0025676488876342773,-1.5405893325805664,-1.380529654906553,
1665,86.37858193204738,2026-06-30T15:05:44.409+07:00,0.04553115367889404,-0.036278609186410904,27.318692207336426,28.242960651659967,28.242960651659967,27.254692207336426,-18.500781018534134,-21.767165511846542,0.0,-0.001931607723236084,-1.1589646339416504,-1.0606464617098652,
1666,86.43042087112553,2026-06-30T15:05:44.459+07:00,0.04400843381881714,-0.03040027990937233,26.405060291290283,26.61039306429499,26.61039306429499,26.341060291290283,-23.455212073111113,-18.240167945623398,0.0,-0.0015227198600769043,-0.9136319160461426,-1.6325675873649743,
1667,86.48319073417224,2026-06-30T15:05:44.509+07:00,0.042644619941711426,-0.02408263273537159,25.586771965026855,26.07651528935877,26.07651528935877,25.522771965026855,-16.227822162612544,-14.449579641222954,0.0,-0.0013638138771057129,-0.8182883262634277,-0.5338777749362293,
1668,86.53489763615653,2026-06-30T15:05:44.562+07:00,0.0404355525970459,0.22055687010288239,24.26133155822754,25.192246724722956,25.192246724722956,24.19733155822754,-18.40582167847027,132.33412206172943,0.0,-0.0022090673446655273,-1.3254404067993164,-0.8842685646358177,
1669,86.58663061214611,2026-06-30T15:05:44.613+07:00,0.040181875228881836,-0.023487361147999763,24.1091251373291,24.512421711421737,24.512421711421737,24.0451251373291,-15.071783694301269,-14.092416688799858,0.0,-0.0002536773681640625,-0.1522064208984375,-0.6798250133012118,
1670,86.63830068102106,2026-06-30T15:05:44.664+07:00,0.039159417152404785,-0.019404591992497444,23.49565029144287,23.969180938597688,23.969180938597688,23.43165029144287,-13.003684497427821,-11.642755195498466,0.0,-0.0010224580764770508,-0.6134748458862305,-0.5432407728240491,
1671,86.69009180506691,2026-06-30T15:05:44.714+07:00,0.03838282823562622,0.12734928727149963,23.029696941375732,23.43031655612516,23.43031655612516,22.965696941375732,-11.751750363130146,76.40957236289978,0.0,-0.0007765889167785645,-0.46595335006713867,-0.538864382472525,
1672,86.7418212632183,2026-06-30T15:05:44.767+07:00,0.03764998912811279,0.28948113322257996,22.589993476867676,22.95757774481601,22.95757774481601,22.525993476867676,-10.165843166736584,173.68867993354797,0.0,-0.0007328391075134277,-0.43970346450805664,-0.4727388113091422,
1673,86.7935889242217,2026-06-30T15:05:44.815+07:00,0.036895930767059326,-0.01663348264992237,22.137558460235596,22.494880215892426,22.494880215892426,22.073558460235596,-9.789887493705457,-9.980089589953423,0.0,-0.0007540583610534668,-0.4524350166320801,-0.4626975289235702,
1674,86.84545873315074,2026-06-30T15:05:44.865+07:00,0.036036014556884766,-0.018511207774281502,21.62160873413086,22.012348100740613,22.012348100740613,21.55760873413086,-9.822365382815127,-11.106724664568901,0.0,-0.0008599162101745605,-0.5159497261047363,-0.4825321151517983,
1675,86.89702421007678,2026-06-30T15:05:44.915+07:00,0.035003721714019775,-0.022475095465779305,21.002233028411865,21.45676879703496,21.45676879703496,20.938233028411865,-10.799703535297725,-13.485057279467583,0.0,-0.0010322928428649902,-0.6193757057189941,-0.555579303705656,
1676,86.94863394508138,2026-06-30T15:05:44.965+07:00,0.03382903337478638,-0.02594718337059021,20.297420024871826,20.833451420779785,20.833451420779785,20.233420024871826,-11.905581979407215,-15.568310022354126,0.0,-0.0011746883392333984,-0.7048130035400391,-0.6233173762551871,
1677,87.00022203312255,2026-06-30T15:05:45.016+07:00,0.032500624656677246,-0.022758515551686287,19.500374794006348,20.11925214397491,20.11925214397491,19.436374794006348,-13.194508516859665,-13.655109331011772,0.0,-0.0013284087181091309,-0.7970452308654785,-0.7141992768048624,
1678,87.05181730515324,2026-06-30T15:05:45.065+07:00,0.03133714199066162,-0.024911941960453987,18.802285194396973,19.40237182765099,19.40237182765099,18.738285194396973,-14.146749457528704,-14.947165176272392,0.0,-0.001163482666015625,-0.698089599609375,-0.716880316323909,
1679,87.10341607802548,2026-06-30T15:05:45.117+07:00,0.030202209949493408,-0.021700741723179817,18.121325969696045,18.702883895726476,18.702883895726476,18.057325969696045,-13.784682966599151,-13.02044503390789,0.0,-0.0011349320411682129,-0.6809592247009277,-0.6994879319245229,
1680,87.15504075819626,2026-06-30T15:05:45.165+07:00,0.029258131980895996,-0.015144320204854012,17.554879188537598,18.057373108830106,18.057373108830106,17.490879188537598,-13.683613709353235,-9.086592122912407,0.0,-0.0009440779685974121,-0.5664467811584473,-0.6455107868963808,
1681,87.20709460414946,2026-06-30T15:05:45.216+07:00,0.02873903512954712,0.07464954257011414,17.24342107772827,17.577912558066902,17.577912558066902,17.17942107772827,-11.15456945854542,44.78972554206848,0.0,-0.000519096851348877,-0.31145811080932617,-0.47946055076320704,
1682,87.25896067218855,2026-06-30T15:05:45.267+07:00,0.028298616409301758,0.26579365134239197,16.979169845581055,17.224378867674815,17.224378867674815,16.915169845581055,-8.684161392584398,159.47619080543518,0.0,-0.00044041872024536133,-0.2642512321472168,-0.3535336903920836,
1683,87.31063783308491,2026-06-30T15:05:45.341+07:00,0.02761930227279663,-0.00038614918594248593,16.57158136367798,16.733394938890157,16.733394938890157,16.50758136367798,-6.630256265174006,-0.23168951156549156,0.0,-0.000679314136505127,-0.40758848190307617,-0.490983928784658,
1684,87.36216444009915,2026-06-30T15:05:45.392+07:00,0.027234792709350586,0.2590801417827606,16.34087562561035,16.51287601573382,16.51287601573382,16.27687562561035,-5.335038487513421,155.44808506965637,0.0,-0.0003845095634460449,-0.23070573806762695,-0.2205189231563338,
1685,87.41366826812737,2026-06-30T15:05:45.442+07:00,0.02753293514251709,0.07421627640724182,16.519761085510254,16.473651805442625,16.473651805442625,16.455761085510254,-2.6605400082906865,44.52976584434509,0.0,0.0002981424331665039,0.17888545989990234,-0.03922421029119505,
1686,87.4651699301321,2026-06-30T15:05:45.492+07:00,0.027652978897094727,0.006654292810708284,16.591787338256836,16.498365568263303,16.498365568263303,16.527787338256836,-0.818938984807067,3.9925756864249706,0.0,0.00012004375457763672,0.07202625274658203,0.024713762820681495,
1687,87.51709057204425,2026-06-30T15:05:45.543+07:00,0.027935802936553955,0.010572969913482666,16.761481761932373,16.591729591703714,16.591729591703714,16.697481761932373,0.7882977439965212,6.3437819480896,0.0,0.0002828240394592285,0.1696944236755371,0.09336402344041517,
1688,87.56864606705494,2026-06-30T15:05:45.591+07:00,0.026503443717956543,0.1519024819135666,15.902066230773926,16.10798196598817,16.10798196598817,15.838066230773926,-4.919651167732793,91.14148914813995,0.0,-0.0014323592185974121,-0.8594155311584473,-0.4837476257155515,
1689,87.62048009806313,2026-06-30T15:05:45.642+07:00,0.029264628887176514,0.015996038913726807,17.558777332305908,16.860137718373753,16.860137718373753,17.494777332305908,6.6130550994235815,9.597623348236084,0.0,0.0027611851692199707,1.6567111015319824,0.7521557523855904,
1690,87.67310699913651,2026-06-30T15:05:45.694+07:00,0.029449939727783203,0.30649372935295105,17.669963836669922,17.00286924180668,17.00286924180668,17.605963836669922,6.559684913964438,183.89623761177063,0.0,0.00018531084060668945,0.11118650436401367,0.1427315234329285,
1691,87.72492669709027,2026-06-30T15:05:45.746+07:00,0.03156036138534546,0.09740784764289856,18.936216831207275,17.9853139087542,17.9853139087542,18.872216831207275,14.001350606073654,58.444708585739136,0.0,0.002110421657562256,1.2662529945373535,0.9824446669475151,
1692,87.77674904302694,2026-06-30T15:05:45.797+07:00,0.03282719850540161,0.02896648645401001,19.696319103240967,18.84910281138518,18.84910281138518,19.632319103240967,15.812347922478974,17.379891872406006,0.0,0.0012668371200561523,0.7601022720336914,0.8637889026309722,
1693,87.82853540801443,2026-06-30T15:05:45.846+07:00,0.03439891338348389,0.033086538314819336,20.639348030090332,19.737751356625846,19.737751356625846,20.575348030090332,17.032744981829758,19.8519229888916,0.0,0.0015717148780822754,0.9430289268493652,0.8886485452406703,
1694,87.88044431013986,2026-06-30T15:05:45.896+07:00,0.03578251600265503,0.027342379093170166,21.469509601593018,20.609009647032682,20.609009647032682,21.405509601593018,17.44812442229608,16.4054274559021,0.0,0.0013836026191711426,0.8301615715026855,0.8712582904068427,
1695,87.93202082300559,2026-06-30T15:05:45.946+07:00,0.03654468059539795,0.29864802956581116,21.92680835723877,21.328261870041686,21.328261870041686,21.86280835723877,15.267764558541892,179.1888177394867,0.0,0.0007621645927429199,0.45729875564575195,0.7192522230089935,
1696,87.98428494599648,2026-06-30T15:05:45.996+07:00,0.03859817981719971,0.028191804885864258,23.158907890319824,22.26449539558005,22.26449539558005,23.094907890319824,17.52026918325294,16.915082931518555,0.0,0.002053499221801758,1.2320995330810547,0.9362335255383698,
1697,88.03592566307634,2026-06-30T15:05:46.045+07:00,0.04004138708114624,0.030948609113693237,24.024832248687744,23.145846637386704,23.145846637386704,23.960832248687744,17.789032338201213,18.569165468215942,0.0,0.0014432072639465332,0.8659243583679199,0.8813512418066693,
1698,88.08745130617172,2026-06-30T15:05:46.096+07:00,0.04134261608123779,0.5303752422332764,24.805569648742676,23.9817774626062,23.9817774626062,24.741569648742676,17.171789522718555,318.2251453399658,0.0,0.0013012290000915527,0.7807374000549316,0.8359308252194921,
1699,88.13917533820495,2026-06-30T15:05:46.146+07:00,0.04008668661117554,-0.0735320895910263,24.052011966705322,24.282953332706516,24.282953332706516,23.988011966705322,8.941383890431768,-44.119253754615784,0.0,-0.0012559294700622559,-0.7535576820373535,0.3011758701003089,
1700,88.19124020216987,2026-06-30T15:05:46.222+07:00,0.04489022493362427,0.027311623096466064,26.93413496017456,25.95424782435154,25.95424782435154,26.87013496017456,17.932570071890925,16.38697385787964,0.0,0.0048035383224487305,2.8821229934692383,1.6712944916450283,
1701,88.24296812317334,2026-06-30T15:05:46.271+07:00,0.04625988006591797,0.026670634746551514,27.75592803955078,26.87903388353054,26.87903388353054,27.69192803955078,18.269109165518326,16.002380847930908,0.0,0.0013696551322937012,0.8217930793762207,0.9247860591789845,
1702,88.29450613609515,2026-06-30T15:05:46.322+07:00,0.04516041278839111,-0.11540503054857254,27.096247673034668,27.220301423717068,27.220301423717068,27.032247673034668,10.166706725296411,-69.24301832914352,0.0,-0.0010994672775268555,-0.6596803665161133,0.3412675401865215,
1703,88.34610170521773,2026-06-30T15:05:46.372+07:00,0.04893040657043457,0.12551677227020264,29.358243942260742,28.326912191379463,28.326912191379463,29.294243942260742,17.034450928035827,75.31006336212158,0.0,0.003769993782043457,2.261996269226074,1.1066107676624028,
1704,88.39762397808954,2026-06-30T15:05:46.422+07:00,0.05018448829650879,0.06791657209396362,30.110692977905273,28.968893687477003,28.968893687477003,30.046692977905273,16.28567593978114,40.749943256378174,0.0,0.0012540817260742188,0.7524490356445312,0.641981496097543,
1705,88.44915073201992,2026-06-30T15:05:46.472+07:00,0.051308393478393555,0.07994914054870605,30.785036087036133,29.904147026966907,29.904147026966907,30.721036087036133,17.708011781439758,47.96948432922363,0.0,0.0011239051818847656,0.6743431091308594,0.9352533394899183,
1706,88.50073748617433,2026-06-30T15:05:46.522+07:00,0.052362680435180664,0.04914093017578125,31.4176082611084,30.679694336520097,30.679694336520097,31.3536082611084,16.37020970796596,29.48455810546875,0.0,0.0010542869567871094,0.6325721740722656,0.7755473095531897,
1707,88.55231568519957,2026-06-30T15:05:46.572+07:00,0.053254544734954834,0.01875007152557373,31.9527268409729,31.32265880086718,31.32265880086718,31.8887268409729,14.429388390937724,11.250042915344238,0.0,0.0008918642997741699,0.535118579864502,0.6429644643470738,
1708,88.60392397618853,2026-06-30T15:05:46.622+07:00,0.0541534423828125,0.05351400375366211,32.4920654296875,31.90132077539802,31.90132077539802,32.4280654296875,12.781045958572244,32.108402252197266,0.0,0.000898897647857666,0.5393385887145996,0.5786619745308315,
1709,88.65552997100167,2026-06-30T15:05:46.672+07:00,0.0549045205116272,0.015232861042022705,32.94271230697632,32.41357172669853,32.41357172669853,32.87871230697632,11.50156351795657,9.139716625213623,0.0,0.0007510781288146973,0.45064687728881836,0.5122509513005014,
1710,88.70724326209165,2026-06-30T15:05:46.723+07:00,0.055832087993621826,0.020932555198669434,33.499252796173096,32.936779433014856,32.936779433014856,33.435252796173096,10.947043657432634,12.55953311920166,0.0,0.0009275674819946289,0.5565404891967773,0.5232077063163274,
1711,88.75938938511536,2026-06-30T15:05:46.773+07:00,0.05694711208343506,0.44556283950805664,34.168267250061035,33.535403619320995,33.535403619320995,34.104267250061035,11.793731454337685,267.337703704834,0.0,0.0011150240898132324,0.6690144538879395,0.5986241863061537,
1712,88.81099747307599,2026-06-30T15:05:46.823+07:00,0.057529985904693604,0.01279515027999878,34.51799154281616,33.954619743993526,33.954619743993526,34.45399154281616,10.17598047184483,7.677090167999268,0.0,0.0005828738212585449,0.34972429275512695,0.41921612467251634,
1713,88.86261674505658,2026-06-30T15:05:46.875+07:00,0.05808568000793457,0.20268070697784424,34.85140800476074,34.40765650395999,34.40765650395999,34.78740800476074,9.289366364356816,121.60842418670654,0.0,0.0005556941032409668,0.3334164619445801,0.45303675996646575,
1714,88.91431472101249,2026-06-30T15:05:46.923+07:00,0.05851048231124878,0.06275886297225952,35.10628938674927,34.73293984546681,34.73293984546681,35.04228938674927,7.888212922573038,37.65531778335571,0.0,0.000424802303314209,0.2548813819885254,0.32528334150680394,
1715,88.96602743817493,2026-06-30T15:05:46.973+07:00,0.05595904588699341,0.09057164937257767,33.575427532196045,34.405703753525344,34.405703753525344,33.511427532196045,-2.5312502168318227,54.3429896235466,0.0,-0.002551436424255371,-1.5308618545532227,-0.3272360919414723,
1716,89.0176568031311,2026-06-30T15:05:47.025+07:00,0.059176862239837646,0.007199466228485107,35.50611734390259,34.986943529693036,34.986943529693036,35.44211734390259,5.316190838716363,4.3196797370910645,0.0,0.0032178163528442383,1.930689811706543,0.5812397761677062,
1717,89.0693697980605,2026-06-30T15:05:47.098+07:00,0.0597233772277832,0.2912815809249878,35.83402633666992,35.189841659213705,35.189841659213705,35.77002633666992,3.81772691404292,174.76894855499268,0.0,0.0005465149879455566,0.327908992767334,0.202898129520662,
1718,89.12087531201541,2026-06-30T15:05:47.152+07:00,0.06011885404586792,0.4101184606552124,36.07131242752075,35.61036484434397,35.61036484434397,36.00731242752075,6.351773373680982,246.07107639312744,0.0,0.0003954768180847168,0.23728609085083008,0.4205231851302642,
1719,89.17238106601872,2026-06-30T15:05:47.202+07:00,-0.0019228458404541016,-0.05404090881347656,-1.153707504272461,22.848994960982445,22.848994960982445,358.7822924957275,-167.32442051295374,-32.42454528808594,0.0,-0.06204169988632202,-37.22501993179321,-12.76136988336151,
1720,89.22405735705979,2026-06-30T15:05:47.253+07:00,-0.0010944008827209473,0.022990643978118896,-0.6566405296325684,9.18282377245665,9.18282377245665,359.2793594703674,-218.3101768378294,13.794386386871338,0.0,0.0008284449577331543,0.4970669746398926,-13.666171188525794,
1721,89.27568570314907,2026-06-30T15:05:47.303+07:00,-0.00038361549377441406,0.023653732612729073,-0.23016929626464844,3.645740191222801,3.645740191222801,359.70583070373533,-153.29957223082295,14.192239567637444,0.0,0.0007107853889465332,0.4264712333679199,-5.537083581233844,
1722,89.32738671707921,2026-06-30T15:05:47.351+07:00,0.0003063082695007324,0.02277456596493721,0.18378496170043945,1.5647040429044257,1.5647040429044257,0.11978496170043945,-88.06922223265423,13.664739578962326,0.0,0.0006899237632751465,0.4139542579650879,-2.0810361483183897,
1723,89.37901706318371,2026-06-30T15:05:47.402+07:00,0.0009327530860900879,0.011226151138544083,0.5596518516540527,0.9097623334246724,0.9097623334246724,0.49565185165405273,-44.11145026068336,6.73569068312645,0.0,0.0006264448165893555,0.3758668899536133,-0.6549417094797434,
1724,89.43065222515725,2026-06-30T15:05:47.452+07:00,0.0014040470123291016,0.00642796978354454,0.8424282073974609,0.8068564265205741,0.8068564265205741,0.7784282073974609,-19.652072848954834,3.8567818701267242,0.0,0.00047129392623901367,0.2827763557434082,-0.10290590690408408,
1725,89.48225803417154,2026-06-30T15:05:47.501+07:00,0.0015708208084106445,0.0018831118941307068,0.9424924850463867,0.8419696401641279,0.8419696401641279,0.8784924850463867,-7.876603057888431,1.129867136478424,0.0,0.00016677379608154297,0.10006427764892578,0.03511321364354103,
1726,89.53405845514499,2026-06-30T15:05:47.552+07:00,0.0016462206840515137,0.00010987464338541031,0.9877324104309082,0.8850463986811651,0.8850463986811651,0.9237324104309081,-2.8274369353152156,0.06592478603124619,0.0,7.539987564086914e-05,0.045239925384521484,0.04307675851703152,
1727,89.58583535719663,2026-06-30T15:05:47.601+07:00,0.0016765594482421875,0.00011730566620826721,1.0059356689453125,0.9158415356537124,0.9158415356537124,0.9419356689453124,-0.8394708896411679,0.07038339972496033,0.0,3.0338764190673828e-05,0.018203258514404297,0.030795136972557202,
1728,89.63762888801284,2026-06-30T15:05:47.653+07:00,0.001648545265197754,0.02521081641316414,0.9891271591186523,0.9004489604405098,0.9004489604405098,0.9251271591186523,-0.4170735920818378,15.126489847898483,0.0,-2.8014183044433594e-05,-0.016808509826660156,-0.015392575213212467,
1729,89.68961086403579,2026-06-30T15:05:47.702+07:00,0.001096963882446289,-0.01976836286485195,0.6581783294677734,0.7739315855530382,0.7739315855530382,0.5941783294677734,-1.875318200978006,-11.861017718911171,0.0,-0.0005515813827514648,-0.3309488296508789,-0.12651737488747017,
1730,89.74134704307653,2026-06-30T15:05:47.753+07:00,-4.273653030395508e-05,-0.022227078676223755,-0.025641918182373047,0.35608192918952464,0.35608192918952464,359.9103580818176,-5.726453433691086,-13.336247205734253,0.0,-0.0011397004127502441,-0.6838202476501465,-0.4178496563635008,
1731,89.79284644615836,2026-06-30T15:05:47.803+07:00,-0.0013071298599243164,-0.026913508772850037,-0.7842779159545898,359.749344521756,359.749344521756,359.1517220840454,-9.77955718768667,-16.148105263710022,0.0,-0.0012643933296203613,-0.7586359977722168,-0.6067374074335703,
1732,89.84462866303511,2026-06-30T15:05:47.853+07:00,0.05986994504928589,-0.023772122338414192,35.92196702957153,12.158416562190894,12.158416562190894,35.85796702957153,178.12835881921475,-14.263273403048515,0.0,0.061177074909210205,36.70624494552612,12.409072040434921,
1733,89.89628241606988,2026-06-30T15:05:47.927+07:00,0.058260977268218994,-0.022974910214543343,34.9565863609314,28.809597364014095,28.809597364014095,34.892586360931396,193.36051964606042,-13.784946128726006,0.0,-0.0016089677810668945,-0.9653806686401367,16.651180801823216,
1734,89.9477637631353,2026-06-30T15:05:47.978+07:00,0.056917011737823486,-0.03045535460114479,34.15020704269409,31.824449902050652,31.824449902050652,34.08620704269409,114.22331676486432,-18.273212760686874,0.0,-0.0013439655303955078,-0.8063793182373047,3.014852538036564,
1735,89.99933351809159,2026-06-30T15:05:48.028+07:00,0.055450439453125,0.014031708240509033,33.270263671875,32.7339598362905,32.7339598362905,33.206263671875,57.93892296220372,8.41902494430542,0.0,-0.0014665722846984863,-0.8799433708190918,0.9095099342398498,
1736,90.05089954915456,2026-06-30T15:05:48.080+07:00,0.05401909351348877,-0.030075909569859505,32.41145610809326,32.63639870650146,32.63639870650146,32.34745610809326,22.85464701888705,-18.045545741915703,0.0,-0.0014313459396362305,-0.8588075637817383,-0.0975611297890282,
1737,90.10296102520078,2026-06-30T15:05:48.130+07:00,0.05250674486160278,-0.029673639684915543,31.50404691696167,32.04600184015649,32.04600184015649,31.44004691696167,2.485291949508559,-17.804183810949326,0.0,-0.0015123486518859863,-0.9074091911315918,-0.5903968663449746,
1738,90.1548328162171,2026-06-30T15:05:48.168+07:00,0.05173945426940918,0.058891236782073975,31.043672561645508,31.67278659267765,31.67278659267765,30.979672561645508,-1.8512144474302552,35.334742069244385,0.0,-0.0007672905921936035,-0.4603743553161621,-0.3732152474788393,
1739,90.20693929120898,2026-06-30T15:05:48.229+07:00,0.04986417293548584,-0.028310511261224747,29.918503761291504,30.747559427395828,30.747559427395828,29.854503761291504,-9.417466195784892,-16.986306756734848,0.0,-0.0018752813339233398,-1.125168800354004,-0.9252271652818251,
1740,90.25870821112767,2026-06-30T15:05:48.277+07:00,0.04828709363937378,-0.01107755396515131,28.972256183624268,29.438359947552282,29.438359947552282,28.908256183624268,-17.817951651534976,-6.646532379090786,0.0,-0.0015770792961120605,-0.9462475776672363,-1.3091994798435564,
1741,90.31103207520209,2026-06-30T15:05:48.326+07:00,0.046964406967163086,-0.02522650547325611,28.17864418029785,28.760538446086912,28.760538446086912,28.11464418029785,-15.728788106599946,-15.135903283953667,0.0,-0.0013226866722106934,-0.793612003326416,-0.6778215014653597,
1742,90.36287762504071,2026-06-30T15:05:48.376+07:00,0.04583662748336792,0.046701252460479736,27.501976490020752,27.958633461079216,27.958633461079216,27.437976490020752,-15.25519759315172,28.020751476287842,0.0,-0.001127779483795166,-0.6766676902770996,-0.8019049850076954,
1743,90.4145125830546,2026-06-30T15:05:48.426+07:00,0.044691264629364014,-0.021769585087895393,26.814758777618408,27.33777608797621,27.33777608797621,26.750758777618408,-13.771113404975562,-13.061751052737236,0.0,-0.0011453628540039062,-0.6872177124023438,-0.6208573731030071,
1744,90.46615602215752,2026-06-30T15:05:48.476+07:00,0.04356437921524048,-0.022760631516575813,26.138627529144287,26.685754703009493,26.685754703009493,26.074627529144287,-13.34857842119628,-13.656378909945488,0.0,-0.0011268854141235352,-0.6761312484741211,-0.6520213849667016,
1745,90.51774323917925,2026-06-30T15:05:48.528+07:00,0.04237532615661621,-0.021739782765507698,25.425195693969727,26.017567455723828,26.017567455723828,25.361195693969727,-13.170770925534521,-13.043869659304619,0.0,-0.0011890530586242676,-0.7134318351745605,-0.6681872472856583,
1746,90.56944651110098,2026-06-30T15:05:48.576+07:00,0.04123741388320923,-0.023259880021214485,24.742448329925537,25.31823966198104,25.31823966198104,24.678448329925537,-13.924692505033297,-13.955928012728691,0.0,-0.0011379122734069824,-0.6827473640441895,-0.699327793742782,
1747,90.62110059917904,2026-06-30T15:05:48.651+07:00,0.03943943977355957,-2.553179979324341,23.663663864135742,24.26816218701073,24.26816218701073,23.599663864135742,-14.168540793640265,-1531.9079875946045,0.0,-0.0017979741096496582,-1.078784465789795,-1.0500774749702941,
1748,90.67257279716432,2026-06-30T15:05:48.701+07:00,0.03617757558822632,0.14924974739551544,21.70654535293579,23.076390453962745,23.076390453962745,21.64254535293579,-20.634553768451017,89.54984843730927,0.0,-0.003261864185333252,-1.9571185111999512,-1.1917717330479718,
1749,90.7241192550864,2026-06-30T15:05:48.752+07:00,0.037072956562042236,-0.01847788877785206,22.243773937225342,22.62199852860117,22.62199852860117,22.17977393722534,-13.955517697824746,-11.086733266711235,0.0,0.000895380973815918,0.5372285842895508,-0.4543919253615627,
1750,90.77573500899598,2026-06-30T15:05:48.802+07:00,0.03623402118682861,-0.01982671208679676,21.740412712097168,22.134331307741117,22.134331307741117,21.676412712097168,-11.529464885922511,-11.896027252078056,0.0,-0.000838935375213623,-0.5033612251281738,-0.487667220860061,
1751,90.82734946720302,2026-06-30T15:05:48.853+07:00,0.03534728288650513,0.3826238512992859,21.208369731903076,21.609882583235418,21.609882583235418,21.144369731903076,-10.835215165856011,229.57431077957153,0.0,-0.0008867383003234863,-0.5320429801940918,-0.524448724505703,
1752,90.87918803608045,2026-06-30T15:05:48.902+07:00,0.03410649299621582,-0.02184578962624073,20.463895797729492,20.98553551771205,20.98553551771205,20.399895797729492,-11.986641718590116,-13.107473775744438,0.0,-0.0012407898902893066,-0.744473934173584,-0.6243470655233523,
1753,90.93100934522226,2026-06-30T15:05:48.953+07:00,0.033116281032562256,-0.016973646357655525,19.869768619537354,20.142174744602325,20.142174744602325,19.805768619537353,-13.437399515181442,-10.184187814593315,0.0,-0.0009902119636535645,-0.5941271781921387,-0.8433607731097368,
1754,90.98259235802107,2026-06-30T15:05:49.003+07:00,0.03220123052597046,-0.015215486288070679,19.320738315582275,19.68506187353217,19.68506187353217,19.256738315582275,-11.082622087961695,-9.129291772842407,0.0,-0.0009150505065917969,-0.5490303039550781,-0.45711287107016574,
1755,91.0352593511343,2026-06-30T15:05:49.053+07:00,0.031902849674224854,0.2024085819721222,19.141709804534912,19.33325836926471,19.33325836926471,19.077709804534912,-8.548668500724531,121.44514918327332,0.0,-0.00029838085174560547,-0.17902851104736328,-0.3518035042674512,
1756,91.08729140111245,2026-06-30T15:05:49.103+07:00,0.03177720308303833,0.4360803961753845,19.066321849822998,18.687915886440063,18.687915886440063,19.002321849822998,-8.347837570356836,261.6482377052307,0.0,-0.00012564659118652344,-0.07538795471191406,-0.6453424828246455,
1757,91.13891548803076,2026-06-30T15:05:49.153+07:00,0.03192704916000366,0.1024726927280426,19.156229496002197,18.907413017461824,18.907413017461824,19.092229496002197,-1.0522269269722764,61.48361563682556,0.0,0.00014984607696533203,0.08990764617919922,0.21949713102176815,
1758,91.19078879710287,2026-06-30T15:05:49.203+07:00,0.0320812463760376,0.005309313535690308,19.24874782562256,19.05295341605537,19.05295341605537,19.18474782562256,1.2641294848480624,3.1855881214141846,0.0,0.00015419721603393555,0.09251832962036133,0.14554039859353907,
1759,91.24253655108623,2026-06-30T15:05:49.254+07:00,0.03209340572357178,-0.00023385885288007557,19.256043434143066,19.134408810228663,19.134408810228663,19.192043434143066,1.419832772926885,-0.14031531172804534,0.0,1.2159347534179688e-05,0.0072956085205078125,0.08145539417330383,
1760,91.29418043419719,2026-06-30T15:05:49.303+07:00,0.03213918209075928,0.07233482599258423,19.283509254455566,19.177346522818663,19.177346522818663,19.219509254455566,1.115357990806542,43.40089559555054,0.0,4.57763671875e-05,0.0274658203125,0.04293771259000323,
1761,91.3458687250968,2026-06-30T15:05:49.355+07:00,0.03209400177001953,0.0009360313415527344,19.25640106201172,19.1088458284983,19.1088458284983,19.19240106201172,0.1028920999094195,0.5616188049316406,0.0,-4.5180320739746094e-05,-0.027108192443847656,-0.06850069432036321,
1762,91.39759390521795,2026-06-30T15:05:49.429+07:00,0.032093822956085205,0.0005709230899810791,19.256293773651123,19.174115714723726,19.174115714723726,19.192293773651123,0.5893441968717148,0.34255385398864746,0.0,-1.7881393432617188e-07,-0.00010728836059570312,0.06526988622542262,
1763,91.44927540002391,2026-06-30T15:05:49.480+07:00,0.03209340572357178,-0.00023403766681440175,19.256043434143066,19.19998438954897,19.19998438954897,19.192043434143066,0.45485220808092747,-0.14042260008864105,0.0,-4.172325134277344e-07,-0.0002503395080566406,0.02586867482523303,
1764,91.5007809321396,2026-06-30T15:05:49.531+07:00,0.03189283609390259,-0.006082863546907902,19.135701656341553,19.151000776048217,19.151000776048217,19.071701656341553,-0.45655806569068924,-3.649718128144741,0.0,-0.00020056962966918945,-0.12034177780151367,-0.0489836135007522,
1765,91.55232677911408,2026-06-30T15:05:49.579+07:00,0.03131437301635742,-0.013765365816652775,18.788623809814453,18.939305542428478,18.939305542428478,18.724623809814453,-2.734824136012908,-8.259219489991665,0.0,-0.000578463077545166,-0.3470778465270996,-0.21169523361973575,
1766,91.60393388522789,2026-06-30T15:05:49.630+07:00,0.0302964448928833,0.048923105001449585,18.17786693572998,18.53125032998399,18.53125032998399,18.11386693572998,-6.086396600387921,29.35386300086975,0.0,-0.001017928123474121,-0.6107568740844727,-0.40805521244448073,
1767,91.65563671221025,2026-06-30T15:05:49.680+07:00,0.028666019439697266,-0.03306347504258156,17.19961166381836,17.629743824940316,17.629743824940316,17.13561166381836,-12.090736879850724,-19.838085025548935,0.0,-0.0016304254531860352,-0.9782552719116211,-0.9015065050436704,
1768,91.70745557709597,2026-06-30T15:05:49.731+07:00,0.027412474155426025,-0.014273257926106453,16.447484493255615,16.96528086786681,16.96528086786681,16.383484493255615,-12.56375707127411,-8.563954755663872,0.0,-0.0012535452842712402,-0.7521271705627441,-0.6644629570735106,
1769,91.76002038503066,2026-06-30T15:05:49.780+07:00,0.02735745906829834,0.08689799904823303,16.414475440979004,16.602948983398502,16.602948983398502,16.350475440979004,-9.38793795802803,52.13879942893982,0.0,-5.501508712768555e-05,-0.03300905227661133,-0.3623318844683183,
1770,91.81181786116213,2026-06-30T15:05:49.830+07:00,0.027764856815338135,0.012697488069534302,16.65891408920288,16.558417857240475,16.558417857240475,16.59491408920288,-4.23396860065493,7.618492841720581,0.0,0.0004073977470397949,0.24443864822387695,-0.04453112615803434,
1771,91.86362468916923,2026-06-30T15:05:49.881+07:00,0.02860361337661743,0.30008092522621155,17.16216802597046,16.717019691647227,16.717019691647227,17.09816802597046,0.7104667546722419,180.04855513572693,0.0,0.0008387565612792969,0.5032539367675781,0.15860183440673836,
1772,91.91548659000546,2026-06-30T15:05:49.930+07:00,0.02941793203353882,0.020825564861297607,17.65075922012329,17.16746773268673,17.16746773268673,17.58675922012329,5.6482963333751375,12.495338916778564,0.0,0.0008143186569213867,0.48859119415283203,0.4504480410394933,
1773,91.96739712217823,2026-06-30T15:05:49.981+07:00,0.030578553676605225,0.27410778403282166,18.347132205963135,17.29457255593916,17.29457255593916,18.283132205963135,6.667463941511901,164.464670419693,0.0,0.0011606216430664062,0.6963729858398438,0.12710482325243788,
1774,92.0192623201292,2026-06-30T15:05:50.030+07:00,0.03192490339279175,-1.946411371231079,19.15494203567505,18.250021659885363,18.250021659885363,19.09094203567505,13.854599287395672,-1167.8468227386475,0.0,0.0013463497161865234,0.8078098297119141,0.9554491039461936,
1775,92.07129327720031,2026-06-30T15:05:50.081+07:00,0.033439040184020996,0.03170293569564819,20.063424110412598,19.149846777320093,19.149846777320093,19.999424110412598,16.366583978639767,19.021761417388916,0.0,0.001514136791229248,0.9084820747375488,0.899825117434716,
1776,92.1230413641315,2026-06-30T15:05:50.132+07:00,0.03520554304122925,0.3044760823249817,21.12332582473755,19.50874215370514,19.50874215370514,21.05932582473755,14.861934362866398,182.685649394989,0.0,0.001766502857208252,1.0599017143249512,0.35889537638504976,
1777,92.17512274719775,2026-06-30T15:05:50.206+07:00,0.03742718696594238,0.032201915979385376,22.45631217956543,21.30014084916234,21.30014084916234,22.39231217956543,21.130317472438822,19.321149587631226,0.0,0.0022216439247131348,1.3329863548278809,1.7913986954571897,
1778,92.22697800002061,2026-06-30T15:05:50.257+07:00,0.03907400369644165,0.03887742757797241,23.44440221786499,22.401475523480563,22.401475523480563,23.38040221786499,21.26549957676003,23.326456546783447,0.0,0.0016468167304992676,0.9880900382995605,1.101334674318224,
1779,92.27859795815311,2026-06-30T15:05:50.306+07:00,0.04066824913024902,0.06210803985595703,24.400949478149414,23.411807947311516,23.411807947311516,24.336949478149414,20.766171436716057,37.26482391357422,0.0,0.001594245433807373,0.9565472602844238,1.0103324238309597,
1780,92.33047487819567,2026-06-30T15:05:50.356+07:00,0.042064666748046875,0.032648563385009766,25.238800048828125,24.338934345514918,24.338934345514918,25.174800048828125,19.586602265411145,19.58913803100586,0.0,0.0013964176177978516,0.8378505706787109,0.9271263982033986,
1781,92.38285859418102,2026-06-30T15:05:50.407+07:00,0.04363131523132324,0.628717303276062,26.178789138793945,25.264579990968148,25.264579990968148,26.114789138793945,19.205918886788144,377.2303819656372,0.0,0.0015666484832763672,0.9399890899658203,0.925645645453244,
1782,92.43456345913,2026-06-30T15:05:50.457+07:00,0.04399675130844116,0.41386502981185913,26.398050785064697,25.90613558662174,25.90613558662174,26.334050785064697,14.968490949301287,248.31901788711548,0.0,0.0003654360771179199,0.21926164627075195,0.6415555956535854,
1783,92.4862351201009,2026-06-30T15:05:50.508+07:00,0.041381895542144775,0.40625783801078796,24.829137325286865,25.64171724390099,25.64171724390099,24.765137325286865,1.5944403473480904,243.75470280647278,0.0,-0.0026148557662963867,-1.568913459777832,-0.26441834272074516,
1784,92.53808659617789,2026-06-30T15:05:50.558+07:00,0.04449397325515747,0.5009321570396423,26.696383953094482,26.18385411916061,26.18385411916061,26.632383953094482,6.90084467917727,300.5592942237854,0.0,0.0031120777130126953,1.8672466278076172,0.5421368752596152,
1785,92.5896430911962,2026-06-30T15:05:50.607+07:00,0.044266700744628906,0.00010403990745544434,26.560020446777344,26.364122037325256,26.364122037325256,26.496020446777344,4.939644180934121,0.0624239444732666,0.0,-0.00022727251052856445,-0.13636350631713867,0.18026791816464538,
1786,92.64121262310073,2026-06-30T15:05:50.658+07:00,0.04426974058151245,0.004544585943222046,26.56184434890747,26.44092359849537,26.44092359849537,26.49784434890747,2.9368163266428113,2.7267515659332275,0.0,3.039836883544922e-06,0.0018239021301269531,0.07680156117010029,
1787,92.6929163581226,2026-06-30T15:05:50.708+07:00,0.04370647668838501,0.3638562858104706,26.223886013031006,25.565175570391382,25.565175570391382,26.159886013031006,-4.35956390503366,218.31377148628235,0.0,-0.0005632638931274414,-0.33795833587646484,-0.8757480281039989,
1788,92.74460053816438,2026-06-30T15:05:50.758+07:00,0.04426664113998413,-0.00022378565336111933,26.55998468399048,26.102717833494854,26.102717833494854,26.49598468399048,4.057214870229363,-0.1342713920166716,0.0,0.0005601644515991211,0.33609867095947266,0.537542263103461,
1789,92.79632666218095,2026-06-30T15:05:50.808+07:00,0.044266700744628906,-0.00022378565336111933,26.560020446777344,26.329841956631483,26.329841956631483,26.496020446777344,4.264051013015812,-0.1342713920166716,0.0,5.960464477539063e-08,3.5762786865234375e-05,0.22712412313663322,
1790,92.84792447206564,2026-06-30T15:05:50.858+07:00,0.04439103603363037,0.005930036306381226,26.634621620178223,26.47656449240289,26.47656449240289,26.570621620178223,3.377483616977584,3.5580217838287354,0.0,0.00012433528900146484,0.0746011734008789,0.14672253577140282,
1791,92.89953359612264,2026-06-30T15:05:50.909+07:00,0.044941604137420654,0.012940764427185059,26.964962482452393,26.621255671950358,26.621255671950358,26.900962482452393,3.589443660785767,7.764458656311035,0.0,0.0005505681037902832,0.3303408622741699,0.1446911795474648,
1792,92.95114844315685,2026-06-30T15:05:50.959+07:00,0.045985519886016846,0.17004388570785522,27.591311931610107,27.07035948395396,27.07035948395396,27.527311931610107,6.829427920690112,102.02633142471313,0.0,0.0010439157485961914,0.6263494491577148,0.4491038120036137,
1793,93.00283367815427,2026-06-30T15:05:51.033+07:00,0.047701358795166016,0.030516237020492554,28.62081527709961,27.53264222117085,27.53264222117085,28.55681527709961,11.645927258647045,18.309742212295532,0.0,0.00171583890914917,1.029503345489502,0.4622827372168956,
1794,93.05442665400915,2026-06-30T15:05:51.084+07:00,0.04932349920272827,0.08307281136512756,29.594099521636963,28.57756589416597,28.57756589416597,29.530099521636963,16.85032748077074,49.84368681907654,0.0,0.0016221404075622559,0.9732842445373535,1.044923672995111,
1795,93.10596637101844,2026-06-30T15:05:51.137+07:00,0.05093717575073242,0.03262481093406677,30.562305450439453,29.56933306488496,29.56933306488496,30.498305450439453,17.77772301370847,19.574886560440063,0.0,0.0016136765480041504,0.9682059288024902,0.9917671707189868,
1796,93.1576494590845,2026-06-30T15:05:51.185+07:00,0.051444411277770996,0.39469343423843384,30.866646766662598,30.098405193952978,30.098405193952978,30.802646766662598,14.397154325155677,236.8160605430603,0.0,0.0005072355270385742,0.30434131622314453,0.5290721290680267,
1797,93.20910726906732,2026-06-30T15:05:51.234+07:00,0.054387807846069336,0.038957953453063965,32.6326847076416,31.41331641026164,31.41331641026164,32.5686847076416,21.44236782573745,23.37477207183838,0.0,0.00294339656829834,1.766037940979004,1.3149112163086727,
1798,93.26074565201998,2026-06-30T15:05:51.284+07:00,0.056288957595825195,0.4017488956451416,33.77337455749512,32.61039893947339,32.61039893947339,33.70937455749512,23.216010463589253,241.04933738708496,0.0,0.0019011497497558594,1.1406898498535156,1.197082529211741,
1799,93.31231764703989,2026-06-30T15:05:51.336+07:00,0.05766648054122925,0.027238130569458008,34.59988832473755,33.55632074131578,33.55632074131578,34.53588832473755,20.673550397417717,16.342878341674805,0.0,0.0013775229454040527,0.8265137672424316,0.9459218018423883,
