i,t_epoch,t_rel,filtered_position_deg,measured_position_deg,filtered_delta_deg,measured_delta_deg,velocity_deg_per_sec,raw_velocity_deg_per_sec,pending_confirmation,glitch_rejected,raw_position_deg,pos_estimate,vel_estimate,error
0,1782788562.8820438,0.003805057844147086,16.293917140893296,16.28365625,,,0.0,11.635173261165619,False,False,16.34765625,0.04541015625,0.03231992572546005,
1,1782788562.935919,0.05570661695674062,16.290555673036653,16.28365625,-0.0033614678566493694,0.0,0.0,0.045345425605773926,False,False,16.34765625,0.04541015625,0.00012595951557159424,
2,1782788562.9878519,0.10758947301656008,16.288295422049845,16.28365625,-0.0022602509868079323,0.0,0.0,0.04802897572517395,False,False,16.34765625,0.04541015625,0.00013341382145881653,
3,1782788563.0397146,0.15967899491079152,16.286775629286318,16.28365625,-0.0015197927635313135,0.0,0.0,6.544339209794998,False,False,16.34765625,0.04541015625,0.018178720027208328,
4,1782788563.0917957,0.21127916499972343,16.285376175918337,16.28365625,-0.001399453367980641,0.0,0.0,0.24650640785694122,False,False,16.34765625,0.04541015625,0.0006847400218248367,
5,1782788563.143355,0.2628604278434068,16.300633040687494,16.371546875,0.015256864769156664,0.087890625,0.0,7.888109162449837,False,False,16.435546875,0.045654296875,0.021911414340138435,
6,1782788563.1949759,0.3147829498630017,16.31089175655827,16.371546875,0.010258715870776314,0.0,0.0,2.086491733789444,False,False,16.435546875,0.045654296875,0.005795810371637344,
7,1782788563.246903,0.36662958399392664,16.330762373359782,16.371546875,0.019870616801512142,0.0,0.0,0.4878857731819153,False,False,16.435546875,0.045654296875,0.0013552382588386536,
8,1782788563.2987452,0.4183452359866351,16.344123376097116,16.371546875,0.013361002737326544,0.0,0.0,0.03726929426193237,False,False,16.435546875,0.045654296875,0.00010352581739425659,
9,1782788563.3504615,0.4701072759926319,16.353107314337702,16.371546875,0.00898393824058985,0.0,0.0,-0.03247887158067897,False,False,16.435546875,0.045654296875,-9.021908772410825e-05,
10,1782788563.402223,0.521844353992492,16.35914811441067,16.371546875,0.006040800072980801,0.0,0.0,-0.08076064812485129,False,False,16.435546875,0.045654296875,-0.00022433513368014246,
11,1782788563.453963,0.5735770240426064,16.363209948379737,16.371546875,0.004061833969075224,0.0,0.0,-0.08076601254288107,False,False,16.435546875,0.045654296875,-0.0002243500348413363,
12,1782788563.5056932,0.6253206948749721,16.365941125540534,16.371546875,0.0027311771607969604,0.0,0.0,9.709286168217659,False,False,16.435546875,0.045654296875,0.026970239356160164,
13,1782788563.5574381,0.677100142929703,16.367777569063453,16.371546875,0.001836443522904574,0.0,0.0,0.1337946206331253,False,False,16.435546875,0.045654296875,0.0003716517239809036,
14,1782788563.6092155,0.7289110168348998,16.369012393688266,16.371546875,0.0012348246248166106,0.0,0.0,-0.08078948187176138,False,False,16.435546875,0.045654296875,-0.0002244152274215594,
15,1782788563.6610253,0.7805288720410317,16.369842689765992,16.371546875,0.0008302960777371027,0.0,0.0,2.810623124241829,False,False,16.435546875,0.045654296875,0.0078072864562273026,
16,1782788563.7126617,0.8321685800328851,16.370400980848654,16.371546875,0.000558291082654705,0.0,0.0,8.907274156808853,False,False,16.435546875,0.045654296875,0.024742428213357925,
17,1782788563.7642832,0.8837368979584426,16.370776375772632,16.371546875,0.00037539492399218943,0.0,0.0,-0.03521673643263057,False,False,16.435546875,0.045654296875,-9.782426786841825e-05,
18,1782788563.8158514,0.9354412539396435,16.34223582256952,16.28365625,-0.02854055320310067,-0.087890625,0.0,0.04792168736457825,False,False,16.34765625,0.04541015625,0.00013311579823493958,
19,1782788563.867556,0.9869972569867969,16.323045154595746,16.28365625,-0.0191906679737599,0.0,0.0,0.045234113931655884,False,False,16.34765625,0.04541015625,0.0001256503164768219,
20,1782788563.91911,1.0385456308722496,16.321194344049147,16.371546875,-0.0018508105466139568,0.087890625,0.0,2.07834854722023,False,False,16.435546875,0.045654296875,0.005773190408945084,
21,1782788563.9706593,1.0901320609264076,16.337689833188644,16.371546875,0.016495489139487063,0.0,0.0,3.9317382127046585,False,False,16.435546875,0.045654296875,0.010921495035290718,
22,1782788564.0222456,1.1418114718981087,16.348781400086047,16.371546875,0.011091566897391658,0.0,0.0,-0.0808565370971337,False,False,16.435546875,0.045654296875,-0.0002246014919364825,
23,1782788564.073925,1.1934390310198069,16.35623936966786,16.371546875,0.007457969581821544,0.0,0.0,0.6004138290882111,False,False,16.435546875,0.045654296875,0.0016678161919116974,
24,1782788564.125553,1.2451786089222878,16.332461139664673,16.28365625,-0.023778230003188128,-0.087890625,0.0,0.2356327325105667,False,False,16.34765625,0.04541015625,0.0006545353680849075,
25,1782788564.1773005,1.296929667936638,16.31647265781053,16.28365625,-0.01598848185415136,0.0,0.0,0.039825439453125,False,False,16.34765625,0.04541015625,0.000110626220703125,
26,1782788564.229043,1.348826227011159,16.3057220026118,16.28365625,-0.010750655198734194,0.0,0.0,0.039826780557632446,False,False,16.34765625,0.04541015625,0.00011062994599342346,
27,1782788564.280953,1.4005128419958055,16.298493262056176,16.28365625,-0.007228740555632385,0.0,0.0,0.8874048292636871,False,False,16.34765625,0.04541015625,0.002465013414621353,
28,1782788564.3326275,1.4522586048115045,16.293632656906574,16.28365625,-0.004860605149588082,0.0,0.0,0.045191869139671326,False,False,16.34765625,0.04541015625,0.00012553296983242035,
29,1782788564.384373,1.5039921270217746,16.319157354753983,16.371546875,0.025524697847401967,0.087890625,0.0,7.297878339886665,False,False,16.435546875,0.045654296875,0.02027188427746296,
30,1782788564.4361122,1.5559097048826516,16.320499849086577,16.28365625,0.0013424943325901495,-0.087890625,0.0,0.03712780773639679,False,False,16.34765625,0.04541015625,0.00010313279926776886,
31,1782788564.4880269,1.6076311159413308,16.308429886025813,16.28365625,-0.012069963060753253,0.0,0.0,0.5708880722522736,False,False,16.34765625,0.04541015625,0.0015858002007007599,
32,1782788564.539744,1.659290303941816,16.300314042863754,16.28365625,-0.008115843162045167,0.0,0.0,0.03712847828865051,False,False,16.34765625,0.04541015625,0.00010313466191291809,
33,1782788564.5914066,1.7109596410300583,16.294856949921584,16.28365625,-0.005457092942179997,0.0,0.0,2.799803763628006,False,False,16.34765625,0.04541015625,0.007777232676744461,
34,1782788564.6430752,1.7627358860336244,16.291187600627275,16.28365625,-0.0036693492943129513,0.0,0.0,0.04785463213920593,False,False,16.34765625,0.04541015625,0.00013292953372001648,
35,1782788564.69485,1.814392389031127,16.288720330161777,16.28365625,-0.0024672704655017696,0.0,0.0,0.039805322885513306,False,False,16.34765625,0.04541015625,0.00011057034134864807,
36,1782788564.7465336,1.8661575228907168,16.287061337500774,16.28365625,-0.0016589926609924532,0.0,0.0,0.04785194993019104,False,False,16.34765625,0.04541015625,0.00013292208313941956,
37,1782788564.7982705,1.917839896865189,16.285945830835523,16.28365625,-0.0011155066652577261,0.0,0.0,0.5708827078342438,False,False,16.34765625,0.04541015625,0.001585785299539566,
38,1782788564.849954,1.969573121983558,16.28519576415381,16.28365625,-0.0007500666817179535,0.0,0.0,0.039805322885513306,False,False,16.34765625,0.04541015625,0.00011057034134864807,
39,1782788564.9016879,2.0212011258117855,16.28469141931702,16.28365625,-0.0005043448367985093,0.0,0.0,7.386375814676285,False,False,16.34765625,0.04541015625,0.020517710596323013,
40,1782788564.9533534,2.073101295856759,16.284352297848766,16.28365625,-0.00033912146824377487,0.0,0.0,1.0644038021564484,False,False,16.34765625,0.04541015625,0.0029566772282123566,
41,1782788565.0052154,2.12466824403964,16.28404002851028,16.28365625,-0.00031226933847960936,0.0,0.0,0.03979995846748352,False,False,16.34765625,0.04541015625,0.00011055544018745422,
42,1782788565.056783,2.176196358865127,16.28391430267032,16.28365625,-0.000125725839950519,0.0,0.0,0.03711909055709839,False,False,16.34765625,0.04541015625,0.00010310858488082886,
43,1782788565.1083105,2.2277226590085775,16.283829764615525,16.28365625,-8.453805480712617e-05,0.0,0.0,0.03980264067649841,False,False,16.34765625,0.04541015625,0.00011056289076805115,
44,1782788565.1598356,2.279448180925101,16.28377292122748,16.28365625,-5.684338805167499e-05,0.0,0.0,8.617493659257889,False,False,16.34765625,0.04541015625,0.02393748238682747,
45,1782788565.2115953,2.331320018041879,16.28373469973336,16.28365625,-3.8221494122581134e-05,0.0,0.0,0.045153647661209106,False,False,16.34765625,0.04541015625,0.00012542679905891418,
46,1782788565.2634342,2.383011928992346,16.28370899960071,16.28365625,-2.5700132653128094e-05,0.0,0.0,0.7344800233840942,False,False,16.34765625,0.04541015625,0.0020402222871780396,
47,1782788565.3151252,2.434654061915353,16.283691718831513,16.28365625,-1.7280769185390454e-05,0.0,0.0,0.04514828324317932,False,False,16.34765625,0.04541015625,0.00012541189789772034,
48,1782788565.3667839,2.4864268619567156,16.312473067992308,16.371546875,0.02878134916079489,0.087890625,0.0,-0.08091621624771506,False,False,16.435546875,0.045654296875,-0.00022476726735476404,
49,1782788565.41854,2.53813145798631,16.331825647168024,16.371546875,0.019352579175716755,0.0,0.0,-0.01924082767800428,False,False,16.435546875,0.045654296875,-5.344674355001189e-05,
50,1782788565.470248,2.58977083186619,16.329018008905784,16.28365625,-0.002807638262254386,-0.087890625,0.0,0.8149091619998217,False,False,16.34765625,0.04541015625,0.0022636365611106157,
51,1782788565.521885,2.64141783490777,16.342950465438253,16.371546875,0.01393245653247277,0.087890625,0.0,0.29991522431373596,False,False,16.435546875,0.045654296875,0.0008330978453159332,
52,1782788565.5735323,2.693089430918917,16.352318649210684,16.371546875,0.009368183772437533,0.0,0.0,-0.08096986042801291,False,False,16.435546875,0.045654296875,-0.00022491627896670252,
53,1782788565.6252036,2.7447150088846684,16.35861781597926,16.371546875,0.006299166768570785,0.0,0.0,0.055806711316108704,False,False,16.435546875,0.045654296875,0.0001550186425447464,
54,1782788565.6768293,2.7964167348109186,16.36285337571445,16.371546875,0.00423555973517864,0.0,0.0,-0.08099668251816183,False,False,16.435546875,0.045654296875,-0.00022499078477267176,
55,1782788565.728531,2.8484381639864296,16.365701366080398,16.371546875,0.0028479903659501815,0.0,0.0,-0.0810013763839379,False,False,16.435546875,0.045654296875,-0.00022500382328871638,
56,1782788565.7805517,2.9001600940246135,16.367616354802458,16.371546875,0.0019149887220635264,0.0,0.0,-0.0810074113542214,False,False,16.435546875,0.045654296875,-0.00022502058709505945,
57,1782788565.8322742,2.9517331158276647,16.35355939943972,16.28365625,-0.014056955362747203,-0.087890625,0.0,-0.07298232056200504,False,False,16.34765625,0.04541015625,-0.00020272866822779179,
58,1782788565.8838475,3.003284822916612,16.33065912768327,16.28365625,-0.02290027175644127,0.0,0.0,3.8993699848651886,False,False,16.34765625,0.04541015625,0.01083158329129219,
59,1782788565.935398,3.0551015119999647,16.315260984954232,16.28365625,-0.015398142729026176,0.0,0.0,0.03967121243476868,False,False,16.34765625,0.04541015625,0.00011019781231880188,
60,1782788565.9872177,3.10690632998012,16.304907273783222,16.28365625,-0.010353711171006807,0.0,0.0,3.548000603914261,False,False,16.34765625,0.04541015625,0.009855557233095169,
61,1782788566.0390205,3.15881527797319,16.297945438391835,16.28365625,-0.0069618353913938336,0.0,0.0,0.03697291016578674,False,False,16.34765625,0.04541015625,0.00010270252823829651,
62,1782788566.0909317,3.2106233749073,16.309084612774672,16.371546875,0.011139174382833517,0.087890625,0.0,9.18598785996437,False,False,16.435546875,0.045654296875,0.025516632944345474,
63,1782788566.1427367,3.2622821000404656,16.30075428112969,16.28365625,-0.008330331644970101,-0.087890625,0.0,-0.07300369441509247,False,False,16.34765625,0.04541015625,-0.00020278804004192352,
64,1782788566.194398,3.314095973968506,16.297676635526344,8.109828125,-0.003077645603354995,-8.173828125,0.0,-13.948070257902145,True,False,8.173828125,0.022705078125,-0.03874463960528374,
65,1782788566.2462108,3.3657949038315564,16.32187652597791,16.371546875,0.024199890451569672,8.26171875,0.0,0.7477522641420364,False,False,16.435546875,0.045654296875,0.002077089622616768,
66,1782788566.29791,3.4177455918397754,16.309355563567546,16.28365625,-0.012520962410349057,-0.087890625,0.0,0.036958158016204834,False,False,16.34765625,0.04541015625,0.00010266155004501343,
67,1782788566.3498573,3.4694700399413705,16.30093646844282,16.28365625,-0.008419095124736486,0.0,0.0,-21.283923983573914,False,False,16.34765625,0.04541015625,-0.05912201106548309,
68,1782788566.4015875,3.521641765953973,16.295275468880956,16.28365625,-0.005660999561854396,0.0,0.0,1.8152613937854767,False,False,16.34765625,0.04541015625,0.005042392760515213,
69,1782788566.4537609,3.57374932593666,16.291469012775558,16.28365625,-0.003806456105394318,0.0,0.0,9.062579423189163,False,False,16.34765625,0.04541015625,0.02517383173108101,
70,1782788566.5058692,3.625630439957604,16.28890955169029,16.28365625,-0.0025594610852692767,0.0,0.0,0.047676265239715576,False,False,16.34765625,0.04541015625,0.00013243407011032104,
71,1782788566.5577502,3.6775603329297155,16.28718857005655,16.28365625,-0.0017209816337526718,0.0,0.0,-5.689571499824524,False,False,16.34765625,0.04541015625,-0.015804365277290344,
72,1782788566.609677,3.7296094479970634,16.314824350756027,16.371546875,0.027635780699483803,0.087890625,0.0,-0.08108184265438467,False,False,16.435546875,0.045654296875,-0.0002252273407066241,
73,1782788566.6617272,3.781579543836415,16.33340664969835,16.371546875,0.01858229894233432,0.0,0.0,-0.08110397087875754,False,False,16.435546875,0.045654296875,-0.0002252888079965487,
74,1782788566.7136965,3.833670121850446,16.34590138750717,16.371546875,0.012494737808822265,0.0,0.0,1.0561425983905792,False,False,16.435546875,0.045654296875,0.002933729439973831,
75,1782788566.7657871,3.885578772984445,16.354302849209823,16.371546875,0.008401461702646884,0.0,0.0,0.16562774777412415,False,False,16.435546875,0.045654296875,0.00046007707715034485,
76,1782788566.8176959,3.937291943002492,16.362039070988125,16.371546875,0.007736221778316121,0.0,0.0,-0.011414141772547737,False,False,16.435546875,0.045654296875,-3.170594936818816e-05,
77,1782788566.8694272,3.989216502988711,16.363750475710265,16.371546875,0.0017114047221298279,0.0,0.0,-0.08115158008877188,False,False,16.435546875,0.045654296875,-0.0002254210558021441,
78,1782788566.9213347,4.041040838928893,16.366304576117585,16.371546875,0.002554100407309079,0.0,0.0,-0.7973289582878351,False,False,16.435546875,0.045654296875,-0.002214802661910653,
79,1782788566.9731584,4.092933546984568,16.339228984481466,16.28365625,-0.0270755916361054,-0.087890625,0.0,1.9814403355121613,False,False,16.34765625,0.04541015625,0.005504000931978226,
80,1782788567.0250623,4.144859642954543,16.349816325415336,16.371546875,0.01058734093388125,0.087890625,0.0,-0.08117907273117453,False,False,16.435546875,0.045654296875,-0.00022549742425326258,
81,1782788567.07698,4.197101201862097,16.32814228470927,16.28365625,-0.021674040706074038,-0.087890625,0.0,1.8070907145738602,False,False,16.34765625,0.04541015625,0.005019696429371834,
82,1782788567.1292188,4.248924057930708,16.31356865973851,16.28365625,-0.014573624970751098,0.0,0.0,0.0395096093416214,False,False,16.34765625,0.04541015625,0.00010974891483783722,
83,1782788567.1810641,4.300818042829633,16.30818442598558,16.28365625,-0.005384233752920409,0.0,0.0,9.462107867002487,False,False,16.34765625,0.04541015625,0.026283632963895798,
84,1782788567.2329354,4.352589861024171,16.300148995532705,16.28365625,-0.008035430452878245,0.0,0.0,0.10387793183326721,False,False,16.34765625,0.04541015625,0.0002885498106479645,
85,1782788567.2847068,4.404751252848655,16.29474597209619,16.28365625,-0.0054030234365143315,0.0,0.0,0.15215769410133362,False,False,16.34765625,0.04541015625,0.0004226602613925934,
86,1782788567.336869,4.456764034926891,16.29111297913748,16.28365625,-0.0036329929586997878,0.0,0.0,3.4807676821947098,False,False,16.34765625,0.04541015625,0.009668799117207527,
87,1782788567.3888788,4.508398815989494,16.30449046717204,16.371546875,0.013377488034564067,0.087890625,0.0,0.3372187167406082,False,False,16.435546875,0.045654296875,0.0009367186576128006,
88,1782788567.4405138,4.560209448914975,16.32645814637648,16.371546875,0.021967679204436763,0.0,0.0,3.0998799204826355,False,False,16.435546875,0.045654296875,0.00861077755689621,
89,1782788567.4923222,4.611887953011319,16.341229213873547,16.371546875,0.01477106749706536,0.0,0.0,5.336829498410225,False,False,16.435546875,0.045654296875,0.014824526384472847,
90,1782788567.5440063,4.663616992998868,16.32236831090857,16.28365625,-0.018860902964974002,-0.087890625,0.0,2.646569162607193,False,False,16.34765625,0.04541015625,0.007351581007242203,
91,1782788567.5957286,4.715201347833499,16.309686239754917,16.28365625,-0.012682071153648167,0.0,0.0,0.047503262758255005,False,False,16.34765625,0.04541015625,0.00013195350766181946,
92,1782788567.6473148,4.766861054813489,16.329951783861205,16.371546875,0.02026554410628023,0.087890625,0.0,-0.08124813961330801,False,False,16.435546875,0.045654296875,-0.00022568927670363337,
93,1782788567.6989741,4.818504762835801,16.343578335718274,16.371546875,0.0136265518570724,0.0,0.0,-0.08125752734486014,False,False,16.435546875,0.045654296875,-0.0002257153537357226,
94,1782788567.7506187,4.8700342290103436,16.356125917433314,16.371546875,0.012547581715040224,0.0,0.0,-14.739532470703125,False,False,16.435546875,0.045654296875,-0.040943145751953125,
95,1782788567.8021486,4.921664973022416,16.33238485438216,16.28365625,-0.02374106305114765,-0.087890625,0.0,0.044799596071243286,False,False,16.34765625,0.04541015625,0.00012444332242012024,
96,1782788567.8537784,4.973221772816032,16.316421363586567,16.28365625,-0.015963490795599,0.0,0.0,0.039429813623428345,False,False,16.34765625,0.04541015625,0.00010952726006507874,
97,1782788567.9053352,5.024857275886461,16.305687512375606,16.28365625,-0.010733851210972034,0.0,0.0,0.039429813623428345,False,False,16.34765625,0.04541015625,0.00010952726006507874,
98,1782788567.956971,5.076485056895763,16.29847007082136,16.28365625,-0.007217441554246307,0.0,0.0,8.193339854478836,False,False,16.34765625,0.04541015625,0.022759277373552322,
99,1782788568.008598,5.128133838996291,16.29361706312028,16.28365625,-0.0048530077010866535,0.0,0.0,0.03941372036933899,False,False,16.34765625,0.04541015625,0.00010948255658149719,
100,1782788568.060248,5.179768471978605,16.290353900742073,16.28365625,-0.0032631623782037877,0.0,0.0,1.9840152561664581,False,False,16.34765625,0.04541015625,0.005511153489351273,
101,1782788568.1118803,5.2314653638750315,16.316952719108972,16.371546875,0.026598818366892374,0.087890625,0.0,11.087427288293839,False,False,16.435546875,0.045654296875,0.03079840913414955,
102,1782788568.1635785,5.283120774896815,16.306044795828875,16.28365625,-0.010907923280086607,-0.087890625,0.0,0.04476673901081085,False,False,16.34765625,0.04541015625,0.00012435205280780792,
103,1782788568.215233,5.334734740899876,16.314530620715338,16.371546875,0.008485824886463433,0.087890625,0.0,7.882182151079178,False,False,16.435546875,0.045654296875,0.021894950419664383,
104,1782788568.2668474,5.386373540852219,16.333209145618998,16.371546875,0.018678524903663174,0.0,0.0,8.06457169353962,False,False,16.435546875,0.045654296875,0.022401588037610054,
105,1782788568.3184857,5.437967432895675,16.345768585764212,16.371546875,0.012559440145224698,0.0,0.0,-0.08130245434585959,False,False,16.435546875,0.045654296875,-0.00022584015096072108,
106,1782788568.3700807,5.4897207878530025,16.338393240817858,16.28365625,-0.0073753449463538345,-0.087890625,0.0,-0.07326453924179077,False,False,16.34765625,0.04541015625,-0.00020351260900497437,
107,1782788568.4218335,5.541308643994853,16.320461402625927,16.28365625,-0.01793183819194155,0.0,0.0,0.04206307232379913,False,False,16.34765625,0.04541015625,0.0001168418675661087,
108,1782788568.473422,5.592854738933966,16.308404034625674,16.28365625,-0.012057368000256474,0.0,0.0,0.044745951890945435,False,False,16.34765625,0.04541015625,0.00012429431080818176,
109,1782788568.5249696,5.644765909994021,16.316116972882305,16.371546875,0.00771293825664543,0.087890625,0.0,3.5476991906762123,False,False,16.435546875,0.045654296875,0.00985471997410059,
110,1782788568.57688,5.696347430814058,16.33427580881606,16.371546875,0.018158835933746786,0.0,0.0,7.00237400829792,False,False,16.435546875,0.045654296875,0.019451038911938667,
111,1782788568.6284616,5.747859305003658,16.33517648928029,16.28365625,0.0009006804642410771,-0.087890625,0.0,-0.07062206044793129,False,False,16.34765625,0.04541015625,-0.00019617239013314247,
112,1782788568.6799748,5.7994155490305275,16.334118771392067,16.371546875,-0.0010577178882158478,0.087890625,0.0,2.595488503575325,False,False,16.435546875,0.045654296875,0.007209690287709236,
113,1782788568.7315295,5.8509787558577955,16.346380218134026,16.371546875,0.012261446741945292,0.0,0.0,-0.0813607923919335,False,False,16.435546875,0.045654296875,-0.00022600220108870417,
114,1782788568.7831087,5.902643888955936,16.325831846173315,16.28365625,-0.02054837196070025,-0.087890625,0.0,0.8198560774326324,False,False,16.34765625,0.04541015625,0.0022773779928684235,
115,1782788568.834778,5.9545830599963665,16.31201512086694,16.28365625,-0.013816725306384114,0.0,0.0,0.03933325409889221,False,False,16.34765625,0.04541015625,0.00010925903916358948,
116,1782788568.8867016,6.006405562860891,16.302724754770928,16.28365625,-0.009290366096024627,0.0,0.0,1.2704671919345856,False,False,16.34765625,0.04541015625,0.0035290755331516266,
117,1782788568.9385242,6.0583668439649045,16.296477912607973,16.28365625,-0.006246842162966004,0.0,0.0,5.771215260028839,False,False,16.34765625,0.04541015625,0.01603115350008011,
118,1782788568.9904823,6.110229384852573,16.292277535937604,16.28365625,-0.004200376670382866,0.0,0.0,0.044697001576423645,False,False,16.34765625,0.04541015625,0.0001241583377122879,
119,1782788569.0423448,6.1619854618329555,16.289453202664447,16.28365625,-0.0028243332731676674,0.0,0.0,0.04469834268093109,False,False,16.34765625,0.04541015625,0.00012416206300258636,
120,1782788569.0941005,6.213802391896024,16.287554120971578,16.28365625,-0.0018990816928692311,0.0,0.0,0.03933325409889221,False,False,16.34765625,0.04541015625,0.00010925903916358948,
121,1782788569.1459172,6.265543506015092,16.28627717844129,16.28365625,-0.00127694253029631,0.0,0.0,0.03933325409889221,False,False,16.34765625,0.04541015625,0.00010925903916358948,
122,1782788569.1976573,6.317263045813888,16.285418562283926,16.28365625,-0.0008586161573589379,0.0,0.0,0.036651045083999634,False,False,16.34765625,0.04541015625,0.00010180845856666565,
123,1782788569.2493777,6.368980512954295,16.284841228779715,16.28365625,-0.0005773335042249528,0.0,0.0,8.043038919568062,False,False,16.34765625,0.04541015625,0.02234177477657795,
124,1782788569.3011122,6.420966849895194,16.284453029731484,16.28365625,-0.00038819904824549667,0.0,0.0,0.03932788968086243,False,False,16.34765625,0.04541015625,0.00010924413800239563,
125,1782788569.3531263,6.472692464012653,16.28419200469145,16.28365625,-0.0002610250400323366,0.0,0.0,0.047369152307510376,False,False,16.34765625,0.04541015625,0.00013158097863197327,
126,1782788569.4048069,6.524375374894589,16.284016491454537,16.28365625,-0.0001755132369112289,0.0,0.0,4.2235685884952545,False,False,16.34765625,0.04541015625,0.011732134968042374,
127,1782788569.4564893,6.575932526029646,16.283854875610306,16.28365625,-0.00016161584423457498,0.0,0.0,0.03932185471057892,False,False,16.34765625,0.04541015625,0.00010922737419605255,
128,1782788569.5080464,6.627439529867843,16.31258277461037,16.371546875,0.02872789900007433,0.087890625,0.0,-0.006285757481236942,False,False,16.435546875,0.045654296875,-1.7460437447880395e-05,
129,1782788569.5595543,6.679067458957434,16.331899413898014,16.371546875,0.019316639287637827,0.0,0.0,-0.08139364945236593,False,False,16.435546875,0.045654296875,-0.00022609347070101649,
130,1782788569.6111815,6.730740017956123,16.316094953405027,16.28365625,-0.015804460492972794,-0.087890625,0.0,0.7178999483585358,False,False,16.34765625,0.04541015625,0.001994166523218155,
131,1782788569.6628537,6.782361299032345,16.30546803416954,16.28365625,-0.010626919235477317,0.0,0.0,0.03661885857582092,False,False,16.34765625,0.04541015625,0.00010171905159950256,
132,1782788569.7144744,6.834022949915379,16.298322493675602,16.28365625,-0.007145540493922908,0.0,0.0,0.210956409573555,False,False,16.34765625,0.04541015625,0.0005859900265932083,
133,1782788569.766176,6.885664287023246,16.293517832247474,16.28365625,-0.004804661428124746,0.0,0.0,0.04732757806777954,False,False,16.34765625,0.04541015625,0.00013146549463272095,
134,1782788569.817777,6.937284123850986,16.290287177903203,16.28365625,-0.0032306543442643942,0.0,0.0,0.03927960991859436,False,False,16.34765625,0.04541015625,0.000109110027551651,
135,1782788569.8694122,6.9888760899193585,16.288114885922116,16.28365625,-0.002172291981082708,0.0,0.0,2.7992726862430573,False,False,16.34765625,0.04541015625,0.00777575746178627,
136,1782788569.9209895,7.040420074947178,16.286654236794032,16.28365625,-0.001460649128091518,0.0,0.0,0.1358337700366974,False,False,16.34765625,0.04541015625,0.00037731602787971497,
137,1782788569.9725358,7.092222596984357,16.285672096320308,16.28365625,-0.0009821404737238026,0.0,0.0,0.3960026800632477,False,False,16.34765625,0.04541015625,0.0011000074446201324,
138,1782788570.024336,7.14425974781625,16.285011705065774,16.28365625,-0.0006603912545415369,0.0,0.0,8.040298372507095,False,False,16.34765625,0.04541015625,0.022334162145853043,
139,1782788570.076373,7.195960195967928,16.284567657986223,16.28365625,-0.00044404707955436606,0.0,0.0,0.03926284611225128,False,False,16.34765625,0.04541015625,0.00010906346142292023,
140,1782788570.128076,7.247768161818385,16.284269080729935,16.28365625,-0.00029857725627380205,0.0,0.0,0.039263516664505005,False,False,16.34765625,0.04541015625,0.00010906532406806946,
141,1782788570.1798832,7.299474794883281,16.284068317382808,16.28365625,-0.00020076334712371136,0.0,0.0,0.03658264875411987,False,False,16.34765625,0.04541015625,0.00010161846876144409,
142,1782788570.2315881,7.351600501919165,16.283883450768727,16.28365625,-0.00018486661409156113,0.0,0.0,0.039263516664505005,False,False,16.34765625,0.04541015625,0.00010906532406806946,
143,1782788570.2837143,7.403314616996795,16.28380901979689,16.28365625,-7.44309718356817e-05,0.0,0.0,0.04462189972400665,False,False,16.34765625,0.04541015625,0.00012394972145557404,
144,1782788570.3354268,7.454923027893528,16.283758972411427,16.28365625,-5.004738545721921e-05,0.0,0.0,8.793987035751343,False,False,16.34765625,0.04541015625,0.024427741765975952,
145,1782788570.3870358,7.506697456818074,16.283725320549443,16.28365625,-3.36518619974413e-05,0.0,0.0,0.04462122917175293,False,False,16.34765625,0.04541015625,0.0001239478588104248,
146,1782788570.4388113,7.558328200830147,16.283702693037444,16.28365625,-2.2627512009876227e-05,0.0,0.0,0.15191160142421722,False,False,16.34765625,0.04541015625,0.0004219766706228256,
147,1782788570.4906383,7.611230907961726,16.28368747829838,16.28365625,-1.5214739050861681e-05,0.0,0.0,0.03925815224647522,False,False,16.34765625,0.04541015625,0.00010905042290687561,
148,1782788570.5433545,7.663273653015494,16.283677247907832,16.28365625,-1.0230390557808278e-05,0.0,0.0,1.0638566315174103,False,False,16.34765625,0.04541015625,0.002955157309770584,
149,1782788570.5953555,7.714987044921145,16.283670368993228,16.28365625,-6.878914604158126e-06,0.0,0.0,0.0392460823059082,False,False,16.34765625,0.04541015625,0.00010901689529418945,
150,1782788570.6470995,7.766799567034468,16.28366574361105,16.28365625,-4.625382189260563e-06,0.0,0.0,0.03924742341041565,False,False,16.34765625,0.04541015625,0.00010902062058448792,
151,1782788570.6989143,7.818523050984368,16.28366263350407,16.28365625,-3.1101069737360376e-06,0.0,0.0,0.154576376080513,False,False,16.34765625,0.04541015625,0.00042937882244586945,
152,1782788570.7506368,7.870160368969664,16.283660542268134,16.28365625,-2.0912359275371273e-06,0.0,0.0,5.696010142564774,False,False,16.34765625,0.04541015625,0.01582225039601326,
153,1782788570.802274,7.9219531319104135,16.283659136121095,16.28365625,-1.4061470494652895e-06,0.0,0.0,-14.479572772979736,False,False,16.34765625,0.04541015625,-0.04022103548049927,
154,1782788570.8540685,7.973679060814902,16.299478503127826,16.371546875,0.015819367006741913,0.087890625,0.0,0.4120476543903351,False,False,16.435546875,0.045654296875,0.0011445768177509308,
155,1782788570.9057941,8.025538082933053,16.30726778925315,16.28365625,0.007789286125330364,-0.087890625,0.0,-0.06538571789860725,False,False,16.34765625,0.04541015625,-0.00018162699416279793,
156,1782788570.9576516,8.077287937980145,16.299532648993818,16.28365625,-0.007735140259342188,0.0,0.0,-0.06538571789860725,False,False,16.34765625,0.04541015625,-0.00018162699416279793,
157,1782788571.0094972,8.12911425693892,16.32312450943344,16.371546875,0.023591860439637458,0.087890625,0.0,1.3990945369005203,False,False,16.435546875,0.045654296875,0.0038863737136125565,
158,1782788571.0612276,8.180906500900164,16.338987676393042,16.371546875,0.01586316695960477,0.0,0.0,5.497501194477081,False,False,16.435546875,0.045654296875,0.015270836651325226,
159,1782788571.1130204,8.232554873917252,16.320861101106683,16.28365625,-0.018126575286373736,-0.087890625,0.0,0.16526833176612854,False,False,16.34765625,0.04541015625,0.00045907869935035706,
160,1782788571.164669,8.28419156302698,16.304169814344988,16.28365625,-0.01669128676169862,0.0,0.0,12.554387748241425,False,False,16.34765625,0.04541015625,0.034873299300670624,
161,1782788571.216306,8.335798769956455,16.29744957066557,16.28365625,-0.006720243679410487,0.0,0.0,7.798829823732376,False,False,16.34765625,0.04541015625,0.021663416177034378,
162,1782788571.2679124,8.387466383865103,16.29293087881553,16.28365625,-0.004518691850051937,0.0,0.0,0.3154606372117996,False,False,16.34765625,0.04541015625,0.0008762795478105545,
163,1782788571.3196118,8.439163497881964,16.289892510415562,16.28365625,-0.0030383683999559707,0.0,0.0,7.798824459314346,False,False,16.34765625,0.04541015625,0.021663401275873184,
164,1782788571.3712783,8.490819630911574,16.287849511503424,16.28365625,-0.002042998912145322,0.0,0.0,0.04724040627479553,False,False,16.34765625,0.04541015625,0.00013122335076332092,
165,1782788571.4229348,8.542596059851348,16.286475799034903,16.28365625,-0.0013737124685349045,0.0,0.0,0.17062202095985413,False,False,16.34765625,0.04541015625,0.000473950058221817,
166,1782788571.474709,8.59424150781706,16.28555211477107,16.28365625,-0.000923684263824498,0.0,0.0,2.064256891608238,False,False,16.34765625,0.04541015625,0.005734046921133995,
167,1782788571.5263557,8.645819251891226,16.28493102947207,16.28365625,-0.0006210852990022886,0.0,0.0,6.95928767323494,False,False,16.34765625,0.04541015625,0.019331354647874832,
168,1782788571.5779333,8.69741481100209,16.284513411717022,16.28365625,-0.00041761775503346144,0.0,0.0,0.047234371304512024,False,False,16.34765625,0.04541015625,0.00013120658695697784,
169,1782788571.6295276,8.74919394403696,16.284232605538524,16.28365625,-0.0002808061784946858,0.0,0.0,0.090150386095047,False,False,16.34765625,0.04541015625,0.0002504177391529083,
170,1782788571.6813068,8.800900836009532,16.312836760214104,16.371546875,0.028604154675576865,0.087890625,0.0,0.004313662648200989,False,False,16.435546875,0.045654296875,1.1982396245002747e-05,
171,1782788571.7330127,8.852698117028922,16.303277225067962,16.28365625,-0.009559535146138387,-0.087890625,0.0,5.60744896531105,False,False,16.34765625,0.04541015625,0.015576247125864029,
172,1782788571.7848132,8.904333787038922,16.2968493936357,16.28365625,-0.00642783143226211,0.0,0.0,0.04454679787158966,False,False,16.34765625,0.04541015625,0.00012374110519886017,
173,1782788571.8364499,8.956164511851966,16.308347632280643,16.371546875,0.011498238644946923,0.087890625,0.0,8.064352422952652,False,False,16.435546875,0.045654296875,0.022400978952646255,
174,1782788571.8882792,9.007907903986052,16.329051704195507,16.371546875,0.020704071914849465,0.0,0.0,-0.08152708935085684,False,False,16.435546875,0.045654296875,-0.00022646413708571345,
175,1782788571.9400225,9.059615092817694,16.342973122151058,16.371546875,0.013921417955543802,0.0,0.0,0.036473348736763,False,False,16.435546875,0.045654296875,0.00010131485760211945,
176,1782788571.9917579,9.111713577993214,16.35233388358437,16.371546875,0.009360761433299558,0.0,0.0,7.535908967256546,False,False,16.435546875,0.045654296875,0.020933080464601517,
177,1782788572.04383,9.163335043936968,16.36095344634915,16.371546875,0.008619562764778266,0.0,0.0,5.736129954457283,False,False,16.435546875,0.045654296875,0.015933694317936897,
178,1782788572.0954497,9.215172713855281,16.364423853575165,16.371546875,0.003470407226018324,0.0,0.0,-0.08158140408340842,False,False,16.435546875,0.045654296875,-0.00022661501134280115,
179,1782788572.1472876,9.26697430992499,16.366757355393943,16.371546875,0.0023335018187822243,0.0,0.0,2.5898773223161697,False,False,16.435546875,0.045654296875,0.0071941036731004715,
180,1782788572.199088,9.318938071839511,16.368326402016887,16.371546875,0.0015690466229330013,0.0,0.0,3.0619387328624725,False,False,16.435546875,0.045654296875,0.008505385369062424,
181,1782788572.2510536,9.370839871931821,16.369381428966157,16.371546875,0.0010550269492739517,0.0,0.0,0.10077126324176788,False,False,16.435546875,0.045654296875,0.00027992017567157745,
182,1782788572.3029552,9.42277037492022,16.341297860336844,16.28365625,-0.02808356862931305,-0.087890625,0.0,8.81794586777687,False,False,16.34765625,0.04541015625,0.024494294077157974,
183,1782788572.3548841,9.474729249021038,16.32241446879049,16.28365625,-0.018883391546353323,0.0,0.0,0.47895804047584534,False,False,16.34765625,0.04541015625,0.0013304390013217926,
184,1782788572.4068472,9.526981714880094,16.30971727631473,16.28365625,-0.012697192475769725,0.0,0.0,0.039075762033462524,False,False,16.34765625,0.04541015625,0.00010854378342628479,
185,1782788572.4591033,9.579287292901427,16.301179684094024,16.28365625,-0.008537592220704937,0.0,0.0,0.7418037950992584,False,False,16.34765625,0.04541015625,0.00206056609749794,
186,1782788572.5114038,9.6312784999609,16.295439007084823,16.28365625,-0.005740677009214323,0.0,0.0,4.934091120958328,False,False,16.34765625,0.04541015625,0.01370580866932869,
187,1782788572.563355,9.683195873862132,16.307399288363833,16.371546875,0.011960281279016272,0.087890625,0.0,0.9000487625598907,False,False,16.435546875,0.045654296875,0.002500135451555252,
188,1782788572.6153147,9.735221061855555,16.328414037745844,16.371546875,0.02101474938200454,0.0,0.0,8.579207137227058,False,False,16.435546875,0.045654296875,0.02383113093674183,
189,1782788572.6673467,9.787259046919644,16.342544355230306,16.371546875,0.014130317484472243,0.0,0.0,4.952849820256233,False,False,16.435546875,0.045654296875,0.013757916167378426,
190,1782788572.7193522,9.839223716873676,16.352045580706857,16.371546875,0.009501225476554964,0.0,0.0,-0.08166723477188498,False,False,16.435546875,0.045654296875,-0.00022685342992190272,
191,1782788572.7713518,9.892488128039986,16.35843420471729,16.371546875,0.006388624010440935,0.0,0.0,-0.07631354557815939,False,False,16.435546875,0.045654296875,-0.00021198207105044276,
192,1782788572.824574,9.944592020008713,16.346909603001905,16.28365625,-0.011524601715393601,-0.087890625,0.0,0.46816952526569366,False,False,16.34765625,0.04541015625,0.0013004709035158157,
193,1782788572.8767087,9.99674720899202,16.326187804558483,16.28365625,-0.020721798443418038,0.0,0.0,0.036329180002212524,False,False,16.34765625,0.04541015625,0.00010091438889503479,
194,1782788572.928864,10.04875108296983,16.312254467285122,16.28365625,-0.013933337273357438,0.0,0.0,0.704193189740181,False,False,16.34765625,0.04541015625,0.001956092193722725,
195,1782788572.9808676,10.100772752892226,16.302885691302517,16.28365625,-0.009368775982608213,0.0,0.0,-8.029079362750053,False,False,16.34765625,0.04541015625,-0.02230299822986126,
196,1782788573.0328896,10.152784422971308,16.325379095081814,16.371546875,0.02249340377929343,0.087890625,0.0,1.8199867755174637,False,False,16.435546875,0.045654296875,0.005055518820881844,
197,1782788573.085007,10.204922704026103,16.34050365978301,16.371546875,0.015124564701181953,0.0,0.0,8.887602165341377,False,False,16.435546875,0.045654296875,0.024687783792614937,
198,1782788573.1370397,10.256889521842822,16.334853104588092,16.28365625,-0.0056505551949044275,-0.087890625,0.0,1.152101308107376,False,False,16.34765625,0.04541015625,0.003200281411409378,
199,1782788573.189006,10.308790598995984,16.31188455732053,16.28365625,-0.02296854726756692,0.0,0.0,0.21332278847694397,False,False,16.34765625,0.04541015625,0.0005925633013248444,
200,1782788573.2409463,10.360782916890457,16.302636963842325,16.28365625,-0.009247593478193039,0.0,0.0,0.03897920250892639,False,False,16.34765625,0.04541015625,0.00010827556252479553,
201,1782788573.2929,10.41252177185379,16.296418881987577,16.28365625,-0.006218081854740376,0.0,0.0,0.03897920250892639,False,False,16.34765625,0.04541015625,0.00010827556252479553,
202,1782788573.3446407,10.464378256816417,16.292237843748445,16.28365625,-0.004181038239124746,0.0,0.0,0.0470251590013504,False,False,16.34765625,0.04541015625,0.00013062544167041779,
203,1782788573.396495,10.516273519955575,16.29069315687373,16.28365625,-0.0015446868747233111,0.0,0.0,0.044342949986457825,False,False,16.34765625,0.04541015625,0.00012317486107349396,
204,1782788573.4484417,10.5685990229249,16.288387866181893,16.28365625,-0.0023052906918223925,0.0,0.0,4.223225265741348,False,False,16.34765625,0.04541015625,0.011731181293725967,
205,1782788573.5007167,10.620614934014156,16.286837788720703,16.28365625,-0.001550077461189403,0.0,0.0,2.600472718477249,False,False,16.34765625,0.04541015625,0.00722353532910347,
206,1782788573.5527322,10.67260354803875,16.2857955166358,16.28365625,-0.0010422720849021516,0.0,0.0,0.038963109254837036,False,False,16.34765625,0.04541015625,0.00010823085904121399,
207,1782788573.6047206,10.724550458835438,16.285094692885913,16.28365625,-0.0007008237498951075,0.0,0.0,0.05237415432929993,False,False,16.34765625,0.04541015625,0.00014548376202583313,
208,1782788573.6566744,10.776603757869452,16.284623458996492,16.28365625,-0.0004712338894137247,0.0,0.0,0.038963109254837036,False,False,16.34765625,0.04541015625,0.00010823085904121399,
209,1782788573.7087228,10.829037409974262,16.30012691382924,16.371546875,0.015503454832753505,0.087890625,0.0,-0.04687697219196707,False,False,16.435546875,0.045654296875,-0.00013021381164435297,
210,1782788573.761156,10.881004894850776,16.323524093108784,16.371546875,0.023397179279555758,0.0,0.0,0.014816522598266602,False,False,16.435546875,0.045654296875,4.1157007217407227e-05,
211,1782788573.8131604,10.933377342997119,16.339256356456342,16.371546875,0.015732263347558728,0.0,0.0,3.9201027899980545,False,False,16.435546875,0.045654296875,0.010889174416661263,
212,1782788573.8654945,10.98558723484166,16.349834730331246,16.371546875,0.010578373874892577,0.0,0.0,0.6129337102174759,False,False,16.435546875,0.045654296875,0.0017025936394929886,
213,1782788573.917719,11.037829015869647,16.35694762892473,16.371546875,0.007112898593476302,0.0,0.0,-0.08175507711712271,False,False,16.435546875,0.045654296875,-0.00022709743643645197,
214,1782788573.9699469,11.089699518866837,16.332937373188987,16.28365625,-0.02401025573573179,-0.087890625,0.0,0.04430539906024933,False,False,16.34765625,0.04541015625,0.00012307055294513702,
215,1782788574.0218167,11.141717782011256,16.316792877232277,16.28365625,-0.016144495956723404,0.0,0.0,2.1927548199892044,False,False,16.34765625,0.04541015625,0.006090985611081123,
216,1782788574.073835,11.193535191938281,16.321757630650982,16.371546875,0.004964753418704504,0.087890625,0.0,-0.08175842987839133,False,False,16.435546875,0.045654296875,-0.00022710674966219813,
217,1782788574.1256528,11.24552741786465,16.33806858709972,16.371546875,0.01631095644873426,0.0,0.0,0.049659088253974915,False,False,16.435546875,0.045654296875,0.00013794191181659698,
218,1782788574.1776428,11.297186272917315,16.34903607421585,16.371546875,0.010967487116118946,0.0,0.0,-13.908588141202927,False,False,16.435546875,0.045654296875,-0.03863496705889702,
219,1782788574.229552,11.349027571966872,16.359135139793246,16.371546875,0.010099065577406918,0.0,0.0,0.001347139314020751,False,False,16.435546875,0.045654296875,3.742053650057642e-06,
220,1782788574.2811418,11.400539556983858,16.36320122424698,16.371546875,0.004066084453739904,0.0,0.0,0.3527010977268219,False,False,16.435546875,0.045654296875,0.0009797252714633942,
221,1782788574.3326535,11.452428337885067,16.365935259433666,16.371546875,0.0027340351866769197,0.0,0.0,-0.08182548510376364,False,False,16.435546875,0.045654296875,-0.00022729301417712122,
222,1782788574.3845394,11.504322599852458,16.367773624693193,16.371546875,0.0018383652595161948,0.0,0.0,-0.033559131261426955,False,False,16.435546875,0.045654296875,-9.321980905951932e-05,
223,1782788574.436434,11.556227491935715,16.369009741493706,16.371546875,0.0012361168004986212,0.0,0.0,7.84407801926136,False,False,16.435546875,0.045654296875,0.021789105609059334,
224,1782788574.488342,11.607916883891448,16.34104793768037,16.28365625,-0.02796180381332647,-0.087890625,0.0,0.18637128174304962,False,False,16.34765625,0.04541015625,0.0005176980048418045,
225,1782788574.5400314,11.659669406013563,16.32224642079628,16.28365625,-0.018801516884082048,0.0,0.0,0.04689708352088928,False,False,16.34765625,0.04541015625,0.00013026967644691467,
226,1782788574.5918252,11.711362852947786,16.309604280843416,16.28365625,-0.012642139952873777,0.0,0.0,0.04152663052082062,False,False,16.34765625,0.04541015625,0.00011535175144672394,
227,1782788574.643477,11.76340759685263,16.329896674689113,16.371546875,0.02029239384569337,0.087890625,0.0,0.0012888012679468375,False,False,16.435546875,0.045654296875,3.5800035220745485e-06,
228,1782788574.6955419,11.815311081940308,16.343541280310962,16.371546875,0.013644605621834671,0.0,0.0,0.1353878527879715,False,False,16.435546875,0.045654296875,0.0003760773688554764,
229,1782788574.7474267,11.86695952899754,16.352715913131092,16.371546875,0.009174632820133866,0.0,0.0,2.2784681618213654,False,False,16.435546875,0.045654296875,0.0063290782272815704,
230,1782788574.799074,11.918690958991647,16.330091967489345,16.28365625,-0.022623945641754517,-0.087890625,0.0,9.008130580186844,False,False,16.34765625,0.04541015625,0.025022584944963455,
231,1782788574.8508072,11.97042099898681,16.314879626439833,16.28365625,-0.015212341049505085,0.0,0.0,0.2963116765022278,False,False,16.34765625,0.04541015625,0.0008230879902839661,
232,1782788574.902549,12.022408575983718,16.30465084831814,16.28365625,-0.010228778121700088,0.0,0.0,9.005443006753922,False,False,16.34765625,0.04541015625,0.025015119463205338,
233,1782788574.954537,12.074325616005808,16.31359333040912,16.371546875,0.008942482090986914,0.087890625,0.0,0.5537963658571243,False,False,16.435546875,0.045654296875,0.001538323238492012,
234,1782788575.0064406,12.125870601041242,16.339593145026015,16.371546875,0.02599981461690959,0.0,0.0,-0.05775735306087881,False,False,16.435546875,0.045654296875,-0.00016043709183577448,
235,1782788575.0579855,12.177460103994235,16.350061186965494,16.371546875,0.01046804193947537,0.0,0.0,-64.6239048242569,False,False,16.435546875,0.045654296875,-0.17951084673404694,
236,1782788575.1095757,12.229078254895285,16.3412795858656,16.28365625,-0.008781601099883574,-0.087890625,0.0,-0.06581554189324379,False,False,16.34765625,0.04541015625,-0.00018282094970345497,
237,1782788575.1611934,12.280906850937754,16.32240218103603,16.28365625,-0.018877404829567013,0.0,0.0,8.173920661211014,False,False,16.34765625,0.04541015625,0.022705335170030594,
238,1782788575.2130206,12.332558020018041,16.309709014028623,16.28365625,-0.012693167007398642,0.0,0.0,7.565059214830399,False,False,16.34765625,0.04541015625,0.021014053374528885,
239,1782788575.264674,12.384173800935969,16.301174128532846,16.28365625,-0.00853488549577719,0.0,0.0,0.03878071904182434,False,False,16.34765625,0.04541015625,0.00010772421956062317,
240,1782788575.316315,12.435819766949862,16.311255584025485,16.371546875,0.010081455492638725,0.087890625,0.0,-0.08191869186703116,False,False,16.435546875,0.045654296875,-0.00022755192185286433,
241,1782788575.3679345,12.487462177872658,16.331007010948735,16.371546875,0.019751426923249937,0.0,0.0,7.857408598065376,False,False,16.435546875,0.045654296875,0.021826134994626045,
242,1782788575.4195776,12.539080068934709,16.34428787041193,16.371546875,0.013280859463179695,0.0,0.0,-0.08193545567337424,False,False,16.435546875,0.045654296875,-0.0002275984879815951,
243,1782788575.4711945,12.590869090985507,16.324424951564982,16.28365625,-0.019862918846939692,-0.087890625,0.0,1.5139634907245636,False,False,16.34765625,0.04541015625,0.0042054541409015656,
244,1782788575.5229826,12.642774760955945,16.311069124932292,16.28365625,-0.013355826632675871,0.0,0.0,0.04411563277244568,False,False,16.34765625,0.04541015625,0.00012254342436790466,
245,1782788575.5748858,12.694483689963818,16.302088667104474,16.28365625,-0.008980457827817645,0.0,0.0,0.03607034683227539,False,False,16.34765625,0.04541015625,0.00010019540786743164,
246,1782788575.6265998,12.74617878603749,16.29605020726105,16.28365625,-0.0060384598434097825,0.0,0.0,8.97050991654396,False,False,16.34765625,0.04541015625,0.024918083101511,
247,1782788575.6782951,12.797786047914997,16.30781025936233,16.371546875,0.011760052101294605,0.087890625,0.0,-0.08194551395718008,False,False,16.435546875,0.045654296875,-0.00022762642765883356,
248,1782788575.72993,12.849886217853054,16.32869037464523,16.371546875,0.020880115282892575,0.0,0.0,7.213651612401009,False,False,16.435546875,0.045654296875,0.020037921145558357,
249,1782788575.7820125,12.901817238889635,16.342730164161452,16.371546875,0.014039789516232304,0.0,0.0,-0.07928476261440665,False,False,16.435546875,0.045654296875,-0.00022023545170668513,
250,1782788575.8339326,12.953451186884195,16.35217051863216,16.371546875,0.009440354470712009,0.0,0.0,-0.08197300659958273,False,False,16.435546875,0.045654296875,-0.00022770279610995203,
251,1782788575.885565,13.00515239383094,16.358518212978268,16.371546875,0.00634769434611826,0.0,0.0,-0.08197837101761252,False,False,16.435546875,0.045654296875,-0.00022771769727114588,
252,1782788575.9372668,13.056731970980763,16.346966090156585,16.28365625,-0.011552122821683497,-0.087890625,0.0,-0.8222782798111439,False,False,16.34765625,0.04541015625,-0.002284106332808733,
253,1782788575.988847,13.108387695858255,16.326225786521285,16.28365625,-0.0207403036353071,0.0,0.0,7.803706079721451,False,False,16.34765625,0.04541015625,0.021676961332559586,
254,1782788576.0405009,13.159989255014807,16.307127730212667,16.28365625,-0.01909805630862138,0.0,0.0,0.036007314920425415,False,False,16.34765625,0.04541015625,0.00010002031922340393,
255,1782788576.0921037,13.211545219877735,16.299438473294998,16.28365625,-0.007689256917672083,0.0,0.0,0.04405394196510315,False,False,16.34765625,0.04541015625,0.00012237206101417542,
256,1782788576.1436605,13.26323526003398,16.29426821694356,16.28365625,-0.005170256351448188,0.0,0.0,0.038683488965034485,False,False,16.34765625,0.04541015625,0.00010745413601398468,
257,1782788576.1953676,13.3149943749886,16.30817837539372,16.371546875,0.01391015845015886,0.087890625,0.0,-0.08201525139156729,False,False,16.435546875,0.045654296875,-0.00022782014275435358,
258,1782788576.2471275,13.367195395985618,16.328937895864737,16.371546875,0.020759520471017368,0.0,0.0,-0.08202061580959707,False,False,16.435546875,0.045654296875,-0.00022783504391554743,
259,1782788576.2993133,13.418832732830197,16.314103628679444,16.28365625,-0.014834267185278804,-0.087890625,0.0,0.04672139883041382,False,False,16.34765625,0.04541015625,0.00012978166341781616,
260,1782788576.3509467,13.470455531962216,16.304129067424057,16.28365625,-0.009974561255376102,0.0,0.0,0.04403248429298401,False,False,16.34765625,0.04541015625,0.00012231245636940002,
261,1782788576.40257,13.522138867992908,16.326215141185937,16.371546875,0.02208607376186933,0.087890625,0.0,1.159825399518013,False,False,16.435546875,0.045654296875,0.0032217372208833694,
262,1782788576.4542542,13.573770259972662,16.341065817183427,16.371546875,0.014850675997479357,0.0,0.0,-0.08204274403396994,False,False,16.435546875,0.045654296875,-0.00022789651120547205,
263,1782788576.5058875,13.625539819011465,16.32225844297414,16.28365625,-0.018807374209302452,-0.087890625,0.0,4.917594864964485,False,False,16.34765625,0.04541015625,0.013659985736012459,
264,1782788576.5576859,13.677453025942668,16.30961236455581,16.28365625,-0.012646078418327988,0.0,0.0,5.3091926872730255,False,False,16.34765625,0.04541015625,0.014747757464647293,
265,1782788576.6095688,13.729523694841191,16.30110914142733,16.28365625,-0.008503223128485615,0.0,0.0,0.0386519730091095,False,False,16.34765625,0.04541015625,0.00010736659169197083,
266,1782788576.6616404,13.781376383965835,16.295391574195737,16.28365625,-0.005717567231585008,0.0,0.0,0.0386519730091095,False,False,16.34765625,0.04541015625,0.00010736659169197083,
267,1782788576.7134912,13.833168867975473,16.291547081989215,16.28365625,-0.003844492206525274,0.0,0.0,0.685058981180191,False,False,16.34765625,0.04541015625,0.0019029416143894196,
268,1782788576.7652838,13.884863815968856,16.288962045429546,16.28365625,-0.0025850365596795655,0.0,0.0,-0.06864259019494057,False,False,16.34765625,0.04541015625,-0.00019067386165261269,
269,1782788576.8169804,13.936640040948987,16.286581695814398,16.28365625,-0.0023803496151515446,0.0,0.0,0.04668787121772766,False,False,16.34765625,0.04541015625,0.00012968853116035461,
270,1782788576.8687522,13.988184822024778,16.285623319765598,16.28365625,-0.0009583760487998916,0.0,0.0,4.571569114923477,False,False,16.34765625,0.04541015625,0.012698803097009659,
271,1782788576.9202986,14.03981358394958,16.284978907710386,16.28365625,-0.0006444120552089316,0.0,0.0,0.038630515336990356,False,False,16.34765625,0.04541015625,0.00010730698704719543,
272,1782788576.9719281,14.091517698019743,16.300365917544468,16.371546875,0.01538700983408603,0.087890625,0.0,0.29880478978157043,False,False,16.435546875,0.045654296875,0.0008300133049488068,
273,1782788577.0236313,14.143271774984896,16.3236847992069,16.371546875,0.023318881662419244,0.0,0.0,7.42811031639576,False,False,16.435546875,0.045654296875,0.020633639767766,
274,1782788577.0753508,14.195100647863,16.33936441523672,16.371546875,0.01567961602981427,0.0,0.0,-0.08207493054214865,False,False,16.435546875,0.045654296875,-0.00022798591817263514,
275,1782788577.1272163,14.247035984881222,16.34990738905517,16.371546875,0.010542973818445489,0.0,0.0,0.4731369763612747,False,False,16.435546875,0.045654296875,0.0013142693787813187,
276,1782788577.1791508,14.298765931976959,16.356996484650693,16.371546875,0.007089095595517847,0.0,0.0,-0.08208565937820822,False,False,16.435546875,0.045654296875,-0.00022801572049502283,
277,1782788577.2308795,14.350613342830911,16.36176319252913,16.371546875,0.004766707878445686,0.0,0.0,0.19685335457324982,False,False,16.435546875,0.045654296875,0.0005468148738145828,
278,1782788577.282729,14.40229401201941,16.364968326906585,16.371546875,0.003205134377452623,0.0,0.0,-0.08209638821426779,False,False,16.435546875,0.045654296875,-0.00022804552281741053,
279,1782788577.3344085,14.454056015005335,16.367123459261986,16.371546875,0.002155132355397882,0.0,0.0,0.0707794725894928,False,False,16.435546875,0.045654296875,0.00019660964608192444,
280,1782788577.3861701,14.505775888916105,16.368572570257758,16.371546875,0.001449110995764613,0.0,0.0,-0.08211717533413321,False,False,16.435546875,0.045654296875,-0.0002281032648170367,
281,1782788577.4379046,14.557564724935219,16.340753983741315,16.28365625,-0.027818586516445976,-0.087890625,0.0,-0.06871148943901062,False,False,16.34765625,0.04541015625,-0.00019086524844169617,
282,1782788577.4896793,14.609583745943382,16.32204876616766,16.28365625,-0.018705217573653954,0.0,0.0,0.03857620060443878,False,False,16.34765625,0.04541015625,0.00010715611279010773,
283,1782788577.541698,14.661446323851123,16.309471377871134,16.28365625,-0.012577388296534764,0.0,0.0,0.03589466214179993,False,False,16.34765625,0.04541015625,9.970739483833313e-05,
284,1782788577.5935597,14.713493271032348,16.301014341980547,16.28365625,-0.00845703589058644,0.0,0.0,0.046610087156295776,False,False,16.34765625,0.04541015625,0.00012947246432304382,
285,1782788577.6456065,14.765265255933627,16.293226946459132,16.28365625,-0.007787395521404505,0.0,0.0,7.803545147180557,False,False,16.34765625,0.04541015625,0.02167651429772377,
286,1782788577.6973786,14.817075721919537,16.305911898799124,16.371546875,0.012684952339981237,0.087890625,0.0,-0.08214936184231192,False,False,16.435546875,0.045654296875,-0.00022819267178419977,
287,1782788577.7491906,14.868833927903324,16.327413917002527,16.371546875,0.02150201820339248,0.0,0.0,-0.031194093462545425,False,False,16.435546875,0.045654296875,-8.665025961818174e-05,
288,1782788577.8009481,14.920507245929912,16.335357849442072,8.109828125,0.007943932439559376,-8.26171875,0.0,-33.089436292648315,True,False,8.173828125,0.022705078125,-0.09191510081291199,
289,1782788577.852621,14.972466693958268,16.318420405464845,16.28365625,-0.01693744397721275,8.173828125,0.0,0.04657253623008728,False,False,16.34765625,0.04541015625,0.0001293681561946869,
290,1782788577.9045877,15.02442084485665,16.30703166813456,16.28365625,-0.011388737330292997,0.0,0.0,17.102732956409454,False,False,16.34765625,0.04541015625,0.04750759154558182,
291,1782788577.9565353,15.076406773878261,16.29937388115368,16.28365625,-0.007657786980871606,0.0,0.0,0.04655979573726654,False,False,16.34765625,0.04541015625,0.0001293327659368515,
292,1782788578.0085218,15.128077073022723,16.294224785187737,16.28365625,-0.005149095965947481,0.0,0.0,9.080233722925186,False,False,16.34765625,0.04541015625,0.02522287145256996,
293,1782788578.0601923,15.180019723949954,16.290762533060235,16.28365625,-0.0034622521274911833,0.0,0.0,0.046547725796699524,False,False,16.34765625,0.04541015625,0.00012929923832416534,
294,1782788578.1121347,15.23173383786343,16.288434514729705,16.28365625,-0.0023280183305303126,0.0,0.0,0.620541125535965,False,False,16.34765625,0.04541015625,0.0017237253487110138,
295,1782788578.163849,15.283660711953416,16.286869155204254,16.28365625,-0.001565359525443455,0.0,0.0,0.03582023084163666,False,False,16.34765625,0.04541015625,9.95006412267685e-05,
296,1782788578.2157755,15.335551251890138,16.314609576209335,16.371546875,0.027740421005091775,0.087890625,0.0,-0.08220300602260977,False,False,16.435546875,0.045654296875,-0.00022834168339613825,
297,1782788578.2676659,15.387296568835154,16.33326223529316,16.371546875,0.01865265908381275,0.0,0.0,10.56346781551838,False,False,16.435546875,0.045654296875,0.02934296615421772,
298,1782788578.3194108,15.439180294983089,16.34580428326112,16.371546875,0.012542047967968983,0.0,0.0,0.006287768483161926,False,False,16.435546875,0.045654296875,1.7466023564338684e-05,
299,1782788578.371327,15.49089401983656,16.354237556314782,16.371546875,0.0084332730536687,0.0,0.0,-0.08223049866501242,False,False,16.435546875,0.045654296875,-0.00022841805184725672,
300,1782788578.4230075,15.542681077960879,16.34618275807517,16.28365625,-0.008054798239612637,-0.087890625,0.0,-63.92418086528778,False,False,16.34765625,0.04541015625,-0.17756716907024384,
301,1782788578.4747944,15.594306858954951,16.325699074029746,16.28365625,-0.02048368404541634,0.0,0.0,1.3929744064807892,False,False,16.34765625,0.04541015625,0.0038693733513355255,
302,1782788578.526425,15.646296305814758,16.3119258448776,16.28365625,-0.01377322915215018,0.0,0.0,4.971035867929459,False,False,16.34765625,0.04541015625,0.013808432966470718,
303,1782788578.5784113,15.698200735030696,16.318485038095695,16.371546875,0.006559193218095061,0.087890625,0.0,4.844971373677254,False,False,16.435546875,0.045654296875,0.01345825381577015,
304,1782788578.630316,15.7498782009352,16.307075127115546,16.28365625,-0.011409910980148652,-0.087890625,0.0,9.855337142944336,False,False,16.34765625,0.04541015625,0.02737593650817871,
305,1782788578.6819937,15.801779944915324,16.29940310297249,16.28365625,-0.007672024143062117,0.0,0.0,-8.021590635180473,False,False,16.34765625,0.04541015625,-0.022282196208834648,
306,1782788578.7339206,15.853510521817952,16.294244433938704,16.28365625,-0.00515866903378992,0.0,0.0,3.5950572788715363,False,False,16.34765625,0.04541015625,0.0099862702190876,
307,1782788578.785627,15.907082821941003,16.29077574488039,16.28365625,-0.0034686890583088825,0.0,0.0,6.9612134993076324,False,False,16.34765625,0.04541015625,0.019336704164743423,
308,1782788578.839199,15.958802009932697,16.288443398357572,16.28365625,-0.0023323465228202167,0.0,0.0,0.3012724220752716,False,False,16.34765625,0.04541015625,0.0008368678390979767,
309,1782788578.890917,16.01052369782701,16.286875128555632,16.28365625,-0.0015682698019361396,0.0,0.0,2.7957268059253693,False,False,16.34765625,0.04541015625,0.007765907794237137,
310,1782788578.9426386,16.062255422817543,16.314613592690804,16.371546875,0.027738464135182994,0.087890625,0.0,-0.0822821311885491,False,False,16.435546875,0.045654296875,-0.0002285614755237475,
311,1782788578.9943695,16.114002648042515,16.333264935975293,16.371546875,0.01865134328448903,0.0,0.0,-0.02327956521185115,False,False,16.435546875,0.045654296875,-6.466545892180875e-05,
312,1782788579.0461185,16.16578728100285,16.329985786699783,16.28365625,-0.003279149275499549,-0.087890625,0.0,0.027676373720169067,False,False,16.34765625,0.04541015625,7.687881588935852e-05,
313,1782788579.097904,16.21755656087771,16.330628542976935,16.371546875,0.0006427562771591511,0.087890625,0.0,0.0008536128552805167,False,False,16.435546875,0.045654296875,2.3711468202236574e-06,
314,1782788579.1496713,16.269149823812768,16.34898581610911,16.371546875,0.018357273132181717,0.0,0.0,-0.08230023609939963,False,False,16.435546875,0.045654296875,-0.00022861176694277674,
315,1782788579.2012644,16.321166066918522,16.353046806709468,8.109828125,0.004060990600351033,-8.26171875,0.0,-23.042020797729492,True,False,8.173828125,0.022705078125,-0.06400561332702637,
316,1782788579.253285,16.373367773834616,16.359107429081444,16.371546875,0.006060622371990121,8.26171875,0.0,5.762217119336128,False,False,16.435546875,0.045654296875,0.01600615866482258,
317,1782788579.3054857,16.42543623992242,16.363182591564364,16.371546875,0.004075162482934047,0.0,0.0,8.06354708969593,False,False,16.435546875,0.045654296875,0.02239874191582203,
318,1782788579.3575566,16.477327298838645,16.365922730817882,16.371546875,0.0027401392535182367,0.0,0.0,-8.206738829612732,False,False,16.435546875,0.045654296875,-0.022796496748924255,
319,1782788579.409444,16.529545597964898,16.367765200451945,16.371546875,0.0018424696340559876,0.0,0.0,8.063530996441841,False,False,16.435546875,0.045654296875,0.022398697212338448,
320,1782788579.4616647,16.581506785936654,16.36900407703389,16.371546875,0.0012388765819366654,0.0,0.0,-0.08234248089138418,False,False,16.435546875,0.045654296875,-0.0002287291135871783,
321,1782788579.5136244,16.633411437040195,16.369837097647586,16.371546875,0.0008330206136974994,0.0,0.0,0.03298647701740265,False,False,16.435546875,0.045654296875,9.162910282611847e-05,
322,1782788579.5655286,16.68571086600423,16.370397220708234,16.371546875,0.000560123060637352,0.0,0.0,-0.036759677168447524,False,False,16.435546875,0.045654296875,-0.00010211021435679868,
323,1782788579.6178284,16.738008035812527,16.37077384745422,16.371546875,0.00037662674597527257,0.0,0.0,0.08124478161334991,False,False,16.435546875,0.045654296875,0.00022567994892597198,
324,1782788579.6701243,16.78990494599566,16.37102709127822,16.371546875,0.000253243824005267,0.0,0.0,0.03296166658401489,False,False,16.435546875,0.045654296875,9.156018495559692e-05,
325,1782788579.7220218,16.84183100494556,16.371197372425474,16.371546875,0.00017028114726258536,0.0,0.0,-0.0823807023698464,False,False,16.435546875,0.045654296875,-0.00022883528436068445,
326,1782788579.773952,16.89364861883223,16.371311869468887,16.371546875,0.00011449704339838718,0.0,0.0,11.708589345216751,False,False,16.435546875,0.045654296875,0.03252385929226875,
327,1782788579.8257651,16.945508528966457,16.371388857280884,16.371546875,7.698781200815574e-05,0.0,0.0,0.16435571014881134,False,False,16.435546875,0.045654296875,0.0004565436393022537,
328,1782788579.877626,16.997403994901106,16.371440623885665,16.371546875,5.176660476990946e-05,0.0,0.0,-0.08240752445999533,False,False,16.435546875,0.045654296875,-0.0002289097901666537,
329,1782788579.9295232,17.049179219873622,16.35566797903559,16.28365625,-0.015772644850073902,-0.087890625,0.0,0.030234514852054417,False,False,16.34765625,0.04541015625,8.398476347792894e-05,
330,1782788579.9812982,17.101113926852122,16.360869905353535,16.371546875,0.0052019263179374775,0.087890625,0.0,-0.08242831157986075,False,False,16.435546875,0.045654296875,-0.00022896753216627985,
331,1782788580.0332303,17.152923077810556,16.364367680609714,16.371546875,0.0034977752561644593,0.0,0.0,8.854670003056526,False,False,16.435546875,0.045654296875,0.024596305564045906,
332,1782788580.0850418,17.205172840040177,16.337926615941974,16.28365625,-0.026441064667750425,-0.087890625,0.0,0.03556676208972931,False,False,16.34765625,0.04541015625,9.879656136035919e-05,
333,1782788580.1372917,17.257102416828275,16.32014764405938,16.28365625,-0.017778971882592032,0.0,0.0,0.03556743264198303,False,False,16.34765625,0.04541015625,9.879842400550842e-05,
334,1782788580.189221,17.309069567825645,16.308193063365525,16.28365625,-0.011954580693839034,0.0,0.0,0.03556743264198303,False,False,16.34765625,0.04541015625,9.879842400550842e-05,
335,1782788580.2411876,17.36081621889025,16.300154803306977,16.28365625,-0.008038260058555124,0.0,0.0,0.03824964165687561,False,False,16.34765625,0.04541015625,0.00010624900460243225,
336,1782788580.2929323,17.41275329585187,16.29474987724361,16.28365625,-0.005404926063363291,0.0,0.0,2.495153099298477,False,False,16.34765625,0.04541015625,0.006930980831384659,
337,1782788580.3448708,17.464488576864824,16.291115604958605,16.28365625,-0.00363427228501223,0.0,0.0,0.04629559814929962,False,False,16.34765625,0.04541015625,0.0001285988837480545,
338,1782788580.3966048,17.516432301839814,16.288671920274165,16.28365625,-0.0024436846844366755,0.0,0.0,0.03824964165687561,False,False,16.34765625,0.04541015625,0.00010624900460243225,
339,1782788580.4485517,17.56825576792471,16.28702878669235,16.28365625,-0.0016431335818083426,0.0,0.0,-1.5227953344583511,False,False,16.34765625,0.04541015625,-0.0042299870401620865,
340,1782788580.5003753,17.62010271498002,16.285923943671936,16.28365625,-0.0011048430204141368,0.0,0.0,1.9882048666477203,False,False,16.34765625,0.04541015625,0.005522791296243668,
341,1782788580.552219,17.672021070029587,16.28518104722501,16.28365625,-0.000742896446922714,0.0,0.0,0.046285539865493774,False,False,16.34765625,0.04541015625,0.00012857094407081604,
342,1782788580.6041393,17.7237773318775,16.284681523654097,16.28365625,-0.0004995235709088774,0.0,0.0,-63.81175339221954,False,False,16.34765625,0.04541015625,-0.17725487053394318,
343,1782788580.6558957,17.775701408972964,16.28434564400501,16.28365625,-0.00033587964907155765,0.0,0.0,0.046274811029434204,False,False,16.34765625,0.04541015625,0.00012854114174842834,
344,1782788580.708041,17.828200764022768,16.28411979852897,16.28365625,-0.00022584547605219996,0.0,0.0,0.03822214901447296,False,False,16.34765625,0.04541015625,0.00010617263615131378,
345,1782788580.760334,17.880538397002965,16.28396794003088,16.28365625,-0.00015185849809995489,0.0,0.0,0.038222819566726685,False,False,16.34765625,0.04541015625,0.00010617449879646301,
346,1782788580.8126743,17.932394047966227,16.28386583037676,16.28365625,-0.00010210965410806239,0.0,0.0,6.961004287004471,False,False,16.34765625,0.04541015625,0.019336123019456863,
347,1782788580.8645256,17.984200458042324,16.283797171845336,16.28365625,-6.865853143267486e-05,0.0,0.0,0.038222819566726685,False,False,16.34765625,0.04541015625,0.00010617449879646301,
348,1782788580.9163153,18.03598394198343,16.283751005848806,16.28365625,-4.6165996536728926e-05,0.0,0.0,0.038222819566726685,False,False,16.34765625,0.04541015625,0.00010617449879646301,
349,1782788580.9681022,18.087676482042298,16.29955426229602,16.371546875,0.0158032564472137,0.087890625,0.0,-0.08247726189438254,False,False,16.435546875,0.045654296875,-0.0002291035052621737,
350,1782788581.019791,18.139427058864385,16.294346073467842,16.28365625,-0.005208188828191851,-0.087890625,0.0,3.897916227579117,False,False,16.34765625,0.04541015625,0.010827545076608658,
351,1782788581.0715547,18.1911983769387,16.30666439979978,16.371546875,0.01231832633192198,0.087890625,0.0,0.016745030879974365,False,False,16.435546875,0.045654296875,4.651397466659546e-05,
352,1782788581.1233585,18.24292387883179,16.31209958617537,16.28365625,0.005435186375592593,-0.087890625,0.0,8.725864961743355,False,False,16.34765625,0.04541015625,0.02423851378262043,
353,1782788581.1750379,18.294502974953502,16.302781549244322,16.28365625,-0.009318036931063034,0.0,0.0,0.0381799042224884,False,False,16.34765625,0.04541015625,0.00010605528950691223,
354,1782788581.2266173,18.346158624859527,16.296516101211886,16.28365625,-0.0062654480324226824,0.0,0.0,0.0381799042224884,False,False,16.34765625,0.04541015625,0.00010605528950691223,
355,1782788581.278275,18.397694831946865,16.290746760442993,16.28365625,-0.0057693407688930165,0.0,0.0,5.700317770242691,False,False,16.34765625,0.04541015625,0.01583421602845192,
356,1782788581.32981,18.449194630840793,16.288423909221873,16.28365625,-0.002322851221123301,0.0,0.0,0.04621848464012146,False,False,16.34765625,0.04541015625,0.00012838467955589294,
357,1782788581.3813152,18.500864282017574,16.286862024060788,16.28365625,-0.0015618851610952333,0.0,0.0,0.03816917538642883,False,False,16.34765625,0.04541015625,0.00010602548718452454,
358,1782788581.4329782,18.552588284946978,16.285811812478467,16.28365625,-0.0010502115823101121,0.0,0.0,2.0578665286302567,False,False,16.34765625,0.04541015625,0.005716295912861824,
359,1782788581.4847016,18.604254954028875,16.28510565021052,16.28365625,-0.0007061622679316315,0.0,0.0,0.03816381096839905,False,False,16.34765625,0.04541015625,0.00010601058602333069,
360,1782788581.536391,18.656041585840285,16.284630826701555,16.28365625,-0.00047482350896643766,0.0,0.0,1.271979957818985,False,False,16.34765625,0.04541015625,0.0035332776606082916,
361,1782788581.588209,18.707702033920214,16.300131867874125,16.371546875,0.015501041172569785,0.087890625,0.0,1.819150596857071,False,False,16.435546875,0.045654296875,0.0050531961023807526,
362,1782788581.6398163,18.759367406833917,16.323527424208564,16.371546875,0.02339555633443524,0.0,0.0,3.5035714879631996,False,False,16.435546875,0.045654296875,0.009732143022119999,
363,1782788581.6914825,18.810976095031947,16.339258596287838,16.371546875,0.01573117207928476,0.0,0.0,9.050363972783089,False,False,16.435546875,0.045654296875,0.02513989992439747,
364,1782788581.7430909,18.86344924592413,16.349836236393944,16.371546875,0.0105776401061064,0.0,0.0,2.5325819849967957,False,False,16.435546875,0.045654296875,0.007034949958324432,
365,1782788581.7955632,18.91513130394742,16.32815567285129,16.28365625,-0.02168056354264536,-0.087890625,0.0,0.3546275943517685,False,False,16.34765625,0.04541015625,0.0009850766509771347,
366,1782788581.8472455,18.9667949359864,16.31357766192521,16.28365625,-0.014578010926072693,0.0,0.0,0.03812626004219055,False,False,16.34765625,0.04541015625,0.00010590627789497375,
367,1782788581.8989093,19.018468179972842,16.30377540737851,16.28365625,-0.009802254546684708,0.0,0.0,0.03812626004219055,False,False,16.34765625,0.04541015625,0.00010590627789497375,
368,1782788581.9505813,19.070161200826988,16.297184371421313,16.28365625,-0.00659103595720012,0.0,0.0,0.046172887086868286,False,False,16.34765625,0.04541015625,0.00012825801968574524,
369,1782788582.0022764,19.122264740988612,16.292752558843695,16.28365625,-0.004431812577621486,0.0,0.0,0.046172887086868286,False,False,16.34765625,0.04541015625,0.00012825801968574524,
370,1782788582.0543938,19.174619965953752,16.2897726080665,16.28365625,-0.002979950777188378,0.0,0.0,0.04348933696746826,False,False,16.34765625,0.04541015625,0.00012080371379852295,
371,1782788582.1067357,19.22631745086983,16.287768889163914,16.28365625,-0.0020037189025856605,0.0,0.0,3.9970607310533524,False,False,16.34765625,0.04541015625,0.011102946475148201,
372,1782788582.158432,19.27819995302707,16.28642158857382,16.28365625,-0.0013473005900834778,0.0,0.0,0.04348531365394592,False,False,16.34765625,0.04541015625,0.00012079253792762756,
373,1782788582.2103148,19.329859492834657,16.285515663657034,16.28365625,-0.0009059249167933103,0.0,0.0,0.046162158250808716,False,False,16.34765625,0.04541015625,0.00012822821736335754,
374,1782788582.2619743,19.381402218015864,16.284681471189252,16.28365625,-0.0008341924677779389,0.0,0.0,0.0354333221912384,False,False,16.34765625,0.04541015625,9.842589497566223e-05,
375,1782788582.3135173,19.432912294985726,16.28434560872765,16.28365625,-0.0003358624616112138,0.0,0.0,1.3899488747119904,False,False,16.34765625,0.04541015625,0.0038609690964221954,
376,1782788582.3650267,19.484494296833873,16.312912743558474,16.371546875,0.02856713483083695,0.087890625,0.0,-0.0825899199116975,False,False,16.435546875,0.045654296875,-0.00022941644419915974,
377,1782788582.4166102,19.536149558844045,16.316300972518714,16.28365625,0.003388228960233164,-0.087890625,0.0,-0.8872734010219574,False,False,16.34765625,0.04541015625,-0.002464648336172104,
378,1782788582.4682631,19.587721542920917,16.305606561421584,16.28365625,-0.010694411097119882,0.0,0.0,1.145835667848587,False,False,16.34765625,0.04541015625,0.003182876855134964,
379,1782788582.520309,19.640047564869747,16.29841563939987,16.28365625,-0.00719092202172078,0.0,0.0,0.04613131284713745,False,False,16.34765625,0.04541015625,0.00012814253568649292,
380,1782788582.5721622,19.69167477102019,16.293580463432473,16.28365625,-0.004835175967400573,0.0,0.0,0.04344239830970764,False,False,16.34765625,0.04541015625,0.00012067332863807678,
381,1782788582.6237893,19.74335701484233,16.29032929111199,16.28365625,-0.003251172320489104,0.0,0.0,0.33580318093299866,False,False,16.34765625,0.04541015625,0.000932786613702774,
382,1782788582.6754732,19.795112018007785,16.288143202843703,16.28365625,-0.0021860882682744887,0.0,0.0,9.315839633345604,False,False,16.34765625,0.04541015625,0.0258773323148489,
383,1782788582.7272263,19.84699331689626,16.286673277092106,16.28365625,-0.001469925751592882,0.0,0.0,0.04343099892139435,False,False,16.34765625,0.04541015625,0.00012064166367053986,
384,1782788582.7791116,19.898919930914417,16.30150521151673,16.371546875,0.014831934424620385,0.087890625,0.0,0.013921335339546204,False,False,16.435546875,0.045654296875,3.86703759431839e-05,
385,1782788582.8310363,19.950741432840005,16.324450860473846,16.371546875,0.022945648957119147,0.0,0.0,-0.08264825795777142,False,False,16.435546875,0.045654296875,-0.00022957849432714283,
386,1782788582.8828924,20.002527694916353,16.33987951483261,16.371546875,0.01542865435877161,0.0,0.0,3.3237458020448685,False,False,16.435546875,0.045654296875,0.009232627227902412,
387,1782788582.9347317,20.054391716839746,16.350253742023444,16.371546875,0.010374227190823149,0.0,0.0,2.363504245877266,False,False,16.435546875,0.045654296875,0.006565289571881294,
388,1782788582.986595,20.106278941966593,16.357229372386563,16.371546875,0.006975630363115215,0.0,0.0,0.6710149347782135,False,False,16.435546875,0.045654296875,0.0018639303743839264,
389,1782788583.0383942,20.157966369995847,16.361919786242726,16.371546875,0.004690413856167197,0.0,0.0,-0.08269184385426342,False,False,16.435546875,0.045654296875,-0.00022969956626184285,
390,1782788583.0900817,20.209600483998656,16.36507362051961,16.371546875,0.003153834276872658,0.0,0.0,4.589705541729927,False,False,16.435546875,0.045654296875,0.012749182060360909,
391,1782788583.141716,20.26122724590823,16.328547182748657,16.28365625,-0.03652643777095932,-0.087890625,0.0,0.043355897068977356,False,False,16.34765625,0.04541015625,0.00012043304741382599,
392,1782788583.1933393,20.3129516558256,16.329661225680194,16.371546875,0.0011140429315332767,0.087890625,0.0,3.0903419852256775,False,False,16.435546875,0.045654296875,0.008584283292293549,
393,1782788583.245066,20.36468260292895,16.32756265189736,16.28365625,-0.0020985737828311812,-0.087890625,0.0,1.8484778702259064,False,False,16.34765625,0.04541015625,0.005134660750627518,
394,1782788583.2968004,20.41666553192772,16.313178914635785,16.28365625,-0.01438373726156783,0.0,0.0,0.035299211740493774,False,False,16.34765625,0.04541015625,9.805336594581604e-05,
395,1782788583.348781,20.468427849002182,16.303507289701102,16.28365625,-0.009671624934696865,0.0,0.0,0.035305917263031006,False,False,16.34765625,0.04541015625,9.807199239730835e-05,
396,1782788583.4005666,20.520540166879073,16.29700408909502,16.28365625,-0.006503200606090331,0.0,0.0,0.23647025227546692,False,False,16.34765625,0.04541015625,0.000656861811876297,
397,1782788583.4526544,20.572456632973626,16.308451649507493,16.371546875,0.011447560412477742,0.087890625,0.0,-20.400452613830566,False,False,16.435546875,0.045654296875,-0.05666792392730713,
398,1782788583.5046666,20.624244523933157,16.329121645378837,16.371546875,0.020669995871344327,0.0,0.0,-0.08271866594441235,False,False,16.435546875,0.045654296875,-0.00022977407206781209,
399,1782788583.5563586,20.67604323104024,16.34302015060273,16.371546875,0.013898505223892244,0.0,0.0,0.1667214184999466,False,False,16.435546875,0.045654296875,0.00046311505138874054,
400,1782788583.6081576,20.72796873282641,16.336545193015276,16.28365625,-0.0064749575874429866,-0.087890625,0.0,-0.07200071588158607,False,False,16.34765625,0.04541015625,-0.00020000198855996132,
401,1782788583.6601121,20.779818476876244,16.319218775283474,16.28365625,-0.017326417731794663,0.0,0.0,6.2848301231861115,False,False,16.34765625,0.04541015625,0.017457861453294754,
402,1782788583.7119324,20.83146621985361,16.30756849200061,16.28365625,-0.011650283282875762,0.0,0.0,3.312942534685135,False,False,16.34765625,0.04541015625,0.009202618151903152,
403,1782788583.763584,20.88310718582943,16.299734841521207,16.28365625,-0.007833650479398102,0.0,0.0,0.04601195454597473,False,False,16.34765625,0.04541015625,0.0001278109848499298,
404,1782788583.81522,20.93498467002064,16.294467494938864,16.28365625,-0.00526734658234318,0.0,0.0,0.03795996308326721,False,False,16.34765625,0.04541015625,0.00010544434189796448,
405,1782788583.8670993,20.98673654301092,16.289617224499448,16.28365625,-0.004850270439419546,0.0,0.0,0.32495230436325073,False,False,16.34765625,0.04541015625,0.0009026452898979187,
406,1782788583.9188497,21.038341730833054,16.28766440925343,16.28365625,-0.0019528152460281945,0.0,0.0,0.037953928112983704,False,False,16.34765625,0.04541015625,0.0001054275780916214,
407,1782788583.9704556,21.090043196920305,16.28635133628201,16.28365625,-0.001313072971413476,0.0,0.0,0.043319687247276306,False,False,16.34765625,0.04541015625,0.00012033246457576752,
408,1782788584.0221584,21.1417276810389,16.30128873851602,16.371546875,0.014937402234011188,0.087890625,0.0,-0.04787542449776083,False,False,16.435546875,0.045654296875,-0.00013298729027155787,
409,1782788584.073848,21.19355279393494,16.324305304028176,16.371546875,0.023016565512165243,0.0,0.0,4.595027044415474,False,False,16.435546875,0.045654296875,0.012763964012265205,
410,1782788584.125668,21.245260648895055,16.33978164267855,16.371546875,0.015476338650387333,0.0,0.0,-3.1753385066986084,False,False,16.435546875,0.045654296875,-0.008820384740829468,
411,1782788584.177374,21.296881892019883,16.35018793278706,16.371546875,0.0104062901085058,0.0,0.0,4.273147881031036,False,False,16.435546875,0.045654296875,0.011869855225086212,
412,1782788584.228995,21.348525690846145,16.341364809756016,16.28365625,-0.008823123031049818,-0.087890625,0.0,6.89634695649147,False,False,16.34765625,0.04541015625,0.019156519323587418,
413,1782788584.2806687,21.400191767839715,16.33827979807995,16.371546875,-0.003085011676063232,0.087890625,0.0,-1.1690622568130493,False,False,16.435546875,0.045654296875,-0.003247395157814026,
414,1782788584.332306,21.452013622038066,16.320385123728958,16.28365625,-0.01789467435099823,-0.087890625,0.0,0.03793582320213318,False,False,16.34765625,0.04541015625,0.00010537728667259216,
415,1782788584.3841295,21.50406375504099,16.324173057195352,16.371546875,0.0037879334663841746,0.087890625,0.0,2.060318738222122,False,False,16.435546875,0.045654296875,0.005723107606172562,
416,1782788584.4361773,21.555685793980956,16.323872407408153,16.28365625,-0.000300649787192242,-0.087890625,0.0,-0.07472986355423927,False,False,16.34765625,0.04541015625,-0.00020758295431733131,
417,1782788584.4877985,21.607328407932073,16.31069759424124,16.28365625,-0.013174813166926924,0.0,0.0,0.04596903920173645,False,False,16.34765625,0.04541015625,0.00012769177556037903,
418,1782788584.5394435,21.65904979989864,16.30183884986781,16.28365625,-0.00885874437344114,0.0,0.0,0.045963674783706665,False,False,16.34765625,0.04541015625,0.00012767687439918518,
419,1782788584.591164,21.71092667290941,16.29588223015112,16.28365625,-0.005956619716698697,0.0,0.0,0.03791704773902893,False,False,16.34765625,0.04541015625,0.0001053251326084137,
420,1782788584.6430154,21.762990379007533,16.307697311553607,16.371546875,0.011815081402488659,0.087890625,0.0,-0.08010015415493399,False,False,16.435546875,0.045654296875,-0.00022250042820814997,
421,1782788584.6951063,21.81467393692583,16.336342268901685,16.371546875,0.028644957348092248,0.0,0.0,0.13445444405078888,False,False,16.435546875,0.045654296875,0.0003734845668077469,
422,1782788584.7467897,21.866274846950546,16.347875297859492,16.371546875,0.01153302895781394,0.0,0.0,-0.0828098610509187,False,False,16.435546875,0.045654296875,-0.0002300273918081075,
423,1782788584.7983904,21.91807560902089,16.35563010653072,16.371546875,0.0077548086712226905,0.0,0.0,9.020586088299751,False,False,16.435546875,0.045654296875,0.02505718357861042,
424,1782788584.8501902,21.969835815019906,16.358495124855192,8.109828125,0.002865018324484936,-8.26171875,0.0,-33.76870572566986,True,False,8.173828125,0.022705078125,-0.09380196034908295,
425,1782788584.9019513,22.02154463296756,16.362770878202628,16.371546875,0.00427575334742869,8.26171875,0.0,-0.08284137700684369,False,False,16.435546875,0.045654296875,-0.00023011493613012135,
426,1782788584.9536588,22.073290413012728,16.365645894753445,16.371546875,0.002875016550831333,0.0,0.0,-0.0828527711564675,False,False,16.435546875,0.045654296875,-0.00023014658654574305,
427,1782788585.0054169,22.125261693960056,16.367579055882217,16.371546875,0.001933161128761185,0.0,0.0,-0.08285814081318676,False,False,16.435546875,0.045654296875,-0.00023016150225885212,
428,1782788585.0573752,22.176978677976876,16.368878913425203,16.371546875,0.0012998575429890025,0.0,0.0,1.3226039707660675,False,False,16.435546875,0.045654296875,0.003673899918794632,
429,1782788585.109093,22.22880644001998,16.369752937637102,16.371546875,0.000874024211896085,0.0,0.0,-3.188883662223816,False,False,16.435546875,0.045654296875,-0.008858010172843933,
430,1782788585.1609569,22.28044060897082,16.370340631517188,16.371546875,0.0005876938800781772,0.0,0.0,1.051679402589798,False,False,16.435546875,0.045654296875,0.00292133167386055,
431,1782788585.2126124,22.332236723043025,16.37073579688216,16.371546875,0.00039516536497785637,0.0,0.0,1.9180235266685486,False,False,16.435546875,0.045654296875,0.005327843129634857,
432,1782788585.264351,22.384026187937707,16.37100150607356,16.371546875,0.00026570919141022387,0.0,0.0,1.8214572966098785,False,False,16.435546875,0.045654296875,0.005059603601694107,
433,1782788585.3161411,22.435797134879977,16.37118016893386,16.371546875,0.00017866286029288858,0.0,0.0,2.808498814702034,False,False,16.435546875,0.045654296875,0.007801385596394539,
434,1782788585.367913,22.487533415900543,16.355479989341124,16.28365625,-0.01570017959272718,-0.087890625,0.0,1.263546422123909,False,False,16.34765625,0.04541015625,0.003509851172566414,
435,1782788585.419647,22.539160473970696,16.331950532332975,16.28365625,-0.02352945700815212,0.0,0.0,0.03777220845222473,False,False,16.34765625,0.04541015625,0.00010492280125617981,
436,1782788585.4712746,22.591010994976386,16.31612932544069,16.28365625,-0.0158212068922694,0.0,0.0,0.9711809456348419,False,False,16.34765625,0.04541015625,0.002697724848985672,
437,1782788585.5231256,22.642701626988128,16.301560864659585,16.28365625,-0.014568460781106296,0.0,0.0,0.03777354955673218,False,False,16.34765625,0.04541015625,0.00010492652654647827,
438,1782788585.5748158,22.69436931493692,16.295695312897102,16.28365625,-0.005865551762497034,0.0,0.0,0.03777220845222473,False,False,16.34765625,0.04541015625,0.00010492280125617981,
439,1782788585.6264837,22.74636900285259,16.29175131589201,16.28365625,-0.003943997005080746,0.0,0.0,0.043135955929756165,False,False,16.34765625,0.04541015625,0.00011982209980487823,
440,1782788585.6784847,22.798129486851394,16.30491968480579,16.371546875,0.013168368913767381,0.087890625,0.0,-0.026600810524541885,False,False,16.435546875,0.045654296875,-7.389114034594968e-05,
441,1782788585.7302608,22.849949155934155,16.29795378356341,16.28365625,-0.006965901242381278,-0.087890625,0.0,4.602896645665169,False,False,16.34765625,0.04541015625,0.01278582401573658,
442,1782788585.7821002,22.901933824876323,16.293269911568036,16.28365625,-0.00468387199538256,0.0,0.0,0.043142661452293396,False,False,16.34765625,0.04541015625,0.00011984072625637054,
443,1782788585.8340585,22.953987086890265,16.290120476038346,16.28365625,-0.0031494355296786125,0.0,0.0,0.04581816494464874,False,False,16.34765625,0.04541015625,0.00012727268040180206,
444,1782788585.886106,23.00607123784721,16.28800279558818,16.28365625,-0.002117680450169246,0.0,0.0,0.22820904850959778,False,False,16.34765625,0.04541015625,0.0006339140236377716,
445,1782788585.9381878,23.058095703832805,16.286578867253493,16.28365625,-0.0014239283347023957,0.0,0.0,0.043135955929756165,False,False,16.34765625,0.04541015625,0.00011982209980487823,
446,1782788585.9902136,23.1100663729012,16.285621417841252,16.28365625,-0.0009574494122261967,0.0,0.0,0.03508999943733215,False,False,16.34765625,0.04541015625,9.747222065925598e-05,
447,1782788586.0421853,23.162032302003354,16.284977628856456,16.28365625,-0.0006437889848029954,0.0,0.0,0.03508999943733215,False,False,16.34765625,0.04541015625,9.747222065925598e-05,
448,1782788586.0941503,23.21395693393424,16.28454474514308,16.28365625,-0.0004328837133869001,0.0,0.0,0.07264092564582825,False,False,16.34765625,0.04541015625,0.00020178034901618958,
449,1782788586.146076,23.266064491821453,16.284253674134206,16.28365625,-0.0002910710088599444,0.0,0.0,0.037766844034194946,False,False,16.34765625,0.04541015625,0.00010490790009498596,
450,1782788586.1981826,23.318010587012395,16.31285092673784,16.371546875,0.028597252603645984,0.087890625,0.0,0.043125227093696594,False,False,16.435546875,0.045654296875,0.00011979229748249054,
451,1782788586.2501268,23.370009811827913,16.332079719388524,16.371546875,0.01922879265069355,0.0,0.0,-0.08294933591969311,False,False,16.435546875,0.045654296875,-0.00023041482199914753,
452,1782788586.3021271,23.421987019013613,16.33918380739859,16.371546875,0.007104088010066789,0.0,0.0,3.334174230694771,False,False,16.435546875,0.045654296875,0.009261595085263252,
453,1782788586.3541062,23.473777742823586,16.349785948344817,16.371546875,0.010602140946218697,0.0,0.0,-0.08296542917378247,False,False,16.435546875,0.045654296875,-0.00023045952548272908,
454,1782788586.4059427,23.525742504978552,16.359548596391992,16.371546875,0.009762648047171751,0.0,0.0,-0.08298152242787182,False,False,16.435546875,0.045654296875,-0.00023050422896631062,
455,1782788586.4578588,23.57784595200792,16.350506576213977,16.371546875,-0.009042020178014809,0.0,0.0,7.051695138216019,False,False,16.435546875,0.045654296875,0.019588042050600052,
456,1782788586.5099957,23.629903565859422,16.35739937809628,16.371546875,0.00689280188231578,0.0,0.0,-0.08299761568196118,False,False,16.435546875,0.045654296875,-0.00023054893244989216,
457,1782788586.5620217,23.681894161039963,16.34621378558194,16.28365625,-0.011185592514323162,-0.087890625,0.0,0.04841454327106476,False,False,16.34765625,0.04541015625,0.00013448484241962433,
458,1782788586.6140242,23.733815385960042,16.3257199369253,16.28365625,-0.020493848656656155,0.0,0.0,0.03768637776374817,False,False,16.34765625,0.04541015625,0.00010468438267707825,
459,1782788586.6659346,23.78661494492553,16.311939873088573,16.28365625,-0.013780063836719592,0.0,0.0,4.39628005027771,False,False,16.34765625,0.04541015625,0.012211889028549194,
460,1782788586.7187345,23.838480873033404,16.302674158164756,16.28365625,-0.009265714923827773,0.0,0.0,0.035009533166885376,False,False,16.34765625,0.04541015625,9.724870324134827e-05,
461,1782788586.7705977,23.890754560939968,16.3150712471951,16.371546875,0.012397089030343977,0.087890625,0.0,4.616216495633125,False,False,16.435546875,0.045654296875,0.012822823598980904,
462,1782788586.822872,23.94267537887208,16.317752350363985,16.28365625,0.0026811031688964704,-0.087890625,0.0,0.25762148201465607,False,False,16.34765625,0.04541015625,0.0007156152278184891,
463,1782788586.874795,23.994873418007046,16.31955512413474,16.28365625,0.0018027737707484448,0.0,0.0,0.35148806869983673,False,False,16.34765625,0.04541015625,0.0009763557463884354,
464,1782788586.9269924,24.046916235936806,16.307794652968198,16.28365625,-0.011760471166553543,0.0,0.0,0.04571691155433655,False,False,16.34765625,0.04541015625,0.0001269914209842682,
465,1782788586.9790347,24.098806238966063,16.299886912155817,16.28365625,-0.0079077408123851,0.0,0.0,0.04303470253944397,False,False,16.34765625,0.04541015625,0.00011954084038734436,
466,1782788587.030924,24.150915334001184,16.292605317731528,16.28365625,-0.007281594424284776,0.0,0.0,0.03765955567359924,False,False,16.34765625,0.04541015625,0.00010460987687110901,
467,1782788587.0830328,24.202814132906497,16.28967360314268,16.28365625,-0.0029317145888398954,0.0,0.0,0.4212154448032379,False,False,16.34765625,0.04541015625,0.0011700429022312164,
468,1782788587.1349308,24.25480663497001,16.28770231825314,16.28365625,-0.0019712848895494517,0.0,0.0,0.0430239737033844,False,False,16.34765625,0.04541015625,0.00011951103806495667,
469,1782788587.1869252,24.306728248950094,16.286376826293413,16.28365625,-0.0013254919597329717,0.0,0.0,0.04570618271827698,False,False,16.34765625,0.04541015625,0.0001269616186618805,
470,1782788587.2388449,24.35876734391786,16.285485565499688,16.28365625,-0.0008912607937361372,0.0,0.0,0.03765955567359924,False,False,16.34765625,0.04541015625,0.00010460987687110901,
471,1782788587.2908828,24.410665550036356,16.28488628174199,16.28365625,-0.0005992837577082355,0.0,0.0,0.034977346658706665,False,False,16.34765625,0.04541015625,9.715929627418518e-05,
472,1782788587.342785,24.46274116402492,16.284483323343313,16.28365625,-0.000402958398666442,0.0,0.0,0.034977346658706665,False,False,16.34765625,0.04541015625,9.715929627418518e-05,
473,1782788587.3948607,24.514687629882246,16.28421237411604,16.28365625,-0.00027094922728565507,0.0,0.0,0.04302129149436951,False,False,16.34765625,0.04541015625,0.00011950358748435974,
474,1782788587.4468052,24.566633279900998,16.284030187855628,16.28365625,-0.00018218626041743846,0.0,0.0,0.048383697867393494,False,False,16.34765625,0.04541015625,0.0001343991607427597,
475,1782788587.4987495,24.61860293103382,16.283907685814125,16.28365625,-0.0001225020415063227,0.0,0.0,0.2307625114917755,False,False,16.34765625,0.04541015625,0.0006410069763660431,
476,1782788587.550721,24.67048647091724,16.28382531544142,16.28365625,-8.237037269509528e-05,0.0,0.0,8.532188683748245,False,False,16.34765625,0.04541015625,0.023700524121522903,
477,1782788587.6026049,24.722572861937806,16.28376992960281,16.28365625,-5.538583860698054e-05,0.0,0.0,0.04299648106098175,False,False,16.34765625,0.04541015625,0.0001194346696138382,
478,1782788587.6546903,24.774632734945044,16.283732688164932,16.28365625,-3.724143786598688e-05,0.0,0.0,0.03763273358345032,False,False,16.34765625,0.04541015625,0.00010453537106513977,
479,1782788587.7067542,24.826583311893046,16.2837076470221,16.28365625,-2.5041142833970298e-05,0.0,0.0,0.03763273358345032,False,False,16.34765625,0.04541015625,0.00010453537106513977,
480,1782788587.7587006,24.878499276936054,16.28369080935766,16.28365625,-1.6837664446711642e-05,0.0,0.0,0.03763273358345032,False,False,16.34765625,0.04541015625,0.00010453537106513977,
481,1782788587.810617,24.93051581690088,16.28367948771209,16.28365625,-1.132164555883719e-05,0.0,0.0,0.03763273358345032,False,False,16.34765625,0.04541015625,0.00010453537106513977,
482,1782788587.8626337,24.98245505988598,16.283671875037605,16.28365625,-7.612674494339444e-06,0.0,0.0,0.38095012307167053,False,False,16.34765625,0.04541015625,0.001058194786310196,
483,1782788587.914574,25.034459637012333,16.283666756275288,16.28365625,-5.118762317124492e-06,0.0,0.0,5.890207439661026,False,False,16.34765625,0.04541015625,0.01636168733239174,
484,1782788587.9665751,25.08626015787013,16.299482355323995,16.371546875,0.01581559904872165,0.087890625,0.0,0.6893981248140335,False,False,16.435546875,0.045654296875,0.001914994791150093,
485,1782788588.018376,25.1383915678598,16.323090691969856,16.371546875,0.02360833664585016,0.0,0.0,-0.07772438751999289,False,False,16.435546875,0.045654296875,-0.0002159010764444247,
486,1782788588.0705097,25.190254237037152,16.338964937530527,16.371546875,0.015874245560667077,0.0,0.0,-0.04554659652058035,False,False,16.435546875,0.045654296875,-0.00012651832366827875,
487,1782788588.122372,25.242604387924075,16.333818467745527,16.28365625,-0.005146469784989449,-0.087890625,0.0,0.19048042595386505,False,False,16.34765625,0.04541015625,0.0005291122943162918,
488,1782788588.1746993,25.294757650000975,16.31738532521209,16.28365625,-0.016433142533429645,0.0,0.0,5.605861097574234,False,False,16.34765625,0.04541015625,0.01557183638215065,
489,1782788588.2268784,25.346706856042147,16.30633568017261,16.28365625,-0.011049645039491907,0.0,0.0,9.068587571382523,False,False,16.34765625,0.04541015625,0.02519052103161812,
490,1782788588.2788231,25.39904945087619,16.29890589884806,16.28365625,-0.007429781324560736,0.0,0.0,0.09928062558174133,False,False,16.34765625,0.04541015625,0.00027577951550483704,
491,1782788588.331165,25.45087310182862,16.29391011388544,16.28365625,-0.004995784962630978,0.0,0.0,1.6603262722492218,False,False,16.34765625,0.04541015625,0.004612017422914505,
492,1782788588.3829877,25.502712548943236,16.290550948076564,16.28365625,-0.003359165808888065,0.0,0.0,4.927251487970352,False,False,16.34765625,0.04541015625,0.013686809688806534,
493,1782788588.4348283,25.55435019894503,16.288292244986682,16.28365625,-0.002258703089893288,0.0,0.0,0.040265992283821106,False,False,16.34765625,0.04541015625,0.00011184997856616974,
494,1782788588.4864647,25.60602373885922,16.286773493029045,16.28365625,-0.0015187519576329578,0.0,0.0,-13.976957648992538,False,False,16.34765625,0.04541015625,-0.03882488235831261,
495,1782788588.5381396,25.658321240916848,16.28575228421273,16.28365625,-0.001021208816325725,0.0,0.0,0.03758445382118225,False,False,16.34765625,0.04541015625,0.00010440126061439514,
496,1782788588.590436,25.710146985016763,16.285065623404638,16.28365625,-0.0006866608080997594,0.0,0.0,4.927251487970352,False,False,16.34765625,0.04541015625,0.013686809688806534,
497,1782788588.642261,25.76191169093363,16.297576568927276,16.28365625,0.012510945522649308,0.0,0.0,1.1828823387622833,False,False,16.34765625,0.04541015625,0.003285784274339676,
498,1782788588.6940258,25.813800192903727,16.321809241196707,16.371546875,0.024232672269420164,0.087890625,0.0,0.10731115937232971,False,False,16.435546875,0.045654296875,0.000298086553812027,
499,1782788588.7459157,25.865507158916444,16.338103290030666,16.371546875,0.01629404883397001,0.0,0.0,-0.08313105558045208,False,False,16.435546875,0.045654296875,-0.00023091959883458912,
500,1782788588.7976236,25.91725403186865,16.34905940846662,16.371546875,0.010956118435956341,0.0,0.0,5.5897292867302895,False,False,16.435546875,0.045654296875,0.015527025796473026,
501,1782788588.8493688,25.969249201007187,16.356426302502953,16.371546875,0.0073668940363234015,0.0,0.0,5.664821416139603,False,False,16.435546875,0.045654296875,0.01573561504483223,
502,1782788588.9013648,26.021084239939228,16.361379802052983,16.371546875,0.004953499550026663,0.0,0.0,-0.08047096955124289,False,False,16.435546875,0.045654296875,-0.0002235304709756747,
503,1782788588.9531977,26.07280418695882,16.36594107632335,16.371546875,0.004561274270372451,0.0,0.0,0.05094118416309357,False,False,16.435546875,0.045654296875,0.00014150328934192657,
504,1782788589.0049179,26.124569133855402,16.367777535969818,16.371546875,0.0018364596464834904,0.0,0.0,3.3876045048236847,False,False,16.435546875,0.045654296875,0.009410012513399124,
505,1782788589.0566857,26.176510876975954,16.369012371436106,16.371546875,0.0012348354662776728,0.0,0.0,-0.08049779164139181,False,False,16.435546875,0.045654296875,-0.00022360497678164393,
506,1782788589.1086264,26.228581045987085,16.369842674803635,16.371546875,0.0008303033675360894,0.0,0.0,7.067573145031929,False,False,16.435546875,0.045654296875,0.01963214762508869,
507,1782788589.160696,26.280341900885105,16.370400970787966,16.371546875,0.0005582959843195567,0.0,0.0,0.010675862431526184,False,False,16.435546875,0.045654296875,2.9655173420906067e-05,
508,1782788589.2124574,26.332247791811824,16.370776369007828,16.371546875,0.0003753982198588801,0.0,0.0,-0.08052461373154074,False,False,16.435546875,0.045654296875,-0.00022367948258761317,
509,1782788589.264363,26.384253386873752,16.371028786770864,16.371546875,0.00025241776302209473,0.0,0.0,0.39153411984443665,False,False,16.435546875,0.045654296875,0.0010875947773456573,
510,1782788589.31637,26.436324222944677,16.371198512474734,16.371546875,0.00016972570386997177,0.0,0.0,0.3217725455760956,False,False,16.435546875,0.045654296875,0.0008938126266002655,
511,1782788589.3684404,26.487999576842412,16.371312636038013,16.371546875,0.0001141235632644566,0.0,0.0,0.27616091072559357,False,False,16.435546875,0.045654296875,0.0007671136409044266,
512,1782788589.4201136,26.53973046783358,16.371389372721957,16.371546875,7.673668395113964e-05,0.0,0.0,3.6208701878786087,False,False,16.435546875,0.045654296875,0.010057972744107246,
513,1782788589.4718618,26.5915386560373,16.371440970468246,16.371546875,5.1597746278275736e-05,0.0,0.0,-0.08058362232986838,False,False,16.435546875,0.045654296875,-0.0002238433953607455,
514,1782788589.5236528,26.643212583847344,16.355655352292846,16.28365625,-0.01578561817541413,-0.087890625,0.0,-1.166889164596796,False,False,16.34765625,0.04541015625,-0.0032413587905466557,
515,1782788589.575327,26.694984641857445,16.33206844638171,16.28365625,-0.023586905911145095,0.0,0.0,0.04545874893665314,False,False,16.34765625,0.04541015625,0.00012627430260181427,
516,1782788589.627101,26.746898125857115,16.34500157959706,16.371546875,0.012933133215341286,0.087890625,0.0,-0.048425947898067534,False,False,16.435546875,0.045654296875,-0.00013451652193907648,
517,1782788589.6790154,26.798640646971762,16.337877505871063,16.28365625,-0.007124073726004099,-0.087890625,0.0,0.04544802010059357,False,False,16.34765625,0.04541015625,0.00012624450027942657,
518,1782788589.730758,26.85022266791202,16.329372427907117,16.371546875,-0.00850507796394595,0.087890625,0.0,0.029350072145462036,False,False,16.435546875,0.045654296875,8.152797818183899e-05,
519,1782788589.7823374,26.901737466920167,16.343188776774745,16.371546875,0.013816348867635497,0.0,0.0,-0.04575782048050314,False,False,16.435546875,0.045654296875,-0.0001271050568902865,
520,1782788589.8338528,26.95338333887048,16.35247888975334,16.371546875,0.00929011297859006,0.0,0.0,8.140338733792305,False,False,16.435546875,0.045654296875,0.02261205203831196,
521,1782788589.8855004,27.005041786003858,16.358725561720142,16.371546875,0.006246671966806616,0.0,0.0,-0.08063726651016623,False,False,16.435546875,0.045654296875,-0.00022399240697268397,
522,1782788589.9371667,27.05677169584669,16.362925823950626,16.371546875,0.004200262230483531,0.0,0.0,-0.08065134810749441,False,False,16.435546875,0.045654296875,-0.00022403152252081782,
523,1782788589.988885,27.10843199491501,16.3369571115244,16.28365625,-0.02596871242622001,-0.087890625,0.0,0.04541046917438507,False,False,16.34765625,0.04541015625,0.00012614019215106964,
524,1782788590.0405488,27.16033144085668,16.319495749289008,16.28365625,-0.017461362235394517,0.0,0.0,0.04540443420410156,False,False,16.34765625,0.04541015625,0.00012612342834472656,
525,1782788590.092445,27.21198899904266,16.336547698071932,16.371546875,0.017051948782921045,0.087890625,0.0,1.676176954060793,False,False,16.435546875,0.045654296875,0.004656047094613314,
526,1782788590.1441302,27.263833835022524,16.33219311593357,16.28365625,-0.0043545821383759176,-0.087890625,0.0,3.993601016700268,False,False,16.34765625,0.04541015625,0.011093336157500744,
527,1782788590.1959863,27.315588855883107,16.316292438653733,16.28365625,-0.01590067727983069,0.0,0.0,0.045383647084236145,False,False,16.34765625,0.04541015625,0.0001260656863451004,
528,1782788590.2477036,27.367299802834168,16.305600823250774,16.28365625,-0.010691615402947718,0.0,0.0,1.2765122205018997,False,False,16.34765625,0.04541015625,0.0035458672791719437,
529,1782788590.2994528,27.418963138014078,16.298411781053822,16.28365625,-0.007189042196955597,0.0,0.0,2.7758610248565674,False,False,16.34765625,0.04541015625,0.0077107250690460205,
530,1782788590.3510754,27.47086736303754,16.29357786908059,16.28365625,-0.004833911973236127,0.0,0.0,0.04805043339729309,False,False,16.34765625,0.04541015625,0.00013347342610359192,
531,1782788590.4029815,27.52269242098555,16.29032754666979,16.28365625,-0.0032503224107927053,0.0,0.0,8.56138251721859,False,False,16.34765625,0.04541015625,0.02378161810338497,
532,1782788590.454807,27.574679274810478,16.288142029880763,16.28365625,-0.0021855167890407756,0.0,0.0,0.040001124143600464,False,False,16.34765625,0.04541015625,0.00011111423373222351,
533,1782788590.506795,27.62653648084961,16.286129565481296,16.28365625,-0.0020124643994563485,0.0,0.0,0.03731623291969299,False,False,16.34765625,0.04541015625,0.00010365620255470276,
534,1782788590.5586503,27.678361483849585,16.285319307329626,16.28365625,-0.0008102581516595819,0.0,0.0,0.04535213112831116,False,False,16.34765625,0.04541015625,0.00012597814202308655,
535,1782788590.6104736,27.730011875042692,16.28477448974844,16.28365625,-0.0005448175811864076,0.0,0.0,0.048034340143203735,False,False,16.34765625,0.04541015625,0.00013342872262001038,
536,1782788590.6621256,27.781873747939244,16.284408154406847,16.28365625,-0.00036633534159591363,0.0,0.0,3.5161198675632477,False,False,16.34765625,0.04541015625,0.009766999632120132,
537,1782788590.7139878,27.833769786870107,16.284161830523164,16.28365625,-0.00024632388368672764,0.0,0.0,0.03728538751602173,False,False,16.34765625,0.04541015625,0.00010357052087783813,
538,1782788590.765885,27.88534582592547,16.283996202343776,16.28365625,-0.0001656281793884773,0.0,0.0,0.2330799400806427,False,False,16.34765625,0.04541015625,0.0006474442780017853,
539,1782788590.8174586,27.93694416200742,16.283884833955952,16.28365625,-0.00011136838782022096,0.0,0.0,0.04800751805305481,False,False,16.34765625,0.04541015625,0.00013335421681404114,
540,1782788590.869057,27.988757552811876,16.28380994985198,16.28365625,-7.488410398082124e-05,0.0,0.0,0.039960891008377075,False,False,16.34765625,0.04541015625,0.00011100247502326965,
541,1782788590.9208968,28.04062811098993,16.283759597780474,16.28365625,-5.03520714971728e-05,0.0,0.0,0.039960891008377075,False,False,16.34765625,0.04541015625,0.00011100247502326965,
542,1782788590.9727428,28.09246066887863,16.31251870979759,16.371546875,0.02875911201712711,0.087890625,0.0,-0.08073919045273215,False,False,16.435546875,0.045654296875,-0.00022427552903536707,
543,1782788591.0245926,28.144124652957544,16.303063367967905,16.28365625,-0.009455341829692543,-0.087890625,0.0,0.03995552659034729,False,False,16.34765625,0.04541015625,0.0001109875738620758,
544,1782788591.0762675,28.196167506976053,16.296705596121615,16.28365625,-0.0063577718462966,0.0,0.0,6.962736994028091,False,False,16.34765625,0.04541015625,0.019340936094522476,
545,1782788591.1282825,28.247736491030082,16.292430630332174,16.28365625,-0.00427496578944897,0.0,0.0,0.039950162172317505,False,False,16.34765625,0.04541015625,0.00011097267270088196,
546,1782788591.1798508,28.299540381878614,16.289556143335354,16.28365625,-0.002874486996830683,0.0,0.0,0.039950162172317505,False,False,16.34765625,0.04541015625,0.00011097267270088196,
547,1782788591.231683,28.351543976925313,16.287623338278692,16.28365625,-0.0019328050566684851,0.0,0.0,0.039950162172317505,False,False,16.34765625,0.04541015625,0.00011097267270088196,
548,1782788591.283659,28.403097664006054,16.286323720158588,16.28365625,-0.0012996181201003765,0.0,0.0,0.045309215784072876,False,False,16.34765625,0.04541015625,0.00012585893273353577,
549,1782788591.3352122,28.45466801803559,16.300947320186403,16.371546875,0.014623600027817929,0.087890625,0.0,0.02653392031788826,False,False,16.435546875,0.045654296875,7.370533421635628e-05,
550,1782788591.386784,28.50625018682331,16.32407573434334,16.371546875,0.02312841415692901,0.0,0.0,0.06407327950000763,False,False,16.435546875,0.045654296875,0.00017798133194446564,
551,1782788591.4383633,28.557824671035632,16.32380696752246,16.28365625,-0.0002687668208807281,-0.087890625,0.0,-14.580788612365723,False,False,16.34765625,0.04541015625,-0.040502190589904785,
552,1782788591.4899406,28.609503339976072,16.310653592462103,16.28365625,-0.013153375060369399,0.0,0.0,0.03992334008216858,False,False,16.34765625,0.04541015625,0.00011089816689491272,
553,1782788591.541618,28.661218008957803,16.30180926307152,16.28365625,-0.008844329390569783,0.0,0.0,0.03992334008216858,False,False,16.34765625,0.04541015625,0.00011089816689491272,
554,1782788591.5933328,28.712820047978312,16.29586233598929,16.28365625,-0.0059469270822205544,0.0,0.0,0.5763651430606842,False,False,16.34765625,0.04541015625,0.0016010142862796783,
555,1782788591.6449347,28.764456475852057,16.2918636222192,16.28365625,-0.003998713770101858,0.0,0.0,0.03992334008216858,False,False,16.34765625,0.04541015625,0.00011089816689491272,
556,1782788591.6965835,28.816318552941084,16.28917488708019,16.28365625,-0.002688735139003029,0.0,0.0,0.037235766649246216,False,False,16.34765625,0.04541015625,0.00010343268513679504,
557,1782788591.7484348,28.86844588886015,16.28736698157272,16.28365625,-0.0018079055074622374,0.0,0.0,2.1642275154590607,False,False,16.34765625,0.04541015625,0.006011743098497391,
558,1782788591.8006005,28.920155650004745,16.2861513459095,16.28365625,-0.001215635663214698,0.0,0.0,0.726558119058609,False,False,16.34765625,0.04541015625,0.002018216997385025,
559,1782788591.8522701,28.972043929854408,16.285333952489548,16.28365625,-0.000817393419936252,0.0,0.0,4.224147945642471,False,False,16.34765625,0.04541015625,0.01173374429345131,
560,1782788591.9041593,29.024115172913298,16.31357730590397,16.371546875,0.02824335341441042,0.087890625,0.0,6.5737516433000565,False,False,16.435546875,0.045654296875,0.018260421231389046,
561,1782788591.95623,29.07594678690657,16.31674782423983,16.28365625,0.0031705183358496924,-0.087890625,0.0,-0.0647211167961359,False,False,16.34765625,0.04541015625,-0.0001797808799892664,
562,1782788592.008062,29.127710992936045,16.305907024518863,16.28365625,-0.010840799720966743,0.0,0.0,0.03720290958881378,False,False,16.34765625,0.04541015625,0.00010334141552448273,
563,1782788592.05989,29.179496421013027,16.298617670786484,16.28365625,-0.007289353732375048,0.0,0.0,0.047927722334861755,False,False,16.34765625,0.04541015625,0.00013313256204128265,
564,1782788592.1116104,29.231678609037772,16.291905498656202,16.28365625,-0.006712172130278304,0.0,0.0,0.8069915324449539,False,False,16.34765625,0.04541015625,0.0022416431456804276,
565,1782788592.1637921,29.2833848700393,16.28920304479643,16.28365625,-0.0027024538597686387,0.0,0.0,0.037192851305007935,False,False,16.34765625,0.04541015625,0.00010331347584724426,
566,1782788592.2154987,29.33532242802903,16.28738591482112,16.28365625,-0.0018171299753078074,0.0,0.0,0.03987506031990051,False,False,16.34765625,0.04541015625,0.00011076405644416809,
567,1782788592.267437,29.38709491188638,16.286164076625717,16.28365625,-0.0012218381953914559,0.0,0.0,0.037192851305007935,False,False,16.34765625,0.04541015625,0.00010331347584724426,
568,1782788592.3192086,29.438956654863432,16.28534251262313,16.28365625,-0.0008215640025923676,0.0,0.0,0.037192851305007935,False,False,16.34765625,0.04541015625,0.00010331347584724426,
569,1782788592.37107,29.490845267893746,16.28479009298779,16.28365625,-0.0005524196353405841,0.0,0.0,0.03986969590187073,False,False,16.34765625,0.04541015625,0.00011074915528297424,
570,1782788592.4229593,29.54271943704225,16.28441864602499,16.28365625,-0.0003714469627880135,0.0,0.0,3.548199087381363,False,False,16.34765625,0.04541015625,0.009856108576059341,
571,1782788592.4748325,29.594443327980116,16.284168885087205,16.28365625,-0.00024976093777695496,0.0,0.0,0.04790693521499634,False,False,16.34765625,0.04541015625,0.0001330748200416565,
572,1782788592.5265608,29.646398033946753,16.284000945832638,16.28365625,-0.0001679392545668179,0.0,0.0,0.03985896706581116,False,False,16.34765625,0.04541015625,0.00011071935296058655,
573,1782788592.5785136,29.698271739995107,16.283888023477864,16.28365625,-0.00011292235478777002,0.0,0.0,0.9223048947751522,False,False,16.34765625,0.04541015625,0.0025619580410420895,
574,1782788592.6303856,29.7502743168734,16.283812094486514,16.28365625,-7.592899135033804e-05,0.0,0.0,-0.07011160254478455,False,False,16.34765625,0.04541015625,-0.0001947544515132904,
575,1782788592.6823905,29.802229597000405,16.28376103983273,16.28365625,-5.1054653795290506e-05,0.0,0.0,0.09886220097541809,False,False,16.34765625,0.04541015625,0.0002746172249317169,
576,1782788592.7343447,29.854039672994986,16.283726710683528,16.28365625,-3.432914920153962e-05,0.0,0.0,5.704679042100906,False,False,16.34765625,0.04541015625,0.015846330672502518,
577,1782788592.7861536,29.906022156821564,16.2837036277636,16.28365625,-2.3082919938133273e-05,0.0,0.0,5.704679042100906,False,False,16.34765625,0.04541015625,0.015846330672502518,
578,1782788592.8381367,29.95787323289551,16.283688106808246,16.28365625,-1.5520955344072718e-05,0.0,0.0,0.32953619956970215,False,False,16.34765625,0.04541015625,0.0009153783321380615,
579,1782788592.8899865,30.00955332792364,16.32310436169965,16.371546875,0.039416254891392555,0.087890625,0.0,-0.08084580826107413,False,False,16.435546875,0.045654296875,-0.0002245716896140948,
580,1782788592.941666,30.06139405281283,16.338974129056844,16.371546875,0.015869767357202136,0.0,0.0,-0.0808565370971337,False,False,16.435546875,0.045654296875,-0.0002246014919364825,
581,1782788592.9936414,30.11641166685149,16.34483722332661,16.371546875,0.005863094269756175,0.0,0.0,1.0054162424057722,False,False,16.435546875,0.045654296875,0.0027928228955715895,
582,1782788593.0485322,30.168293576920405,16.353587305214813,16.371546875,0.008750081888194927,0.0,0.0,-0.005782172738690861,False,False,16.435546875,0.045654296875,-1.6061590940807946e-05,
583,1782788593.100411,30.220135875977576,16.330677891526438,16.28365625,-0.02290941368838162,-0.087890625,0.0,7.971107438206673,False,False,16.34765625,0.04541015625,0.022141965106129646,
584,1782788593.1522515,30.272081951843575,16.315273601762378,16.28365625,-0.015404289764063606,0.0,0.0,0.04248686134815216,False,False,16.34765625,0.04541015625,0.00011801905930042267,
585,1782788593.2042358,30.326399251818657,16.30958247844515,16.28365625,-0.0056911233172343145,0.0,0.0,3.8431817293167114,False,False,16.34765625,0.04541015625,0.010675504803657532,
586,1782788593.2585173,30.37835032795556,16.301089046006517,16.28365625,-0.008493432438626769,0.0,0.0,2.164114862680435,False,False,16.34765625,0.04541015625,0.00601143017411232,
587,1782788593.3104703,30.431016866816208,16.295378062034786,16.28365625,-0.005710983971738415,0.0,0.0,0.03712311387062073,False,False,16.34765625,0.04541015625,0.00010311976075172424,
588,1782788593.3631356,30.483514628838748,16.29153799641219,16.28365625,-0.0038400656225974217,0.0,0.0,0.039794594049453735,False,False,16.34765625,0.04541015625,0.00011054053902626038,
589,1782788593.4156346,30.535703260917217,16.304776248787554,16.371546875,0.01323825237537335,0.087890625,0.0,4.097978174686432,False,False,16.435546875,0.045654296875,0.01138327270746231,
590,1782788593.4678204,30.587473375024274,16.326650305934756,16.371546875,0.021874057147215353,0.0,0.0,8.233937099575996,False,False,16.435546875,0.045654296875,0.022872047498822212,
591,1782788593.519587,30.63943089498207,16.341358421960535,16.371546875,0.014708116025786921,0.0,0.0,-0.08091085182968527,False,False,16.435546875,0.045654296875,-0.0002247523661935702,
592,1782788593.5715475,30.691443915944546,16.351248159176265,16.371546875,0.00988973721572961,0.0,0.0,-0.005819723664899357,False,False,16.435546875,0.045654296875,-1.616589906916488e-05,
593,1782788593.6235607,30.743481973884627,16.32910504973012,16.28365625,-0.022143109446147946,-0.087890625,0.0,0.4340578615665436,False,False,16.34765625,0.04541015625,0.0012057162821292877,
594,1782788593.675598,30.79530738387257,16.308715263809596,16.28365625,-0.020389785920514214,0.0,0.0,2.263319045305252,False,False,16.34765625,0.04541015625,0.006286997348070145,
595,1782788593.7274215,30.847380570834503,16.31632624338557,16.371546875,0.007610979575986221,0.087890625,0.0,6.198119670152664,False,False,16.435546875,0.045654296875,0.0172169990837574,
596,1782788593.7794955,30.899482887936756,16.305623553552458,16.28365625,-0.010702689833124168,-0.087890625,0.0,0.03709226846694946,False,False,16.34765625,0.04541015625,0.00010303407907485962,
597,1782788593.8315983,30.951441649813205,16.298427064908672,16.28365625,-0.007196488643785415,0.0,0.0,0.03709092736244202,False,False,16.34765625,0.04541015625,0.00010303035378456116,
598,1782788593.8835592,31.00352102285251,16.29358814594459,16.28365625,-0.00483891896408295,0.0,0.0,0.12292630970478058,False,False,16.34765625,0.04541015625,0.0003414619714021683,
599,1782788593.9356375,31.055692802881822,16.290334456833143,16.28365625,-0.003253689111431868,0.0,0.0,0.047825127840042114,False,False,16.34765625,0.04541015625,0.00013284757733345032,
600,1782788593.987809,31.107661582995206,16.2881466762746,16.28365625,-0.0021877805585290844,0.0,0.0,0.03977850079536438,False,False,16.34765625,0.04541015625,0.00011049583554267883,
601,1782788594.0397763,31.15962369600311,16.28667561262704,16.28365625,-0.0014710636475570027,0.0,0.0,0.03977850079536438,False,False,16.34765625,0.04541015625,0.00011049583554267883,
602,1782788594.0917385,31.211659864988178,16.28568646943042,16.28365625,-0.0009891431966195796,0.0,0.0,0.039773136377334595,False,False,16.34765625,0.04541015625,0.00011048093438148499,
603,1782788594.143775,31.2635837928392,16.285021369545014,16.28365625,-0.000665099885395648,0.0,0.0,3.548102527856827,False,False,16.34765625,0.04541015625,0.009855840355157852,
604,1782788594.1956992,31.315342739922926,16.284574156382067,16.28365625,-0.00044721316294271674,0.0,0.0,0.047819092869758606,False,False,16.34765625,0.04541015625,0.00013283081352710724,
605,1782788594.247458,31.367485167924315,16.284273450251305,16.28365625,-0.00030070613075849906,0.0,0.0,0.039769113063812256,False,False,16.34765625,0.04541015625,0.0001104697585105896,
606,1782788594.2995996,31.419388780836016,16.28407125544898,16.28365625,-0.00020219480234118237,0.0,0.0,0.03976777195930481,False,False,16.34765625,0.04541015625,0.00011046603322029114,
607,1782788594.351503,31.471330838976428,16.28393529966389,16.28365625,-0.0001359557850832971,0.0,0.0,-63.70830059051514,False,False,16.34765625,0.04541015625,-0.17696750164031982,
608,1782788594.4035044,31.523257026914507,16.28381010905508,16.28365625,-0.00012519060879867538,0.0,0.0,0.0397617369890213,False,False,16.34765625,0.04541015625,0.00011044926941394806,
609,1782788594.455355,31.575154417892918,16.283759704828636,16.28365625,-5.040422644242426e-05,0.0,0.0,13.09675857424736,False,False,16.34765625,0.04541015625,0.03637988492846489,
610,1782788594.5072508,31.62710845703259,16.283725813026777,16.28365625,-3.3891801848540126e-05,0.0,0.0,0.15777960419654846,False,False,16.34765625,0.04541015625,0.00043827667832374573,
611,1782788594.5592246,31.67933866288513,16.283703024179207,16.28365625,-2.278884755924082e-05,0.0,0.0,0.037080198526382446,False,False,16.34765625,0.04541015625,0.00010300055146217346,
612,1782788594.6114266,31.731284461915493,16.2836877009581,16.28365625,-1.5323221106200435e-05,0.0,0.0,-18.108065128326416,False,False,16.34765625,0.04541015625,-0.05030018091201782,
613,1782788594.6634004,31.783380407840014,16.28367739762423,16.28365625,-1.030333388030158e-05,0.0,0.0,0.8873350918292999,False,False,16.34765625,0.04541015625,0.002464819699525833,
614,1782788594.7154953,31.835108706960455,16.283670469662535,16.28365625,-6.9279616923267895e-06,0.0,0.0,0.03975704312324524,False,False,16.34765625,0.04541015625,0.00011043623089790344,
615,1782788594.7672255,31.886951634893194,16.312458780051085,16.371546875,0.028788310388563332,0.087890625,0.0,0.03438122570514679,False,False,16.435546875,0.045654296875,9.550340473651886e-05,
616,1782788594.8190668,31.93888771091588,16.331816039956347,16.371546875,0.019357259905262936,0.0,0.0,-0.08095376717392355,False,False,16.435546875,0.045654296875,-0.00022487157548312098,
617,1782788594.8710024,31.99106132495217,16.329011549016645,16.28365625,-0.00280449093969537,-0.087890625,0.0,6.640651971101761,False,False,16.34765625,0.04541015625,0.01844625547528267,
618,1782788594.923178,32.043239085935056,16.31415315305879,16.28365625,-0.01485839595784455,0.0,0.0,0.0397355854511261,False,False,16.34765625,0.04541015625,0.00011037662625312805,
619,1782788594.9753547,32.09545912593603,16.308663710508206,8.109828125,-0.00548944255058359,-8.173828125,0.0,-33.40742290019989,True,False,8.173828125,0.022705078125,-0.0927983969449997,
620,1782788595.027575,32.147470275871456,16.300471266445715,16.28365625,-0.008192444062501636,8.173828125,0.0,9.076075628399849,False,False,16.34765625,0.04541015625,0.02521132118999958,
621,1782788595.0795846,32.19937140797265,16.294962667058098,16.28365625,-0.005508599387610502,0.0,0.0,0.037026554346084595,False,False,16.34765625,0.04541015625,0.00010285153985023499,
622,1782788595.1314852,32.25110096484423,16.291258684829863,16.28365625,-0.003703982228245195,0.0,0.0,0.037026554346084595,False,False,16.34765625,0.04541015625,0.00010285153985023499,
623,1782788595.1832137,32.30306844902225,16.2887681271796,16.28365625,-0.0024905576502760596,0.0,0.0,0.037026554346084595,False,False,16.34765625,0.04541015625,0.00010285153985023499,
624,1782788595.2351837,32.35493219201453,16.30291378871556,16.371546875,0.014145661535962972,0.087890625,0.0,-0.08099131810013205,False,False,16.435546875,0.045654296875,-0.0002249758836114779,
625,1782788595.287048,32.40683084190823,16.333704787481526,16.371546875,0.030790998765951372,0.0,0.0,-0.08099668251816183,False,False,16.435546875,0.045654296875,-0.00022499078477267176,
626,1782788595.3390372,32.460104177938774,16.34610185535258,16.371546875,0.012397067871063427,0.0,0.0,7.1180469542741776,False,False,16.435546875,0.045654296875,0.019772352650761604,
627,1782788595.3922217,32.51188845792785,16.350681958889112,16.371546875,0.004580103536540037,0.0,0.0,0.053103044629096985,False,False,16.435546875,0.045654296875,0.00014750845730304718,
628,1782788595.4440048,32.563789256848395,16.35751730540704,16.371546875,0.006835346517931384,0.0,0.0,-0.0810074113542214,False,False,16.435546875,0.045654296875,-0.00022502058709505945,
629,1782788595.4959035,32.615628147963434,16.36381141927267,16.371546875,0.006294113865635609,0.0,0.0,5.72595901787281,False,False,16.435546875,0.045654296875,0.015905441716313362,
630,1782788595.5477433,32.667410001857206,16.366345554568944,16.371546875,0.002534135296286877,0.0,0.0,-0.0810335628921166,False,False,16.435546875,0.045654296875,-0.00022509323025587946,
631,1782788595.599524,32.71939244796522,16.33925653839216,16.28365625,-0.02708901617677384,-0.087890625,0.0,0.04770711064338684,False,False,16.34765625,0.04541015625,0.00013251975178718567,
632,1782788595.651507,32.77143835788593,16.321041883914887,16.28365625,-0.018214654477276326,0.0,0.0,0.15767768025398254,False,False,16.34765625,0.04541015625,0.0004379935562610626,
633,1782788595.703585,32.82830958394334,16.308794350244373,16.28365625,-0.012247533670517896,0.0,0.0,1.662391573190689,False,False,16.34765625,0.04541015625,0.004617754369974136,
634,1782788595.760444,32.88038966082968,16.304269492200387,16.28365625,-0.004524858043993163,0.0,0.0,0.045006126165390015,False,False,16.34765625,0.04541015625,0.00012501701712608337,
635,1782788595.812506,32.93233777396381,16.297516594055537,16.28365625,-0.006752898144839037,0.0,0.0,0.8147920668125153,False,False,16.34765625,0.04541015625,0.0022633112967014313,
636,1782788595.8644521,32.984532590955496,16.292975945342942,16.28365625,-0.004540648712605844,0.0,0.0,0.04767492413520813,False,False,16.34765625,0.04541015625,0.00013243034482002258,
637,1782788595.9166474,33.03680870402604,16.289922813148596,16.28365625,-0.003053132194338559,0.0,0.0,0.19787393510341644,False,False,16.34765625,0.04541015625,0.0005496498197317123,
638,1782788595.9689236,33.08861559489742,16.28711143239011,16.28365625,-0.002811380758487303,0.0,0.0,0.03693133592605591,False,False,16.34765625,0.04541015625,0.00010258704423904419,
639,1782788596.0207303,33.140538652893156,16.28597951463911,16.28365625,-0.001131917750996081,0.0,0.0,0.03692999482154846,False,False,16.34765625,0.04541015625,0.00010258331894874573,
640,1782788596.072669,33.19232672895305,16.28521841314334,16.28365625,-0.0007611014957547013,0.0,0.0,0.686008483171463,False,False,16.34765625,0.04541015625,0.0019055791199207306,
641,1782788596.1244433,33.24484284291975,16.28470664849758,16.28365625,-0.0005117646457506453,0.0,0.0,0.039596110582351685,False,False,16.34765625,0.04541015625,0.00010998919606208801,
642,1782788596.1769733,33.296900196932256,16.284362537949775,16.28365625,-0.00034411054781458006,0.0,0.0,0.03691457211971283,False,False,16.34765625,0.04541015625,0.00010254047811031342,
643,1782788596.2290168,33.34869443997741,16.284131158017427,16.28365625,-0.0002313799323587773,0.0,0.0,0.044944435358047485,False,False,16.34765625,0.04541015625,0.00012484565377235413,
644,1782788596.2808125,33.40041131200269,16.28397557815092,16.28365625,-0.0001555798665151542,0.0,0.0,1.5845337510108948,False,False,16.34765625,0.04541015625,0.00440148264169693,
645,1782788596.3325267,33.452379980823025,16.28387096624868,16.28365625,-0.00010461190223054473,0.0,0.0,0.03958001732826233,False,False,16.34765625,0.04541015625,0.00010994449257850647,
646,1782788596.3844967,33.50445857597515,16.28380062520561,16.28365625,-7.03410430560325e-05,0.0,0.0,0.05298435688018799,False,False,16.34765625,0.04541015625,0.0001471787691116333,
647,1782788596.436576,33.556467263028026,16.28375332788825,16.28365625,-4.7297317365746494e-05,0.0,0.0,0.039563924074172974,False,False,16.34765625,0.04541015625,0.00010989978909492493,
648,1782788596.4885554,33.608177857939154,16.28372152517206,16.28365625,-3.1802716193851666e-05,0.0,0.0,0.039563924074172974,False,False,16.34765625,0.04541015625,0.00010989978909492493,
649,1782788596.5403306,33.66389830596745,16.283700141025694,16.28365625,-2.1384146350555966e-05,0.0,0.0,4.6154118329286575,False,False,16.34765625,0.04541015625,0.012820588424801826,
650,1782788596.596034,33.71567136282101,16.28368576232568,16.28365625,-1.4378700029737956e-05,0.0,0.0,0.03687635064125061,False,False,16.34765625,0.04541015625,0.00010243430733680725,
651,1782788596.6477864,33.767446383833885,16.283676094087788,16.28365625,-9.66823787962312e-06,0.0,0.0,0.0476045161485672,False,False,16.34765625,0.04541015625,0.00013223476707935333,
652,1782788596.6995628,33.81917992304079,16.283669593164632,16.28365625,-6.5009231491330866e-06,0.0,0.0,0.03955855965614319,False,False,16.34765625,0.04541015625,0.00010988488793373108,
653,1782788596.7512934,33.87138860998675,16.2994855344439,16.371546875,0.01581594127927133,0.087890625,0.0,3.665904477238655,False,False,16.435546875,0.045654296875,0.010183067992329597,
654,1782788596.8035042,33.923185667954385,16.30727251711008,16.28365625,0.0077869826661753905,-0.087890625,0.0,5.524675324559212,False,False,16.34765625,0.04541015625,0.01534632034599781,
655,1782788596.8553026,33.97531124390662,16.296677503963956,16.28365625,-0.010595013146115662,0.0,0.0,10.290964096784592,False,False,16.34765625,0.04541015625,0.0285860113799572,
656,1782788596.907425,34.02732793195173,16.308232053665364,16.371546875,0.011554549701401129,0.087890625,0.0,-0.08382306026760489,False,False,16.435546875,0.045654296875,-0.00023284183407668024,
657,1782788596.9594405,34.0795587298926,16.32897398913459,16.371546875,0.020741935469231976,0.0,0.0,-0.08114688622299582,False,False,16.435546875,0.045654296875,-0.0002254080172860995,
658,1782788597.011673,34.13134667696431,16.342920866544098,16.371546875,0.013946877409523495,0.0,0.0,-47.4784791469574,False,False,16.435546875,0.045654296875,-0.13188466429710388,
659,1782788597.0635054,34.185884883860126,16.332253235566156,16.28365625,-0.01066763097793455,-0.087890625,0.0,-0.0704396702349186,False,False,16.34765625,0.04541015625,-0.00019566575065255165,
660,1782788597.1180327,34.23904427490197,16.332153175594687,16.371546875,-0.00010005997145867696,0.087890625,0.0,0.15754826366901398,False,False,16.435546875,0.045654296875,0.00043763406574726105,
661,1782788597.1711624,34.29131542495452,16.316265582769866,16.28365625,-0.01588759282481078,-0.087890625,0.0,4.988201335072517,False,False,16.34765625,0.04541015625,0.013856114819645882,
662,1782788597.2234664,34.343145408900455,16.305582765354455,16.28365625,-0.010682817415414547,0.0,0.0,0.044890791177749634,False,False,16.34765625,0.04541015625,0.00012469664216041565,
663,1782788597.2752335,34.39516994799487,16.298399638924334,16.28365625,-0.007183126430106768,0.0,0.0,0.04756763577461243,False,False,16.34765625,0.04541015625,0.00013213232159614563,
664,1782788597.327285,34.447334153810516,16.29356970471272,16.28365625,-0.004829934211613818,0.0,0.0,0.03684282302856445,False,False,16.34765625,0.04541015625,0.0001023411750793457,
665,1782788597.3794484,34.49907278595492,16.290322056948835,16.28365625,-0.0032476477638851975,0.0,0.0,0.03684282302856445,False,False,16.34765625,0.04541015625,0.0001023411750793457,
666,1782788597.4311876,34.550975787919015,16.301110994842396,16.28365625,0.010788937893551065,0.0,0.0,-1.1674737185239792,False,False,16.34765625,0.04541015625,-0.0032429825514554977,
667,1782788597.483119,34.60545456898399,16.31378945327077,16.371546875,0.012678458428382555,0.087890625,0.0,0.06634242832660675,False,False,16.435546875,0.045654296875,0.0001842845231294632,
668,1782788597.537591,34.66210496099666,16.316890472129263,16.28365625,0.0031010188585014475,-0.087890625,0.0,0.03951564431190491,False,False,16.34765625,0.04541015625,0.0001097656786441803,
669,1782788597.5942519,34.7141095190309,16.310908312145994,16.28365625,-0.005982159983261681,0.0,0.0,1.2974730134010315,False,False,16.34765625,0.04541015625,0.003604091703891754,
670,1782788597.6462293,34.76593307685107,16.30198053658696,16.28365625,-0.008927775559044449,0.0,0.0,10.835401564836502,False,False,16.34765625,0.04541015625,0.030098337680101395,
671,1782788597.6980517,34.817835042020306,16.29597750030107,16.28365625,-0.006003036285903818,0.0,0.0,0.4820747673511505,False,False,16.34765625,0.04541015625,0.001339096575975418,
672,1782788597.7499716,34.8695519878529,16.29194105870244,16.28365625,-0.004036441598628926,0.0,0.0,-0.06510207429528236,False,False,16.34765625,0.04541015625,-0.00018083909526467323,
673,1782788597.8016696,34.92313187988475,16.28922695537152,16.28365625,-0.002714103330930584,0.0,0.0,6.117379814386368,False,False,16.34765625,0.04541015625,0.0169927217066288,
674,1782788597.8552482,34.974874714855105,16.30322230479181,16.371546875,0.013995349420298453,0.087890625,0.0,-0.0812159531051293,False,False,16.435546875,0.045654296875,-0.00022559986973647028,
675,1782788597.9069893,35.026788679882884,16.296812465242013,16.28365625,-0.006409839549803564,-0.087890625,0.0,1.9840849936008453,False,False,16.34765625,0.04541015625,0.005511347204446793,
676,1782788597.9589057,35.078782385913655,16.292502489128726,16.28365625,-0.004309976113290759,0.0,0.0,8.534039407968521,False,False,16.34765625,0.04541015625,0.02370566502213478,
677,1782788598.0109117,35.132486869813874,16.28960446119016,16.28365625,-0.0028980279385564245,0.0,0.0,0.04484117031097412,False,False,16.34765625,0.04541015625,0.00012455880641937256,
678,1782788598.0645616,35.184106612810865,16.31644879595426,16.371546875,0.026844334764092537,0.087890625,0.0,3.8884346187114716,False,False,16.435546875,0.045654296875,0.010801207274198532,
679,1782788598.1162212,35.23570730001666,16.334498926649644,16.371546875,0.018050130695371536,0.0,0.0,-0.08124277519527823,False,False,16.435546875,0.045654296875,-0.00022567437554243952,
680,1782788598.167822,35.287358375964686,16.34663583452922,16.371546875,0.01213690787957944,0.0,0.0,-23.073155879974365,False,False,16.435546875,0.045654296875,-0.06409209966659546,
681,1782788598.219483,35.3390964330174,16.354796691387445,16.371546875,0.00816085685823964,0.0,0.0,1.6648531705141068,False,False,16.435546875,0.045654296875,0.004624592140316963,
682,1782788598.2712111,35.39072834281251,16.346491047261914,16.28365625,-0.008305644125528033,-0.087890625,0.0,-0.1295500248670578,False,False,16.34765625,0.04541015625,-0.00035986118018627167,
683,1782788598.3228621,35.44274673401378,16.325906367678908,16.28365625,-0.0205846795830098,0.0,0.0,0.04747644066810608,False,False,16.34765625,0.04541015625,0.00013187900185585022,
684,1782788598.3748677,35.4943690688815,16.312065229127295,16.28365625,-0.013841138551612175,0.0,0.0,0.036736875772476196,False,False,16.34765625,0.04541015625,0.00010204687714576721,
685,1782788598.427266,35.54769808985293,16.30695161288438,16.28365625,-0.005113616242908847,0.0,0.0,-63.82129669189453,False,False,16.34765625,0.04541015625,-0.17728137969970703,
686,1782788598.480599,35.60101931495592,16.29932005200346,16.28365625,-0.007631560880923871,0.0,0.0,0.039408355951309204,False,False,16.34765625,0.04541015625,0.00010946765542030334,
687,1782788598.5331364,35.652854279847816,16.310008902967123,16.371546875,0.010688850963674668,0.087890625,0.0,0.025991275906562805,False,False,16.435546875,0.045654296875,7.219798862934113e-05,
688,1782788598.584971,35.70464335591532,16.314348430105092,16.28365625,0.004339527137972254,-0.087890625,0.0,0.42026057839393616,False,False,16.34765625,0.04541015625,0.0011673904955387115,
689,1782788598.6368575,35.75752593181096,16.304293671902663,16.28365625,-0.010054758202443281,0.0,0.0,0.0474335253238678,False,False,16.34765625,0.04541015625,0.00013175979256629944,
690,1782788598.6896439,35.80920585989952,16.313353164987348,16.371546875,0.009059493084691894,0.087890625,0.0,0.817226842045784,False,False,16.435546875,0.045654296875,0.002270074561238289,
691,1782788598.7413225,35.861020139884204,16.316597111887496,16.28365625,0.0032439469001417365,-0.087890625,0.0,0.04474058747291565,False,False,16.34765625,0.04541015625,0.00012427940964698792,
692,1782788598.7931337,35.91258597490378,16.305805685533155,16.28365625,-0.010791426354330724,0.0,0.0,0.03937616944313049,False,False,16.34765625,0.04541015625,0.00010937824845314026,
693,1782788598.8447003,35.96432979195379,16.298549530452494,16.28365625,-0.007256155080654025,0.0,0.0,0.2807749807834625,False,False,16.34765625,0.04541015625,0.0007799305021762848,
694,1782788598.8964443,36.016253515845165,16.293670491776258,16.28365625,-0.0048790386762220805,0.0,0.0,0.03936007618904114,False,False,16.34765625,0.04541015625,0.00010933354496955872,
695,1782788598.948407,36.069596925983205,16.306210138670355,16.371546875,0.01253964689408349,0.087890625,0.0,-0.08134469913784415,False,False,16.435546875,0.045654296875,-0.00022595749760512263,
696,1782788599.0017111,36.121593873016536,16.327614453491947,16.371546875,0.021404314821580783,0.0,0.0,-0.08135073410812765,False,False,16.435546875,0.045654296875,-0.0002259742614114657,
697,1782788599.0537086,36.173525189980865,16.326186402277983,16.28365625,-0.0014280512139634993,-0.087890625,0.0,-0.1108657568693161,False,False,16.34765625,0.04541015625,-0.0003079604357481003,
698,1782788599.1056378,36.22538900584914,16.312253524391714,16.28365625,-0.013932877886276174,0.0,0.0,1.0639424622058868,False,False,16.34765625,0.04541015625,0.0029553957283496857,
699,1782788599.1575031,36.27717582299374,16.30288505730099,16.28365625,-0.009368467090723698,0.0,0.0,0.03665037453174591,False,False,16.34765625,0.04541015625,0.00010180659592151642,
700,1782788599.20929,36.32892802893184,16.296585700029187,16.28365625,-0.006299357271814188,0.0,0.0,0.03933325409889221,False,False,16.34765625,0.04541015625,0.00010925903916358948,
701,1782788599.2610419,36.380932048894465,16.292350012199623,16.28365625,-0.004235687829577728,0.0,0.0,0.03933325409889221,False,False,16.34765625,0.04541015625,0.00010925903916358948,
702,1782788599.313045,36.43271032883786,16.318294904453026,16.371546875,0.025944892253392027,0.087890625,0.0,0.03396816551685333,False,False,16.435546875,0.045654296875,9.435601532459259e-05,
703,1782788599.3648236,36.48474179394543,16.302754895628453,16.28365625,-0.015540008824586948,-0.087890625,0.0,2.5740154087543488,False,False,16.34765625,0.04541015625,0.007150042802095413,
704,1782788599.4168534,36.53644898091443,16.296498179320572,16.28365625,-0.006256716307888155,0.0,0.0,0.039317160844802856,False,False,16.34765625,0.04541015625,0.00010921433568000793,
705,1782788599.468564,36.588367889868096,16.310006944542867,16.371546875,0.013508765222297825,0.087890625,0.0,-0.08138225006405264,False,False,16.435546875,0.045654296875,-0.00022606180573347956,
706,1782788599.5204797,36.640091206878424,16.33761572662371,16.371546875,0.02760878208084705,0.0,0.0,-0.08138828503433615,False,False,16.435546875,0.045654296875,-0.00022607856953982264,
707,1782788599.5722075,36.69165345001966,16.348731570831784,16.371546875,0.011115844208063663,0.0,0.0,-0.08138828503433615,False,False,16.435546875,0.045654296875,-0.00022607856953982264,
708,1782788599.6237926,36.746271471027285,16.356205864477293,16.371546875,0.007474293645515218,0.0,0.0,0.015162527561187744,False,False,16.435546875,0.045654296875,4.21181321144104e-05,
709,1782788599.678386,36.79791258391924,16.361231579524535,16.371546875,0.005025715047253243,0.0,0.0,0.044652074575424194,False,False,16.435546875,0.045654296875,0.00012403354048728943,
710,1782788599.7300262,36.84961215988733,16.3646108703223,16.371546875,0.0033792907977669984,0.0,0.0,-0.08141175436321646,False,False,16.435546875,0.045654296875,-0.00022614376212004572,
711,1782788599.7817264,36.90128573589027,16.366883105454715,16.371546875,0.0022722351324091505,0.0,0.0,9.051506593823433,False,False,16.435546875,0.045654296875,0.025143073871731758,
712,1782788599.8334122,36.95292933098972,16.368410956357753,16.371546875,0.0015278509030451914,0.0,0.0,-0.08141980099026114,False,False,16.435546875,0.045654296875,-0.0002261661138618365,
713,1782788599.8850431,37.00469722086564,16.36943828330495,16.371546875,0.0010273269471952062,0.0,0.0,0.22969968616962433,False,False,16.435546875,0.045654296875,0.000638054683804512,
714,1782788599.9368114,37.05634603789076,16.34133608919425,16.28365625,-0.028102194110715573,-0.087890625,0.0,0.390632227063179,False,False,16.34765625,0.04541015625,0.0010850895196199417,
715,1782788599.9884603,37.10812207683921,16.322440173874217,16.28365625,-0.0188959153200301,0.0,0.0,8.187814503908157,False,False,16.34765625,0.04541015625,0.02274392917752266,
716,1782788600.0402377,37.1598191158846,16.309734560413023,16.28365625,-0.012705613461207577,0.0,0.0,0.039263516664505005,False,False,16.34765625,0.04541015625,0.00010906532406806946,
717,1782788600.091933,37.21146469190717,16.301191305921716,16.28365625,-0.008543254491314656,0.0,0.0,0.039263516664505005,False,False,16.34765625,0.04541015625,0.00010906532406806946,
718,1782788600.1435769,37.26324202702381,16.29544682160176,16.28365625,-0.0057444843199618845,0.0,0.0,0.983395054936409,False,False,16.34765625,0.04541015625,0.002731652930378914,
719,1782788600.1953523,37.3149383070413,16.291584230345027,16.28365625,-0.0038625912567340492,0.0,0.0,0.03926083445549011,False,False,16.34765625,0.04541015625,0.00010905787348747253,
720,1782788600.2470534,37.366748437983915,16.288987023984,16.28365625,-0.0025972063610311125,0.0,0.0,0.04193432629108429,False,False,16.34765625,0.04541015625,0.00011648423969745636,
721,1782788600.2988641,37.41844640299678,16.287240662426843,16.28365625,-0.0017463615571671198,0.0,0.0,0.13580158352851868,False,False,16.34765625,0.04541015625,0.0003772266209125519,
722,1782788600.3505614,37.47008475684561,16.286066408915808,16.28365625,-0.0011742535110386143,0.0,0.0,0.039242058992385864,False,False,16.34765625,0.04541015625,0.00010900571942329407,
723,1782788600.4021986,37.52182383299805,16.28527684085499,16.28365625,-0.0007895680608100974,0.0,0.0,0.0446058064699173,False,False,16.34765625,0.04541015625,0.0001239050179719925,
724,1782788600.4539392,37.57359777903184,16.284745935290893,16.28365625,-0.0005309055640907445,0.0,0.0,0.0472886860370636,False,False,16.34765625,0.04541015625,0.00013135746121406555,
725,1782788600.5058503,37.62529159593396,16.284257067599473,16.28365625,-0.000488867691416317,0.0,0.0,0.036559849977493286,False,False,16.34765625,0.04541015625,0.00010155513882637024,
726,1782788600.557433,37.6769450600259,16.284060239753885,16.28365625,-0.00019682784559904576,0.0,0.0,7.383130341768265,False,False,16.34765625,0.04541015625,0.020508695393800735,
727,1782788600.609059,37.728726209839806,16.283927892710512,16.28365625,-0.00013234704337605763,0.0,0.0,6.122486740350723,False,False,16.34765625,0.04541015625,0.017006907612085342,
728,1782788600.660842,37.78031191602349,16.28387899702262,16.28365625,-4.8895687882577477e-05,0.0,0.0,0.03923669457435608,False,False,16.34765625,0.04541015625,0.00010899081826210022,
729,1782788600.7124264,37.83223541802727,16.283806025098006,16.28365625,-7.297192462374369e-05,0.0,0.0,0.03923669457435608,False,False,16.34765625,0.04541015625,0.00010899081826210022,
730,1782788600.7643497,37.884051974862814,16.2837569587759,16.28365625,-4.9066322105773e-05,0.0,0.0,0.03923669457435608,False,False,16.34765625,0.04541015625,0.00010899081826210022,
731,1782788600.8161683,37.93576501403004,16.283723966580915,16.28365625,-3.299219497421291e-05,0.0,0.0,0.03923669457435608,False,False,16.34765625,0.04541015625,0.00010899081826210022,
732,1782788600.867883,37.987493867985904,16.283701782629006,16.28365625,-2.218395189856892e-05,0.0,0.0,1.388382464647293,False,False,16.34765625,0.04541015625,0.003856617957353592,
733,1782788600.9196253,38.03931596199982,16.312479834889743,16.371546875,0.0287780522607477,0.087890625,0.0,9.051447585225105,False,False,16.435546875,0.045654296875,0.025142909958958626,
734,1782788600.9714303,38.09093788987957,16.30303722847986,16.28365625,-0.009442606409891141,-0.087890625,0.0,0.039220601320266724,False,False,16.34765625,0.04541015625,0.00010894611477851868,
735,1782788601.023057,38.14275907701813,16.312508332429857,16.371546875,0.0094711039500055,0.087890625,0.0,4.902059510350227,False,False,16.435546875,0.045654296875,0.013616831973195076,
736,1782788601.0748744,38.194545374950394,16.331849358975838,16.371546875,0.01934102654598746,0.0,0.0,-0.08148283290211111,False,False,16.435546875,0.045654296875,-0.0002263412025058642,
737,1782788601.1266603,38.24618398793973,16.31606129647535,16.28365625,-0.015788062500490696,-0.087890625,0.0,0.047249794006347656,False,False,16.34765625,0.04541015625,0.00013124942779541016,
738,1782788601.1782992,38.297875637887046,16.305445403250026,16.28365625,-0.01061589322532086,0.0,0.0,0.03920450806617737,False,False,16.34765625,0.04541015625,0.00010890141129493713,
739,1782788601.2299902,38.34978221403435,16.298307276645318,16.28365625,-0.007138126604701256,0.0,0.0,-33.413307666778564,False,False,16.34765625,0.04541015625,-0.09281474351882935,
740,1782788601.281897,38.401489085983485,16.293507600316314,16.28365625,-0.004799676329014346,0.0,0.0,0.15185192227363586,False,False,16.34765625,0.04541015625,0.00042181089520454407,
741,1782788601.3336039,38.45307958801277,16.289087969321205,16.28365625,-0.0044196309951018975,0.0,0.0,0.039201825857162476,False,False,16.34765625,0.04541015625,0.00010889396071434021,
742,1782788601.3851938,38.50458747893572,16.28730853807158,16.28365625,-0.0017794312496164366,0.0,0.0,0.03919914364814758,False,False,16.34765625,0.04541015625,0.00010888651013374329,
743,1782788601.4367225,38.55636423989199,16.286651126218697,16.28365625,-0.0006574118528988038,0.0,0.0,0.03919914364814758,False,False,16.34765625,0.04541015625,0.00010888651013374329,
744,1782788601.488481,38.608049815986305,16.28530752891095,16.28365625,-0.0013435973077378094,0.0,0.0,9.282086044549942,False,False,16.34765625,0.04541015625,0.02578357234597206,
745,1782788601.5401661,38.659643224906176,16.28476656993972,16.28365625,-0.0005409589712144225,0.0,0.0,0.044558197259902954,False,False,16.34765625,0.04541015625,0.0001237727701663971,
746,1782788601.5917864,38.711326411925256,16.284402829127465,16.28365625,-0.0003637408122472152,0.0,0.0,0.0391937792301178,False,False,16.34765625,0.04541015625,0.00010887160897254944,
747,1782788601.6434412,38.76309007988311,16.28415824980531,16.28365625,-0.00024457932215682376,0.0,0.0,0.0391937792301178,False,False,16.34765625,0.04541015625,0.00010887160897254944,
748,1782788601.695205,38.81482730386779,16.28399379466909,16.28365625,-0.00016445513622898034,0.0,0.0,0.0391937792301178,False,False,16.34765625,0.04541015625,0.00010887160897254944,
749,1782788601.7469494,38.86667945398949,16.299753349128654,8.109828125,0.015759554459577885,-8.173828125,0.0,-33.70836675167084,True,False,8.173828125,0.022705078125,-0.09363435208797455,
750,1782788601.7987945,38.918346400838345,16.32327290820411,16.371546875,0.02351955907545289,8.26171875,0.0,-0.08151166664902121,False,False,16.435546875,0.045654296875,-0.00022642129624728113,
751,1782788601.850461,38.96996593894437,16.339087459726443,16.371546875,0.01581455152233957,0.0,0.0,0.049906522035598755,False,False,16.435546875,0.045654296875,0.0001386292278766632,
752,1782788601.9021301,39.021769866812974,16.320928195420063,16.28365625,-0.0181592643063766,-0.087890625,0.0,0.5702550709247589,False,False,16.34765625,0.04541015625,0.0015840418636798859,
753,1782788601.9538848,39.07347020204179,16.30871790610045,16.28365625,-0.012210289319625645,0.0,0.0,0.039171651005744934,False,False,16.34765625,0.04541015625,0.00010881014168262482,
754,1782788602.0055454,39.125175944995135,16.300507707561945,16.28365625,-0.008210198538506575,0.0,0.0,-1.0149361565709114,False,False,16.34765625,0.04541015625,-0.002819267101585865,
755,1782788602.0572915,39.17673339089379,16.31080748256465,16.371546875,0.010299775002692968,0.087890625,0.0,1.970362812280655,False,False,16.435546875,0.045654296875,0.00547323003411293,
756,1782788602.1088471,39.228384892921895,16.301912738776473,16.28365625,-0.008894743788175674,-0.087890625,0.0,0.33689215779304504,False,False,16.34765625,0.04541015625,0.0009358115494251251,
757,1782788602.1604989,39.28003111691214,16.311752225553303,16.371546875,0.009839486776826334,0.087890625,0.0,0.6748451292514801,False,False,16.435546875,0.045654296875,0.0018745698034763336,
758,1782788602.2121449,39.331588895991445,16.315520640212043,16.28365625,0.003768414658736674,-0.087890625,0.0,-50.71093797683716,False,False,16.34765625,0.04541015625,-0.14086371660232544,
759,1782788602.263704,39.38332049082965,16.305081865978575,16.28365625,-0.010438774233477943,0.0,0.0,0.03645792603492737,False,False,16.34765625,0.04541015625,0.00010127201676368713,
760,1782788602.3154337,39.43500275188126,16.295469649030874,16.28365625,-0.009612216947687102,0.0,0.0,0.041822344064712524,False,False,16.34765625,0.04541015625,0.00011617317795753479,
761,1782788602.367116,39.4865474938415,16.291599579508357,16.28365625,-0.0038700695225202253,0.0,0.0,0.03645792603492737,False,False,16.34765625,0.04541015625,0.00010127201676368713,
762,1782788602.4186823,39.53825795883313,16.28899734476142,16.28365625,-0.002602234746944987,0.0,0.0,0.2751738578081131,False,False,16.34765625,0.04541015625,0.0007643718272447586,
763,1782788602.4703717,39.58981745992787,16.287247602117578,16.28365625,-0.0017497426438524144,0.0,0.0,0.039140135049819946,False,False,16.34765625,0.04541015625,0.00010872259736061096,
764,1782788602.521932,39.6416061099153,16.301891387663858,16.371546875,0.014643785546269328,0.087890625,0.0,9.045997336506844,False,False,16.435546875,0.045654296875,0.025127770379185677,
765,1782788602.5737226,39.69339938997291,16.29591755656518,16.28365625,-0.005973831098685878,-0.087890625,0.0,0.09546585381031036,False,False,16.34765625,0.04541015625,0.0002651829272508621,
766,1782788602.625516,39.745163002982736,16.320693721284428,16.371546875,0.024776164719241933,0.087890625,0.0,0.0793725997209549,False,False,16.435546875,0.045654296875,0.00022047944366931915,
767,1782788602.6772768,39.79692850494757,16.321532901941648,16.28365625,0.0008391806572092264,-0.087890625,0.0,0.39855077862739563,False,False,16.34765625,0.04541015625,0.00110708549618721,
768,1782788602.7290442,39.8485750798136,16.324944823265568,16.371546875,0.0034119213239307555,0.087890625,0.0,0.04718072712421417,False,False,16.435546875,0.045654296875,0.00013105757534503937,
769,1782788602.7806919,39.90194084192626,16.311418686663767,16.28365625,-0.013526136601797134,-0.087890625,0.0,0.0364471971988678,False,False,16.34765625,0.04541015625,0.00010124221444129944,
770,1782788602.8340616,39.954801695887,16.302323712412715,16.28365625,-0.009094974251041776,0.0,0.0,8.815317302942276,False,False,16.34765625,0.04541015625,0.02448699250817299,
771,1782788602.886919,40.00678736483678,16.31202856422631,16.371546875,0.009704851813580717,0.087890625,0.0,3.0405159294605255,False,False,16.435546875,0.045654296875,0.008445877581834793,
772,1782788602.938903,40.058677384862676,16.30273379408577,16.28365625,-0.009294770140542141,-0.087890625,0.0,0.03643646836280823,False,False,16.34765625,0.04541015625,0.00010121241211891174,
773,1782788602.9908104,40.11071647889912,16.296483990643274,16.28365625,-0.006249803442500479,0.0,0.0,0.15713050961494446,False,False,16.34765625,0.04541015625,0.00043647363781929016,
774,1782788603.0428314,40.162351462990046,16.292281622808535,16.28365625,-0.004202367834750476,0.0,0.0,0.03643110394477844,False,False,16.34765625,0.04541015625,0.0001011975109577179,
775,1782788603.0944808,40.2140902238898,16.289455950676462,16.28365625,-0.0028256721320758516,0.0,0.0,0.03643110394477844,False,False,16.34765625,0.04541015625,0.0001011975109577179,
776,1782788603.146204,40.26584776188247,16.287555968734853,16.28365625,-0.0018999819416194441,0.0,0.0,0.04715390503406525,False,False,16.34765625,0.04541015625,0.00013098306953907013,
777,1782788603.1980002,40.317641468020156,16.302098733377317,16.371546875,0.014542764642470729,0.087890625,0.0,1.1468596011400223,False,False,16.435546875,0.045654296875,0.0031857211142778397,
778,1782788603.2497637,40.369447618024424,16.324849944572907,16.371546875,0.02275121119558321,0.0,0.0,-0.08160286175552756,False,False,16.435546875,0.045654296875,-0.00022667461598757654,
779,1782788603.3015652,40.421204822836444,16.340147858980824,16.371546875,0.01529791440790973,0.0,0.0,-0.05478613602463156,False,False,16.435546875,0.045654296875,-0.0001521837111795321,
780,1782788603.353318,40.47278699092567,16.350434176628703,16.371546875,0.010286317647882015,0.0,0.0,0.006893947720527649,False,False,16.435546875,0.045654296875,1.914985477924347e-05,
781,1782788603.4049249,40.52495008590631,16.35735069661514,16.371546875,0.006916519986447156,0.0,0.0,2.5898558646440506,False,False,16.435546875,0.045654296875,0.007194044068455696,
782,1782788603.4570673,40.57679147692397,16.36200136465402,16.371546875,0.004650668038891581,0.0,0.0,0.18390364944934845,False,False,16.435546875,0.045654296875,0.0005108434706926346,
783,1782788603.5089083,40.62872068188153,16.365128473843363,16.371546875,0.003127109189335897,0.0,0.0,-0.05213074909988791,False,False,16.435546875,0.045654296875,-0.00014480763638857752,
784,1782788603.5608373,40.680490480037406,16.367231142062277,16.371546875,0.002102668218924464,0.0,0.0,3.059210255742073,False,False,16.435546875,0.045654296875,0.008497806265950203,
785,1782788603.6126072,40.73239907389507,16.368644976172675,16.371546875,0.0014138341103944185,0.0,0.0,-64.62365806102753,False,False,16.435546875,0.045654296875,-0.17951016128063202,
786,1782788603.664515,40.784406538819894,16.353775325728506,8.109828125,-0.014869650444154558,-8.26171875,0.0,-23.09503197669983,True,False,8.173828125,0.022705078125,-0.06415286660194397,
787,1782788603.7165263,40.83617204101756,16.35959728526985,16.371546875,0.005821959541350452,8.26171875,0.0,-0.08167796360794455,False,False,16.435546875,0.045654296875,-0.0002268832322442904,
788,1782788603.7682946,40.888155858032405,16.363511970865446,16.371546875,0.003914685595589162,0.0,0.0,0.0363285094499588,False,False,16.435546875,0.045654296875,0.00010091252624988556,
789,1782788603.8202755,40.94035082287155,16.364958253609664,16.371546875,0.0014462827442116577,0.0,0.0,-2.9650794714689255,False,False,16.435546875,0.045654296875,-0.00823633186519146,
790,1782788603.872468,40.99231045390479,16.367116685977138,16.371546875,0.0021584323674801453,0.0,0.0,1.3908172398805618,False,False,16.435546875,0.045654296875,0.0038633812218904495,
791,1782788603.9244294,41.0443382889498,16.36856801590103,16.371546875,0.0014513299238956279,0.0,0.0,8.085605576634407,False,False,16.435546875,0.045654296875,0.02246001549065113,
792,1782788603.9764569,41.09629299491644,16.34075092139185,16.28365625,-0.027817094509174467,-0.087890625,0.0,0.04433825612068176,False,False,16.34765625,0.04541015625,0.00012316182255744934,
793,1782788604.0284107,41.148261569906026,16.32204670704388,16.28365625,-0.01870421434796299,0.0,0.0,0.04702046513557434,False,False,16.34765625,0.04541015625,0.00013061240315437317,
794,1782788604.080395,41.20019935001619,16.309469993316306,16.28365625,-0.012576713727582955,0.0,0.0,0.7417072355747223,False,False,16.34765625,0.04541015625,0.002060297876596451,
795,1782788604.1323283,41.25220525893383,16.301013411005886,16.28365625,-0.008456582310429894,0.0,0.0,0.04700973629951477,False,False,16.34765625,0.04541015625,0.00013058260083198547,
796,1782788604.1843226,41.30430631688796,16.324120173810357,16.371546875,0.0231067628044741,0.087890625,0.0,0.04432216286659241,False,False,16.435546875,0.045654296875,0.0001231171190738678,
797,1782788604.2364218,41.35652352194302,16.345397309618466,16.371546875,0.02127713580810564,0.0,0.0,1.819927766919136,False,False,16.435546875,0.045654296875,0.005055354908108711,
798,1782788604.2886436,41.408488616812974,16.325170938487457,16.28365625,-0.020226371131002452,-0.087890625,0.0,8.764161542057991,False,False,16.34765625,0.04541015625,0.02434489317238331,
799,1782788604.3406057,41.460485802963376,16.31157072653896,16.28365625,-0.013600211948499918,0.0,0.0,0.3956647217273712,False,False,16.34765625,0.04541015625,0.00109906867146492,
800,1782788604.3926072,41.512570601888,16.302425944024794,16.28365625,-0.009144782514169947,0.0,0.0,9.134290963411331,False,False,16.34765625,0.04541015625,0.025373030453920364,
801,1782788604.4446902,41.564491010969505,16.29627699226227,16.28365625,-0.006148951762526167,0.0,0.0,0.03891080617904663,False,False,16.34765625,0.04541015625,0.00010808557271957397,
802,1782788604.4966233,41.616814215900376,16.307962749597152,16.371546875,0.01168575733487387,0.087890625,0.0,4.072941094636917,False,False,16.435546875,0.045654296875,0.011313725262880325,
803,1782788604.5489445,41.66937669995241,16.299999940329126,16.28365625,-0.007962809268036608,-0.087890625,0.0,1.8708474934101105,False,False,16.34765625,0.04541015625,0.005196798592805862,
804,1782788604.6014943,41.72127553494647,16.307618403627302,16.28365625,0.007618463298172173,0.0,0.0,0.4707236588001251,False,False,16.34765625,0.04541015625,0.0013075657188892365,
805,1782788604.6533923,41.773421759018674,16.299768402098994,16.28365625,-0.007850001528311168,0.0,0.0,4.091694429516792,False,False,16.34765625,0.04541015625,0.011365817859768867,
806,1782788604.705552,41.82536111283116,16.294490061071365,16.28365625,-0.00527834102763336,0.0,0.0,4.223123341798782,False,False,16.34765625,0.04541015625,0.011730898171663284,
807,1782788604.757479,41.877150465967134,16.290940904564383,16.28365625,-0.0035491565069776243,0.0,0.0,0.04692927002906799,False,False,16.34765625,0.04541015625,0.00013035908341407776,
808,1782788604.8092673,41.92892052303068,16.28855445172909,16.28365625,-0.002386452835281716,0.0,0.0,0.03888264298439026,False,False,16.34765625,0.04541015625,0.00010800734162330627,
809,1782788604.8610373,41.980743950931355,16.286949800842642,16.28365625,-0.0016046508864633324,0.0,0.0,9.018912389874458,False,False,16.34765625,0.04541015625,0.02505253441631794,
810,1782788604.9128604,42.03255222993903,16.28587083358659,16.28365625,-0.001078967256063379,0.0,0.0,0.20785711705684662,False,False,16.34765625,0.04541015625,0.0005773808807134628,
811,1782788604.9646692,42.08446912094951,16.313938304753627,16.371546875,0.028067471167048552,0.087890625,0.0,7.060899809002876,False,False,16.435546875,0.045654296875,0.019613610580563545,
812,1782788605.0166066,42.136294511845335,16.332810872366338,16.371546875,0.018872567612703506,0.0,0.0,-0.08182816731277853,False,False,16.435546875,0.045654296875,-0.00022730046475771815,
813,1782788605.0684164,42.18829110590741,16.329680474329127,16.28365625,-0.003130398037200166,-0.087890625,0.0,-0.0657404400408268,False,False,16.34765625,0.04541015625,-0.0001826123334467411,
814,1782788605.120421,42.24033951503225,16.314602938438902,16.28365625,-0.015077535890213767,0.0,0.0,0.03887057304382324,False,False,16.34765625,0.04541015625,0.00010797381401062012,
815,1782788605.1724563,42.2925020349212,16.304464803306317,16.28365625,-0.010138135132592652,0.0,0.0,0.03618970513343811,False,False,16.34765625,0.04541015625,0.00010052695870399475,
816,1782788605.2246594,42.3444562589284,16.29764792124317,16.28365625,-0.006816882063162666,0.0,0.0,8.190099745988846,False,False,16.34765625,0.04541015625,0.02275027707219124,
817,1782788605.2765732,42.39625279791653,16.293064249743907,16.28365625,-0.0045836714992617544,0.0,0.0,0.044232308864593506,False,False,16.34765625,0.04541015625,0.00012286752462387085,
818,1782788605.328371,42.44819596596062,16.305802501527804,16.371546875,0.012738251783900978,0.087890625,0.0,-0.0818328611785546,False,False,16.435546875,0.045654296875,-0.00022731350327376276,
819,1782788605.3803203,42.5001633008942,16.327340358277297,16.371546875,0.021537856749489492,0.0,0.0,-0.08183755504433066,False,False,16.435546875,0.045654296875,-0.00022732654178980738,
820,1782788605.4322793,42.55200439598411,16.341822413155658,16.371546875,0.014482054878357076,0.0,0.0,-0.0818388961488381,False,False,16.435546875,0.045654296875,-0.00022733026708010584,
821,1782788605.4841197,42.60371939698234,16.31572721104681,16.28365625,-0.026095202108848525,-0.087890625,0.0,0.03884509205818176,False,False,16.34765625,0.04541015625,0.00010790303349494934,
822,1782788605.535839,42.65562121383846,16.305220764207878,16.28365625,-0.010506446838917327,0.0,0.0,0.03884509205818176,False,False,16.34765625,0.04541015625,0.00010790303349494934,
823,1782788605.5877404,42.707586789969355,16.298156229353378,16.28365625,-0.0070645348544928765,0.0,0.0,0.03884509205818176,False,False,16.34765625,0.04541015625,0.00010790303349494934,
824,1782788605.639708,42.759486346971244,16.293406036117208,16.28365625,-0.004750193236162659,0.0,0.0,7.9191698133945465,False,False,16.34765625,0.04541015625,0.021997693926095963,
825,1782788605.691603,42.81128101493232,16.290212006185214,16.28365625,-0.003194029931989917,0.0,0.0,0.03615282475948334,False,False,16.34765625,0.04541015625,0.00010042451322078705,
826,1782788605.7433553,42.86311012785882,16.28806434045894,16.28365625,-0.002147665726283776,0.0,0.0,0.046880319714546204,False,False,16.34765625,0.04541015625,0.0001302231103181839,
827,1782788605.795233,42.915317240869626,16.28662025002459,16.28365625,-0.0014440904343473449,0.0,0.0,0.036152154207229614,False,False,16.34765625,0.04541015625,0.00010042265057563782,
828,1782788605.8474352,42.967213205993176,16.285649243616536,16.28365625,-0.0009710064080650227,0.0,0.0,0.03614678978919983,False,False,16.34765625,0.04541015625,0.00010040774941444397,
829,1782788605.899358,43.01916026300751,16.28499633890776,16.28365625,-0.0006529047087724393,0.0,0.0,0.03614678978919983,False,False,16.34765625,0.04541015625,0.00010040774941444397,
830,1782788605.9512758,43.070978394011036,16.284557325781577,16.28365625,-0.0004390131261970964,0.0,0.0,-18.27798306941986,False,False,16.34765625,0.04541015625,-0.05077217519283295,
831,1782788606.0030951,43.122945895884186,16.284262133355533,16.28365625,-0.00029519242605147156,0.0,0.0,0.04150517284870148,False,False,16.34765625,0.04541015625,0.00011529214680194855,
832,1782788606.055071,43.17490910086781,16.284063645968256,16.28365625,-0.0001984873872800108,0.0,0.0,1.2860508263111115,False,False,16.34765625,0.04541015625,0.003572363406419754,
833,1782788606.1070256,43.226857306901366,16.28393018304906,16.28365625,-0.0001334629191944714,0.0,0.0,0.8998066931962967,False,False,16.34765625,0.04541015625,0.0024994630366563797,
834,1782788606.158978,43.27890319703147,16.283840442582186,16.28365625,-8.974046687626469e-05,0.0,0.0,0.044176653027534485,False,False,16.34765625,0.04541015625,0.00012271292507648468,
835,1782788606.2110193,43.331113568972796,16.283780101092262,16.28365625,-6.034148992739574e-05,0.0,0.0,0.6798608601093292,False,False,16.34765625,0.04541015625,0.0018885023891925812,
836,1782788606.2632432,43.383631478995085,16.28372453752904,16.28365625,-5.5563563222449375e-05,0.0,0.0,1.8171174824237823,False,False,16.34765625,0.04541015625,0.005047548562288284,
837,1782788606.3157482,43.43542040581815,16.283702166534525,16.28365625,-2.2370994514631093e-05,0.0,0.0,4.928479939699173,False,False,16.34765625,0.04541015625,0.013690222054719925,
838,1782788606.3675375,43.487315573962405,16.283687124277815,16.28365625,-1.5042256706010448e-05,0.0,0.0,0.03880754113197327,False,False,16.34765625,0.04541015625,0.00010779872536659241,
839,1782788606.4194326,43.539507779991254,16.2836770098644,16.28365625,-1.0114413413475631e-05,0.0,0.0,5.615120083093643,False,False,16.34765625,0.04541015625,0.015597555786371231,
840,1782788606.4716234,43.59158322587609,16.283670208932822,16.28365625,-6.8009315725703345e-06,0.0,0.0,0.8139552175998688,False,False,16.34765625,0.04541015625,0.002260986715555191,
841,1782788606.5236998,43.643648023949936,16.28366563598643,16.28365625,-4.5729463806765125e-06,0.0,0.0,0.03611460328102112,False,False,16.34765625,0.04541015625,0.00010031834244728088,
842,1782788606.5757656,43.69599574804306,16.283662561137277,16.28365625,-3.074849161066595e-06,0.0,0.0,0.9051516652107239,False,False,16.34765625,0.04541015625,0.0025143101811408997,
843,1782788606.6281123,43.748045508982614,16.283660493608703,16.28365625,-2.0675285838933632e-06,0.0,0.0,0.04416123032569885,False,False,16.34765625,0.04541015625,0.00012267008423805237,
844,1782788606.680163,43.80015347385779,16.28365910340249,16.28365625,-1.3902062221404776e-06,0.0,0.0,0.10316982865333557,False,False,16.34765625,0.04541015625,0.0002865828573703766,
845,1782788606.732271,43.85209338297136,16.283658168627834,16.28365625,-9.34774647021186e-07,0.0,0.0,0.12730970978736877,False,False,16.34765625,0.04541015625,0.00035363808274269104,
846,1782788606.7842112,43.90411779191345,16.283657540085354,16.28365625,-6.285424660745775e-07,0.0,0.0,0.03611460328102112,False,False,16.34765625,0.04541015625,0.00010031834244728088,
847,1782788606.8362348,43.95624736789614,16.283657117453394,16.28365625,-4.226319560984848e-07,0.0,0.0,0.03879614174365997,False,False,16.34765625,0.04541015625,0.00010776706039905548,
848,1782788606.8883672,44.00858157291077,16.283656833275664,16.28365625,-2.8417773023647896e-07,0.0,0.0,0.038796812295913696,False,False,16.34765625,0.04541015625,0.00010776892304420471,
849,1782788606.9407024,44.06064833397977,16.283656642194558,16.28365625,-1.9108111359855684e-07,0.0,0.0,15.120854079723358,False,False,16.34765625,0.04541015625,0.042002372443675995,
850,1782788606.9927855,44.11268127989024,16.283656513711623,16.28365625,-1.2848292385569948e-07,0.0,0.0,0.046838074922561646,False,False,16.34765625,0.04541015625,0.00013010576367378235,
851,1782788607.044798,44.16471374500543,16.283656427319695,16.28365625,-8.639193538328982e-08,0.0,0.0,0.0387854129076004,False,False,16.34765625,0.04541015625,0.00010773725807666779,
852,1782788607.096833,44.216587523929775,16.28365639540215,16.28365625,-3.191755126863427e-08,0.0,0.0,0.30432477593421936,False,False,16.34765625,0.04541015625,0.000845346599817276,
853,1782788607.1487043,44.268682193011045,16.283656347768407,16.28365625,-4.763373340210819e-08,0.0,0.0,0.04414983093738556,False,False,16.34765625,0.04541015625,0.00012263841927051544,
854,1782788607.2008033,44.32066549081355,16.283656315739478,16.28365625,-3.202893594789202e-08,0.0,0.0,0.041462257504463196,False,False,16.34765625,0.04541015625,0.00011517293751239777,
855,1782788607.2528365,44.37284482596442,16.283656294203226,16.28365625,-2.1536266103794333e-08,0.0,0.0,0.04682198166847229,False,False,16.34765625,0.04541015625,0.0001300610601902008,
856,1782788607.3049617,44.42486256803386,16.283656279722248,16.28365625,-1.4480974641628563e-08,0.0,0.0,0.038775354623794556,False,False,16.34765625,0.04541015625,0.00010770931839942932,
857,1782788607.356983,44.47696379199624,16.283656269985237,16.28365625,-9.73702185547154e-09,0.0,0.0,1.5166617929935455,False,False,16.34765625,0.04541015625,0.004212949424982071,
858,1782788607.4091191,44.529502774821594,16.283656263438072,16.28365625,-6.547168140969006e-09,0.0,0.0,0.04143610596656799,False,False,16.34765625,0.04541015625,0.00011510029435157776,
859,1782788607.4616208,44.58150259195827,16.283656259035762,16.28365625,-4.4022954170941375e-09,0.0,0.0,0.04143543541431427,False,False,16.34765625,0.04541015625,0.00011509843170642853,
860,1782788607.5136185,44.6335909080226,16.28365625607565,16.28365625,-2.9601210371765774e-09,0.0,0.0,1.9565266370773315,False,False,16.34765625,0.04541015625,0.005434796214103699,
861,1782788607.5657094,44.68566302093677,16.283656253349918,16.28365625,-2.7257271995040355e-09,0.0,0.0,0.044112950563430786,False,False,16.34765625,0.04541015625,0.00012253597378730774,
862,1782788607.6177795,44.73765694885515,16.28365625225248,16.28365625,-1.09744746623619e-09,0.0,0.0,0.04411362111568451,False,False,16.34765625,0.04541015625,0.00012253783643245697,
863,1782788607.6697774,44.78980924701318,16.283656251514568,16.28365625,-7.379128419415792e-10,0.0,0.0,0.0360676646232605,False,False,16.34765625,0.04541015625,0.00010018795728683472,
864,1782788607.7219265,44.84181867400184,16.283656251018396,16.28365625,-4.961862032359932e-10,0.0,0.0,6.113951951265335,False,False,16.34765625,0.04541015625,0.01698319986462593,
865,1782788607.7739594,44.894181582843885,16.283656250684768,16.28365625,-3.3361402529408224e-10,0.0,0.0,1.6882963478565216,False,False,16.34765625,0.04541015625,0.004689712077379227,
866,1782788607.826307,44.94633112195879,16.28365625046044,16.28365625,-2.2433255253417883e-10,0.0,0.0,0.04410155117511749,False,False,16.34765625,0.04541015625,0.0001225043088197708,
867,1782788607.8784497,44.99831049400382,16.2836562503096,16.28365625,-1.5083401194715407e-10,0.0,0.0,0.046784430742263794,False,False,16.34765625,0.04541015625,0.00012995675206184387,
868,1782788607.9304447,45.050452939933166,16.28365625020818,16.28365625,-1.014086592476815e-10,0.0,0.0,0.3015942871570587,False,False,16.34765625,0.04541015625,0.0008377619087696075,
869,1782788607.9825804,45.10286675696261,16.283656250139977,16.28365625,-6.821210263296962e-11,0.0,0.0,0.03605559468269348,False,False,16.34765625,0.04541015625,0.00010015442967414856,
870,1782788608.0349865,45.15502605494112,16.299476562594123,16.371546875,0.01582031245413873,0.087890625,0.0,-0.028318094846326858,False,False,16.435546875,0.045654296875,-7.866137457313016e-05,
871,1782788608.0871432,45.20690398197621,16.323086796938288,16.371546875,0.02361023434417575,0.0,0.0,11.086735278367996,False,False,16.435546875,0.045654296875,0.030796486884355545,
872,1782788608.139041,45.259067927952856,16.310169349761306,16.28365625,-0.012917447176988617,-0.087890625,0.0,0.03871031105518341,False,False,16.34765625,0.04541015625,0.00010752864181995392,
873,1782788608.1911843,45.311314133927226,16.317303970779502,16.371546875,0.00713462101819573,0.087890625,0.0,1.4575988799333572,False,False,16.435546875,0.045654296875,0.004048885777592659,
874,1782788608.2435284,45.36397832096554,16.306280977452136,16.28365625,-0.011022993327372888,-0.087890625,0.0,0.19696131348609924,False,False,16.34765625,0.04541015625,0.000547114759683609,
875,1782788608.2960951,45.415935470024124,16.298869116738818,16.28365625,-0.007411860713318674,0.0,0.0,0.036028772592544556,False,False,16.34765625,0.04541015625,0.00010007992386817932,
876,1782788608.3480532,45.4680592129007,16.29388538159518,16.28365625,-0.004983735143639478,0.0,0.0,0.044070035219192505,False,False,16.34765625,0.04541015625,0.00012241676449775696,
877,1782788608.4001927,45.52064706594683,16.290534318084603,16.28365625,-0.0033510635105926667,0.0,0.0,0.04138179123401642,False,False,16.34765625,0.04541015625,0.00011494942009449005,
878,1782788608.4527633,45.57268164190464,16.288281062980086,16.28365625,-0.0022532551045060245,0.0,0.0,7.186775878071785,False,False,16.34765625,0.04541015625,0.01996326632797718,
879,1782788608.5047987,45.62468062504195,16.31555894299781,16.371546875,0.02727788001772069,0.087890625,0.0,1.1464311182498932,False,False,16.435546875,0.045654296875,0.003184530884027481,
880,1782788608.5567982,45.67679364490323,16.318080277021725,16.28365625,0.0025213340239247373,-0.087890625,0.0,0.04671603441238403,False,False,16.34765625,0.04541015625,0.00012976676225662231,
881,1782788608.608913,45.728832758031785,16.30680296576941,16.28365625,-0.011277311252314348,0.0,0.0,3.3082808554172516,False,False,16.34765625,0.04541015625,0.009189669042825699,
882,1782788608.6609828,45.78118977788836,16.29922010168335,16.28365625,-0.007582864086060681,0.0,0.0,0.044027119874954224,False,False,16.34765625,0.04541015625,0.00012229755520820618,
883,1782788608.713307,45.83371753897518,16.29412138387189,16.28365625,-0.00509871781144966,0.0,0.0,8.656600266695023,False,False,16.34765625,0.04541015625,0.02404611185193062,
884,1782788608.7658355,45.88591894786805,16.29069300601546,16.28365625,-0.003428377856437237,0.0,0.0,-62.04107165336609,False,False,16.34765625,0.04541015625,-0.17233631014823914,
885,1782788608.8180385,45.93823141301982,16.288387764744797,16.28365625,-0.002305241270676106,0.0,0.0,0.03864660859107971,False,False,16.34765625,0.04541015625,0.00010735169053077698,
886,1782788608.8703532,45.99012000695802,16.286837720514402,16.28365625,-0.0015500442303846285,0.0,0.0,3.3860380947589874,False,False,16.34765625,0.04541015625,0.00940566137433052,
887,1782788608.9222379,46.04210076783784,16.285410411034587,16.28365625,-0.0014273094798227248,0.0,0.0,0.25590017437934875,False,False,16.34765625,0.04541015625,0.0007108338177204132,
888,1782788608.9742174,46.093969287816435,16.284835747879658,16.28365625,-0.0005746631549357062,0.0,0.0,0.03864124417304993,False,False,16.34765625,0.04541015625,0.00010733678936958313,
889,1782788609.0260894,46.1460090118926,16.284449344374284,16.28365625,-0.00038640350538798884,0.0,0.0,8.648532181978226,False,False,16.34765625,0.04541015625,0.02402370050549507,
890,1782788609.0781276,46.19782729097642,16.284189526657272,16.28365625,-0.00025981771702277,0.0,0.0,0.04132278263568878,False,False,16.34765625,0.04541015625,0.00011478550732135773,
891,1782788609.1299443,46.249748033005744,16.28401482522435,16.28365625,-0.0001747014329112062,0.0,0.0,0.03864124417304993,False,False,16.34765625,0.04541015625,0.00010733678936958313,
892,1782788609.1818674,46.301681441953406,16.28389735598085,16.28365625,-0.00011746924349154142,0.0,0.0,0.0466831773519516,False,False,16.34765625,0.04541015625,0.00012967549264431,
893,1782788609.2337973,46.353718888014555,16.283818369661528,16.28365625,-7.898631932334865e-05,0.0,0.0,0.04399426281452179,False,False,16.34765625,0.04541015625,0.00012220628559589386,
894,1782788609.285835,46.40569037082605,16.283765259260413,16.28365625,-5.3110401125877615e-05,0.0,0.0,0.04667848348617554,False,False,16.34765625,0.04541015625,0.00012966245412826538,
895,1782788609.3378086,46.45782179897651,16.283729547826702,16.28365625,-3.571143372482766e-05,0.0,0.0,0.046671777963638306,False,False,16.34765625,0.04541015625,0.00012964382767677307,
896,1782788609.389942,46.50967757799663,16.312498504208673,16.371546875,0.02876895638198107,0.087890625,0.0,0.03325268626213074,False,False,16.435546875,0.045654296875,9.236857295036316e-05,
897,1782788609.441797,46.56153311696835,16.32312721095111,8.109828125,0.010628706742437544,-8.26171875,0.0,-22.191535234451294,True,False,8.173828125,0.022705078125,-0.06164315342903137,
898,1782788609.4936495,46.61339874798432,16.326016836643525,16.371546875,0.002889625692404252,8.26171875,0.0,0.5401767790317535,False,False,16.435546875,0.045654296875,0.001500491052865982,
899,1782788609.5455186,46.66567308292724,16.34093247720911,16.371546875,0.014915640565590138,0.0,0.0,0.5643052607774734,False,False,16.435546875,0.045654296875,0.0015675146132707596,
900,1782788609.597809,46.71845691790804,16.335141441425403,16.28365625,-0.00579103578371587,-0.087890625,0.0,12.513530999422073,False,False,16.34765625,0.04541015625,0.03475980833172798,
901,1782788609.6505735,46.77054686401971,16.325874106968833,16.28365625,-0.009267334456581011,0.0,0.0,0.03857821226119995,False,False,16.34765625,0.04541015625,0.00010716170072555542,
902,1782788609.702661,46.822380495024845,16.312043537025847,16.28365625,-0.013830569942996362,0.0,0.0,0.038576871156692505,False,False,16.34765625,0.04541015625,0.00010715797543525696,
903,1782788609.7544951,46.874185625929385,16.306933825361195,16.28365625,-0.005109711664658789,0.0,0.0,1.8168814480304718,False,False,16.34765625,0.04541015625,0.005046892911195755,
904,1782788609.8063056,46.92595525691286,16.328101060422867,16.371546875,0.021167235061682277,0.087890625,0.0,1.6639894992113113,False,False,16.435546875,0.045654296875,0.004622193053364754,
905,1782788609.8580692,46.977554481010884,16.34759224310823,16.371546875,0.01949118268535699,0.0,0.0,-0.08213393914047629,False,False,16.435546875,0.045654296875,-0.00022814983094576746,
906,1782788609.9096699,47.02918453793973,16.355439780515972,16.371546875,0.007847537407741356,0.0,0.0,-0.08214936184231192,False,False,16.435546875,0.045654296875,-0.00022819267178419977,
907,1782788609.9612985,47.08076837286353,16.36071646466894,16.371546875,0.0052766841529603425,0.0,0.0,-0.08215338515583426,False,False,16.435546875,0.045654296875,-0.00022820384765509516,
908,1782788610.01288,47.13241057796404,16.364264507093395,16.371546875,0.0035480424244553888,0.0,0.0,-0.08217149006668478,False,False,16.435546875,0.045654296875,-0.0002282541390741244,
909,1782788610.0645235,47.18431393103674,16.3666502108196,16.371546875,0.0023857037261905134,0.0,0.0,-0.08218020724598318,False,False,16.435546875,0.045654296875,-0.0002282783534610644,
910,1782788610.1164289,47.23610845091753,16.368254358005096,16.371546875,0.0016041471855032796,0.0,0.0,0.0519242137670517,False,False,16.435546875,0.045654296875,0.00014423392713069916,
911,1782788610.1682231,47.28770439699292,16.36933298657263,16.371546875,0.001078628567540818,0.0,0.0,8.57865996658802,False,False,16.435546875,0.045654296875,0.023829611018300056,
912,1782788610.2198184,47.33924850891344,16.370058256421434,16.371546875,0.0007252698488002807,0.0,0.0,6.204894930124283,False,False,16.435546875,0.045654296875,0.01723581925034523,
913,1782788610.2713528,47.390872361836955,16.370545927867774,16.371546875,0.0004876714463364351,0.0,0.0,13.64533469080925,False,False,16.435546875,0.045654296875,0.03790370747447014,
914,1782788610.3229878,47.44256104901433,16.35505352564829,16.28365625,-0.015492402219479118,-0.087890625,0.0,5.247335582971573,False,False,16.34765625,0.04541015625,0.014575932174921036,
915,1782788610.3746762,47.49423466087319,16.360456746895913,16.371546875,0.005403221247632928,0.087890625,0.0,0.7251305133104324,False,False,16.435546875,0.045654296875,0.0020142514258623123,
916,1782788610.4263482,47.545896384865046,16.364089872862813,16.371546875,0.0036331259668997973,0.0,0.0,0.0036022067070007324,False,False,16.435546875,0.045654296875,1.0006129741668701e-05,
917,1782788610.478025,47.597513052867725,16.366532786762956,16.371546875,0.0024429139001540534,0.0,0.0,3.4019435942173004,False,False,16.435546875,0.045654296875,0.009449843317270279,
918,1782788610.529629,47.64909096201882,16.36817540206941,16.371546875,0.0016426153064514892,0.0,0.0,1.6638687998056412,False,False,16.435546875,0.045654296875,0.004621857777237892,
919,1782788610.5812047,47.700707277981564,16.36927989660147,16.371546875,0.0011044945320577426,0.0,0.0,0.10282047092914581,False,False,16.435546875,0.045654296875,0.00028561241924762726,
920,1782788610.6328223,47.75228174193762,16.341229589974823,16.28365625,-0.02805030662665331,-0.087890625,0.0,0.038442760705947876,False,False,16.34765625,0.04541015625,0.00010678544640541077,
921,1782788610.6843965,47.80398211395368,16.35483089419024,16.371546875,0.01360130421542749,0.087890625,0.0,0.04379108548164368,False,False,16.435546875,0.045654296875,0.00012164190411567688,
922,1782788610.736095,47.85547529999167,16.360307049503515,16.371546875,0.005476155313260733,0.0,0.0,-0.08228414284531027,False,False,16.435546875,0.045654296875,-0.0002285670634591952,
923,1782788610.787589,47.9069859678857,16.36398921633616,16.371546875,0.0036821668326467716,0.0,0.0,5.585213452577591,False,False,16.435546875,0.045654296875,0.01551448181271553,
924,1782788610.8390994,47.958986839978024,16.350644792814435,16.28365625,-0.013344423521715498,-0.087890625,0.0,-0.0688992440700531,False,False,16.34765625,0.04541015625,-0.00019138678908348083,
925,1782788610.8911006,48.01093917503022,16.328699346188422,16.28365625,-0.02194544662600606,0.0,0.0,0.14031440019607544,False,False,16.34765625,0.04541015625,0.0003897622227668762,
926,1782788610.9430552,48.062725805910304,16.313943227877097,16.28365625,-0.014756118311311184,0.0,0.0,10.887925922870636,False,False,16.34765625,0.04541015625,0.030244238674640656,
927,1782788610.9948406,48.11615790100768,16.304021213924557,16.28365625,-0.009922013952547104,0.0,0.0,1.1836923658847809,False,False,16.34765625,0.04541015625,0.003288034349679947,
928,1782788611.048272,48.16802095784806,16.29734965174287,16.28365625,-0.006671562181679747,0.0,0.0,0.035706907510757446,False,False,16.34765625,0.04541015625,9.918585419654846e-05,
929,1782788611.1001344,48.21975432895124,16.292863693331903,16.28365625,-0.004485958410953117,0.0,0.0,0.2771057188510895,False,False,16.34765625,0.04541015625,0.000769738107919693,
930,1782788611.1518688,48.27149633085355,16.305667647396373,16.371546875,0.01280395406448065,0.087890625,0.0,0.04375286400318146,False,False,16.435546875,0.045654296875,0.00012153573334217072,
931,1782788611.2036104,48.323184591019526,16.298456713609323,16.28365625,-0.007210933787064278,-0.087890625,0.0,0.04375353455543518,False,False,16.34765625,0.04541015625,0.00012153759598731995,
932,1782788611.2552993,48.375195333966985,16.29360808173091,16.28365625,-0.004848631878417109,0.0,0.0,0.038389116525650024,False,False,16.34765625,0.04541015625,0.00010663643479347229,
933,1782788611.3073096,48.42721211281605,16.290347861655864,16.28365625,-0.003260220075048892,0.0,0.0,0.03570288419723511,False,False,16.34765625,0.04541015625,9.917467832565308e-05,
934,1782788611.3593254,48.47896244702861,16.288155689677403,16.28365625,-0.00219217197846433,0.0,0.0,0.038378387689590454,False,False,16.34765625,0.04541015625,0.0001066066324710846,
935,1782788611.4110777,48.53075241181068,16.286137097056052,16.28365625,-0.0020185926213400762,0.0,0.0,0.03568612039089203,False,False,16.34765625,0.04541015625,9.91281121969223e-05,
936,1782788611.4628644,48.5823024129495,16.28532437156049,16.28365625,-0.0008127254955638819,0.0,0.0,0.04640892148017883,False,False,16.34765625,0.04541015625,0.00012891367077827454,
937,1782788611.5144138,48.63402745081112,16.28477789493727,16.28365625,-0.0005464766232137208,0.0,0.0,2.8010375797748566,False,False,16.34765625,0.04541015625,0.007780659943819046,
938,1782788611.5661416,48.68593050795607,16.284410444055823,16.28365625,-0.0003674508814413002,0.0,0.0,0.04640355706214905,False,False,16.34765625,0.04541015625,0.0001288987696170807,
939,1782788611.6180427,48.737617916893214,16.284163370083135,16.28365625,-0.0002470739726732063,0.0,0.0,0.03835424780845642,False,False,16.34765625,0.04541015625,0.00010653957724571228,
940,1782788611.6697316,48.78944762190804,16.283997237543897,16.28365625,-0.00016613253924901983,0.0,0.0,0.5452904105186462,False,False,16.34765625,0.04541015625,0.0015146955847740173,
941,1782788611.7215621,48.84113738290034,16.283885530024516,16.28365625,-0.00011170751938038848,0.0,0.0,0.03835156559944153,False,False,16.34765625,0.04541015625,0.00010653212666511536,
942,1782788611.7732518,48.89308938384056,16.299630730388486,16.371546875,0.015745200363966205,0.087890625,0.0,0.03298178315162659,False,False,16.435546875,0.045654296875,9.161606431007385e-05,
943,1782788611.8252037,48.94491381198168,16.32319045936322,16.371546875,0.023559728974731797,0.0,0.0,-0.08235857414547354,False,False,16.435546875,0.045654296875,-0.00022877381707075983,
944,1782788611.8770266,48.996672053821385,16.310239052375834,16.28365625,-0.012951406987383507,-0.087890625,0.0,0.8108009397983551,False,False,16.34765625,0.04541015625,0.0022522248327732086,
945,1782788611.9287856,49.0483762959484,16.301530526317514,16.28365625,-0.008708526058313737,0.0,0.0,-3.059627003967762,False,False,16.34765625,0.04541015625,-0.00849896389991045,
946,1782788611.9804904,49.100075407885015,16.295674913395892,16.28365625,-0.0058556129216071895,0.0,0.0,0.13755574822425842,False,False,16.34765625,0.04541015625,0.00038209930062294006,
947,1782788612.032189,49.152348298812285,16.291737599267396,16.28365625,-0.003937314128506841,0.0,0.0,0.035631805658340454,False,False,16.34765625,0.04541015625,9.89772379398346e-05,
948,1782788612.0844724,49.20431994786486,16.289090149247397,16.28365625,-0.0026474500199924478,0.0,0.0,0.035631805658340454,False,False,16.34765625,0.04541015625,9.89772379398346e-05,
949,1782788612.1364336,49.256087098037824,16.28731000385395,16.28365625,-0.001780145393439625,0.0,0.0,0.432598739862442,False,False,16.34765625,0.04541015625,0.0012016631662845612,
950,1782788612.1882021,49.30762445088476,16.285670812954944,16.28365625,-0.001639190898998777,0.0,0.0,15.179386585950851,False,False,16.34765625,0.04541015625,0.042164962738752365,
951,1782788612.2397401,49.35920810000971,16.285010842130905,16.28365625,-0.0006599708240457858,0.0,0.0,0.03831401467323303,False,False,16.34765625,0.04541015625,0.00010642781853675842,
952,1782788612.2913234,49.410898971837014,16.284567077748825,16.28365625,-0.00044376438208360014,0.0,0.0,0.37894919514656067,False,False,16.34765625,0.04541015625,0.0010526366531848907,
953,1782788612.3430371,49.46294675092213,16.28426869057831,16.28365625,-0.00029838717051688946,0.0,0.0,0.04635527729988098,False,False,16.34765625,0.04541015625,0.00012876465916633606,
954,1782788612.3950925,49.51490712282248,16.299888367544852,16.371546875,0.0156196769665371,0.087890625,0.0,0.11071756482124329,False,False,16.435546875,0.045654296875,0.00030754879117012024,
955,1782788612.4470203,49.56666243891232,16.294570725837158,16.28365625,-0.005317641707705434,-0.087890625,0.0,0.08925452828407288,False,False,16.34765625,0.04541015625,0.00024792924523353577,
956,1782788612.4987907,49.61861142190173,16.2909951435529,16.28365625,-0.00357558228427024,0.0,0.0,0.14288797974586487,False,False,16.34765625,0.04541015625,0.00039691105484962463,
957,1782788612.550727,49.67027051583864,16.28859092202497,16.28365625,-0.0024042215279393986,0.0,0.0,0.046323761343955994,False,False,16.34765625,0.04541015625,0.0001286771148443222,
958,1782788612.6023855,49.72227155393921,16.286974323469586,16.28365625,-0.0016165985553868722,0.0,0.0,0.04632242023944855,False,False,16.34765625,0.04541015625,0.00012867338955402374,
959,1782788612.6543882,49.773914407007396,16.28588732260095,16.28365625,-0.0010870008686367783,0.0,0.0,0.03559023141860962,False,False,16.34765625,0.04541015625,9.886175394058228e-05,
960,1782788612.7060285,49.825633426895365,16.28515642321688,16.28365625,-0.0007308993840808853,0.0,0.0,0.30380308628082275,False,False,16.34765625,0.04541015625,0.0008438974618911743,
961,1782788612.7577484,49.87760866899043,16.28466496647103,16.28365625,-0.0004914567458627062,0.0,0.0,0.8482935279607773,False,False,16.34765625,0.04541015625,0.002356370911002159,
962,1782788612.8097484,49.92938104085624,16.28433451095512,16.28365625,-0.00033045551592181255,0.0,0.0,0.03558352589607239,False,False,16.34765625,0.04541015625,9.884312748908997e-05,
963,1782788612.8614962,49.9811014868319,16.284112312666224,16.28365625,-0.0002221982888954699,0.0,0.0,0.03558352589607239,False,False,16.34765625,0.04541015625,9.884312748908997e-05,
964,1782788612.9132164,50.03301672893576,16.28396290653677,16.28365625,-0.0001494061294522453,0.0,0.0,1.518845111131668,False,False,16.34765625,0.04541015625,0.004219014197587967,
965,1782788612.9651322,50.084647229872644,16.294462908726366,16.28365625,0.010500002189587576,0.0,0.0,0.08922234177589417,False,False,16.34765625,0.04541015625,0.0002478398382663727,
966,1782788613.0167627,50.136176619911566,16.290922647327605,16.28365625,-0.003540261398768507,0.0,0.0,9.071940332651138,False,False,16.34765625,0.04541015625,0.025199834257364273,
967,1782788613.0682912,50.18770041689277,16.28854217556308,16.28365625,-0.0023804717645248274,0.0,0.0,6.961041837930679,False,False,16.34765625,0.04541015625,0.01933622732758522,
968,1782788613.1198163,50.23936862195842,16.286941546348615,16.28365625,-0.0016006292144652434,0.0,0.0,0.09726360440254211,False,False,16.34765625,0.04541015625,0.0002701766788959503,
969,1782788613.1714826,50.291000901022926,16.28586528326481,16.28365625,-0.0010762630838030418,0.0,0.0,7.06564262509346,False,False,16.34765625,0.04541015625,0.019626785069704056,
970,1782788613.2231152,50.34278866183013,16.285141603967258,16.28365625,-0.0007236792975504613,0.0,0.0,0.04630163311958313,False,False,16.34765625,0.04541015625,0.00012861564755439758,
971,1782788613.2749035,50.39449782995507,16.284655002007586,16.28365625,-0.0004866019596647675,0.0,0.0,0.03824964165687561,False,False,16.34765625,0.04541015625,0.00010624900460243225,
972,1782788613.3266122,50.446152867982164,16.284327810849902,16.28365625,-0.0003271911576803177,0.0,0.0,7.797874957323074,False,False,16.34765625,0.04541015625,0.021660763770341873,
973,1782788613.3782687,50.49781853589229,16.284107807515475,16.28365625,-0.00022000333441951625,0.0,0.0,0.5237080156803131,False,False,16.34765625,0.04541015625,0.0014547444880008698,
974,1782788613.4299638,50.54954494489357,16.283959877273407,16.28365625,-0.00014793024206483096,0.0,0.0,12.770681083202362,False,False,16.34765625,0.04541015625,0.03547411412000656,
975,1782788613.4816709,50.601418575970456,16.28386040897864,16.28365625,-9.946829476348285e-05,0.0,0.0,0.03555133938789368,False,False,16.34765625,0.04541015625,9.875372052192688e-05,
976,1782788613.5335338,50.653176094871014,16.299613838997235,16.371546875,0.01575343001860574,0.087890625,0.0,1.8379904329776764,False,False,16.435546875,0.045654296875,0.0051055289804935455,
977,1782788613.5852916,50.70484031899832,16.30735878909174,16.28365625,0.007744950094490832,-0.087890625,0.0,-57.999417185783386,False,False,16.34765625,0.04541015625,-0.16110949218273163,
978,1782788613.6369567,50.756600801832974,16.299593837285286,16.28365625,-0.007764951806450426,0.0,0.0,1.8165220320224762,False,False,16.34765625,0.04541015625,0.005045894533395767,
979,1782788613.688715,50.808263432001695,16.294372683690625,16.28365625,-0.005221153594675343,0.0,0.0,1.9908595830202103,False,False,16.34765625,0.04541015625,0.005530165508389473,
980,1782788613.7403772,50.860014099860564,16.290861980013574,16.28365625,-0.003510703677051197,0.0,0.0,0.046253353357315063,False,False,16.34765625,0.04541015625,0.00012848153710365295,
981,1782788613.7921271,50.91177165694535,16.288501382861128,16.28365625,-0.0023605971524602865,0.0,0.0,0.046253353357315063,False,False,16.34765625,0.04541015625,0.00012848153710365295,
982,1782788613.843886,50.963360361987725,16.28632770121537,16.28365625,-0.002173681645757597,0.0,0.0,0.7328827679157257,False,False,16.34765625,0.04541015625,0.0020357854664325714,
983,1782788613.895477,51.01547947502695,16.285452533797216,16.28365625,-0.0008751674181439739,0.0,0.0,0.23129895329475403,False,False,16.34765625,0.04541015625,0.0006424970924854279,
984,1782788613.9475963,51.067071401979774,16.284864071225247,16.28365625,-0.0005884625719545511,0.0,0.0,0.03549903631210327,False,False,16.34765625,0.04541015625,9.860843420028687e-05,
985,1782788613.9991884,51.119091348024085,16.2846466634047,16.28365625,-0.00021740782054280317,0.0,0.0,0.8294201642274857,False,False,16.34765625,0.04541015625,0.0023039449006319046,
986,1782788614.0512464,51.17067990382202,16.32363287913312,16.371546875,0.03898621572841421,0.087890625,0.0,6.572013571858406,False,False,16.435546875,0.045654296875,0.01825559325516224,
987,1782788614.1027937,51.2223054789938,16.33932950417911,16.371546875,0.01569662504599023,0.0,0.0,5.665411502122879,False,False,16.435546875,0.045654296875,0.015737254172563553,
988,1782788614.1543984,51.274066407000646,16.349883914860033,16.371546875,0.010554410680924775,0.0,0.0,-0.08793824468739331,False,False,16.435546875,0.045654296875,-0.00024427290190942585,
989,1782788614.206181,51.32582227792591,16.356980700601884,16.371546875,0.007096785741850908,0.0,0.0,-0.08257919107563794,False,False,16.435546875,0.045654296875,-0.00022938664187677205,
990,1782788614.2579358,51.37763676093891,16.33295961058471,16.28365625,-0.024021090017185998,-0.087890625,0.0,0.03811486065387726,False,False,16.34765625,0.04541015625,0.00010587461292743683,
991,1782788614.3097522,51.42927898396738,16.316807829657158,16.28365625,-0.01615178092754377,0.0,0.0,0.038110166788101196,False,False,16.34765625,0.04541015625,0.00010586157441139221,
992,1782788614.3613932,51.481106985826045,16.30594737216147,16.28365625,-0.01086045749568143,0.0,0.0,-0.5144256446510553,False,False,16.34765625,0.04541015625,-0.0014289601240307093,
993,1782788614.4132206,51.53303776495159,16.298644800541368,16.28365625,-0.007302571620101617,0.0,0.0,5.606376081705093,False,False,16.34765625,0.04541015625,0.01557326689362526,
994,1782788614.4651515,51.584676580969244,16.293734551384016,16.28365625,-0.004910249157347835,0.0,0.0,0.2795089781284332,False,False,16.34765625,0.04541015625,0.0007764138281345367,
995,1782788614.5167916,51.636398433940485,16.290432899850614,16.28365625,-0.0033016515334054475,0.0,0.0,0.038110166788101196,False,False,16.34765625,0.04541015625,0.00010586157441139221,
996,1782788614.5685146,51.68805245286785,16.288212869359555,16.28365625,-0.002220030491059788,0.0,0.0,2.8007740527391434,False,False,16.34765625,0.04541015625,0.007779927924275398,
997,1782788614.620167,51.73965299199335,16.286720120857364,16.28365625,-0.001492748502187169,0.0,0.0,0.035416558384895325,False,False,16.34765625,0.04541015625,9.837932884693146e-05,
998,1782788614.6717668,51.79135738196783,16.28571639676449,16.28365625,-0.0010037240928681967,0.0,0.0,2.9027000069618225,False,False,16.34765625,0.04541015625,0.008063055574893951,
999,1782788614.7234757,51.843263271963224,16.285041492684446,16.28365625,-0.0006749040800286821,0.0,0.0,1.5186788141727448,False,False,16.34765625,0.04541015625,0.004218552261590958,
1000,1782788614.7753694,51.895422994857654,16.28458768718102,16.28365625,-0.00045380550341178605,0.0,0.0,0.043458491563797,False,False,16.34765625,0.04541015625,0.00012071803212165833,
1001,1782788614.8275409,51.94736816291697,16.284282548360515,16.28365625,-0.0003051388204937666,0.0,0.0,1.7842108011245728,False,False,16.34765625,0.04541015625,0.004956141114234924,
1002,1782788614.879485,51.999496979871765,16.284077373017613,16.28365625,-0.0002051753428986558,0.0,0.0,0.35995379090309143,False,False,16.34765625,0.04541015625,0.0009998716413974762,
1003,1782788614.9316146,52.05200873990543,16.283939413117043,16.28365625,-0.0001379599005701948,0.0,0.0,8.926912620663643,False,False,16.34765625,0.04541015625,0.024796979501843452,
1004,1782788614.9841313,52.10384668596089,16.283846648879898,16.28365625,-9.276423713799886e-05,0.0,0.0,0.03537967801094055,False,False,16.34765625,0.04541015625,9.827688336372375e-05,
1005,1782788615.0359657,52.15577572397888,16.28378427420684,16.28365625,-6.237467306391409e-05,0.0,0.0,0.03537967801094055,False,False,16.34765625,0.04541015625,9.827688336372375e-05,
1006,1782788615.0878954,52.20781616983004,16.283726838450878,16.28365625,-5.743575596284245e-05,0.0,0.0,0.035367608070373535,False,False,16.34765625,0.04541015625,9.82433557510376e-05,
1007,1782788615.139933,52.25998046784662,16.28370371367437,16.28365625,-2.31247765043463e-05,0.0,0.0,8.234876543283463,False,False,16.34765625,0.04541015625,0.022874657064676285,
1008,1782788615.1920972,52.311789301922545,16.28368816457465,16.28365625,-1.55490997144625e-05,0.0,0.0,0.17483845353126526,False,False,16.34765625,0.04541015625,0.0004856623709201813,
1009,1782788615.243906,52.36369256302714,16.29949802185999,16.371546875,0.01580985728534756,0.087890625,0.0,11.150428354740143,False,False,16.435546875,0.045654296875,0.030973412096500397,
1010,1782788615.2958097,52.41574154491536,16.307280913648658,16.28365625,0.0077828917886790805,-0.087890625,0.0,4.908925965428352,False,False,16.34765625,0.04541015625,0.013635905459523201,
1011,1782788615.347858,52.46752150985412,16.299541473837355,16.28365625,-0.007739439811302873,0.0,0.0,9.280927330255508,False,False,16.34765625,0.04541015625,0.02578035369515419,
1012,1782788615.399639,52.51965510286391,16.294337474508236,16.28365625,-0.005203999329125963,0.0,0.0,2.366195172071457,False,False,16.34765625,0.04541015625,0.006572764366865158,
1013,1782788615.4517722,52.57169345696457,16.306658617859338,16.371546875,0.012321143351101682,0.087890625,0.0,0.10509029030799866,False,False,16.435546875,0.045654296875,0.00029191747307777405,
1014,1782788615.5038097,52.62366416188888,16.327916010898623,16.371546875,0.021257393039292083,0.0,0.0,2.580757811665535,False,False,16.435546875,0.045654296875,0.0071687716990709305,
1015,1782788615.5557811,52.6756861070171,16.342209481978234,16.371546875,0.014293471079611209,0.0,0.0,-0.08268647943623364,False,False,16.435546875,0.045654296875,-0.000229684665100649,
1016,1782788615.6078029,52.72786225681193,16.351820411932163,16.371546875,0.00961092995393642,0.0,0.0,-0.082702572690323,False,False,16.435546875,0.045654296875,-0.00022972936858423054,
1017,1782788615.6599793,52.78001744300127,16.355371175284372,16.371546875,0.00355076335222293,0.0,0.0,0.8614249527454376,False,False,16.435546875,0.045654296875,0.002392847090959549,
1018,1782788615.7121346,52.831968277925625,16.344850022011208,16.28365625,-0.010521153273174377,-0.087890625,0.0,-0.06931314244866371,False,False,16.34765625,0.04541015625,-0.00019253650680184364,
1019,1782788615.7640874,52.88376772287302,16.324802942300337,16.28365625,-0.020047079710877824,0.0,0.0,0.037975385785102844,False,False,16.34765625,0.04541015625,0.00010548718273639679,
1020,1782788615.8158846,52.93592203990556,16.32216353194025,16.371546875,-0.0026394103600750896,0.087890625,0.0,6.1453599482774734,False,False,16.435546875,0.045654296875,0.01707044430077076,
1021,1782788615.8680391,52.98793233698234,16.33834151512663,16.371546875,0.016177983186366873,0.0,0.0,4.85252246260643,False,False,16.435546875,0.045654296875,0.013479229062795639,
1022,1782788615.920051,53.04017807892524,16.349219591021143,16.371546875,0.010878075894510175,0.0,0.0,0.2256978303194046,False,False,16.435546875,0.045654296875,0.0006269384175539017,
1023,1782788615.9722946,53.09208593191579,16.356534009252616,16.371546875,0.007314418231487707,0.0,0.0,8.596861436963081,False,False,16.435546875,0.045654296875,0.02388017065823078,
1024,1782788616.0242019,53.14414306287654,16.36145222407146,16.371546875,0.00491821481884358,0.0,0.0,-0.0827723101247102,False,False,16.435546875,0.045654296875,-0.00022992308367975056,
1025,1782788616.0762622,53.19633384188637,16.34893891921565,16.28365625,-0.012513304855815477,-0.087890625,0.0,-0.0666792131960392,False,False,16.34765625,0.04541015625,-0.00018522003665566444,
1026,1782788616.1284523,53.24838276882656,16.337188038756832,8.109828125,-0.011750880458805568,-8.173828125,0.0,-22.803765535354614,True,False,8.173828125,0.022705078125,-0.06334379315376282,
1027,1782788616.1805,53.300494788913056,16.319651024760095,16.28365625,-0.01753701399672991,8.173828125,0.0,0.0379277765750885,False,False,16.34765625,0.04541015625,0.00010535493493080139,
1028,1782788616.2326157,53.35242564184591,16.30785913654869,16.28365625,-0.011791888211405421,0.0,0.0,0.037922412157058716,False,False,16.34765625,0.04541015625,0.00010534003376960754,
1029,1782788616.284543,53.404555569868535,16.29993027091534,16.28365625,-0.00792886563334605,0.0,0.0,0.03523483872413635,False,False,16.34765625,0.04541015625,9.787455201148987e-05,
1030,1782788616.3366945,53.45661760796793,16.323391870413474,16.371546875,0.02346159949814819,0.087890625,0.0,-24.751070737838745,False,False,16.435546875,0.045654296875,-0.06875297427177429,
1031,1782788616.388736,53.50863120192662,16.339167449916022,16.371546875,0.015775579502559367,0.0,0.0,14.478906244039536,False,False,16.435546875,0.045654296875,0.04021918401122093,
1032,1782788616.4407492,53.56054835091345,16.320981980823532,16.28365625,-0.018185469092486528,-0.087890625,0.0,0.04593685269355774,False,False,16.34765625,0.04541015625,0.00012760236859321594,
1033,1782788616.4926655,53.612595055950806,16.30875407140574,16.28365625,-0.012227909417788396,0.0,0.0,8.859664276242256,False,False,16.34765625,0.04541015625,0.024610178545117378,
1034,1782788616.5447114,53.6645325939171,16.297494385592838,16.28365625,-0.011259685812888165,0.0,0.0,6.957951933145523,False,False,16.34765625,0.04541015625,0.019327644258737564,
1035,1782788616.5966501,53.716788799036294,16.292961012372622,16.28365625,-0.004533373220226622,0.0,0.0,0.0378553569316864,False,False,16.34765625,0.04541015625,0.00010515376925468445,
1036,1782788616.648906,53.768877466907725,16.291286155145553,8.109828125,-0.0016748572270728346,-8.173828125,0.0,-33.41467022895813,True,False,8.173828125,0.022705078125,-0.09281852841377258,
1037,1782788616.7009957,53.820774875814095,16.28878659821987,16.28365625,-0.0024995569256702765,8.173828125,0.0,0.03514900803565979,False,False,16.34765625,0.04541015625,9.76361334323883e-05,
1038,1782788616.752893,53.872871913947165,16.28710589614304,16.28365625,-0.0016807020768396796,0.0,0.0,0.2524079382419586,False,False,16.34765625,0.04541015625,0.0007011331617832184,
1039,1782788616.804988,53.92505832295865,16.28597579206658,16.28365625,-0.0011301040764521986,0.0,0.0,0.03514498472213745,False,False,16.34765625,0.04541015625,9.762495756149292e-05,
1040,1782788616.857177,53.97720195399597,16.28521591008557,16.28365625,-0.0007598819810255009,0.0,0.0,0.035139620304107666,False,False,16.34765625,0.04541015625,9.761005640029907e-05,
1041,1782788616.9093494,54.02957980684005,16.284704965441534,16.28365625,-0.0005109446440201282,0.0,0.0,0.045861080288887024,False,False,16.34765625,0.04541015625,0.00012739188969135284,
1042,1782788616.961698,54.081658844836056,16.284361406262892,16.28365625,-0.0003435591786455916,0.0,0.0,0.03781512379646301,False,False,16.34765625,0.04541015625,0.00010504201054573059,
1043,1782788617.0137775,54.13365697581321,16.28413039707117,16.28365625,-0.0002310091917365753,0.0,0.0,0.03780975937843323,False,False,16.34765625,0.04541015625,0.00010502710938453674,
1044,1782788617.0657778,54.1856586439535,16.283975066490655,16.28365625,-0.0001553305805259697,0.0,0.0,0.03780975937843323,False,False,16.34765625,0.04541015625,0.00010502710938453674,
1045,1782788617.1177764,54.23811271903105,16.28387062220832,16.28365625,-0.00010444428232858627,0.0,0.0,4.927466064691544,False,False,16.34765625,0.04541015625,0.013687405735254288,
1046,1782788617.1702309,54.290077812969685,16.299620706372874,16.371546875,0.01575008416455148,0.087890625,0.0,1.585429608821869,False,False,16.435546875,0.045654296875,0.0044039711356163025,
1047,1782788617.2221959,54.34197873994708,16.307363406715123,16.28365625,0.007742700342248554,-0.087890625,0.0,-0.08558862959034741,False,False,16.34765625,0.04541015625,-0.00023774619330652058,
1048,1782788617.2740965,54.393912999890745,16.29959694217525,16.28365625,-0.007766464539884055,0.0,0.0,5.678478553891182,False,False,16.34765625,0.04541015625,0.015773551538586617,
1049,1782788617.3260317,54.44576051994227,16.294374771418635,16.28365625,-0.005222170756610467,0.0,0.0,0.035111457109451294,False,False,16.34765625,0.04541015625,9.753182530403137e-05,
1050,1782788617.3778796,54.49757035402581,16.289566099717554,16.28365625,-0.004808671701084677,0.0,0.0,0.04583492875099182,False,False,16.34765625,0.04541015625,0.00012731924653053284,
1051,1782788617.4296849,54.549600892933086,16.28763003295008,16.28365625,-0.00193606676748459,0.0,0.0,0.04583492875099182,False,False,16.34765625,0.04541015625,0.00012731924653053284,
1052,1782788617.4817188,54.60149770881981,16.286328221655634,16.28365625,-0.0013018112944394034,0.0,0.0,2.3498518019914627,False,False,16.34765625,0.04541015625,0.006527366116642952,
1053,1782788617.5336154,54.653543264837936,16.285452883741247,16.28365625,-0.0008753379143797702,0.0,0.0,0.36233022809028625,False,False,16.34765625,0.04541015625,0.0010064728558063507,
1054,1782788617.5856605,54.70559121086262,16.284864306527613,16.28365625,-0.0005885772136480227,0.0,0.0,1.1535778641700745,False,False,16.34765625,0.04541015625,0.0032043829560279846,
1055,1782788617.6377115,54.75789154600352,16.284468547209165,16.28365625,-0.0003957593184509278,0.0,0.0,5.565809682011604,False,False,16.34765625,0.04541015625,0.015460582450032234,
1056,1782788617.69001,54.810465768910944,16.284202438643444,16.28365625,-0.0002661085657109652,0.0,0.0,0.04582419991493225,False,False,16.34765625,0.04541015625,0.00012728944420814514,
1057,1782788617.742585,54.863005195977166,16.28402350724385,16.28365625,-0.0001789313996027886,0.0,0.0,0.04045911133289337,False,False,16.34765625,0.04541015625,0.00011238642036914825,
1058,1782788617.795126,54.91521349386312,16.28390319377077,16.28365625,-0.00012031347307583928,0.0,0.0,-22.801233530044556,False,False,16.34765625,0.04541015625,-0.06333675980567932,
1059,1782788617.8473454,54.96729332883842,16.283822294991463,16.28365625,-8.089877931638512e-05,0.0,0.0,0.04314199090003967,False,False,16.34765625,0.04541015625,0.00011983886361122131,
1060,1782788617.8994122,55.01933344081044,16.283767898652258,16.28365625,-5.439633920900633e-05,0.0,0.0,5.434382110834122,False,False,16.34765625,0.04541015625,0.015095505863428116,
1061,1782788617.9514525,55.071399349020794,16.283731322553777,16.28365625,-3.657609846641208e-05,0.0,0.0,0.13969749212265015,False,False,16.34765625,0.04541015625,0.00038804858922958374,
1062,1782788618.0035188,55.123623240040615,16.28370672878516,16.28365625,-2.459376861452256e-05,0.0,0.0,0.03508999943733215,False,False,16.34765625,0.04541015625,9.747222065925598e-05,
1063,1782788618.0557406,55.1758282778319,16.31248316068514,16.371546875,0.0287764318999848,0.087890625,0.0,0.5286003649234772,False,False,16.435546875,0.045654296875,0.0014683343470096588,
1064,1782788618.1079466,55.22795342700556,16.33898103296564,16.371546875,0.026497872280515367,0.0,0.0,-0.08295402978546917,False,False,16.435546875,0.045654296875,-0.00023042786051519215,
1065,1782788618.1600728,55.27993698394857,16.344842884531825,16.371546875,0.005861851566180576,0.0,0.0,0.2737737447023392,False,False,16.435546875,0.045654296875,0.0007604826241731644,
1066,1782788618.2120552,55.33169091097079,16.356823149183544,16.371546875,0.011980264651725747,0.0,0.0,3.092765361070633,False,False,16.435546875,0.045654296875,0.00859101489186287,
1067,1782788618.263808,55.384359689895064,16.345826329261012,16.28365625,-0.010996819922524992,-0.087890625,0.0,3.7284428626298904,False,False,16.34765625,0.04541015625,0.010356785729527473,
1068,1782788618.3164778,55.436527801910415,16.3254594112951,16.28365625,-0.02036691796590162,0.0,0.0,0.037713199853897095,False,False,16.34765625,0.04541015625,0.00010475888848304749,
1069,1782788618.3686464,55.48843169189058,16.311764695654826,16.28365625,-0.013694715640269806,0.0,0.0,0.3300739824771881,False,False,16.34765625,0.04541015625,0.0009168721735477448,
1070,1782788618.42055,55.54071204503998,16.3025563688583,16.28365625,-0.009208326796510846,0.0,0.0,4.221959263086319,False,False,16.34765625,0.04541015625,0.01172766461968422,
1071,1782788618.472831,55.59286786103621,16.296364689920317,16.28365625,-0.006191678937994993,0.0,0.0,0.037713199853897095,False,False,16.34765625,0.04541015625,0.00010475888848304749,
1072,1782788618.5249846,55.645110751036555,16.292201405002423,16.28365625,-0.004163284917893861,0.0,0.0,0.9711219370365143,False,False,16.34765625,0.04541015625,0.0026975609362125397,
1073,1782788618.57723,55.69744251202792,16.28940201222363,16.28365625,-0.0027993927787974826,0.0,0.0,4.203183799982071,False,False,16.34765625,0.04541015625,0.011675510555505753,
1074,1782788618.6295452,55.749647771939635,16.287519700519173,16.28365625,-0.0018823117044632909,0.0,0.0,0.04307761788368225,False,False,16.34765625,0.04541015625,0.00011966004967689514,
1075,1782788618.6817677,55.80199199588969,16.286254034129094,16.28365625,-0.0012656663900827425,0.0,0.0,0.11281505227088928,False,False,16.34765625,0.04541015625,0.00031337514519691467,
1076,1782788618.73411,55.853961570886895,16.285403000048404,16.28365625,-0.0008510340806822114,0.0,0.0,0.06989903748035431,False,False,16.34765625,0.04541015625,0.0001941639930009842,
1077,1782788618.7860782,55.90577421989292,16.28483076473255,16.28365625,-0.0005722353158432725,0.0,0.0,0.04575982689857483,False,False,16.34765625,0.04541015625,0.00012711063027381897,
1078,1782788618.837933,55.9577850359492,16.284445993706168,16.28365625,-0.00038477102637557437,0.0,0.0,0.037713199853897095,False,False,16.34765625,0.04541015625,0.00010475888848304749,
1079,1782788618.8899016,56.00988559285179,16.284187273668024,16.28365625,-0.00025872003814697564,0.0,0.0,0.11549189686775208,False,False,16.34765625,0.04541015625,0.00032081082463264465,
1080,1782788618.942005,56.06182885286398,16.28401331031438,16.28365625,-0.0001739633536317342,0.0,0.0,6.1155880987644196,False,False,16.34765625,0.04541015625,0.016987744718790054,
1081,1782788618.993952,56.113998965825886,16.299716649855387,16.371546875,0.015703339541005334,0.087890625,0.0,0.2495916187763214,False,False,16.435546875,0.045654296875,0.0006933100521564484,
1082,1782788619.0461397,56.16599755897187,16.323248231612762,16.371546875,0.023531581757367803,0.0,0.0,0.029633715748786926,False,False,16.435546875,0.045654296875,8.231587707996368e-05,
1083,1782788619.098116,56.21802896796726,16.31027789843642,16.28365625,-0.012970333176326676,-0.087890625,0.0,0.04572160542011261,False,False,16.34765625,0.04541015625,0.0001270044595003128,
1084,1782788619.1501453,56.26981541281566,16.301556646408653,16.28365625,-0.008721252027783066,0.0,0.0,8.969431668519974,False,False,16.34765625,0.04541015625,0.024915087968111038,
1085,1782788619.201934,56.321720784995705,16.295692476545177,16.28365625,-0.005864169863485813,0.0,0.0,0.04303470253944397,False,False,16.34765625,0.04541015625,0.00011954084038734436,
1086,1782788619.2538416,56.37391574890353,16.291749408728975,16.28365625,-0.003943067816209123,0.0,0.0,0.034984052181243896,False,False,16.34765625,0.04541015625,9.717792272567749e-05,
1087,1782788619.3060358,56.42636493500322,16.289098089929368,16.28365625,-0.0026513187996215493,0.0,0.0,12.76206448674202,False,False,16.34765625,0.04541015625,0.035450179129838943,
1088,1782788619.3584843,56.47828030702658,16.287315343168505,16.28365625,-0.0017827467608526604,0.0,0.0,0.04571154713630676,False,False,16.34765625,0.04541015625,0.00012697651982307434,
1089,1782788619.4103956,56.530244547873735,16.286656706398176,16.28365625,-0.0006586367703391716,0.0,0.0,0.04571154713630676,False,False,16.34765625,0.04541015625,0.00012697651982307434,
1090,1782788619.4623609,56.58189025288448,16.285673756882133,16.28365625,-0.0009829495160431634,0.0,0.0,0.03766492009162903,False,False,16.34765625,0.04541015625,0.00010462477803230286,
1091,1782788619.5140085,56.63359912391752,16.285012821627543,16.28365625,-0.0006609352545865477,0.0,0.0,0.03766492009162903,False,False,16.34765625,0.04541015625,0.00010462477803230286,
1092,1782788619.5657146,56.68546258797869,16.284568408762357,16.28365625,-0.0004444128651925894,0.0,0.0,0.03766492009162903,False,False,16.34765625,0.04541015625,0.00010462477803230286,
1093,1782788619.6175764,56.73736270098016,16.30008989805181,16.371546875,0.015521489289454848,0.087890625,0.0,1.8079228699207306,False,False,16.435546875,0.045654296875,0.005022007972002029,
1094,1782788619.6694765,56.789203497814015,16.323499203700035,16.371546875,0.023409305648215195,0.0,0.0,9.315420538187027,False,False,16.435546875,0.045654296875,0.02587616816163063,
1095,1782788619.7212715,56.84088110993616,16.339239620817903,16.371546875,0.015740417117854122,0.0,0.0,-0.08303851936943829,False,False,16.435546875,0.045654296875,-0.00023066255380399525,
1096,1782788619.7729962,56.89271518494934,16.349823477287956,16.371546875,0.010583856470049113,0.0,0.0,-0.08304053102619946,False,False,16.435546875,0.045654296875,-0.00023066814173944294,
1097,1782788619.8248286,56.944725463865325,16.359569288650306,16.371546875,0.009745811362336099,0.0,0.0,9.09545861184597,False,False,16.435546875,0.045654296875,0.02526516281068325,
1098,1782788619.8768382,56.9966463719029,16.347672833438466,16.28365625,-0.011896455211854118,-0.087890625,0.0,0.03763273358345032,False,False,16.34765625,0.04541015625,0.00010453537106513977,
1099,1782788619.928759,57.04824163299054,16.326701000704023,16.28365625,-0.020971832734431928,0.0,0.0,-14.491905570030212,False,False,16.34765625,0.04541015625,-0.04025529325008392,
1100,1782788619.9803536,57.100109874038026,16.312599540373387,16.28365625,-0.014101460330635973,0.0,0.0,0.03493979573249817,False,False,16.34765625,0.04541015625,9.705498814582825e-05,
1101,1782788620.0322256,57.15203915303573,16.30311771844707,16.28365625,-0.009481821926328848,0.0,0.0,0.03493979573249817,False,False,16.34765625,0.04541015625,9.705498814582825e-05,
1102,1782788620.0841548,57.20397563581355,16.29674214138381,16.28365625,-0.006375577063266746,0.0,0.0,0.03761664032936096,False,False,16.34765625,0.04541015625,0.00010449066758155823,
1103,1782788620.136092,57.25590983987786,16.292455203366472,16.28365625,-0.004286938017344255,0.0,0.0,14.717341214418411,False,False,16.34765625,0.04541015625,0.040881503373384476,
1104,1782788620.188025,57.307532322825864,16.31836563499362,16.371546875,0.02591043162715323,0.087890625,0.0,-0.08309819852001965,False,False,16.435546875,0.045654296875,-0.0002308283292222768,
1105,1782788620.2396474,57.359325842000544,16.33578780921971,16.371546875,0.017422174226084053,0.0,0.0,-0.0830995396245271,False,False,16.435546875,0.045654296875,-0.00023083205451257527,
1106,1782788620.2914405,57.411104453960434,16.33168216666933,16.28365625,-0.004105642550371158,-0.087890625,0.0,-0.06701180711388588,False,False,16.34765625,0.04541015625,-0.000186143908649683,
1107,1782788620.34322,57.46287652896717,16.31594887636846,16.28365625,-0.015733290300886438,0.0,0.0,0.03491297364234924,False,False,16.34765625,0.04541015625,9.698048233985901e-05,
1108,1782788620.394992,57.51470595598221,16.30536981197015,16.28365625,-0.01057906439831413,0.0,0.0,0.04564248025417328,False,False,16.34765625,0.04541015625,0.00012678466737270355,
1109,1782788620.4468703,57.56645391997881,16.298256449068727,16.28365625,-0.007113362901407072,0.0,0.0,0.03759518265724182,False,False,16.34765625,0.04541015625,0.00010443106293678284,
1110,1782788620.4985688,57.61850114283152,16.293473423853815,16.28365625,-0.0047830252149196895,0.0,0.0,0.03759518265724182,False,False,16.34765625,0.04541015625,0.00010443106293678284,
1111,1782788620.550617,57.67018675501458,16.290257317699307,16.28365625,-0.003216106154496856,0.0,0.0,0.03759518265724182,False,False,16.34765625,0.04541015625,0.00010443106293678284,
1112,1782788620.602301,57.721884089987725,16.288094807921016,16.28365625,-0.002162509778287358,0.0,0.0,7.059618383646011,False,False,16.34765625,0.04541015625,0.019610051065683365,
1113,1782788620.654,57.77354568289593,16.28664073634609,16.28365625,-0.0014540715749262745,0.0,0.0,0.03490760922431946,False,False,16.34765625,0.04541015625,9.696558117866516e-05,
1114,1782788620.7056618,57.82512510986999,16.285663018619108,16.28365625,-0.0009777177269825188,0.0,0.0,3.0416639149188995,False,False,16.34765625,0.04541015625,0.008449066430330276,
1115,1782788620.7572403,57.876863832818344,16.28500560121949,16.28365625,-0.0006574173996227728,0.0,0.0,7.381478101015091,False,False,16.34765625,0.04541015625,0.02050410583615303,
1116,1782788620.8089764,57.92836239002645,16.284400239083187,16.28365625,-0.0006053621362980266,0.0,0.0,7.381478101015091,False,False,16.34765625,0.04541015625,0.02050410583615303,
1117,1782788620.860478,57.97995520499535,16.28415650825953,16.28365625,-0.00024373082365514165,0.0,0.0,0.04294350743293762,False,False,16.34765625,0.04541015625,0.00011928752064704895,
1118,1782788620.912072,58.0315847620368,16.28399262365371,16.28365625,-0.00016388460582561493,0.0,0.0,0.037579089403152466,False,False,16.34765625,0.04541015625,0.0001043863594532013,
1119,1782788620.9637017,58.083177965832874,16.312675396394756,16.371546875,0.028682772741035478,0.087890625,0.0,-0.08311764453537762,False,False,16.435546875,0.045654296875,-0.0002308823459316045,
1120,1782788621.0152934,58.13484126282856,16.331961692785836,16.371546875,0.01928629639107271,0.0,0.0,0.03221064805984497,False,False,16.435546875,0.045654296875,8.947402238845825e-05,
1121,1782788621.0669582,58.18656181986444,16.344929798479193,16.371546875,0.012968105693346388,0.0,0.0,-0.08313105558045208,False,False,16.435546875,0.045654296875,-0.00023091959883458912,
1122,1782788621.118678,58.23821093188599,16.353649552747406,16.371546875,0.008719754268213364,0.0,0.0,-0.08313709055073559,False,False,16.435546875,0.045654296875,-0.0002309363626409322,
1123,1782788621.1703246,58.28988893283531,16.359512715517358,16.371546875,0.005863162769941255,0.0,0.0,-0.08313709055073559,False,False,16.435546875,0.045654296875,-0.0002309363626409322,
1124,1782788621.2220037,58.34149973001331,16.363455106163872,16.371546875,0.003942390646500371,0.0,0.0,8.237059190869331,False,False,16.435546875,0.045654296875,0.02288071997463703,
1125,1782788621.2736146,58.39317195303738,16.36610596963459,16.371546875,0.0026508634707056444,0.0,0.0,-0.08047968673054129,False,False,16.435546875,0.045654296875,-0.0002235546853626147,
1126,1782788621.3253329,58.44484976888634,16.3678884102323,16.371546875,0.001782440597708046,0.0,0.0,8.583042696118355,False,False,16.435546875,0.045654296875,0.02384178526699543,
1127,1782788621.376965,58.4964529548306,16.3690869232902,16.371546875,0.00119851305788643,0.0,0.0,-0.08049779164139181,False,False,16.435546875,0.045654296875,-0.00022360497678164393,
1128,1782788621.4285696,58.5481330298353,16.354072490970328,16.28365625,-0.015014432319873094,-0.087890625,0.0,0.03751002252101898,False,False,16.34765625,0.04541015625,0.0001041945070028305,
1129,1782788621.480248,58.599827067926526,16.359797099178447,16.371546875,0.0057246082081121585,0.087890625,0.0,-0.08051857876125723,False,False,16.435546875,0.045654296875,-0.0002236627187812701,
1130,1782788621.5319412,58.65151504985988,16.363646325737587,16.371546875,0.0038492265591401065,0.0,0.0,8.065333440899849,False,False,16.435546875,0.045654296875,0.02240370400249958,
1131,1782788621.5836294,58.703263957984746,16.366234545675955,16.371546875,0.0025882199383602256,0.0,0.0,0.026747658848762512,False,False,16.435546875,0.045654296875,7.429905235767365e-05,
1132,1782788621.6353524,58.7548269960098,16.352797514105262,16.28365625,-0.013437031570703084,-0.087890625,0.0,-0.06714038550853729,False,False,16.34765625,0.04541015625,-0.00018650107085704803,
1133,1782788621.6869419,58.80635745986365,16.330146835984376,16.28365625,-0.022650678120896828,0.0,0.0,0.040148645639419556,False,False,16.34765625,0.04541015625,0.00011152401566505432,
1134,1782788621.7384717,58.85809966386296,16.343709488765896,16.371546875,0.01356265278153046,0.087890625,0.0,0.010633617639541626,False,False,16.435546875,0.045654296875,2.9537826776504517e-05,
1135,1782788621.7902164,58.90976103581488,16.352829016496187,16.371546875,0.009119527730291566,0.0,0.0,9.119406044483185,False,False,16.435546875,0.045654296875,0.025331683456897736,
1136,1782788621.8418407,58.96158229582943,16.34314067444204,16.28365625,-0.00968834205414737,-0.087890625,0.0,-0.06449505686759949,False,False,16.34765625,0.04541015625,-0.0001791529357433319,
1137,1782788621.8936975,59.01326426002197,16.323653576994825,16.28365625,-0.019487097447211,0.0,0.0,0.03742486238479614,False,False,16.34765625,0.04541015625,0.00010395795106887817,
1138,1782788621.945377,59.06490563089028,16.310550452671322,16.28365625,-0.01310312432349292,0.0,0.0,0.037423521280288696,False,False,16.34765625,0.04541015625,0.00010395422577857971,
1139,1782788621.9970195,59.11681116884574,16.301739911876194,16.28365625,-0.008810540795138877,0.0,0.0,0.037423521280288696,False,False,16.34765625,0.04541015625,0.00010395422577857971,
1140,1782788622.0489259,59.168369706952944,16.29581570424555,16.28365625,-0.005924207630641831,0.0,0.0,0.04546947777271271,False,False,16.34765625,0.04541015625,0.00012630410492420197,
1141,1782788622.1004841,59.21998024499044,16.291832267034707,16.28365625,-0.003983437210848706,0.0,0.0,0.040105730295181274,False,False,16.34765625,0.04541015625,0.00011140480637550354,
1142,1782788622.1520975,59.27172372699715,16.289153803854134,16.28365625,-0.002678463180586732,0.0,0.0,0.04815235733985901,False,False,16.34765625,0.04541015625,0.00013375654816627502,
1143,1782788622.2038379,59.32335028285161,16.28735280521152,16.28365625,-0.001800998642607965,0.0,0.0,6.117991358041763,False,False,16.34765625,0.04541015625,0.016994420439004898,
1144,1782788622.2554648,59.3751530428417,16.30196212622423,16.371546875,0.014609321012699183,0.087890625,0.0,-0.08059233950916678,False,False,16.435546875,0.045654296875,-0.0002238676097476855,
1145,1782788622.3072686,59.42696091486141,16.32475808992317,16.371546875,0.02279596369893966,0.0,0.0,8.065269067883492,False,False,16.435546875,0.045654296875,0.022403525188565254,
1146,1782788622.3591163,59.47891461895779,16.34008609591434,16.371546875,0.015328005991165128,0.0,0.0,0.9708208590745926,False,False,16.435546875,0.045654296875,0.002696724608540535,
1147,1782788622.4110308,59.53072300902568,16.334572334642804,16.28365625,-0.005513761271544126,-0.087890625,0.0,0.040084272623062134,False,False,16.34765625,0.04541015625,0.00011134520173072815,
1148,1782788622.462839,59.58223926881328,16.31172974975733,16.28365625,-0.022842584885466977,0.0,0.0,0.3512211889028549,False,False,16.34765625,0.04541015625,0.0009756144136190414,
1149,1782788622.5143557,59.633830250939354,16.31835318373683,16.371546875,0.006623433979484616,0.087890625,0.0,0.1607796549797058,False,False,16.435546875,0.045654296875,0.00044661015272140503,
1150,1782788622.5659454,59.68551436299458,16.306986468244645,16.28365625,-0.01136671549218704,-0.087890625,0.0,2.789342477917671,False,False,16.34765625,0.04541015625,0.007748173549771309,
1151,1782788622.617628,59.73732332699001,16.3151638012477,16.371546875,0.008177333003061449,0.087890625,0.0,0.7964625209569931,False,False,16.435546875,0.045654296875,0.002212395891547203,
1152,1782788622.6694393,59.788939791033044,16.333634896208956,16.371546875,0.01847109496125654,0.0,0.0,-0.08062653767410666,False,False,16.435546875,0.045654296875,-0.00022396260465029627,
1153,1782788622.7210538,59.84086619899608,16.330234547960902,16.28365625,-0.0034003482480500224,-0.087890625,0.0,1.1960895359516144,False,False,16.34765625,0.04541015625,0.003322470933198929,
1154,1782788622.7729807,59.89247560687363,16.31497549754891,16.28365625,-0.015259050411998487,0.0,0.0,8.818927556276321,False,False,16.34765625,0.04541015625,0.02449702098965645,
1155,1782788622.8246164,59.94451905298047,16.304715312051886,16.28365625,-0.01026018549703167,0.0,0.0,0.04005745053291321,False,False,16.34765625,0.04541015625,0.00011127069592475891,
1156,1782788622.876635,59.99641220201738,16.29781636332369,16.28365625,-0.006898948728206733,0.0,0.0,0.5308909714221954,False,False,16.34765625,0.04541015625,0.0014746971428394318,
1157,1782788622.928575,60.04834762890823,16.29317751019885,16.28365625,-0.004638853124845355,0.0,0.0,0.23048356175422668,False,False,16.34765625,0.04541015625,0.000640232115983963,
1158,1782788622.9804633,60.100199369946495,16.290058345357707,16.28365625,-0.0031191648411379447,0.0,0.0,0.03736451268196106,False,False,16.34765625,0.04541015625,0.00010379031300544739,
1159,1782788623.0323148,60.152016907930374,16.287961018918523,16.28365625,-0.002097326439184144,0.0,0.0,0.03736451268196106,False,False,16.34765625,0.04541015625,0.00010379031300544739,
1160,1782788623.0841324,60.20362911303528,16.286550776620814,16.28365625,-0.001410242297708919,0.0,0.0,0.03736451268196106,False,False,16.34765625,0.04541015625,0.00010379031300544739,
1161,1782788623.135743,60.25544489081949,16.285602529699837,16.28365625,-0.0009482469209842748,0.0,0.0,6.536356955766678,False,False,16.34765625,0.04541015625,0.018156547099351883,
1162,1782788623.1875598,60.30705878091976,16.284964928470174,16.28365625,-0.0006376012296698264,0.0,0.0,0.03736451268196106,False,False,16.34765625,0.04541015625,0.00010379031300544739,
1163,1782788623.2392328,60.358884466812015,16.313329174153345,16.371546875,0.028364245683178524,0.087890625,0.0,0.3672654926776886,False,False,16.435546875,0.045654296875,0.0010201819241046906,
1164,1782788623.2910001,60.41052048583515,16.310654528969582,16.28365625,-0.002674645183759594,-0.087890625,0.0,4.572969228029251,False,False,16.34765625,0.04541015625,0.012702692300081253,
1165,1782788623.3426347,60.4620578198228,16.301809892779143,16.28365625,-0.008844636190445954,0.0,0.0,0.04003599286079407,False,False,16.34765625,0.04541015625,0.00011121109127998352,
1166,1782788623.3941727,60.51374070998281,16.295862759404695,16.28365625,-0.005947133374434088,0.0,0.0,6.539028435945511,False,False,16.34765625,0.04541015625,0.01816396787762642,
1167,1782788623.4458559,60.56546319182962,16.30768421942372,16.371546875,0.011821460019035612,0.087890625,0.0,-0.08603320049587637,False,False,16.435546875,0.045654296875,-0.00023898111248854548,
1168,1782788623.4975889,60.61724130390212,16.31278531289051,16.28365625,0.005101093466805651,-0.087890625,0.0,0.04002124071121216,False,False,16.34765625,0.04541015625,0.00011117011308670044,
1169,1782788623.5493581,60.66897745290771,16.303242631887578,16.28365625,-0.009542681002926656,0.0,0.0,0.3457856923341751,False,False,16.34765625,0.04541015625,0.0009605158120393753,
1170,1782788623.6011522,60.72068004589528,16.29682613318121,16.28365625,-0.006416498706357743,0.0,0.0,0.04806116223335266,False,False,16.34765625,0.04541015625,0.00013350322842597961,
1171,1782788623.6527827,60.77245330600999,16.292511679451046,16.28365625,-0.004314453730160039,0.0,0.0,0.04537224769592285,False,False,16.34765625,0.04541015625,0.00012603402137756348,
1172,1782788623.7045767,60.824086954817176,16.289610640762884,16.28365625,-0.0029010386881509476,0.0,0.0,0.04537627100944519,False,False,16.34765625,0.04541015625,0.00012604519724845886,
1173,1782788623.756201,60.87568958592601,16.287659982348963,16.28365625,-0.0019506584139321603,0.0,0.0,0.04000917077064514,False,False,16.34765625,0.04541015625,0.00011113658547401428,
1174,1782788623.8078065,60.9275154939387,16.286348359631447,16.28365625,-0.0013116227175089534,0.0,0.0,0.048055797815322876,False,False,16.34765625,0.04541015625,0.00013348832726478577,
1175,1782788623.8596327,60.97930486500263,16.285466424516184,16.28365625,-0.0008819351152737909,0.0,0.0,0.048055797815322876,False,False,16.34765625,0.04541015625,0.00013348832726478577,
1176,1782788623.9114184,61.0311679400038,16.31366638009468,16.371546875,0.028199955578486424,0.087890625,0.0,-0.043150710698682815,False,False,16.435546875,0.045654296875,-0.00011986308527411893,
1177,1782788623.9632826,61.0829872188624,16.33262803022566,16.371546875,0.018961650130989938,0.0,0.0,-0.08070700394455343,False,False,16.435546875,0.045654296875,-0.00022418612206820399,
1178,1782788624.0151012,61.13490866404027,16.345377843773733,16.371546875,0.012749813548083466,0.0,0.0,3.8031212612986565,False,False,16.435546875,0.045654296875,0.010564225725829601,
1179,1782788624.0670233,61.18665025685914,16.353950818403458,16.371546875,0.008572974629714736,0.0,0.0,-0.08071706222835928,False,False,16.435546875,0.045654296875,-0.00022421406174544245,
1180,1782788624.1187654,61.238386479904875,16.359715286544485,16.371546875,0.005764468141023826,0.0,0.0,-0.08072846161667258,False,False,16.435546875,0.045654296875,-0.00022424572671297938,
1181,1782788624.1705003,61.290069537004456,16.365023315736458,16.371546875,0.005308029191979813,0.0,0.0,-0.08073382603470236,False,False,16.435546875,0.045654296875,-0.00022426062787417322,
1182,1782788624.22219,61.34390822285786,16.366197556403897,16.371546875,0.001174240667438653,0.0,0.0,0.3430451452732086,False,False,16.435546875,0.045654296875,0.0009529031813144684,
1183,1782788624.2760355,61.395728445844725,16.339157024425976,16.28365625,-0.027040531977917226,-0.087890625,0.0,0.03995552659034729,False,False,16.34765625,0.04541015625,0.0001109875738620758,
1184,1782788624.3278432,61.44754466903396,16.320974970724023,16.28365625,-0.01818205370196324,0.0,0.0,0.03995552659034729,False,False,16.34765625,0.04541015625,0.0001109875738620758,
1185,1782788624.3796585,61.49934859597124,16.308749357814833,16.28365625,-0.012225612909190886,0.0,0.0,2.1669472754001617,False,False,16.34765625,0.04541015625,0.0060192979872226715,
1186,1782788624.431465,61.551711485954,16.300528855694694,16.28365625,-0.008220502120138917,0.0,0.0,0.04800818860530853,False,False,16.34765625,0.04541015625,0.00013335607945919037,
1187,1782788624.483831,61.603798949858174,16.29500139006911,16.28365625,-0.0055274656255903665,0.0,0.0,3.564372807741165,False,False,16.34765625,0.04541015625,0.009901035577058792,
1188,1782788624.535939,61.655596839031205,16.291284722182468,16.28365625,-0.003716667886635605,0.0,0.0,5.704770237207413,False,False,16.34765625,0.04541015625,0.015846583992242813,
1189,1782788624.5877142,61.70748011791147,16.28878563469549,16.28365625,-0.0024990874869672552,0.0,0.0,0.03726258873939514,False,False,16.34765625,0.04541015625,0.00010350719094276428,
1190,1782788624.639595,61.7592644339893,16.28710524826925,16.28365625,-0.0016803864262442403,0.0,0.0,0.03726258873939514,False,False,16.34765625,0.04541015625,0.00010350719094276428,
1191,1782788624.691405,61.8112342490349,16.285975356436243,16.28365625,-0.0011298918330169272,0.0,0.0,0.03994479775428772,False,False,16.34765625,0.04541015625,0.00011095777153968811,
1192,1782788624.743353,61.86321015795693,16.314008585917733,16.371546875,0.028033229481479793,0.087890625,0.0,-0.002971217363665346,False,False,16.435546875,0.045654296875,-8.253381565737072e-06,
1193,1782788624.7953236,61.91505319485441,16.30406516067108,16.28365625,-0.009943425246660809,-0.087890625,0.0,0.11504665017127991,False,False,16.34765625,0.04541015625,0.0003195740282535553,
1194,1782788624.8471699,61.96691849292256,16.297379201535232,16.28365625,-0.006685959135836583,0.0,0.0,0.04530318081378937,False,False,16.34765625,0.04541015625,0.0001258421689271927,
1195,1782788624.8990335,62.0186033078935,16.292883562612285,16.28365625,-0.00449563892294691,0.0,0.0,0.039939433336257935,False,False,16.34765625,0.04541015625,0.00011094287037849426,
1196,1782788624.950717,62.07015536399558,16.28874389490041,16.28365625,-0.0041396677118825664,0.0,0.0,0.039939433336257935,False,False,16.34765625,0.04541015625,0.00011094287037849426,
1197,1782788625.00227,62.12182260584086,16.287828118818336,16.28365625,-0.0009157760820812655,0.0,0.0,0.39399102330207825,False,False,16.34765625,0.04541015625,0.0010944195091724396,
1198,1782788625.0539405,62.1733758659102,16.285956484966636,16.28365625,-0.0018716338516924225,0.0,0.0,0.039939433336257935,False,False,16.34765625,0.04541015625,0.00011094287037849426,
1199,1782788625.1054885,62.22504425491206,16.285202927991566,16.28365625,-0.0007535569750700688,0.0,0.0,0.045302510261535645,False,False,16.34765625,0.04541015625,0.00012584030628204346,
