i,t_rel,error,timestamp,pos_estimate,raw_position_deg,measured_position_deg,filtered_position_deg,position_deg,vel_estimate,velocity_deg_per_sec,raw_velocity_deg_per_sec,pos_estimate_scaled_deg_0p06,pos_estimate_mod_0p06,pos_estimate_delta,raw_position_deg_delta,measured_position_deg_delta,filtered_position_deg_delta,position_deg_delta,velocity_deg_per_sec_delta,raw_velocity_deg_per_sec_delta
0,5.832873284816742e-06,,2026-06-30T15:11:30.354+07:00,0.056869566440582275,341.21739864349365,341.15339864349363,339.2909598413969,339.2909598413969,-5.6028369726845995e-05,7.739710324242429,-0.33617021836107597,341.21739864349365,0.056869566440582275,,,,,,,
1,0.05766003602184355,,2026-06-30T15:11:30.396+07:00,0.056869566440582275,341.21739864349365,341.15339864349363,339.94281342213077,339.94281342213077,5.5909156799316406e-05,10.47265775713448,0.33545494079589844,341.21739864349365,0.056869566440582275,0.0,0.0,0.0,0.6518535807338708,0.6518535807338708,2.7329474328920504,0.6716251591569744
2,0.11042787902988493,,2026-06-30T15:11:30.450+07:00,0.056869566440582275,341.21739864349365,341.15339864349363,340.3665182496078,340.3665182496078,-0.0002195835259044543,9.554658783557343,-1.3175011554267257,341.21739864349365,0.056869566440582275,0.0,0.0,0.0,0.42370482747702454,0.42370482747702454,-0.9179989735771361,-1.6529560962226242
3,0.16209772299043834,,2026-06-30T15:11:30.498+07:00,0.056869566440582275,341.21739864349365,341.15339864349363,341.0239357256723,341.0239357256723,-0.0002424717094982043,10.68156662129505,-1.4548302569892257,341.21739864349365,0.056869566440582275,0.0,0.0,0.0,0.6574174760644951,0.6574174760644951,1.126907837737706,-0.1373291015625
4,0.21390010486356914,,2026-06-30T15:11:30.551+07:00,0.056870341300964355,341.22204780578613,341.1580478057861,341.11651847520005,341.11651847520005,0.0011578202247619629,5.3915959509992755,6.946921348571777,341.22204780578613,0.056870341300964355,7.748603820800781e-07,0.004649162292480469,0.004649162292480469,0.09258274952776446,0.09258274952776446,-5.289970670295774,8.401751605561003
5,0.2657492449507117,,2026-06-30T15:11:30.598+07:00,0.04950755834579468,297.04535007476807,296.98135007476805,325.6803660248996,325.6803660248996,-1.9270824193954468,-223.58313428457043,-11562.49451637268,297.04535007476807,0.04950755834579468,-0.007362782955169678,-44.176697731018066,-44.176697731018066,-15.436152450300426,-15.436152450300426,-228.97473023556972,-11569.441437721252
6,0.31740279286168516,,2026-06-30T15:11:30.649+07:00,0.0571250319480896,342.7501916885376,342.6861916885376,335.34054367391667,335.34054367391667,0.4710724949836731,12.998094246993617,2826.4349699020386,342.7501916885376,0.0571250319480896,0.007617473602294922,45.70484161376953,45.70484161376953,9.660177649017044,9.660177649017044,236.58122853156405,14388.92948627472
7,0.36903617484495044,,2026-06-30T15:11:30.724+07:00,0.0539931058883667,323.9586353302002,323.8946353302002,333.51647618782084,333.51647618782084,-0.1770833283662796,-43.45240890410342,-1062.4999701976776,323.9586353302002,0.0539931058883667,-0.0031319260597229004,-18.791556358337402,-18.791556358337402,-1.824067486095828,-1.824067486095828,-56.45050315109704,-3888.934940099716
8,0.4207277789246291,,2026-06-30T15:11:30.774+07:00,0.0569881796836853,341.9290781021118,341.8650781021118,338.17678168022957,338.17678168022957,0.4264211654663086,34.01062796229769,2558.5269927978516,341.9290781021118,0.0569881796836853,0.0029950737953186035,17.97044277191162,17.97044277191162,4.660305492408725,4.660305492408725,77.46303686640111,3621.026962995529
9,0.4723958829417825,,2026-06-30T15:11:30.824+07:00,0.056869566440582275,341.21739864349365,341.15339864349363,339.9170130252855,339.9170130252855,-0.00022852422262076288,33.53616231955713,-1.3711453357245773,341.21739864349365,0.056869566440582275,-0.00011861324310302734,-0.7116794586181641,-0.7116794586181641,1.7402313450559177,1.7402313450559177,-0.4744656427405616,-2559.898138133576
10,0.5239449308719486,,2026-06-30T15:11:30.874+07:00,0.056869566440582275,341.21739864349365,341.15339864349363,340.63354789034435,340.63354789034435,-0.00023657084966544062,22.03496576319209,-1.4194250979926437,341.21739864349365,0.056869566440582275,0.0,0.0,0.0,0.7165348650588612,0.7165348650588612,-11.501196556365038,-0.048279762268066406
11,0.5756437939126045,,2026-06-30T15:11:30.924+07:00,0.05696648359298706,341.79890155792236,341.73490155792234,341.1372877203381,341.1372877203381,0.4504042863845825,15.664486741905327,2702.425718307495,341.79890155792236,0.05696648359298706,9.691715240478516e-05,0.5815029144287109,0.5815029144287109,0.5037398299937763,0.5037398299937763,-6.370479021286764,2703.8451434054878
12,0.6279054710175842,,2026-06-30T15:11:30.974+07:00,0.05696624517440796,341.79747104644775,341.73347104644773,341.3496171194944,341.3496171194944,0.45010632276535034,9.80830439653044,2700.637936592102,341.79747104644775,0.05696624517440796,-2.384185791015625e-07,-0.001430511474609375,-0.001430511474609375,0.21232939915626048,0.21232939915626048,-5.8561823453748865,-1.7877817153930664
13,0.6796528149861842,,2026-06-30T15:11:31.025+07:00,0.05700284242630005,342.0170545578003,341.9530545578003,338.4671204133338,338.4671204133338,0.21730536222457886,-7.941482605375647,1303.8321733474731,342.0170545578003,0.05700284242630005,3.6597251892089844e-05,0.21958351135253906,0.21958351135253906,-2.882496706160566,-2.882496706160566,-17.749787001906085,-1396.805763244629
14,0.7311766790226102,,2026-06-30T15:11:31.075+07:00,0.05688512325286865,341.3107395172119,341.2467395172119,340.1266991530225,340.1266991530225,0.022688686847686768,14.698118321609336,136.1321210861206,341.3107395172119,0.05688512325286865,-0.00011771917343139648,-0.7063150405883789,-0.7063150405883789,1.6595787396886976,1.6595787396886976,22.639600926984983,-1167.7000522613525
15,0.7826951718889177,,2026-06-30T15:11:31.125+07:00,0.05615639686584473,336.93838119506836,336.87438119506834,339.2413257627689,339.2413257627689,0.4629064202308655,-9.240267803764239,2777.438521385193,336.93838119506836,0.05615639686584473,-0.0007287263870239258,-4.372358322143555,-4.372358322143555,-0.8853733902536192,-0.8853733902536192,-23.938386125373576,2641.3064002990723
16,0.8343108310364187,,2026-06-30T15:11:31.175+07:00,0.05701214075088501,342.07284450531006,342.00884450531004,340.6449539030232,340.6449539030232,0.2842789888381958,12.886624069532322,1705.6739330291748,342.07284450531006,0.05701214075088501,0.0008557438850402832,5.134463310241699,5.134463310241699,1.403628140254284,1.403628140254284,22.12689187329656,-1071.764588356018
17,0.885874971980229,,2026-06-30T15:11:31.226+07:00,0.056869566440582275,341.21739864349365,341.15339864349363,340.93858074064485,340.93858074064485,-0.00023633243108633906,8.615073074434417,-1.4179945865180343,341.21739864349365,0.056869566440582275,-0.00014257431030273438,-0.8554458618164062,-0.8554458618164062,0.2936268376216731,0.2936268376216731,-4.271550995097906,-1707.0919276156928
18,0.9374690018594265,,2026-06-30T15:11:31.275+07:00,0.056869566440582275,341.21739864349365,341.15339864349363,341.07606253565956,341.07606253565956,9.179115295410156e-05,5.115007520193296,0.5507469177246094,341.21739864349365,0.056869566440582275,0.0,0.0,0.0,0.1374817950147076,0.1374817950147076,-3.5000655542411208,1.9687415042426437
19,0.98916921694763,,2026-06-30T15:11:31.325+07:00,0.05687004327774048,341.22025966644287,341.15625966644285,341.1257935129719,341.1257935129719,0.0007326006889343262,2.688315619846694,4.395604133605957,341.22025966644287,0.05687004327774048,4.76837158203125e-07,0.00286102294921875,0.00286102294921875,0.04973097731232201,0.04973097731232201,-2.4266919003466016,3.8448572158813477
20,1.0407050428912044,,2026-06-30T15:11:31.376+07:00,0.056869566440582275,341.21739864349365,341.15339864349363,341.4221032078962,341.4221032078962,-0.0002284646179759875,2.2864613704681416,-1.370787707855925,341.21739864349365,0.056869566440582275,-4.76837158203125e-07,-0.00286102294921875,-0.00286102294921875,0.29630969492433223,0.29630969492433223,-0.40185424937855263,-5.766391841461882
21,1.0925371840130538,,2026-06-30T15:11:31.426+07:00,0.056876420974731445,341.2585258483887,341.19452584838865,341.2814022040071,341.2814022040071,0.009092152118682861,-0.5293744713631678,54.55291271209717,341.2585258483887,0.056876420974731445,6.854534149169922e-06,0.04112720489501953,0.04112720489501953,-0.14070100388909168,-0.14070100388909168,-2.8158358418313094,55.92370041995309
22,1.1441156580112875,,2026-06-30T15:11:31.477+07:00,0.05687117576599121,341.22705459594727,341.16305459594724,341.23209477994027,341.23209477994027,0.0024164915084838867,-0.8602404686958648,14.49894905090332,341.22705459594727,0.05687117576599121,-5.245208740234375e-06,-0.03147125244140625,-0.03147125244140625,-0.0493074240668534,-0.0493074240668534,-0.33086599733269695,-40.05396366119385
23,1.1956533358898014,,2026-06-30T15:11:31.527+07:00,0.056869566440582275,341.21739864349365,341.15339864349363,341.18664776114235,341.18664776114235,-0.00024330617452505976,-0.871216476636931,-1.4598370471503586,341.21739864349365,0.056869566440582275,-1.6093254089355469e-06,-0.009655952453613281,-0.009655952453613281,-0.04544701879791546,-0.04544701879791546,-0.010976007941066235,-15.958786098053679
24,1.2473282548598945,,2026-06-30T15:11:31.603+07:00,0.056869566440582275,341.21739864349365,341.15339864349363,341.3655440711084,341.3655440711084,-0.00023561717534903437,1.1570585717047712,-1.4137030520942062,341.21739864349365,0.056869566440582275,0.0,0.0,0.0,0.178896309966035,0.178896309966035,2.028275048341702,0.046133995056152344
25,1.298881895840168,,2026-06-30T15:11:31.653+07:00,0.053470075130462646,320.8204507827759,320.75645078277586,334.1040983354096,334.1040983354096,0.2614508271217346,-104.65096659954764,1568.7049627304077,320.8204507827759,0.053470075130462646,-0.003399491310119629,-20.396947860717773,-20.396947860717773,-7.261445735698771,-7.261445735698771,-105.80802517125241,1570.118665782502
26,1.3514684978872538,,2026-06-30T15:11:31.703+07:00,0.05675739049911499,340.54434299468994,340.4803429946899,337.93949978624687,337.93949978624687,0.5191289782524109,-2.4475619706828553,3114.7738695144653,340.54434299468994,0.05675739049911499,0.0032873153686523438,19.723892211914062,19.723892211914062,3.835401450837253,3.835401450837253,102.20340462886479,1546.0689067840576
27,1.4028932128567249,,2026-06-30T15:11:31.754+07:00,0.05705726146697998,342.3435688018799,342.27956880187986,340.0383556991218,340.0383556991218,0.4146718978881836,23.55989925388586,2488.0313873291016,342.3435688018799,0.05705726146697998,0.00029987096786499023,1.7992258071899414,1.7992258071899414,2.0988559128749102,2.0988559128749102,26.007461224568715,-626.7424821853638
28,1.4545510758180171,,2026-06-30T15:11:31.802+07:00,0.05705767869949341,342.34607219696045,342.2820721969604,341.0773287432099,341.0773287432099,0.5597047805786133,23.13234804403669,3358.2286834716797,342.34607219696045,0.05705767869949341,4.172325134277344e-07,0.0025033950805664062,0.0025033950805664062,1.0389730440880953,1.0389730440880953,-0.4275512098491703,870.1972961425781
29,1.5062718838453293,,2026-06-30T15:11:31.853+07:00,0.05652928352355957,339.1757011413574,339.1117011413574,340.4299340421499,340.4299340421499,0.5171094536781311,-0.3372554829498551,3102.6567220687866,339.1757011413574,0.05652928352355957,-0.0005283951759338379,-3.1703710556030273,-3.1703710556030273,-0.6473947010599659,-0.6473947010599659,-23.469603526986546,-255.57196140289307
30,1.5580130240414292,,2026-06-30T15:11:31.903+07:00,0.05556291341781616,333.377480506897,333.31348050689695,337.76416544196286,337.76416544196286,0.4065503180027008,-39.62105936877141,2439.301908016205,333.377480506897,0.05556291341781616,-0.0009663701057434082,-5.798220634460449,-5.798220634460449,-2.66576860018705,-2.66576860018705,-39.283803885821555,-663.3548140525818
31,1.609745257999748,,2026-06-30T15:11:31.953+07:00,0.05695468187332153,341.7280912399292,341.6640912399292,339.9854556610434,339.9854556610434,0.13612395524978638,7.874342316252207,816.7437314987183,341.7280912399292,0.05695468187332153,0.001391768455505371,8.350610733032227,8.350610733032227,2.2212902190805153,2.2212902190805153,47.49540168502362,-1622.5581765174866
32,1.661489435005933,,2026-06-30T15:11:32.004+07:00,0.056874752044677734,341.2485122680664,341.1845122680664,340.67083250200886,340.67083250200886,0.00757145881652832,10.778214531551335,45.42875289916992,341.2485122680664,0.056874752044677734,-7.992982864379883e-05,-0.47957897186279297,-0.47957897186279297,0.685376840965489,0.685376840965489,2.9038722152991276,-771.3149785995483
33,1.713196927914396,,2026-06-30T15:11:32.053+07:00,0.056869566440582275,341.21739864349365,341.15339864349363,340.996703445985,340.996703445985,6.896257400512695e-05,8.006043717693677,0.4137754440307617,341.21739864349365,0.056869566440582275,-5.185604095458984e-06,-0.031113624572753906,-0.031113624572753906,0.325870943976156,0.325870943976156,-2.7721708138576577,-45.01497745513916
34,1.7650081790052354,,2026-06-30T15:11:32.104+07:00,0.05697101354598999,341.82608127593994,341.7620812759399,341.3032441764868,341.3032441764868,0.45711737871170044,7.4116232914892475,2742.7042722702026,341.82608127593994,0.05697101354598999,0.00010144710540771484,0.6086826324462891,0.6086826324462891,0.3065407305018084,0.3065407305018084,-0.5944204262044295,2742.290496826172
35,1.8166400059126318,,2026-06-30T15:11:32.153+07:00,0.049507200717926025,297.04320430755615,296.97920430755613,325.7674562525822,325.7674562525822,-1.927954912185669,-231.83350019996863,-11567.729473114014,297.04320430755615,0.049507200717926025,-0.007463812828063965,-44.78287696838379,-44.78287696838379,-15.53578792390465,-15.53578792390465,-239.24512349145786,-14310.433745384216
36,1.868214573012665,,2026-06-30T15:11:32.204+07:00,0.05695468187332153,341.7280912399292,341.6640912399292,334.8352416073913,334.8352416073913,-2.5672073364257812,2.187132065159247,-15403.244018554688,341.7280912399292,0.05695468187332153,0.007447481155395508,44.68488693237305,44.68488693237305,9.067785354809132,9.067785354809132,234.02063226512786,-3835.514545440674
37,1.9201753239613026,,2026-06-30T15:11:32.255+07:00,0.05686962604522705,341.2177562713623,341.1537562713623,338.4843465465148,338.4843465465148,0.00015848875045776367,40.039386810838046,0.950932502746582,341.2177562713623,0.05686962604522705,-8.505582809448242e-05,-0.5103349685668945,-0.5103349685668945,3.6491049391235038,3.6491049391235038,37.8522547456788,15404.194951057434
38,1.972189927008003,,2026-06-30T15:11:32.304+07:00,0.056869566440582275,341.21739864349365,341.15339864349363,340.25467212961325,340.25467212961325,-0.00024384261632803828,35.87846354391155,-1.4630556979682297,341.21739864349365,0.056869566440582275,-5.960464477539063e-08,-0.00035762786865234375,-0.00035762786865234375,1.7703255830984403,1.7703255830984403,-4.1609232669264955,-2.4139882007148117
39,2.0240016968455166,,2026-06-30T15:11:32.380+07:00,0.049507200717926025,297.04320430755615,296.97920430755613,325.498441057863,325.498441057863,-1.9279553890228271,-187.20499047320038,-11567.732334136963,297.04320430755615,0.049507200717926025,-0.00736236572265625,-44.1741943359375,-44.1741943359375,-14.756231071750278,-14.756231071750278,-223.08345401711193,-11566.269278438995
40,2.076407002983615,,2026-06-30T15:11:32.429+07:00,0.056869566440582275,341.21739864349365,341.15339864349363,334.7293181784214,334.7293181784214,-0.00023728611995466053,25.134292532667168,-1.4237167197279632,341.21739864349365,0.056869566440582275,0.00736236572265625,44.1741943359375,44.1741943359375,9.230877120558432,9.230877120558432,212.33928300586754,11566.308617417235
41,2.1281270878389478,,2026-06-30T15:11:32.480+07:00,0.05494189262390137,329.6513557434082,329.5873557434082,329.38980816455205,329.38980816455205,0.6547573208808899,-31.200657010728065,3928.5439252853394,329.6513557434082,0.05494189262390137,-0.0019276738166809082,-11.56604290008545,-11.56604290008545,-5.339510013869358,-5.339510013869358,-56.33494954339523,3929.9676420050673
42,2.17963447002694,,2026-06-30T15:11:32.533+07:00,0.056869566440582275,341.21739864349365,341.15339864349363,336.18328166614083,336.18328166614083,-0.0001489520218456164,57.54640102834321,-0.8937121310736984,341.21739864349365,0.056869566440582275,0.0019276738166809082,11.56604290008545,11.56604290008545,6.793473501588778,6.793473501588778,88.74705803907128,-3929.437637416413
43,2.2312174818944186,,2026-06-30T15:11:32.582+07:00,0.05693495273590088,341.6097164154053,341.54571641540525,339.1908354407311,339.1908354407311,0.4724934697151184,58.30158075591071,2834.9608182907104,341.6097164154053,0.05693495273590088,6.538629531860352e-05,0.3923177719116211,0.3923177719116211,3.007553774590292,3.007553774590292,0.7551797275675014,2835.854530421784
44,2.283223213860765,,2026-06-30T15:11:32.632+07:00,0.0568697452545166,341.2184715270996,341.1544715270996,340.32459119958855,340.32459119958855,0.0002384185791015625,37.219451893540594,1.430511474609375,341.2184715270996,0.0568697452545166,-6.520748138427734e-05,-0.39124488830566406,-0.39124488830566406,1.1337557588574327,1.1337557588574327,-21.08212886237012,-2833.530306816101
45,2.3348755398765206,,2026-06-30T15:11:32.682+07:00,0.056869566440582275,341.21739864349365,341.15339864349363,340.8034715794641,340.8034715794641,-0.00023841859365347773,21.061897833146908,-1.4305115619208664,341.21739864349365,0.056869566440582275,-1.7881393432617188e-07,-0.0010728836059570312,-0.0010728836059570312,0.4788803798755339,0.4788803798755339,-16.157554060393686,-2.8610230365302414
46,2.3866154770366848,,2026-06-30T15:11:32.733+07:00,0.056869566440582275,341.21739864349365,341.15339864349363,341.0055544589411,341.0055544589411,-0.00023829939891584218,11.06821932117185,-1.429796393495053,341.21739864349365,0.056869566440582275,0.0,0.0,0.0,0.2020828794770182,0.2020828794770182,-9.993678511975059,0.0007151684258133173
47,2.438493247842416,,2026-06-30T15:11:32.784+07:00,0.0568697452545166,341.2184715270996,341.1544715270996,341.0913099847823,341.0913099847823,0.00018644332885742188,5.62422425024441,1.1186599731445312,341.2184715270996,0.0568697452545166,1.7881393432617188e-07,0.0010728836059570312,0.0010728836059570312,0.0857555258411935,0.0857555258411935,-5.443995070927439,2.5484563666395843
48,2.490161055000499,,2026-06-30T15:11:32.834+07:00,0.05702406167984009,342.1443700790405,342.0803700790405,341.45461652021385,341.45461652021385,0.2735258936882019,7.588829919491291,1641.1553621292114,342.1443700790405,0.05702406167984009,0.00015431642532348633,0.925898551940918,0.925898551940918,0.3633065354315477,0.3633065354315477,1.9646056692468807,1640.036702156067
49,2.5419055288657546,,2026-06-30T15:11:32.884+07:00,0.056961119174957275,341.76671504974365,341.70271504974363,341.6825895350806,341.6825895350806,0.14831066131591797,5.233711133456236,889.8639678955078,341.76671504974365,0.056961119174957275,-6.29425048828125e-05,-0.377655029296875,-0.377655029296875,0.22797301486673405,0.22797301486673405,-2.355118786035055,-751.2913942337036
50,2.5944047609809786,,2026-06-30T15:11:32.934+07:00,0.05687445402145386,341.24672412872314,341.1827241287231,341.3985548022959,341.3985548022959,0.0071890950202941895,-0.955987598764442,43.13457012176514,341.24672412872314,0.05687445402145386,-8.666515350341797e-05,-0.5199909210205078,-0.5199909210205078,-0.2840347327846757,-0.2840347327846757,-6.189698732220678,-846.7293977737427
51,2.6461713269818574,,2026-06-30T15:11:32.986+07:00,0.056869566440582275,341.21739864349365,341.15339864349363,341.45630995387774,341.45630995387774,-3.7968162359902635e-05,-1.0239339525814368,-0.2278089741594158,341.21739864349365,0.056869566440582275,-4.887580871582031e-06,-0.029325485229492188,-0.029325485229492188,0.05775515158182998,0.05775515158182998,-0.06794635381699488,-43.36237909592455
52,2.698129134019837,,2026-06-30T15:11:33.036+07:00,0.0568697452545166,341.2184715270996,341.1544715270996,341.281754181393,341.281754181393,0.00024521350860595703,-2.389180048257532,1.4712810516357422,341.2184715270996,0.0568697452545166,1.7881393432617188e-07,0.0010728836059570312,0.0010728836059570312,-0.1745557724847231,-0.1745557724847231,-1.365246095676095,1.699090025795158
53,2.749854867812246,,2026-06-30T15:11:33.086+07:00,0.0568697452545166,341.2184715270996,341.1544715270996,341.2080043675182,341.2080043675182,0.00032007694244384766,-1.8121184309874399,1.920461654663086,341.2184715270996,0.0568697452545166,0.0,0.0,0.0,-0.07374981387482649,-0.07374981387482649,0.577061617270092,0.44918060302734375
54,2.801571581978351,,2026-06-30T15:11:33.136+07:00,0.05589324235916138,335.35945415496826,335.29545415496824,339.1287111614538,339.1287111614538,0.40620535612106323,-30.17976736436298,2437.2321367263794,335.35945415496826,0.05589324235916138,-0.0009765028953552246,-5.859017372131348,-5.859017372131348,-2.079293206064392,-2.079293206064392,-28.36764893337554,2435.3116750717163
55,2.8532345378771424,,2026-06-30T15:11:33.186+07:00,0.05701786279678345,342.1071767807007,342.04317678070066,340.6093905303543,340.6093905303543,0.3303585648536682,4.497533557372757,1982.1513891220093,342.1071767807007,0.05701786279678345,0.0011246204376220703,6.747722625732422,6.747722625732422,1.4806793689004962,1.4806793689004962,34.677300921735736,-455.0807476043701
56,2.9048172349575907,,2026-06-30T15:11:33.262+07:00,0.056365966796875,338.19580078125,338.13180078125,339.9149750520967,339.9149750520967,0.49976256489753723,-9.927784517717445,2998.5753893852234,338.19580078125,0.056365966796875,-0.0006518959999084473,-3.9113759994506836,-3.9113759994506836,-0.6944154782576106,-0.6944154782576106,-14.425318075090201,1016.4240002632141
57,2.956874707946554,,2026-06-30T15:11:33.312+07:00,0.0570979118347168,342.5874710083008,342.52347100830076,341.1137580208168,341.1137580208168,0.47521281242370605,10.456626895798067,2851.2768745422363,342.5874710083008,0.0570979118347168,0.0007319450378417969,4.391670227050781,4.391670227050781,1.1987829687201383,1.1987829687201383,20.38441141351551,-147.29851484298706
58,3.008369978982955,,2026-06-30T15:11:33.364+07:00,0.05322784185409546,319.36705112457275,319.30305112457273,333.4892729298107,333.4892729298107,-0.13795514404773712,-100.49447558063196,-827.7308642864227,319.36705112457275,0.05322784185409546,-0.003870069980621338,-23.220419883728027,-23.220419883728027,-7.624485091006136,-7.624485091006136,-110.95110247643002,-3679.007738828659
59,3.0600839708931744,,2026-06-30T15:11:33.412+07:00,0.055562734603881836,333.376407623291,333.312407623291,335.17104003273175,335.17104003273175,0.4062870144844055,-31.33447970633778,2437.722086906433,333.376407623291,0.055562734603881836,0.002334892749786377,14.009356498718262,14.009356498718262,1.6817671029210715,1.6817671029210715,69.15999587429417,3265.452951192856
60,3.1117518900427967,,2026-06-30T15:11:33.464+07:00,0.056869566440582275,341.21739864349365,341.15339864349363,338.6690544710496,338.6690544710496,-0.0001050233913701959,24.020166148520772,-0.6301403482211754,341.21739864349365,0.056869566440582275,0.0013068318367004395,7.840991020202637,7.840991020202637,3.4980144383178526,3.4980144383178526,55.35464585485855,-2438.3522272546543
61,3.1633449939545244,,2026-06-30T15:11:33.513+07:00,0.056869566440582275,341.21739864349365,341.15339864349363,340.1097025354647,340.1097025354647,-0.0002391934540355578,26.1697758498398,-1.4351607242133468,341.21739864349365,0.056869566440582275,0.0,0.0,0.0,1.440648064415086,1.440648064415086,2.1496097013190294,-0.8050203759921715
62,3.215087782824412,,2026-06-30T15:11:33.566+07:00,0.05638045072555542,338.2827043533325,338.2187043533325,339.7517654341717,339.7517654341717,0.5210703015327454,2.8781055662932857,3126.421809196472,338.2827043533325,0.05638045072555542,-0.0004891157150268555,-2.934694290161133,-2.934694290161133,-0.3579371012929755,-0.3579371012929755,-23.291670283546516,3127.8569699206855
63,3.266710182884708,,2026-06-30T15:11:33.619+07:00,0.056872546672821045,341.23528003692627,341.17128003692625,340.5674671002565,340.5674671002565,0.004387617111206055,9.743195861968704,26.325702667236328,341.23528003692627,0.056872546672821045,0.000492095947265625,2.95257568359375,2.95257568359375,0.8157016660848058,0.8157016660848058,6.865090295675419,-3100.096106529236
64,3.31867111986503,,2026-06-30T15:11:33.671+07:00,0.056869566440582275,341.21739864349365,341.15339864349363,340.90584256647594,340.90584256647594,-0.00023174287343863398,7.760904828047957,-1.3904572406318039,341.21739864349365,0.056869566440582275,-2.9802322387695312e-06,-0.017881393432617188,-0.017881393432617188,0.33837546621941783,0.33837546621941783,-1.9822910339207471,-27.716159907868132
65,3.3704036120325327,,2026-06-30T15:11:33.721+07:00,0.056869566440582275,341.21739864349365,341.15339864349363,341.05043340775603,341.05043340775603,-0.00023198129201773554,4.848504199533087,-1.3918877521064132,341.21739864349365,0.056869566440582275,0.0,0.0,0.0,0.1445908412800918,0.1445908412800918,-2.9124006285148702,-0.001430511474609375
66,3.4220288458745927,,2026-06-30T15:11:33.771+07:00,0.056869566440582275,341.21739864349365,341.15339864349363,341.11673009996446,341.11673009996446,-0.00023949147725943476,2.745644682283831,-1.4369488635566086,341.21739864349365,0.056869566440582275,0.0,0.0,0.0,0.06629669220842516,0.06629669220842516,-2.102859517249256,-0.04506111145019531
67,3.473631708882749,,2026-06-30T15:11:33.822+07:00,0.0522347092628479,313.4082555770874,313.3442555770874,331.4047061106104,331.4047061106104,-0.8092384934425354,-141.82406867701326,-4855.430960655212,313.4082555770874,0.0522347092628479,-0.004634857177734375,-27.80914306640625,-27.80914306640625,-9.712023989354066,-9.712023989354066,-144.56971335929708,-4853.994011791656
68,3.525445219827816,,2026-06-30T15:11:33.871+07:00,0.056869566440582275,341.21739864349365,341.15339864349363,337.0578451056243,337.0578451056243,-0.00022441150213126093,3.0595094565731884,-1.3464690127875656,341.21739864349365,0.056869566440582275,0.004634857177734375,27.80914306640625,27.80914306640625,5.653138995013933,5.653138995013933,144.88357813358644,4854.084491642425
69,3.577311248984188,,2026-06-30T15:11:33.922+07:00,0.05684477090835571,341.0686254501343,341.00462545013426,339.50511985692333,339.50511985692333,0.5241393446922302,27.135946192406376,3144.8360681533813,341.0686254501343,0.05684477090835571,-2.47955322265625e-05,-0.148773193359375,-0.148773193359375,2.4472747512990054,2.4472747512990054,24.076436735833187,3146.182537166169
70,3.6291044449899346,,2026-06-30T15:11:33.971+07:00,0.056974709033966064,341.8482542037964,341.78425420379637,340.6795088694161,340.6795088694161,0.1757500171661377,25.61443856749082,1054.5001029968262,341.8482542037964,0.056974709033966064,0.00012993812561035156,0.7796287536621094,0.7796287536621094,1.1743890124927816,1.1743890124927816,-1.5215076249155572,-2090.335965156555
71,3.6806380678899586,,2026-06-30T15:11:34.021+07:00,0.056869566440582275,341.21739864349365,341.15339864349363,340.97116084911204,340.97116084911204,-0.00023257733846548945,13.932228540944699,-1.3954640307929367,341.21739864349365,0.056869566440582275,-0.00010514259338378906,-0.6308555603027344,-0.6308555603027344,0.2916519796959278,0.2916519796959278,-11.68221002654612,-1055.895567027619
72,3.7322668379638344,,2026-06-30T15:11:34.072+07:00,0.05698269605636597,341.8961763381958,341.8321763381958,341.3152771339551,341.3152771339551,0.1925663948059082,10.671021522820425,1155.3983688354492,341.8961763381958,0.05698269605636597,0.0001131296157836914,0.6787776947021484,0.6787776947021484,0.34411628484303947,0.34411628484303947,-3.2612070181242743,1156.7938328662422
73,3.7840508678928018,,2026-06-30T15:11:34.121+07:00,0.05687159299850464,341.22955799102783,341.1655579910278,341.3323046815452,341.3323046815452,0.00317227840423584,4.119310132837779,19.03367042541504,341.22955799102783,0.05687159299850464,-0.00011110305786132812,-0.6666183471679688,-0.6666183471679688,0.01702754759014624,0.01702754759014624,-6.551711389982646,-1136.3646984100342
74,3.8357791940215975,,2026-06-30T15:11:34.172+07:00,0.05698603391647339,341.91620349884033,341.8522034988403,341.47356814394175,341.47356814394175,0.2994740605354309,4.157575703203735,1796.8443632125854,341.91620349884033,0.05698603391647339,0.00011444091796875,0.6866455078125,0.6866455078125,0.1412634623965232,0.1412634623965232,0.038265570365956236,1777.8106927871704
75,3.887416315963492,,2026-06-30T15:11:34.221+07:00,0.05687606334686279,341.25638008117676,341.19238008117674,341.30329008470346,341.30329008470346,0.009504914283752441,-0.09304296028673376,57.02948570251465,341.25638008117676,0.05687606334686279,-0.0001099705696105957,-0.6598234176635742,-0.6598234176635742,-0.1702780592382851,-0.1702780592382851,-4.250618663490469,-1739.8148775100708
76,3.9391361598391086,,2026-06-30T15:11:34.272+07:00,0.05514955520629883,330.89733123779297,330.83333123779295,332.5940462788773,332.5940462788773,0.20380127429962158,-81.28069028538212,1222.8076457977295,330.89733123779297,0.05514955520629883,-0.0017265081405639648,-10.359048843383789,-10.359048843383789,-8.70924380582619,-8.70924380582619,-81.18764732509538,1165.7781600952148
77,3.990836394019425,,2026-06-30T15:11:34.347+07:00,0.05521690845489502,331.3014507293701,331.2374507293701,334.22561460843315,334.22561460843315,0.3082137703895569,-25.30566405941056,1849.2826223373413,331.3014507293701,0.05521690845489502,6.73532485961914e-05,0.40411949157714844,0.40411949157714844,1.6315683295558756,1.6315683295558756,55.97502622597156,626.4749765396118
78,4.042373238829896,,2026-06-30T15:11:34.398+07:00,0.04950714111328125,297.0428466796875,296.9788466796875,319.71405986588775,319.71405986588775,-1.3161094188690186,-217.9209839183564,-7896.656513214111,297.0428466796875,0.04950714111328125,-0.0057097673416137695,-34.25860404968262,-34.25860404968262,-14.5115547425454,-14.5115547425454,-192.61531985894584,-9745.939135551453
79,4.09389015682973,,2026-06-30T15:11:34.448+07:00,0.05715513229370117,342.93079376220703,342.866793762207,332.7097738834064,332.7097738834064,0.5927740335464478,51.137691354866675,3556.6442012786865,342.93079376220703,0.05715513229370117,0.007647991180419922,45.88794708251953,45.88794708251953,12.995714017518651,12.995714017518651,269.05867527322306,11453.300714492798
80,4.145496612880379,,2026-06-30T15:11:34.499+07:00,0.04963451623916626,297.80709743499756,297.74309743499754,322.5002455703801,322.5002455703801,-1.2598203420639038,-137.69406197689366,-7558.922052383423,297.80709743499756,0.04963451623916626,-0.007520616054534912,-45.12369632720947,-45.12369632720947,-10.209528313026283,-10.209528313026283,-188.83175333176035,-11115.56625366211
81,4.197200642898679,,2026-06-30T15:11:34.553+07:00,0.048126399517059326,288.75839710235596,288.69439710235594,314.91179093070497,314.91179093070497,-1.492956519126892,-229.2600784833263,-8957.739114761353,288.75839710235596,0.048126399517059326,-0.0015081167221069336,-9.048700332641602,-9.048700332641602,-7.588454639675149,-7.588454639675149,-91.56601650643265,-1398.8170623779297
82,4.248967671999708,,2026-06-30T15:11:34.605+07:00,0.05700749158859253,342.0449495315552,341.98094953155515,330.3562062766823,330.3562062766823,0.2635694146156311,71.83069166652267,1581.4164876937866,342.0449495315552,0.05700749158859253,0.008881092071533203,53.28655242919922,53.28655242919922,15.444415345977347,15.444415345977347,301.090770149849,10539.15560245514
83,4.30154814501293,,2026-06-30T15:11:34.655+07:00,0.05691969394683838,341.5181636810303,341.45416368103025,336.69685263165366,336.69685263165366,0.07413852214813232,100.74438232847251,444.83113288879395,341.5181636810303,0.05691969394683838,-8.779764175415039e-05,-0.5267858505249023,-0.5267858505249023,6.340646354971341,6.340646354971341,28.913690661949843,-1136.5853548049927
84,4.3532023599836975,,2026-06-30T15:11:34.705+07:00,0.055211663246154785,331.2699794769287,331.2059794769287,335.9644054988289,335.9644054988289,0.29941433668136597,20.881961238855,1796.4860200881958,331.2699794769287,0.055211663246154785,-0.0017080307006835938,-10.248184204101562,-10.248184204101562,-0.7324471328247455,-0.7324471328247455,-79.86242108961751,1351.6548871994019
85,4.405018499819562,,2026-06-30T15:11:34.755+07:00,0.056869566440582275,341.21739864349365,341.15339864349363,338.96104903987276,338.96104903987276,-0.00024068357015494257,42.13699142921838,-1.4441014209296554,341.21739864349365,0.056869566440582275,0.0016579031944274902,9.947419166564941,9.947419166564941,2.996643541043852,2.996643541043852,21.255030190363378,-1797.9301215091255
86,4.456698399968445,,2026-06-30T15:11:34.805+07:00,0.056869566440582275,341.21739864349365,341.15339864349363,340.2633362873165,340.2633362873165,-3.681356430053711,31.937576232728787,-22088.138580322266,341.21739864349365,0.056869566440582275,0.0,0.0,0.0,1.3022872474437577,1.3022872474437577,-10.19941519648959,-22086.694478901336
87,4.508412410970777,,2026-06-30T15:11:34.856+07:00,0.05688142776489258,341.28856658935547,341.22456658935545,340.8029069617814,340.8029069617814,0.0172463059425354,19.585661863821343,103.4778356552124,341.28856658935547,0.05688142776489258,1.1861324310302734e-05,0.0711679458618164,0.0711679458618164,0.5395706744648692,0.5395706744648692,-12.351914368907444,22191.616415977478
88,4.56021358887665,,2026-06-30T15:11:34.904+07:00,0.056932151317596436,341.5929079055786,341.5289079055786,341.1369068703802,341.1369068703802,0.09627467393875122,12.687114078790739,577.6480436325073,341.5929079055786,0.056932151317596436,5.072355270385742e-05,0.30434131622314453,0.30434131622314453,0.33399990859879836,0.33399990859879836,-6.898547785030605,474.1702079772949
89,4.611828563036397,,2026-06-30T15:11:34.955+07:00,0.056869566440582275,341.21739864349365,341.15339864349363,341.28287215973177,341.28287215973177,-0.00022488833928946406,5.949137898032593,-1.3493300357367843,341.21739864349365,0.056869566440582275,-6.258487701416016e-05,-0.37550926208496094,-0.37550926208496094,0.14596528935157949,0.14596528935157949,-6.737976180758146,-578.9973736682441
90,4.663842980982736,,2026-06-30T15:11:35.005+07:00,0.05697464942932129,341.84789657592773,341.7838965759277,341.42901956147654,341.42901956147654,0.161482572555542,5.18033690361396,968.895435333252,341.84789657592773,0.05697464942932129,0.00010508298873901367,0.630497932434082,0.630497932434082,0.14614740174476992,0.14614740174476992,-0.7688009944186325,970.2447653689887
91,4.7159115839749575,,2026-06-30T15:11:35.064+07:00,0.056869566440582275,341.21739864349365,341.15339864349363,341.2703366433821,341.2703366433821,-0.0002253055718028918,0.6824445000029258,-1.3518334308173507,341.21739864349365,0.056869566440582275,-0.00010508298873901367,-0.630497932434082,-0.630497932434082,-0.1586829180944278,-0.1586829180944278,-4.497892403611035,-970.2472687640693
92,4.767899001948535,,2026-06-30T15:11:35.118+07:00,0.056869566440582275,341.21739864349365,341.15339864349363,341.2028049484465,341.2028049484465,0.00013262033462524414,-0.4079814116817777,0.7957220077514648,341.21739864349365,0.056869566440582275,0.0,0.0,0.0,-0.06753169493561018,-0.06753169493561018,-1.0904259116847035,2.1475554385688156
93,4.8198413089849055,,2026-06-30T15:11:35.168+07:00,0.056869566440582275,341.21739864349365,341.15339864349363,341.17427280733625,341.17427280733625,-0.00023233891988638788,-0.48318108585854286,-1.3940335193183273,341.21739864349365,0.056869566440582275,0.0,0.0,0.0,-0.028532141110247267,-0.028532141110247267,-0.07519967417676515,-2.189755527069792
94,4.87179220886901,,2026-06-30T15:11:35.224+07:00,0.056869566440582275,341.21739864349365,341.15339864349363,341.16221797771715,341.16221797771715,-0.0002399087097728625,-0.32494560822632557,-1.439452258637175,341.21739864349365,0.056869566440582275,0.0,0.0,0.0,-0.012054829619103202,-0.012054829619103202,0.1582354776322173,-0.045418739318847656
95,4.9238437379244715,,2026-06-30T15:11:35.276+07:00,0.056869566440582275,341.21739864349365,341.15339864349363,341.15753161390364,341.15753161390364,-0.00022488833928946406,-0.18930876981873546,-1.3493300357367843,341.21739864349365,0.056869566440582275,0.0,0.0,0.0,-0.004686363813505068,-0.004686363813505068,0.1356368384075901,0.09012222290039062
96,4.975772766862065,,2026-06-30T15:11:35.326+07:00,0.052700698375701904,316.2041902542114,316.1401902542114,332.44055117458134,332.44055117458134,0.6837159395217896,-132.15788115012305,4102.295637130737,316.2041902542114,0.052700698375701904,-0.004168868064880371,-25.013208389282227,-25.013208389282227,-8.716980439322299,-8.716980439322299,-131.96857238030432,4103.644967166474
97,5.0276394069660455,,2026-06-30T15:11:35.377+07:00,0.056869566440582275,341.21739864349365,341.15339864349363,337.4762886048841,337.4762886048841,-0.00022536517644766718,-0.5988489299099484,-1.352191058686003,341.21739864349365,0.056869566440582275,0.004168868064880371,25.013208389282227,25.013208389282227,5.035737430302731,5.035737430302731,131.5590322202131,-4103.647828189423
98,5.079289732966572,,2026-06-30T15:11:35.427+07:00,0.056869566440582275,341.21739864349365,341.15339864349363,339.5998196521811,339.5998196521811,-0.00012844802404288203,23.256319321124458,-0.7706881442572922,341.21739864349365,0.056869566440582275,0.0,0.0,0.0,2.1235310472970355,2.1235310472970355,23.855168251034407,0.5815029144287109
99,5.131003632908687,,2026-06-30T15:11:35.478+07:00,0.056869566440582275,341.21739864349365,341.15339864349363,340.4970115196641,340.4970115196641,-0.0002253055718028918,19.526100107202364,-1.3518334308173507,341.21739864349365,0.056869566440582275,0.0,0.0,0.0,0.8971918674830022,0.8971918674830022,-3.730219213922094,-0.5811452865600586
100,5.183221217012033,,2026-06-30T15:11:35.535+07:00,0.05690878629684448,341.4527177810669,341.3887177810669,340.9584367818263,340.9584367818263,0.057546257972717285,13.25339649121906,345.2775478363037,341.4527177810669,0.05690878629684448,3.921985626220703e-05,0.2353191375732422,0.2353191375732422,0.4614252621622086,0.4614252621622086,-6.272703615983303,346.62938126712106
101,5.235216412926093,,2026-06-30T15:11:35.590+07:00,0.056869566440582275,341.21739864349365,341.15339864349363,341.0710272569392,341.0710272569392,-0.00022554399038199335,6.7676593697687295,-1.3532639422919601,341.21739864349365,0.056869566440582275,-3.921985626220703e-05,-0.2353191375732422,-0.2353191375732422,0.11259047511288145,0.11259047511288145,-6.485737121450331,-346.63081177859567
102,5.2870286458637565,,2026-06-30T15:11:35.641+07:00,0.05463385581970215,327.8031349182129,327.73913491821287,336.42360442882614,336.42360442882614,0.04064077511429787,-67.37541555377936,243.8446506857872,327.8031349182129,0.05463385581970215,-0.002235710620880127,-13.414263725280762,-13.414263725280762,-4.647422828113065,-4.647422828113065,-74.14307492354808,245.19791462807916
103,5.3386971389409155,,2026-06-30T15:11:35.691+07:00,0.056872546672821045,341.23528003692627,341.17128003692625,339.25057136860795,339.25057136860795,0.004400968551635742,1.9409635396906921,26.405811309814453,341.23528003692627,0.056872546672821045,0.0022386908531188965,13.432145118713379,13.432145118713379,2.826966939781812,2.826966939781812,69.31637909347006,-217.43883937597275
104,5.390502613037825,,2026-06-30T15:11:35.741+07:00,0.056869566440582275,341.21739864349365,341.15339864349363,340.350511804276,340.350511804276,8.690357208251953e-05,13.047429060860134,0.5214214324951172,341.21739864349365,0.056869566440582275,-2.9802322387695312e-06,-0.017881393432617188,-0.017881393432617188,1.0999404356680316,1.0999404356680316,11.106465521169442,-25.884389877319336
105,5.442362252855673,,2026-06-30T15:11:35.791+07:00,0.0561564564704895,336.938738822937,336.874738822937,339.48197222784995,339.48197222784995,0.4984263777732849,-10.291774668954393,2990.5582666397095,336.938738822937,0.0561564564704895,-0.0007131099700927734,-4.278659820556641,-4.278659820556641,-0.8685395764260306,-0.8685395764260306,-23.33920372981453,2990.0368452072144
106,5.493966802023351,,2026-06-30T15:11:35.843+07:00,0.05699533224105835,341.9719934463501,341.9079934463501,341.02741408524395,341.02741408524395,0.22493773698806763,11.532908139699607,1349.6264219284058,341.9719934463501,0.05699533224105835,0.0008388757705688477,5.033254623413086,5.033254623413086,1.545441857393996,1.545441857393996,21.824682808654,-1640.9318447113037
107,5.545873645925894,,2026-06-30T15:11:35.891+07:00,0.056869566440582275,341.21739864349365,341.15339864349363,341.10749259824377,341.10749259824377,-0.00022608043218497187,5.746748065400408,-1.3564825931098312,341.21739864349365,0.056869566440582275,-0.00012576580047607422,-0.7545948028564453,-0.7545948028564453,0.08007851299981894,0.08007851299981894,-5.786160074299199,-1350.9829045215156
108,5.597486249869689,,2026-06-30T15:11:35.943+07:00,0.056869566440582275,341.21739864349365,341.15339864349363,341.13400333937557,341.13400333937557,-0.0001291632797801867,2.710966707657085,-0.7749796786811203,341.21739864349365,0.056869566440582275,0.0,0.0,0.0,0.026510741131801296,0.026510741131801296,-3.035781357743323,0.5815029144287109
109,5.649251778842881,,2026-06-30T15:11:35.992+07:00,0.0568697452545166,341.2184715270996,341.1544715270996,341.14606779880654,341.14606779880654,0.0002580881118774414,1.2787741616932204,1.5485286712646484,341.2184715270996,0.0568697452545166,1.7881393432617188e-07,0.0010728836059570312,0.0010728836059570312,0.012064459430973784,0.012064459430973784,-1.4321925459638645,2.3235083499457687
110,5.701054493896663,,2026-06-30T15:11:36.042+07:00,0.056869566440582275,341.21739864349365,341.15339864349363,341.15436937861926,341.15436937861926,-0.0002036094811046496,0.6090306032576003,-1.2216568866278976,341.21739864349365,0.056869566440582275,-1.7881393432617188e-07,-0.0010728836059570312,-0.0010728836059570312,0.008301579812723503,0.008301579812723503,-0.6697435584356202,-2.770185557892546
111,5.753127170959488,,2026-06-30T15:11:36.093+07:00,0.056869566440582275,341.21739864349365,341.15339864349363,341.1538087790842,341.1538087790842,-0.00024092198873404413,0.25121728026368495,-1.4455319324042648,341.21739864349365,0.056869566440582275,0.0,0.0,0.0,-0.0005605995350492776,-0.0005605995350492776,-0.35781332299391533,-0.2238750457763672
112,5.804643441922963,,2026-06-30T15:11:36.143+07:00,0.056869566440582275,341.21739864349365,341.15339864349363,341.1535719257806,341.1535719257806,0.00012415647506713867,0.10349766010229472,0.744938850402832,341.21739864349365,0.056869566440582275,0.0,0.0,0.0,-0.00023685330359057843,-0.00023685330359057843,-0.14771962016139023,2.190470782807097
113,5.856147693935782,,2026-06-30T15:11:36.197+07:00,0.056869566440582275,341.21739864349365,341.15339864349363,341.15371593628026,341.15371593628026,-4.005432492704131e-05,0.044354931104948106,-0.24032594956224784,341.21739864349365,0.056869566440582275,0.0,0.0,0.0,0.00014401049963908008,0.00014401049963908008,-0.059142728997346614,-0.9852647999650799
114,5.90765613084659,,2026-06-30T15:11:36.245+07:00,0.05702018737792969,342.1211242675781,342.0571242675781,341.4710570732273,341.4710570732273,0.3336867094039917,4.632726079798215,2002.1202564239502,342.1211242675781,0.05702018737792969,0.0001506209373474121,0.9037256240844727,0.9037256240844727,0.31734113694705,0.31734113694705,4.588371148693267,2002.3605823735124
115,5.959238698007539,,2026-06-30T15:11:36.295+07:00,0.05687063932418823,341.2238359451294,341.1598359451294,341.4913105877618,341.4913105877618,0.001577138900756836,1.0004615523092806,9.462833404541016,341.2238359451294,0.05687063932418823,-0.00014954805374145508,-0.8972883224487305,-0.8972883224487305,0.020253514534488204,0.020253514534488204,-3.6322645274889345,-1992.6574230194092
116,6.011018245946616,,2026-06-30T15:11:36.346+07:00,0.05689424276351929,341.3654565811157,341.3014565811157,333.33976980059987,333.33976980059987,0.036364078521728516,-45.04830754133158,218.1844711303711,341.3654565811157,0.05689424276351929,2.3603439331054688e-05,0.14162063598632812,0.14162063598632812,-8.151540787161935,-8.151540787161935,-46.048769093640864,208.72163772583008
117,6.062576886964962,,2026-06-30T15:11:36.395+07:00,0.05687153339385986,341.2292003631592,341.16520036315916,337.85627105925397,337.85627105925397,0.0028735995292663574,32.219753772122864,17.241597175598145,341.2292003631592,0.05687153339385986,-2.2709369659423828e-05,-0.13625621795654297,-0.13625621795654297,4.5165012586541025,4.5165012586541025,77.26806131345444,-200.94287395477295
118,6.1143924170173705,,2026-06-30T15:11:36.446+07:00,0.056869566440582275,341.21739864349365,341.15339864349363,339.76036223915236,339.76036223915236,-0.00012904407049063593,34.002576523279394,-0.7742644229438156,341.21739864349365,0.056869566440582275,-1.9669532775878906e-06,-0.011801719665527344,-0.011801719665527344,1.904091179898387,1.904091179898387,1.7828227511565302,-18.01586159854196
119,6.16672488884069,,2026-06-30T15:11:36.499+07:00,0.05700653791427612,342.03922748565674,341.9752274856567,340.85248085741654,340.85248085741654,0.2505682706832886,27.52321179262695,1503.4096240997314,342.03922748565674,0.05700653791427612,0.00013697147369384766,0.8218288421630859,0.8218288421630859,1.0921186182641804,1.0921186182641804,-6.479364730652446,1504.1838885226753
120,6.219090732978657,,2026-06-30T15:11:36.551+07:00,0.05686992406845093,341.21954441070557,341.15554441070555,341.02701189740026,341.02701189740026,0.0005487203598022461,13.527339910128045,3.2923221588134766,341.21954441070557,0.05686992406845093,-0.0001366138458251953,-0.8196830749511719,-0.8196830749511719,0.17453103998371944,0.17453103998371944,-13.995871882498903,-1500.117301940918
121,6.270795057993382,,2026-06-30T15:11:36.627+07:00,0.057007431983947754,342.0445919036865,341.9805919036865,341.42293354597666,341.42293354597666,0.26340532302856445,8.515767349331664,1580.4319381713867,342.0445919036865,0.057007431983947754,0.00013750791549682617,0.825047492980957,0.825047492980957,0.39592164857640455,0.39592164857640455,-5.011572560796381,1577.1396160125732
122,6.322522143833339,,2026-06-30T15:11:36.676+07:00,0.056872010231018066,341.2320613861084,341.1680613861084,341.46059556640176,341.46059556640176,0.0036929845809936523,3.1118071160734013,22.157907485961914,341.2320613861084,0.056872010231018066,-0.0001354217529296875,-0.812530517578125,-0.812530517578125,0.03766202042510258,0.03766202042510258,-5.403960233258263,-1558.2740306854248
123,6.374348283978179,,2026-06-30T15:11:36.726+07:00,0.056872546672821045,341.23528003692627,341.17128003692625,341.3951349129376,341.3951349129376,0.0044158101081848145,0.0411884388693502,26.494860649108887,341.23528003692627,0.056872546672821045,5.364418029785156e-07,0.0032186508178710938,0.0032186508178710938,-0.06546065346418573,-0.06546065346418573,-3.070618677204051,4.336953163146973
124,6.426319387042895,,2026-06-30T15:11:36.776+07:00,0.056869566440582275,341.21739864349365,341.15339864349363,341.3598361733655,341.3598361733655,2.008676528930664e-05,-1.0867190191241864,0.12052059173583984,341.21739864349365,0.056869566440582275,-2.9802322387695312e-06,-0.017881393432617188,-0.017881393432617188,-0.03529873957205609,-0.03529873957205609,-1.1279074579935366,-26.374340057373047
125,6.4780451389960945,,2026-06-30T15:11:36.828+07:00,0.05636650323867798,338.19901943206787,338.13501943206785,340.1856502619876,340.1856502619876,0.5007143616676331,-16.406948549016885,3004.2861700057983,338.19901943206787,0.05636650323867798,-0.0005030632019042969,-3.0183792114257812,-3.0183792114257812,-1.174185911377947,-1.174185911377947,-15.320229529892698,3004.1656494140625
126,6.5298135578632355,,2026-06-30T15:11:36.876+07:00,0.056967854499816895,341.80712699890137,341.74312699890135,341.08501171721514,341.08501171721514,0.14833176136016846,3.275738575630945,889.9905681610107,341.80712699890137,0.056967854499816895,0.000601351261138916,3.608107566833496,3.608107566833496,0.8993614552275631,0.8993614552275631,19.68268712464783,-2114.2956018447876
127,6.5815037719439715,,2026-06-30T15:11:36.926+07:00,0.04957091808319092,297.4255084991455,297.3615084991455,325.8330608059311,325.8330608059311,-1.829745888710022,-219.75691806187146,-10978.475332260132,297.4255084991455,0.04957091808319092,-0.0073969364166259766,-44.38161849975586,-44.38161849975586,-15.251950911284041,-15.251950911284041,-223.0326566375024,-11868.465900421143
128,6.633187802042812,,2026-06-30T15:11:36.976+07:00,0.056869566440582275,341.21739864349365,341.15339864349363,334.68055590712345,334.68055590712345,-0.00023341180349234492,5.141097033442918,-1.4004708209540695,341.21739864349365,0.056869566440582275,0.007298648357391357,43.791890144348145,43.791890144348145,8.84749510119235,8.84749510119235,224.89801509531438,10977.074861439178
129,6.685183831024915,,2026-06-30T15:11:37.026+07:00,0.0568697452545166,341.2184715270996,341.1544715270996,338.4189980966393,338.4189980966393,0.0003177523612976074,43.40155205535202,1.9065141677856445,341.2184715270996,0.0568697452545166,1.7881393432617188e-07,0.0010728836059570312,0.0010728836059570312,3.7384421895158653,3.7384421895158653,38.2604550219091,3.306984988739714
130,6.736927267862484,,2026-06-30T15:11:37.080+07:00,0.05688554048538208,341.3132429122925,341.24924291229246,340.0316599065273,340.0316599065273,0.02319854497909546,34.932792061735476,139.19126987457275,341.3132429122925,0.05688554048538208,1.5795230865478516e-05,0.0947713851928711,0.0947713851928711,1.6126618098879817,1.6126618098879817,-8.468759993616544,137.2847557067871
131,6.788801779039204,,2026-06-30T15:11:37.128+07:00,0.0568699836730957,341.2199020385742,341.1559020385742,330.63372133656213,330.63372133656213,0.0006976723670959473,-48.74747164785191,4.186034202575684,341.2199020385742,0.0568699836730957,-1.5556812286376953e-05,-0.09334087371826172,-0.09334087371826172,-9.397938569965163,-9.397938569965163,-83.6802637095874,-135.00523567199707
132,6.84061186388135,,2026-06-30T15:11:37.179+07:00,0.05687546730041504,341.25280380249023,341.1888038024902,336.76442912756676,336.76442912756676,0.008706867694854736,45.49337755007272,52.24120616912842,341.25280380249023,0.05687546730041504,5.4836273193359375e-06,0.032901763916015625,0.032901763916015625,6.130707791004625,6.130707791004625,94.24084919792463,48.055171966552734
133,6.892387134023011,,2026-06-30T15:11:37.228+07:00,0.056869566440582275,341.21739864349365,341.15339864349363,339.29905902301454,339.29905902301454,-0.00022637845540884882,47.52930609905516,-1.358270732453093,341.21739864349365,0.056869566440582275,-5.900859832763672e-06,-0.03540515899658203,-0.03540515899658203,2.534629895447779,2.534629895447779,2.03592854898244,-53.59947690158151
134,6.944201997015625,,2026-06-30T15:11:37.278+07:00,0.05691450834274292,341.4870500564575,341.4230500564575,340.1715022842924,340.1715022842924,0.06769317388534546,31.87605680418666,406.15904331207275,341.4870500564575,0.05691450834274292,4.494190216064453e-05,0.2696514129638672,0.2696514129638672,0.8724432612778514,0.8724432612778514,-15.653249294868502,407.51731404452585
135,6.995960786007345,,2026-06-30T15:11:37.329+07:00,0.05463379621505737,327.80277729034424,327.7387772903442,336.0444062822102,336.0444062822102,0.2031671404838562,-47.66636936753391,1219.0028429031372,327.80277729034424,0.05463379621505737,-0.002280712127685547,-13.684272766113281,-13.684272766113281,-4.127096002082169,-4.127096002082169,-79.54242617172056,812.8437995910645
136,7.047895703930408,,2026-06-30T15:11:37.404+07:00,0.056871235370635986,341.2274122238159,341.1634122238159,339.8714446049961,339.8714446049961,0.0026345252990722656,19.4449551914476,15.807151794433594,341.2274122238159,0.056871235370635986,0.0022374391555786133,13.42463493347168,13.42463493347168,3.8270383227858815,3.8270383227858815,67.11132455898151,-1203.1956911087036
137,7.099607510957867,,2026-06-30T15:11:37.456+07:00,0.05687516927719116,341.251015663147,341.18701566314695,340.4735919122689,340.4735919122689,0.008177518844604492,15.34442264122285,49.06511306762695,341.251015663147,0.05687516927719116,3.933906555175781e-06,0.023603439331054688,0.023603439331054688,0.6021473072727872,0.6021473072727872,-4.1005325502247505,33.25796127319336
138,7.152139834826812,,2026-06-30T15:11:37.505+07:00,0.05691826343536377,341.5095806121826,341.4455806121826,340.98325157049385,340.98325157049385,0.07356369495391846,12.35966024946287,441.38216972351074,341.5095806121826,0.05691826343536377,4.309415817260742e-05,0.25856494903564453,0.25856494903564453,0.5096596582249617,0.5096596582249617,-2.984762391759981,392.3170566558838
139,7.203702105907723,,2026-06-30T15:11:37.556+07:00,0.0570029616355896,342.0177698135376,341.9537698135376,341.555685825849,341.555685825849,0.20638537406921387,11.440955840374741,1238.3122444152832,342.0177698135376,0.0570029616355896,8.469820022583008e-05,0.5081892013549805,0.5081892013549805,0.5724342553551764,0.5724342553551764,-0.9187044090881287,796.9300746917725
140,7.255439320812002,,2026-06-30T15:11:37.605+07:00,0.0568697452545166,341.2184715270996,341.1544715270996,341.5161576916809,341.5161576916809,0.0003319978713989258,3.1023317918313023,1.9919872283935547,341.2184715270996,0.0568697452545166,-0.00013321638107299805,-0.7992982864379883,-0.7992982864379883,-0.03952813416810841,-0.03952813416810841,-8.338624048543439,-1236.3202571868896
141,7.307927422923967,,2026-06-30T15:11:37.659+07:00,0.05686980485916138,341.21882915496826,341.15482915496824,334.95536326732474,334.95536326732474,0.0005257725715637207,-20.32441955081518,3.154635429382324,341.21882915496826,0.05686980485916138,5.960464477539063e-08,0.00035762786865234375,0.00035762786865234375,-6.560794424356175,-6.560794424356175,-23.426751342646483,1.1626482009887695
142,7.359579490032047,,2026-06-30T15:11:37.711+07:00,0.05706191062927246,342.37146377563477,342.30746377563474,339.12724476170615,339.12724476170615,0.492345929145813,35.67552301002796,2954.075574874878,342.37146377563477,0.05706191062927246,0.00019210577011108398,1.152634620666504,1.152634620666504,4.1718814943814095,4.1718814943814095,55.99994256084314,2950.9209394454956
143,7.411323537817225,,2026-06-30T15:11:37.760+07:00,0.0568731427192688,341.2388563156128,341.1748563156128,340.3410641650328,340.3410641650328,0.005279421806335449,28.486045525543297,31.676530838012695,341.2388563156128,0.0568731427192688,-0.0001887679100036621,-1.1326074600219727,-1.1326074600219727,1.2138194033266245,1.2138194033266245,-7.189477484484662,-2922.3990440368652
144,7.463046418968588,,2026-06-30T15:11:37.811+07:00,0.056869566440582275,341.21739864349365,341.15339864349363,340.81873016205634,340.81873016205634,-0.0002264976646983996,17.251717428681243,-1.3589859881903976,341.21739864349365,0.056869566440582275,-3.5762786865234375e-06,-0.021457672119140625,-0.021457672119140625,0.47766599702356416,0.47766599702356416,-11.234328096862054,-33.03551682620309
145,7.514679133892059,,2026-06-30T15:11:37.861+07:00,0.056869566440582275,341.21739864349365,341.15339864349363,341.09555827938794,341.09555827938794,-0.0002340674545848742,9.788593361231866,-1.4044047275092453,341.21739864349365,0.056869566440582275,0.0,0.0,0.0,0.27682811733160406,0.27682811733160406,-7.463124067449376,-0.045418739318847656
146,7.5664568489883095,,2026-06-30T15:11:37.912+07:00,0.056869566440582275,341.21739864349365,341.15339864349363,341.1292051706793,341.1292051706793,-0.0001596808579051867,4.503632284643128,-0.9580851474311203,341.21739864349365,0.056869566440582275,0.0,0.0,0.0,0.033646891291368775,0.033646891291368775,-5.284961076588738,0.446319580078125
147,7.6181907299906015,,2026-06-30T15:11:37.963+07:00,0.056869566440582275,341.21739864349365,341.15339864349363,341.33722131241194,341.33722131241194,-0.000241816058405675,3.167409377156294,-1.45089635043405,341.21739864349365,0.056869566440582275,0.0,0.0,0.0,0.20801614173262806,0.20801614173262806,-1.3362229074868344,-0.4928112030029297
148,7.670205092988908,,2026-06-30T15:11:38.011+07:00,0.056869566440582275,341.21739864349365,341.15339864349363,339.8983813499721,339.8983813499721,-0.00022733212972525507,-8.907525289067571,-1.3639927783515304,341.21739864349365,0.056869566440582275,0.0,0.0,0.0,-1.438839962439829,-1.438839962439829,-12.074934666223864,0.08690357208251953
149,7.722025566035882,,2026-06-30T15:11:38.060+07:00,0.05692249536514282,341.53497219085693,341.4709721908569,340.7915822580013,340.7915822580013,0.080424964427948,6.316811917093937,482.549786567688,341.53497219085693,0.05692249536514282,5.2928924560546875e-05,0.31757354736328125,0.31757354736328125,0.8932009080292005,0.8932009080292005,15.224337206161508,483.9137793460395
150,7.773819447960705,,2026-06-30T15:11:38.111+07:00,0.056869566440582275,341.21739864349365,341.15339864349363,341.0670026184999,341.0670026184999,-3.37362325808499e-05,5.267913844231575,-0.2024173954850994,341.21739864349365,0.056869566440582275,-5.2928924560546875e-05,-0.31757354736328125,-0.31757354736328125,0.2754203604985719,0.2754203604985719,-1.0488980728623618,-482.7522039631731
151,7.825631903018802,,2026-06-30T15:11:38.162+07:00,0.05692249536514282,341.53497219085693,341.4709721908569,341.2382171070257,341.2382171070257,0.0735630989074707,4.436613308136518,441.3785934448242,341.53497219085693,0.05692249536514282,5.2928924560546875e-05,0.31757354736328125,0.31757354736328125,0.17121448852583399,0.17121448852583399,-0.8313005360950569,441.5810108403093
152,7.877523413859308,,2026-06-30T15:11:38.212+07:00,0.049312472343444824,295.87483406066895,295.8108340606689,325.3555421917,325.3555421917,-1.379702091217041,-216.44484455754673,-8278.212547302246,295.87483406066895,0.049312472343444824,-0.007610023021697998,-45.66013813018799,-45.66013813018799,-15.882674915325708,-15.882674915325708,-220.88145786568325,-8719.59114074707
153,7.929194609867409,,2026-06-30T15:11:38.261+07:00,0.05693197250366211,341.59183502197266,341.52783502197263,330.68348837130424,330.68348837130424,0.0959898829460144,-9.054102051707986,575.9392976760864,341.59183502197266,0.05693197250366211,0.007619500160217285,45.71700096130371,45.71700096130371,5.327946179604226,5.327946179604226,207.39074250583874,8854.151844978333
154,7.980926065938547,,2026-06-30T15:11:38.337+07:00,0.05477607250213623,328.6564350128174,328.59243501281736,334.01977787721677,334.01977787721677,0.4183538258075714,2.2991740728053998,2510.1229548454285,328.6564350128174,0.05477607250213623,-0.002155900001525879,-12.935400009155273,-12.935400009155273,3.336289505912532,3.336289505912532,11.353276124513386,1934.183657169342
155,8.032625872874632,,2026-06-30T15:11:38.387+07:00,0.05688166618347168,341.2899971008301,341.22599710083006,338.1648533298094,338.1648533298094,0.01753479242324829,46.773580547163355,105.20875453948975,341.2899971008301,0.05688166618347168,0.0021055936813354492,12.633562088012695,12.633562088012695,4.145075452592607,4.145075452592607,44.474406474357956,-2404.9142003059387
156,8.084226069971919,,2026-06-30T15:11:38.438+07:00,0.05687582492828369,341.25494956970215,341.1909495697021,339.91738688909464,339.91738688909464,0.009085595607757568,38.70832976586884,54.51357364654541,341.25494956970215,0.05687582492828369,-5.841255187988281e-06,-0.03504753112792969,-0.03504753112792969,1.7525335592852684,1.7525335592852684,-8.065250781294516,-50.695180892944336
157,8.136273949872702,,2026-06-30T15:11:38.488+07:00,0.05689316987991333,341.35901927948,341.29501927947996,340.68075089985524,340.68075089985524,0.47424042224884033,24.98150762766801,2845.442533493042,341.35901927948,0.05689316987991333,1.7344951629638672e-05,0.10406970977783203,0.10406970977783203,0.763364010760597,0.763364010760597,-13.72682213820083,2790.9289598464966
158,8.187898998847231,,2026-06-30T15:11:38.540+07:00,0.05691254138946533,341.475248336792,341.41124833679197,341.1738034672898,341.1738034672898,0.06426423788070679,15.480854257575707,385.5854272842407,341.475248336792,0.05691254138946533,1.9371509552001953e-05,0.11622905731201172,0.11622905731201172,0.4930525674345745,0.4930525674345745,-9.500653370092301,-2459.8571062088013
159,8.239537898916751,,2026-06-30T15:11:38.587+07:00,0.056869566440582275,341.21739864349365,341.15339864349363,340.8727836724266,340.8727836724266,-0.00024282933736685663,4.6532540458938065,-1.4569760242011398,341.21739864349365,0.056869566440582275,-4.297494888305664e-05,-0.25784969329833984,-0.25784969329833984,-0.3010197948632367,-0.3010197948632367,-10.8276002116819,-387.04240330844186
160,8.291168816853315,,2026-06-30T15:11:38.639+07:00,0.0570332407951355,342.199444770813,342.13544477081297,341.40231218209414,341.40231218209414,0.6339877247810364,8.660009346848122,3803.9263486862183,342.199444770813,0.0570332407951355,0.00016367435455322266,0.9820461273193359,0.9820461273193359,0.529528509667557,0.529528509667557,4.006755300954316,3805.3833247104194
161,8.342851087916642,,2026-06-30T15:11:38.688+07:00,0.056891798973083496,341.350793838501,341.28679383850096,331.32217647859596,331.32217647859596,0.0327034592628479,-54.70274224682896,196.2207555770874,341.350793838501,0.056891798973083496,-0.00014144182205200195,-0.8486509323120117,-0.8486509323120117,-10.080135703498172,-10.080135703498172,-63.36275159367708,-3607.705593109131
162,8.394700876902789,,2026-06-30T15:11:38.738+07:00,0.04950815439224243,297.0489263534546,296.98492635345457,321.59232443294576,321.59232443294576,-1.92612886428833,-195.1495898002748,-11556.77318572998,297.0489263534546,0.04950815439224243,-0.0073836445808410645,-44.30186748504639,-44.30186748504639,-9.729852045650205,-9.729852045650205,-140.44684755344585,-11752.993941307068
163,8.446344590978697,,2026-06-30T15:11:38.788+07:00,0.056869566440582275,341.21739864349365,341.15339864349363,332.88884478953713,332.88884478953713,5.4717063903808594e-05,44.348823494408094,0.32830238342285156,341.21739864349365,0.056869566440582275,0.007361412048339844,44.16847229003906,44.16847229003906,11.296520356591373,11.296520356591373,239.4984132946829,11557.101488113403
164,8.497991676907986,,2026-06-30T15:11:38.839+07:00,0.05701237916946411,342.07427501678467,342.01027501678465,337.96153137084883,337.96153137084883,0.28466707468032837,74.55254661502245,1708.0024480819702,342.07427501678467,0.05701237916946411,0.00014281272888183594,0.8568763732910156,0.8568763732910156,5.0726865813117,5.0726865813117,30.203723120614356,1707.6741456985474
165,8.54975053993985,,2026-06-30T15:11:38.888+07:00,0.056870102882385254,341.2206172943115,341.1566172943115,339.80596124858744,339.80596124858744,0.0009043216705322266,52.06443586014216,5.425930023193359,341.2206172943115,0.056870102882385254,-0.00014227628707885742,-0.8536577224731445,-0.8536577224731445,1.8444298777386052,1.8444298777386052,-22.48811075488029,-1702.5765180587769
166,8.601906586904079,,2026-06-30T15:11:38.939+07:00,0.05693185329437256,341.59111976623535,341.52711976623533,340.7452561439695,340.7452561439695,0.09481894969940186,32.68103822220678,568.9136981964111,341.59111976623535,0.05693185329437256,6.175041198730469e-05,0.3705024719238281,0.3705024719238281,0.9392948953820905,0.9392948953820905,-19.38339763793538,563.4877681732178
167,8.653706430923194,,2026-06-30T15:11:38.988+07:00,0.056869685649871826,341.21811389923096,341.15411389923094,340.9812087769527,340.9812087769527,-3.6810240745544434,16.452513605768004,-22086.14444732666,341.21811389923096,0.056869685649871826,-6.216764450073242e-05,-0.37300586700439453,-0.37300586700439453,0.23595263298318514,0.23595263298318514,-16.228524616438776,-22655.05814552307
168,8.70529034989886,,2026-06-30T15:11:39.041+07:00,0.05636799335479736,338.2079601287842,338.14396012878416,340.3797165777846,340.3797165777846,0.5027452111244202,-4.8580828364780295,3016.471266746521,338.2079601287842,0.05636799335479736,-0.0005016922950744629,-3.0101537704467773,-3.0101537704467773,-0.6014921991680922,-0.6014921991680922,-21.310596442246034,25102.61571407318
169,8.756925823865458,,2026-06-30T15:11:39.089+07:00,0.056869566440582275,341.21739864349365,341.15339864349363,340.8309927894381,340.8309927894381,-0.00024342538381461054,3.1275627578419654,-1.4605523028876632,341.21739864349365,0.056869566440582275,0.0005015730857849121,3.0094385147094727,3.0094385147094727,0.45127621165346454,0.45127621165346454,7.985645594319995,-3017.9318190494087
170,8.808630113024265,,2026-06-30T15:11:39.165+07:00,0.05687224864959717,341.233491897583,341.169491897583,341.293861320533,341.293861320533,0.003921329975128174,2.7565342035581932,23.527979850769043,341.233491897583,0.05687224864959717,2.682209014892578e-06,0.01609325408935547,0.01609325408935547,0.4628685310948981,0.4628685310948981,-0.3710285542837721,24.988532153656706
171,8.860263012815267,,2026-06-30T15:11:39.214+07:00,0.056869566440582275,341.21739864349365,341.15339864349363,341.2127441245427,341.2127441245427,-0.00024378301168326288,0.2599110894091967,-1.4626980700995773,341.21739864349365,0.056869566440582275,-2.682209014892578e-06,-0.01609325408935547,-0.01609325408935547,-0.08111719599025946,-0.08111719599025946,-2.4966231141489965,-24.99067792086862
172,8.911930505884811,,2026-06-30T15:11:39.265+07:00,0.05694377422332764,341.6626453399658,341.5986453399658,341.3343084530021,341.3343084530021,0.11329543590545654,1.971935759134563,679.7726154327393,341.6626453399658,0.05694377422332764,7.420778274536133e-05,0.44524669647216797,0.44524669647216797,0.12156432845938525,0.12156432845938525,1.7120246697253663,681.2353135028388
173,8.963650719961151,,2026-06-30T15:11:39.316+07:00,0.049507200717926025,297.04320430755615,296.97920430755613,320.92979607121026,320.92979607121026,-1.9277839660644531,-255.32143130279127,-11566.703796386719,297.04320430755615,0.049507200717926025,-0.007436573505401611,-44.61944103240967,-44.61944103240967,-20.404512381791847,-20.404512381791847,-257.29336706192584,-12246.476411819458
174,9.01528180600144,,2026-06-30T15:11:39.366+07:00,0.056869566440582275,341.21739864349365,341.15339864349363,332.6089265567039,332.6089265567039,0.00011336803436279297,22.290216086123493,0.6802082061767578,341.21739864349365,0.056869566440582275,0.00736236572265625,44.1741943359375,44.1741943359375,11.679130485493658,11.679130485493658,277.6116473889148,11567.384004592896
175,9.067085371818393,,2026-06-30T15:11:39.416+07:00,0.056872010231018066,341.2320613861084,341.1680613861084,337.5489793087808,337.5489793087808,0.003778994083404541,63.39456057345447,22.673964500427246,341.2320613861084,0.056872010231018066,2.4437904357910156e-06,0.014662742614746094,0.014662742614746094,4.940052752076895,4.940052752076895,41.10434448733098,21.99375629425049
176,9.118933715857565,,2026-06-30T15:11:39.466+07:00,0.056876420974731445,341.2585258483887,341.19452584838865,338.95629207752853,338.95629207752853,0.009970366954803467,46.599709130089636,59.8222017288208,341.2585258483887,0.056876420974731445,4.410743713378906e-06,0.026464462280273438,0.026464462280273438,1.4073127687477154,1.4073127687477154,-16.794851443364834,37.148237228393555
177,9.170808689901605,,2026-06-30T15:11:39.516+07:00,0.05100274085998535,306.0164451599121,305.9524451599121,327.9081231740647,327.9081231740647,-1.3161213397979736,-145.8353459272817,-7896.728038787842,306.0164451599121,0.05100274085998535,-0.005873680114746094,-35.24208068847656,-35.24208068847656,-11.048168903463818,-11.048168903463818,-192.43505505737136,-7956.550240516663
178,9.222631922923028,,2026-06-30T15:11:39.567+07:00,0.056872546672821045,341.23528003692627,341.17128003692625,335.6013608035164,335.6013608035164,0.004374206066131592,21.492553904000786,26.24523639678955,341.23528003692627,0.056872546672821045,0.005869805812835693,35.21883487701416,35.21883487701416,7.693237629451687,7.693237629451687,167.32789983128248,7922.973275184631
179,9.274396600900218,,2026-06-30T15:11:39.617+07:00,0.056869566440582275,341.21739864349365,341.15339864349363,338.98958437660804,338.98958437660804,-0.00023788216640241444,45.51011607715312,-1.4272929984144866,341.21739864349365,0.056869566440582275,-2.9802322387695312e-06,-0.017881393432617188,-0.017881393432617188,3.3882235730916364,3.3882235730916364,24.017562173152335,-27.672529395204037
180,9.32622898183763,,2026-06-30T15:11:39.666+07:00,0.056869566440582275,341.21739864349365,341.15339864349363,340.23918711573447,340.23918711573447,8.243322372436523e-05,33.22273016522727,0.4945993423461914,341.21739864349365,0.056869566440582275,0.0,0.0,0.0,1.2496027391264306,1.2496027391264306,-12.287385911925853,1.921892340760678
181,9.377992177847773,,2026-06-30T15:11:39.716+07:00,0.05693739652633667,341.62437915802,341.56037915802,340.91365547010554,340.91365547010554,0.10530680418014526,22.142584473230237,631.8408250808716,341.62437915802,0.05693739652633667,6.783008575439453e-05,0.4069805145263672,0.4069805145263672,0.6744683543710721,0.6744683543710721,-11.080145691997032,631.3462257385254
182,9.42978054098785,,2026-06-30T15:11:39.767+07:00,0.05514925718307495,330.8955430984497,330.8315430984497,336.9748901698957,336.9748901698957,0.20317798852920532,-45.3519054401092,1219.067931175232,330.8955430984497,0.05514925718307495,-0.0017881393432617188,-10.728836059570312,-10.728836059570312,-3.938765300209866,-3.938765300209866,-67.49448991333944,587.2271060943604
183,9.481701606884599,,2026-06-30T15:11:39.818+07:00,0.056869566440582275,341.21739864349365,341.15339864349363,329.5384146783239,329.5384146783239,-0.0002375841431785375,-56.3931017506315,-1.425504859071225,341.21739864349365,0.056869566440582275,0.0017203092575073242,10.321855545043945,10.321855545043945,-7.436475491571798,-7.436475491571798,-11.041196310522302,-1220.4934360343032
184,9.533341969829053,,2026-06-30T15:11:39.867+07:00,0.056869566440582275,341.21739864349365,341.15339864349363,336.2460679182094,336.2460679182094,-0.00023007395793683827,52.44998501659054,-1.3804437476210296,341.21739864349365,0.056869566440582275,0.0,0.0,0.0,6.707653239885531,6.707653239885531,108.84308676722205,0.04506111145019531
185,9.584897462977096,,2026-06-30T15:11:39.917+07:00,0.056869566440582275,341.21739864349365,341.15339864349363,339.23431061692554,339.23431061692554,-0.0002299547486472875,54.096395692367985,-1.379728491883725,341.21739864349365,0.056869566440582275,0.0,0.0,0.0,2.9882426987161352,2.9882426987161352,1.646410675777446,0.0007152557373046875
186,9.636554529890418,,2026-06-30T15:11:39.992+07:00,0.05697309970855713,341.8385982513428,341.77459825134275,340.8871011340066,340.8871011340066,0.1472911238670349,29.698001806289795,883.7467432022095,341.8385982513428,0.05697309970855713,0.00010353326797485352,0.6211996078491211,0.6211996078491211,1.6527905170810868,1.6527905170810868,-24.39839388607819,885.1264716940932
187,9.688096764031798,,2026-06-30T15:11:40.043+07:00,0.05688256025314331,341.29536151885986,341.23136151885984,341.06858175381416,341.06858175381416,0.017211496829986572,14.63389674399609,103.26898097991943,341.29536151885986,0.05688256025314331,-9.053945541381836e-05,-0.5432367324829102,-0.5432367324829102,0.18148061980753027,0.18148061980753027,-15.064105062293706,-780.47776222229
188,9.73964001587592,,2026-06-30T15:11:40.093+07:00,0.056871235370635986,341.2274122238159,341.1634122238159,341.1238345122809,341.1238345122809,0.00257110595703125,6.787882347183103,15.4266357421875,341.2274122238159,0.056871235370635986,-1.1324882507324219e-05,-0.06794929504394531,-0.06794929504394531,0.05525275846673594,0.05525275846673594,-7.846014396812986,-87.84234523773193
189,9.791311137843877,,2026-06-30T15:11:40.144+07:00,0.05632537603378296,337.95225620269775,337.88825620269773,340.0258518197581,340.0258518197581,1.30022394657135,-12.194110960920579,7801.343679428101,337.95225620269775,0.05632537603378296,-0.0005458593368530273,-3.275156021118164,-3.275156021118164,-1.0979826925228053,-1.0979826925228053,-18.981993308103682,7785.917043685913
190,9.842948445817456,,2026-06-30T15:11:40.193+07:00,0.057032763957977295,342.19658374786377,342.13258374786375,341.02037577971583,341.02037577971583,0.3520553708076477,6.906185950082193,2112.3322248458862,342.19658374786377,0.057032763957977295,0.0007073879241943359,4.244327545166016,4.244327545166016,0.9945239599577462,0.9945239599577462,19.100296911002772,-5689.011454582214
191,9.89454477187246,,2026-06-30T15:11:40.242+07:00,0.056869566440582275,341.21739864349365,341.15339864349363,341.09817280762894,341.09817280762894,-0.00023776295711286366,3.787497884735722,-1.426577742677182,341.21739864349365,0.056869566440582275,-0.00016319751739501953,-0.9791851043701172,-0.9791851043701172,0.07779702791310683,0.07779702791310683,-3.118688065346471,-2113.7588025885634
192,9.946203504921868,,2026-06-30T15:11:40.293+07:00,0.056869566440582275,341.21739864349365,341.15339864349363,334.98622100413934,334.98622100413934,-4.3570998968789354e-05,-26.275401958260545,-0.2614259938127361,341.21739864349365,0.056869566440582275,0.0,0.0,0.0,-6.111951803489603,-6.111951803489603,-30.062899842996266,1.1651517488644458
193,9.998152237851173,,2026-06-30T15:11:40.351+07:00,0.0568697452545166,341.2184715270996,341.1544715270996,330.5436672582592,330.5436672582592,0.0002695322036743164,-11.339866328534967,1.6171932220458984,341.2184715270996,0.0568697452545166,1.7881393432617188e-07,0.0010728836059570312,0.0010728836059570312,-4.442553745880161,-4.442553745880161,14.935535629725578,1.8786192158586346
194,10.050333414925262,,2026-06-30T15:11:40.380+07:00,0.056869566440582275,341.21739864349365,341.15339864349363,334.2570732430912,334.2570732430912,-0.00022947791148908436,36.6041290900368,-1.3768674689345062,341.21739864349365,0.056869566440582275,-1.7881393432617188e-07,-0.0010728836059570312,-0.0010728836059570312,3.713405984832036,3.713405984832036,47.94399541857177,-2.9940606909804046
195,10.102539313957095,,2026-06-30T15:11:40.442+07:00,0.056981682777404785,341.8900966644287,341.8260966644287,338.4751454691509,338.4751454691509,0.1911236047744751,54.33339155841975,1146.7416286468506,341.8900966644287,0.056981682777404785,0.00011211633682250977,0.6726980209350586,0.6726980209350586,4.2180722260596895,4.2180722260596895,17.72926246838295,1148.118496115785
196,10.15427817683667,,2026-06-30T15:11:40.494+07:00,0.056896090507507324,341.37654304504395,341.3125430450439,340.2718257100792,340.2718257100792,0.039176344871520996,41.133188402272395,235.05806922912598,341.37654304504395,0.056896090507507324,-8.559226989746094e-05,-0.5135536193847656,-0.5135536193847656,1.7966802409283105,1.7966802409283105,-13.200203156147353,-911.6835594177246
197,10.206214854028076,,2026-06-30T15:11:40.552+07:00,0.056869566440582275,341.21739864349365,341.15339864349363,340.78093407912604,340.78093407912604,4.571676254272461e-05,22.376427832195358,0.27430057525634766,341.21739864349365,0.056869566440582275,-2.6524066925048828e-05,-0.15914440155029297,-0.15914440155029297,0.5091083690468281,0.5091083690468281,-18.756760570077038,-234.78376865386963
198,10.257894846843556,,2026-06-30T15:11:40.604+07:00,0.056996703147888184,341.9802188873291,341.9162188873291,341.26301945039074,341.26301945039074,0.22694534063339233,16.321600264915674,1361.672043800354,341.9802188873291,0.056996703147888184,0.0001271367073059082,0.7628202438354492,0.7628202438354492,0.4820853712647022,0.4820853712647022,-6.054827567279684,1361.3977432250977
199,10.309617597842589,,2026-06-30T15:11:40.655+07:00,0.056870877742767334,341.225266456604,341.161266456604,341.2024671689963,341.2024671689963,0.00199735164642334,6.251660303075818,11.984109878540039,341.225266456604,0.056870877742767334,-0.0001258254051208496,-0.7549524307250977,-0.7549524307250977,-0.06055228139445035,-0.06055228139445035,-10.069939961839856,-1349.687933921814
200,10.361199053935707,,2026-06-30T15:11:40.704+07:00,0.056869566440582275,341.21739864349365,341.15339864349363,334.82460643199767,334.82460643199767,-0.00023067000438459218,-26.08101699806886,-1.384020026307553,341.21739864349365,0.056869566440582275,-1.3113021850585938e-06,-0.007867813110351562,-0.007867813110351562,-6.3778607369986275,-6.3778607369986275,-32.33267730114468,-13.368129904847592
201,10.41309921303764,,2026-06-30T15:11:40.754+07:00,0.05686980485916138,341.21882915496826,341.15482915496824,338.48332038709754,338.48332038709754,0.000507056713104248,29.617477121251525,3.0423402786254883,341.21882915496826,0.05686980485916138,2.384185791015625e-07,0.001430511474609375,0.001430511474609375,3.65871395509987,3.65871395509987,55.69849411932039,4.426360304933041
202,10.464660686906427,,2026-06-30T15:11:40.806+07:00,0.056996941566467285,341.9816493988037,341.9176493988037,340.3779626206288,340.3779626206288,0.20441430807113647,33.78226249944129,1226.4858484268188,341.9816493988037,0.056996941566467285,0.0001271367073059082,0.7628202438354492,0.7628202438354492,1.8946422335312718,1.8946422335312718,4.164785378189762,1223.4435081481934
203,10.516355994855985,,2026-06-30T15:11:40.855+07:00,0.05687528848648071,341.2517309188843,341.18773091888426,334.4858287464956,334.4858287464956,0.00757753849029541,-20.158676343867313,45.46523094177246,341.2517309188843,0.05687528848648071,-0.00012165307998657227,-0.7299184799194336,-0.7299184799194336,-5.892133874133208,-5.892133874133208,-53.9409388433086,-1181.0206174850464
204,10.568177894921973,,2026-06-30T15:11:40.905+07:00,0.05691075325012207,341.4645195007324,341.4005195007324,338.42691067905145,338.42691067905145,0.06167656183242798,35.86088452368491,370.05937099456787,341.4645195007324,0.05691075325012207,3.546476364135742e-05,0.21278858184814453,0.21278858184814453,3.9410819325558464,3.9410819325558464,56.01956086755222,324.5941400527954
205,10.61986359092407,,2026-06-30T15:11:40.955+07:00,0.0568697452545166,341.2184715270996,341.1544715270996,340.0105385441716,340.0105385441716,0.0004183053970336914,32.569683327480014,2.5098323822021484,341.2184715270996,0.0568697452545166,-4.100799560546875e-05,-0.2460479736328125,-0.2460479736328125,1.5836278651201496,1.5836278651201496,-3.291201196204895,-367.5495386123657
206,10.671584991039708,,2026-06-30T15:11:41.005+07:00,0.056372106075286865,338.2326364517212,338.16863645172117,339.6279074929127,339.6279074929127,0.5088304877281189,5.20990925496147,3052.9829263687134,338.2326364517212,0.056372106075286865,-0.0004976391792297363,-2.985835075378418,-2.985835075378418,-0.3826310512588975,-0.3826310512588975,-27.359774072518544,3050.4730939865112
207,10.723180872853845,,2026-06-30T15:11:41.057+07:00,0.05688035488128662,341.2821292877197,341.2181292877197,340.5315343578523,340.5315343578523,0.015728771686553955,11.814474231908962,94.37263011932373,341.2821292877197,0.05688035488128662,0.0005082488059997559,3.049492835998535,3.049492835998535,0.9036268649396106,0.9036268649396106,6.604564976947492,-2958.6102962493896
208,10.775954955955967,,2026-06-30T15:11:41.132+07:00,0.051135480403900146,306.8128824234009,306.74888242340086,328.4288507378695,328.4288507378695,-1.0714305639266968,-154.8417654855071,-6428.583383560181,306.8128824234009,0.051135480403900146,-0.005744874477386475,-34.46924686431885,-34.46924686431885,-12.102683619982827,-12.102683619982827,-166.65623971741607,-6522.956013679504
209,10.827414948958904,,2026-06-30T15:11:41.182+07:00,0.05694854259490967,341.691255569458,341.627255569458,335.9593177851385,335.9593177851385,0.12484955787658691,18.55277288091527,749.0973472595215,341.691255569458,0.05694854259490967,0.0058130621910095215,34.87837314605713,34.87837314605713,7.530467047269042,7.530467047269042,173.39453836642235,7177.680730819702
210,10.878927792888135,,2026-06-30T15:11:41.234+07:00,0.056871116161346436,341.2266969680786,341.1626969680786,339.18565074874857,339.18565074874857,0.0021750330924987793,41.09590440253894,13.050198554992676,341.2266969680786,0.056871116161346436,-7.742643356323242e-05,-0.46455860137939453,-0.46455860137939453,3.226332963610048,3.226332963610048,22.54313152162367,-736.0471487045288
211,10.930569601012394,,2026-06-30T15:11:41.283+07:00,0.05675864219665527,340.55185317993164,340.4878531799316,340.0890842457171,340.0890842457171,0.521040678024292,26.541383865487834,3126.244068145752,340.55185317993164,0.05675864219665527,-0.00011247396469116211,-0.6748437881469727,-0.6748437881469727,0.903433496968546,0.903433496968546,-14.554520537051108,3113.1938695907593
212,10.982132890028879,,2026-06-30T15:11:41.334+07:00,0.05698847770690918,341.9308662414551,341.86686624145506,341.0467597798354,341.0467597798354,0.20732641220092773,22.246765502403946,1243.9584732055664,341.9308662414551,0.05698847770690918,0.00022983551025390625,1.3790130615234375,1.3790130615234375,0.9576755341182661,0.9576755341182661,-4.294618363083888,-1882.2855949401855
213,11.034003492910415,,2026-06-30T15:11:41.385+07:00,0.056870222091674805,341.2213325500488,341.1573325500488,341.1097205908923,341.1097205908923,0.0009605884552001953,10.08903327170394,5.763530731201172,341.2213325500488,0.056870222091674805,-0.000118255615234375,-0.70953369140625,-0.70953369140625,0.06296081105693929,0.06296081105693929,-12.157732230700006,-1238.1949424743652
214,11.085859708022326,,2026-06-30T15:11:41.435+07:00,0.05603611469268799,336.21668815612793,336.1526881561279,339.3846959956916,339.3846959956916,0.6907952427864075,-21.11650872916091,4144.771456718445,336.21668815612793,0.05603611469268799,-0.0008341073989868164,-5.004644393920898,-5.004644393920898,-1.7250245952007504,-1.7250245952007504,-31.20554200086485,4139.007925987244
215,11.138150088023394,,2026-06-30T15:11:41.485+07:00,0.056869566440582275,341.21739864349365,341.15339864349363,340.6001661859797,340.6001661859797,-0.00023144485021475703,3.455900819990087,-1.3886691012885422,341.21739864349365,0.056869566440582275,0.0008334517478942871,5.000710487365723,5.000710487365723,1.2154701902881015,1.2154701902881015,24.572409549150997,-4146.160125819733
216,11.18977200682275,,2026-06-30T15:11:41.535+07:00,0.05687028169631958,341.2216901779175,341.15769017791746,330.87860910540684,330.87860910540684,0.0009828805923461914,-57.64998233419348,5.897283554077148,341.2216901779175,0.05687028169631958,7.152557373046875e-07,0.004291534423828125,0.004291534423828125,-9.721557080572836,-9.721557080572836,-61.105883154183566,7.285952655365691
217,11.24159210990183,,2026-06-30T15:11:41.585+07:00,0.056874752044677734,341.2485122680664,341.1845122680664,336.8231898322524,336.8231898322524,0.007643699645996094,42.10753606286688,45.86219787597656,341.2485122680664,0.056874752044677734,4.470348358154297e-06,0.02682209014892578,0.02682209014892578,5.944580726845572,5.944580726845572,99.75751839706035,39.964914321899414
218,11.293389213969931,,2026-06-30T15:11:41.635+07:00,0.056869566440582275,341.21739864349365,341.15339864349363,339.32412950176456,339.32412950176456,-0.0002316832687938586,45.432771729843516,-1.3900996127631515,341.21739864349365,0.056869566440582275,-5.185604095458984e-06,-0.031113624572753906,-0.031113624572753906,2.5009396695121495,2.5009396695121495,3.3252356669766385,-47.252297488739714
219,11.345016818027943,,2026-06-30T15:11:41.685+07:00,0.056869566440582275,341.21739864349365,341.15339864349363,340.45904515932733,340.45904515932733,-0.00023138524556998163,31.37031142981735,-1.3883114734198898,341.21739864349365,0.056869566440582275,0.0,0.0,0.0,1.1349156575627717,1.1349156575627717,-14.062460300026167,0.0017881393432617188
220,11.396822476992384,,2026-06-30T15:11:41.735+07:00,0.05701559782028198,342.0935869216919,342.0295869216919,341.1920846199197,341.1920846199197,0.3062853217124939,22.31688712214834,1837.7119302749634,342.0935869216919,0.05701559782028198,0.00014603137969970703,0.8761882781982422,0.8761882781982422,0.7330394605923516,0.7330394605923516,-9.053424307669008,1839.1002417483833
221,11.449085135012865,,2026-06-30T15:11:41.785+07:00,0.05687028169631958,341.2216901779175,341.15769017791746,341.19898938156234,341.19898938156234,0.0011314153671264648,9.346310003027812,6.788492202758789,341.2216901779175,0.05687028169631958,-0.00014531612396240234,-0.8718967437744141,-0.8718967437744141,0.006904761642658741,0.006904761642658741,-12.970577119120529,-1830.9234380722046
222,11.501198385842144,,2026-06-30T15:11:41.835+07:00,0.05319875478744507,319.1925287246704,319.1285287246704,333.46395625873953,333.46395625873953,-0.46406790614128113,-115.01761177042589,-2784.4074368476868,319.1925287246704,0.05319875478744507,-0.0036715269088745117,-22.02916145324707,-22.02916145324707,-7.735033122822813,-7.735033122822813,-124.3639217734537,-2791.1959290504456
223,11.553018359933048,,2026-06-30T15:11:41.885+07:00,0.056869566440582275,341.21739864349365,341.15339864349363,337.904609235935,337.904609235935,2.1278858184814453e-05,0.40574880750783393,0.12767314910888672,341.21739864349365,0.056869566440582275,0.003670811653137207,22.024869918823242,22.024869918823242,4.440652977195498,4.440652977195498,115.42336057793372,2784.5351099967957
224,11.604663592996076,,2026-06-30T15:11:41.960+07:00,0.057021141052246094,342.12684631347656,342.06284631347654,340.57966518960006,340.57966518960006,0.3351857662200928,24.9085547619785,2011.1145973205566,342.12684631347656,0.057021141052246094,0.00015157461166381836,0.9094476699829102,0.9094476699829102,2.675055953665037,2.675055953665037,24.502805954470666,2010.9869241714478
225,11.65609565982595,,2026-06-30T15:11:42.010+07:00,0.056869566440582275,341.21739864349365,341.15339864349363,340.9146574745289,340.9146574745289,-0.0002246499207103625,14.195757871217165,-1.347899524262175,341.21739864349365,0.056869566440582275,-0.00015157461166381836,-0.9094476699829102,-0.9094476699829102,0.3349922849288305,0.3349922849288305,-10.712796890761336,-2012.4624968448188
226,11.70755056082271,,2026-06-30T15:11:42.061+07:00,0.056869566440582275,341.21739864349365,341.15339864349363,338.00078550210463,338.00078550210463,-6.800890696467832e-05,-10.06883127646529,-0.4080534417880699,341.21739864349365,0.056869566440582275,0.0,0.0,0.0,-2.9138719724242605,-2.9138719724242605,-24.264589147682454,0.9398460824741051
227,11.759284627856687,,2026-06-30T15:11:42.111+07:00,0.056977033615112305,341.8622016906738,341.7982016906738,340.0504364317147,340.0504364317147,0.6283509731292725,19.186564066760305,3770.1058387756348,341.8622016906738,0.056977033615112305,0.0001074671745300293,0.6448030471801758,0.6448030471801758,2.0496509296100385,2.0496509296100385,29.255395343225594,3770.513892217423
228,11.810933804837987,,2026-06-30T15:11:42.162+07:00,0.05692732334136963,341.5639400482178,341.49994004821775,340.82211105679,340.82211105679,0.08676064014434814,17.025067764091716,520.5638408660889,341.5639400482178,0.05692732334136963,-4.971027374267578e-05,-0.2982616424560547,-0.2982616424560547,0.7716746250753204,0.7716746250753204,-2.1614963026685885,-3249.541997909546
229,11.862600130960345,,2026-06-30T15:11:42.212+07:00,0.05698162317276001,341.88973903656006,341.82573903656004,341.4110626542208,341.4110626542208,0.1909794807434082,13.608219353940202,1145.8768844604492,341.88973903656006,0.05698162317276001,5.429983139038086e-05,0.32579898834228516,0.32579898834228516,0.588951597430821,0.588951597430821,-3.4168484101515144,625.3130435943604
230,11.914230605820194,,2026-06-30T15:11:42.263+07:00,0.05687004327774048,341.22025966644287,341.15625966644285,341.2632630460581,341.2632630460581,0.0008184909820556641,4.152185122864637,4.910945892333984,341.22025966644287,0.05687004327774048,-0.00011157989501953125,-0.6694793701171875,-0.6694793701171875,-0.14779960816269977,-0.14779960816269977,-9.456034231075565,-1140.9659385681152
231,11.965916597982869,,2026-06-30T15:11:42.313+07:00,0.05706310272216797,342.3786163330078,342.3146163330078,341.60933423783155,341.60933423783155,-1.6240642070770264,7.361422613563562,-9744.385242462158,342.3786163330078,0.05706310272216797,0.00019305944442749023,1.1583566665649414,1.1583566665649414,0.34607119177343293,0.34607119177343293,3.209237490698925,-9749.296188354492
232,12.017628164961934,,2026-06-30T15:11:42.364+07:00,0.056870341300964355,341.22204780578613,341.1580478057861,341.34790271992415,341.34790271992415,0.0012873411178588867,0.27083942948523543,7.72404670715332,341.22204780578613,0.056870341300964355,-0.00019276142120361328,-1.1565685272216797,-1.1565685272216797,-0.26143151790739694,-0.26143151790739694,-7.090583184078326,9752.109289169312
233,12.069324453826994,,2026-06-30T15:11:42.417+07:00,0.056869566440582275,341.21739864349365,341.15339864349363,341.23557661578553,341.23557661578553,-0.00022512675786856562,-1.039870550218242,-1.3507605472113937,341.21739864349365,0.056869566440582275,-7.748603820800781e-07,-0.004649162292480469,-0.004649162292480469,-0.11232610413861721,-0.11232610413861721,-1.3107099797034774,-9.074807254364714
234,12.121084260987118,,2026-06-30T15:11:42.465+07:00,0.05675739049911499,340.54434299468994,340.4803429946899,338.6439497088458,338.6439497088458,0.5191845297813416,-18.224578291113133,3115.1071786880493,340.54434299468994,0.05675739049911499,-0.00011217594146728516,-0.6730556488037109,-0.6730556488037109,-2.591626906939723,-2.591626906939723,-17.18470774089489,3116.4579392352607
235,12.17279654997401,,2026-06-30T15:11:42.517+07:00,0.05700963735580444,342.05782413482666,341.99382413482664,330.40414757702246,330.40414757702246,0.4121193289756775,-40.149778530242315,2472.715973854065,342.05782413482666,0.05700963735580444,0.0002522468566894531,1.5134811401367188,1.5134811401367188,-8.239802131823353,-8.239802131823353,-21.925200239129182,-642.3912048339844
236,12.224441375816241,,2026-06-30T15:11:42.569+07:00,0.05589324235916138,335.35945415496826,335.29545415496824,334.56155949692567,334.56155949692567,0.4062337279319763,18.482202161139273,2437.402367591858,335.35945415496826,0.05589324235916138,-0.0011163949966430664,-6.698369979858398,-6.698369979858398,4.157411919903211,4.157411919903211,58.631980691381585,-35.31360626220703
237,12.276158182881773,,2026-06-30T15:11:42.619+07:00,0.0568731427192688,341.2388563156128,341.1748563156128,332.10045239563743,332.10045239563743,0.005265355110168457,12.64015596451884,31.592130661010742,341.2388563156128,0.0568731427192688,0.0009799003601074219,5.879402160644531,5.879402160644531,-2.461107101288235,-2.461107101288235,-5.842046196620434,-2405.810236930847
238,12.3281994338613,,2026-06-30T15:11:42.670+07:00,0.05676048994064331,340.56293964385986,340.49893964385984,337.1024785364869,337.1024785364869,0.5236912965774536,58.98388225944819,3142.1477794647217,340.56293964385986,0.05676048994064331,-0.00011265277862548828,-0.6759166717529297,-0.6759166717529297,5.002026140849466,5.002026140849466,46.34372629492935,3110.555648803711
239,12.379819685826078,,2026-06-30T15:11:42.719+07:00,0.056869566440582275,341.21739864349365,341.15339864349363,339.4418848982833,339.4418848982833,-9.953976586984936e-06,50.990332867239296,-0.05972385952190962,341.21739864349365,0.056869566440582275,0.00010907649993896484,0.6544589996337891,0.6544589996337891,2.3394063617964207,2.3394063617964207,-7.993549392208891,-3142.2075033242436
240,12.431536864023656,,2026-06-30T15:11:42.769+07:00,0.056869566440582275,341.21739864349365,341.15339864349363,338.1913288864238,338.1913288864238,-0.00024092198873404413,22.707030576112917,-1.4455319324042648,341.21739864349365,0.056869566440582275,0.0,0.0,0.0,-1.250556011859544,-1.250556011859544,-28.28330229112638,-1.3858080728823552
241,12.483296948950738,,2026-06-30T15:11:42.819+07:00,0.05688279867172241,341.2967920303345,341.23279203033445,339.93874285427904,339.93874285427904,0.019309699535369873,29.376682796727565,115.85819721221924,341.2967920303345,0.05688279867172241,1.3232231140136719e-05,0.07939338684082031,0.07939338684082031,1.747413967855266,1.747413967855266,6.669652220614648,117.3037291446235
242,12.535183792933822,,2026-06-30T15:11:42.870+07:00,0.05689960718154907,341.39764308929443,341.3336430892944,340.70638382150526,340.70638382150526,0.04385185241699219,20.851143590595328,263.1111145019531,341.39764308929443,0.05689960718154907,1.6808509826660156e-05,0.10085105895996094,0.10085105895996094,0.7676409672262139,0.7676409672262139,-8.525539206132237,147.2529172897339
243,12.586980822961777,,2026-06-30T15:11:42.921+07:00,0.056869566440582275,341.21739864349365,341.15339864349363,341.2319663191728,341.2319663191728,-0.00022566319967154413,13.403132852862331,-1.3539791980292648,341.21739864349365,0.056869566440582275,-3.0040740966796875e-05,-0.18024444580078125,-0.18024444580078125,0.5255824976675285,0.5255824976675285,-7.4480107377329965,-264.4650936999824
244,12.639152165967971,,2026-06-30T15:11:42.996+07:00,0.05463379621505737,327.80277729034424,327.7387772903442,336.48392583483064,336.48392583483064,0.0404471680521965,-60.84115800148041,242.68300831317902,327.80277729034424,0.05463379621505737,-0.0022357702255249023,-13.414621353149414,-13.414621353149414,-4.748040484342141,-4.748040484342141,-74.24429085434274,244.03698751120828
245,12.690988657996058,,2026-06-30T15:11:43.046+07:00,0.05687141418457031,341.2284851074219,341.16448510742185,329.14472339427704,329.14472339427704,0.0028060078620910645,-69.3163117544803,16.836047172546387,341.2284851074219,0.05687141418457031,0.0022376179695129395,13.425707817077637,13.425707817077637,-7.339202440553606,-7.339202440553606,-8.475153752999887,-225.84696114063263
246,12.74284765101038,,2026-06-30T15:11:43.095+07:00,0.05627620220184326,337.65721321105957,337.59321321105955,334.833912530368,334.833912530368,0.6715697050094604,30.571124308923867,4029.4182300567627,337.65721321105957,0.05627620220184326,-0.0005952119827270508,-3.5712718963623047,-3.5712718963623047,5.689189136090988,5.689189136090988,99.88743606340417,4012.5821828842163
247,12.794454068876803,,2026-06-30T15:11:43.146+07:00,0.0568697452545166,341.2184715270996,341.1544715270996,338.48379126996014,338.48379126996014,0.0003840923309326172,52.69966516278336,2.304553985595703,341.2184715270996,0.0568697452545166,0.0005935430526733398,3.561258316040039,3.561258316040039,3.6498787395921113,3.6498787395921113,22.128540853859494,-4027.113676071167
248,12.846207431983203,,2026-06-30T15:11:43.195+07:00,0.05687028169631958,341.2216901779175,341.15769017791746,340.0269915652241,340.0269915652241,-3.6800389289855957,39.59219913723335,-22080.233573913574,341.2216901779175,0.05687028169631958,5.364418029785156e-07,0.0032186508178710938,0.0032186508178710938,1.5432002952639436,1.5432002952639436,-13.10746602555001,-22082.53812789917
249,12.897946794983,,2026-06-30T15:11:43.246+07:00,0.05320316553115845,319.2189931869507,319.15499318695066,333.1720941543171,333.1720941543171,-0.1713813841342926,-86.81794312549194,-1028.2883048057556,319.2189931869507,0.05320316553115845,-0.003667116165161133,-22.002696990966797,-22.002696990966797,-6.854897410906972,-6.854897410906972,-126.41014226272529,21051.94526910782
250,12.949721379904076,,2026-06-30T15:11:43.297+07:00,0.056869566440582275,341.21739864349365,341.15339864349363,337.7815415778369,337.7815415778369,-0.00022661687398795038,13.09549419078504,-1.3597012439277023,341.21739864349365,0.056869566440582275,0.003666400909423828,21.99840545654297,21.99840545654297,4.609447423519782,4.609447423519782,99.91343731627697,1026.928603561828
251,13.00144952093251,,2026-06-30T15:11:43.346+07:00,0.0569072961807251,341.4437770843506,341.37977708435056,339.8122522252397,339.8122522252397,0.05620396137237549,28.50086852486402,337.22376823425293,341.4437770843506,0.0569072961807251,3.7729740142822266e-05,0.2263784408569336,0.2263784408569336,2.0307106474028274,2.0307106474028274,15.405374334078981,338.58346947818063
252,13.053162531927228,,2026-06-30T15:11:43.396+07:00,0.056869566440582275,341.21739864349365,341.15339864349363,340.61987794020956,340.61987794020956,7.134675979614258e-05,20.84846702204194,0.42808055877685547,341.21739864349365,0.056869566440582275,-3.7729740142822266e-05,-0.2263784408569336,-0.2263784408569336,0.8076257149698449,0.8076257149698449,-7.65240150282208,-336.7956876754761
253,13.104651857865974,,2026-06-30T15:11:43.446+07:00,0.056869566440582275,341.21739864349365,341.15339864349363,334.5759403122916,334.5759403122916,-0.000234186663874425,-20.504988812988557,-1.40511998324655,341.21739864349365,0.056869566440582275,0.0,0.0,0.0,-6.0439376279179555,-6.0439376279179555,-41.3534558350305,-1.8332005420234054
254,13.15655812784098,,2026-06-30T15:11:43.497+07:00,0.056869566440582275,341.21739864349365,341.15339864349363,338.37442249856076,338.37442249856076,-0.000226557269343175,32.75871942607823,-1.35934361605905,341.21739864349365,0.056869566440582275,0.0,0.0,0.0,3.7984821862691547,3.7984821862691547,53.26370823906679,0.0457763671875
255,13.208426230819896,,2026-06-30T15:11:43.546+07:00,0.056889891624450684,341.3393497467041,341.2753497467041,339.582780992424,339.582780992424,0.027340054512023926,29.711768507695986,164.04032707214355,341.3393497467041,0.056889891624450684,2.0325183868408203e-05,0.12195110321044922,0.12195110321044922,1.2083584938632157,1.2083584938632157,-3.046950918382244,165.3996706882026
256,13.260343852918595,,2026-06-30T15:11:43.597+07:00,0.05700737237930298,342.04423427581787,341.98023427581785,340.9738190907934,340.9738190907934,0.24350368976593018,27.808244800735984,1461.022138595581,342.04423427581787,0.05700737237930298,0.00011748075485229492,0.7048845291137695,0.7048845291137695,1.3910380983694495,1.3910380983694495,-1.9035237069600015,1296.9818115234375
257,13.312301752856001,,2026-06-30T15:11:43.646+07:00,0.05700284242630005,342.0170545578003,341.9530545578003,341.4572349898104,341.4572349898104,0.37740546464920044,17.531074357107453,2264.4327878952026,342.0170545578003,0.05700284242630005,-4.5299530029296875e-06,-0.027179718017578125,-0.027179718017578125,0.48341589901696125,0.48341589901696125,-10.277170443628531,803.4106492996216
258,13.364164097001776,,2026-06-30T15:11:43.696+07:00,0.05516231060028076,330.97386360168457,330.90986360168455,337.0076542353967,337.0076542353967,0.22228457033634186,-51.684733952145166,1333.7074220180511,330.97386360168457,0.05516231060028076,-0.0018405318260192871,-11.043190956115723,-11.043190956115723,-4.44958075441366,-4.44958075441366,-69.21580830925262,-930.7253658771515
259,13.415824681986123,,2026-06-30T15:11:43.772+07:00,0.05686986446380615,341.2191867828369,341.1551867828369,340.1226754102281,340.1226754102281,0.0005329251289367676,11.305442879875248,3.1975507736206055,341.2191867828369,0.05686986446380615,0.0017075538635253906,10.245323181152344,10.245323181152344,3.1150211748313836,3.1150211748313836,62.99017683202041,-1330.5098712444305
260,13.467575488844886,,2026-06-30T15:11:43.822+07:00,0.05676138401031494,340.56830406188965,340.5043040618896,340.49350122544155,340.49350122544155,0.5250309705734253,8.196721655178258,3150.1858234405518,340.56830406188965,0.05676138401031494,-0.00010848045349121094,-0.6508827209472656,-0.6508827209472656,0.37082581521343627,0.37082581521343627,-3.108721224696989,3146.988272666931
261,13.519732388900593,,2026-06-30T15:11:43.874+07:00,0.056967854499816895,341.80712699890137,341.74312699890135,339.80453453264164,339.80453453264164,0.16174829006195068,2.5309111068875545,970.4897403717041,341.80712699890137,0.056967854499816895,0.00020647048950195312,1.2388229370117188,1.2388229370117188,-0.6889666927999087,-0.6889666927999087,-5.665810548290704,-2179.6960830688477
262,13.57159821386449,,2026-06-30T15:11:43.922+07:00,0.05697309970855713,341.8385982513428,341.77459825134275,340.8009234194058,340.8009234194058,0.1690576672554016,13.077709319419142,1014.3460035324097,341.8385982513428,0.05697309970855713,5.245208740234375e-06,0.03147125244140625,0.03147125244140625,0.9963888867641799,0.9963888867641799,10.546798212531588,43.856263160705566
263,13.623393854824826,,2026-06-30T15:11:43.972+07:00,0.05692559480667114,341.55356884002686,341.48956884002683,337.2244076160506,337.2244076160506,0.6565790176391602,-10.088769078026147,3939.474105834961,341.55356884002686,0.05692559480667114,-4.750490188598633e-05,-0.28502941131591797,-0.28502941131591797,-3.576515803355221,-3.576515803355221,-23.16647839744529,2925.1281023025513
264,13.675062939990312,,2026-06-30T15:11:44.023+07:00,0.055562734603881836,333.376407623291,333.312407623291,335.77809877835494,335.77809877835494,0.3220483660697937,-25.420938088381817,1932.2901964187622,333.376407623291,0.055562734603881836,-0.0013628602027893066,-8.17716121673584,-8.17716121673584,-1.4463088376956534,-1.4463088376956534,-15.33216901035567,-2007.1839094161987
265,13.72698443196714,,2026-06-30T15:11:44.073+07:00,0.0568881630897522,341.3289785385132,341.26497853851316,336.60359404443614,336.60359404443614,0.024844825267791748,12.996161148638208,149.0689516067505,341.3289785385132,0.0568881630897522,0.0013254284858703613,7.952570915222168,7.952570915222168,0.825495266081191,0.825495266081191,38.417099237020025,-1783.2212448120117
266,13.778772905934602,,2026-06-30T15:11:44.123+07:00,0.0565987229347229,339.5923376083374,339.5283376083374,338.6623348380872,338.6623348380872,1.201075553894043,26.01382461008857,7206.453323364258,339.5923376083374,0.0565987229347229,-0.0002894401550292969,-1.7366409301757812,-1.7366409301757812,2.0587407936510544,2.0587407936510544,13.017663461450361,7057.384371757507
267,13.830320101929829,,2026-06-30T15:11:44.173+07:00,0.05702763795852661,342.16582775115967,342.10182775115965,340.4328743733925,340.4328743733925,0.3238368034362793,32.34496735900058,1943.0208206176758,342.16582775115967,0.05702763795852661,0.00042891502380371094,2.5734901428222656,2.5734901428222656,1.7705395353053177,1.7705395353053177,6.331142748912008,-5263.432502746582
268,13.881947724847123,,2026-06-30T15:11:44.224+07:00,0.056869566440582275,341.21739864349365,341.15339864349363,340.8502789048178,340.8502789048178,-0.0002335906174266711,18.202027104486543,-1.4015437045600265,341.21739864349365,0.056869566440582275,-0.00015807151794433594,-0.9484291076660156,-0.9484291076660156,0.41740453142529077,0.41740453142529077,-14.142940254514034,-1944.4223643222358
269,13.933787420857698,,2026-06-30T15:11:44.275+07:00,0.056874752044677734,341.2485122680664,341.1845122680664,341.16127116526553,341.16127116526553,0.007582366466522217,10.421894206434384,45.4941987991333,341.2485122680664,0.056874752044677734,5.185604095458984e-06,0.031113624572753906,0.031113624572753906,0.3109922604477333,0.3109922604477333,-7.780132898052159,46.89574250369333
270,13.98558954289183,,2026-06-30T15:11:44.324+07:00,0.05687350034713745,341.2410020828247,341.1770020828247,341.16653183417037,341.16653183417037,0.005861222743988037,4.482091025956257,35.16733646392822,341.2410020828247,0.05687350034713745,-1.2516975402832031e-06,-0.007510185241699219,-0.007510185241699219,0.005260668904838894,0.005260668904838894,-5.939803180478127,-10.326862335205078
271,14.037334349937737,,2026-06-30T15:11:44.375+07:00,0.05707347393035889,342.4408435821533,342.3768435821533,341.58715314508544,341.58715314508544,0.3946026563644409,8.163072856204499,2367.6159381866455,342.4408435821533,0.05707347393035889,0.00019997358322143555,1.1998414993286133,1.1998414993286133,0.4206213109150667,0.4206213109150667,3.6809818302482418,2332.4486017227173
272,14.08905534283258,,2026-06-30T15:11:44.435+07:00,0.0568697452545166,341.2184715270996,341.1544715270996,341.38023777028116,341.38023777028116,0.00033271312713623047,1.4068497528443897,1.9962787628173828,341.2184715270996,0.0568697452545166,-0.00020372867584228516,-1.222372055053711,-1.222372055053711,-0.20691537480428224,-0.20691537480428224,-6.756223103360109,-2365.619659423828
273,14.141099242027849,,2026-06-30T15:11:44.488+07:00,0.056877732276916504,341.266393661499,341.202393661499,341.26638643086324,341.26638643086324,0.010934948921203613,-0.5638246163662184,65.60969352722168,341.266393661499,0.056877732276916504,7.987022399902344e-06,0.04792213439941406,0.04792213439941406,-0.11385133941791992,-0.11385133941791992,-1.9706743692106081,63.6134147644043
274,14.192688345909119,,2026-06-30T15:11:44.538+07:00,0.05687761306762695,341.2656784057617,341.2016784057617,341.0337527300829,341.0337527300829,0.010755777359008789,-2.0079983791196554,64.53466415405273,341.2656784057617,0.05687761306762695,-1.1920928955078125e-07,-0.0007152557373046875,-0.0007152557373046875,-0.2326337007803545,-0.2326337007803545,-1.444173762753437,-1.0750293731689453
275,14.244478764012456,,2026-06-30T15:11:44.586+07:00,0.056869566440582275,341.21739864349365,341.15339864349363,341.1028482450776,341.1028482450776,-9.977818262996152e-05,-0.05866706511970976,-0.5986690957797691,341.21739864349365,0.056869566440582275,-8.046627044677734e-06,-0.048279762268066406,-0.048279762268066406,0.06909551499472855,0.06909551499472855,1.9493313139999455,-65.1333332498325
276,14.296297719003633,,2026-06-30T15:11:44.637+07:00,0.056871235370635986,341.2274122238159,341.1634122238159,341.13831210483966,341.13831210483966,0.002574741840362549,0.3619894724929236,15.448451042175293,341.2274122238159,0.056871235370635986,1.6689300537109375e-06,0.010013580322265625,0.010013580322265625,0.03546385976204647,0.03546385976204647,0.4206565376126334,16.047120137955062
277,14.348100397037342,,2026-06-30T15:11:44.686+07:00,0.05687528848648071,341.2517309188843,341.18773091888426,339.37651718564484,339.37651718564484,0.008319616317749023,-9.716347901391284,49.91769790649414,341.2517309188843,0.05687528848648071,4.0531158447265625e-06,0.024318695068359375,0.024318695068359375,-1.7617949191948128,-1.7617949191948128,-10.078337373884208,34.46924686431885
278,14.400069796014577,,2026-06-30T15:11:44.736+07:00,0.05686962604522705,341.2177562713623,341.1537562713623,340.4030354783269,340.4030354783269,0.00014650821685791016,7.234289892188565,0.8790493011474609,341.2177562713623,0.05686962604522705,-5.662441253662109e-06,-0.033974647521972656,-0.033974647521972656,1.0265182926820557,1.0265182926820557,16.95063779357985,-49.03864860534668
279,14.451763844816014,,2026-06-30T15:11:44.786+07:00,0.05704623460769653,342.2774076461792,342.2134076461792,341.2404870155788,341.2404870155788,0.3200666904449463,13.403024619353733,1920.4001426696777,342.2774076461792,0.05704623460769653,0.00017660856246948242,1.0596513748168945,1.0596513748168945,0.8374515372519227,0.8374515372519227,6.168734727165168,1919.5210933685303
280,14.503386559896171,,2026-06-30T15:11:44.837+07:00,0.05700737237930298,342.04423427581787,341.98023427581785,341.4795859520131,341.4795859520131,0.24350440502166748,9.395734831538288,1461.0264301300049,342.04423427581787,0.05700737237930298,-3.886222839355469e-05,-0.23317337036132812,-0.23317337036132812,0.2390989364342886,0.2390989364342886,-4.007289787815445,-459.37371253967285
281,14.55499475589022,,2026-06-30T15:11:44.886+07:00,0.056902527809143066,341.4151668548584,341.3511668548584,341.3604316553208,341.3604316553208,0.04868638515472412,2.9055218971599817,292.1183109283447,341.4151668548584,0.056902527809143066,-0.00010484457015991211,-0.6290674209594727,-0.6290674209594727,-0.11915429669232935,-0.11915429669232935,-6.490212934378306,-1168.9081192016602
282,14.606496322900057,,2026-06-30T15:11:44.961+07:00,0.05463379621505737,327.80277729034424,327.7387772903442,327.65439857336986,327.65439857336986,0.040461353957653046,-106.10591734802591,242.76812374591827,327.80277729034424,0.05463379621505737,-0.0022687315940856934,-13.61238956451416,-13.61238956451416,-13.70603308195092,-13.70603308195092,-109.0114392451859,-49.35018718242645
283,14.658261648844928,,2026-06-30T15:11:45.012+07:00,0.0568697452545166,341.2184715270996,341.1544715270996,335.4504466231284,335.4504466231284,0.00019085407257080078,40.82812348384396,1.1451244354248047,341.2184715270996,0.0568697452545166,0.0022359490394592285,13.415694236755371,13.415694236755371,7.796048049758554,7.796048049758554,146.93404083186988,-241.62299931049347
284,14.710096325958148,,2026-06-30T15:11:45.062+07:00,0.056869566440582275,341.21739864349365,341.15339864349363,330.82509951116464,330.82509951116464,5.716085433959961e-05,12.166619006224863,0.34296512603759766,341.21739864349365,0.056869566440582275,-1.7881393432617188e-07,-0.0010728836059570312,-0.0010728836059570312,-4.625347111963777,-4.625347111963777,-28.661504477619097,-0.802159309387207
285,14.76195459603332,,2026-06-30T15:11:45.112+07:00,0.056869566440582275,341.21739864349365,341.15339864349363,336.7896922600846,336.7896922600846,-0.00011426211131038144,70.3337948241573,-0.6855726678622887,341.21739864349365,0.056869566440582275,0.0,0.0,0.0,5.9645927489199835,5.9645927489199835,58.16717581793243,-1.0285377938998863
286,14.813747717998922,,2026-06-30T15:11:45.162+07:00,0.05652916431427002,339.1749858856201,339.1109858856201,338.60668548056475,338.60668548056475,0.5169262290000916,47.33666851111812,3101.5573740005493,339.1749858856201,0.05652916431427002,-0.00034040212631225586,-2.042412757873535,-2.042412757873535,1.8169932204801285,1.8169932204801285,-22.997126313039175,3102.2429466684116
287,14.865503247827291,,2026-06-30T15:11:45.213+07:00,0.056869566440582275,341.21739864349365,341.15339864349363,340.0774123321562,340.0774123321562,-3.6814165115356445,36.086128627032245,-22088.499069213867,341.21739864349365,0.056869566440582275,0.00034040212631225586,2.042412757873535,2.042412757873535,1.4707268515914507,1.4707268515914507,-11.250539884085875,-25190.056443214417
288,14.917266517877579,,2026-06-30T15:11:45.263+07:00,0.05700385570526123,342.0231342315674,341.95913423156736,340.9955281043408,340.9955281043408,0.40366262197494507,26.47006905269026,2421.9757318496704,342.0231342315674,0.05700385570526123,0.00013428926467895508,0.8057355880737305,0.8057355880737305,0.9181157721845921,0.9181157721845921,-9.616059574341985,24510.474801063538
289,14.968929843977094,,2026-06-30T15:11:45.312+07:00,0.056871652603149414,341.2299156188965,341.16591561889646,341.18342326812694,341.18342326812694,0.0031042098999023438,12.797740014483928,18.625259399414062,341.2299156188965,0.056871652603149414,-0.0001322031021118164,-0.7932186126708984,-0.7932186126708984,0.1878951637861519,0.1878951637861519,-13.672329038206332,-2403.3504724502563
290,15.020795039832592,,2026-06-30T15:11:45.364+07:00,0.056869566440582275,341.21739864349365,341.15339864349363,341.36061662062434,341.36061662062434,-0.0002412200119579211,6.197736230545548,-1.4473200717475265,341.21739864349365,0.056869566440582275,-2.086162567138672e-06,-0.012516975402832031,-0.012516975402832031,0.17719335249739743,0.17719335249739743,-6.60000378393838,-20.07257947116159
291,15.072417847812176,,2026-06-30T15:11:45.412+07:00,0.05665767192840576,339.94603157043457,339.88203157043455,340.7978410510834,340.7978410510834,0.52302086353302,-5.342928245902643,3138.12518119812,339.94603157043457,0.05665767192840576,-0.00021189451217651367,-1.271367073059082,-1.271367073059082,-0.5627755695409178,-0.5627755695409178,-11.54066447644819,3139.5725012698676
292,15.124362339964136,,2026-06-30T15:11:45.463+07:00,0.056869685649871826,341.21811389923096,341.15411389923094,341.03670227931684,341.03670227931684,0.00015360116958618164,0.1800052751066188,0.9216070175170898,341.21811389923096,0.056869685649871826,0.00021201372146606445,1.2720823287963867,1.2720823287963867,0.23886122823341793,0.23886122823341793,5.522933521009262,-3137.203574180603
293,15.176802737871185,,2026-06-30T15:11:45.515+07:00,0.05708187818527222,342.4912691116333,342.4272691116333,341.54994909347784,341.54994909347784,0.4286813735961914,6.987192101956936,2572.0882415771484,342.4912691116333,0.05708187818527222,0.00021219253540039062,1.2731552124023438,1.2731552124023438,0.5132468141609934,0.5132468141609934,6.807186826850317,2571.1666345596313
294,15.228836099850014,,2026-06-30T15:11:45.569+07:00,0.057064712047576904,342.3882722854614,342.3242722854614,336.7242384541144,336.7242384541144,0.4579172134399414,-21.786040004533177,2747.5032806396484,342.3882722854614,0.057064712047576904,-1.71661376953125e-05,-0.102996826171875,-0.102996826171875,-4.825710639363422,-4.825710639363422,-28.773232106490113,175.4150390625
295,15.28071179590188,,2026-06-30T15:11:45.621+07:00,0.05688709020614624,341.32254123687744,341.2585412368774,339.3750170058469,339.3750170058469,0.025760889053344727,18.247472938026142,154.56533432006836,341.32254123687744,0.05688709020614624,-0.00017762184143066406,-1.0657310485839844,-1.0657310485839844,2.6507785517325146,2.6507785517325146,40.03351294255932,-2592.93794631958
296,15.332616677042097,,2026-06-30T15:11:45.673+07:00,0.0569271445274353,341.5628671646118,341.4988671646118,340.5229463839793,340.5229463839793,0.08042573928833008,20.483086918432523,482.55443572998047,341.5628671646118,0.0569271445274353,4.00543212890625e-05,0.240325927734375,0.240325927734375,1.1479293781323463,1.1479293781323463,2.235613980406381,327.9891014099121
297,15.384617817820981,,2026-06-30T15:11:45.725+07:00,0.056869566440582275,341.21739864349365,341.15339864349363,340.90175878541027,340.90175878541027,-0.000241816058405675,12.567704609212276,-1.45089635043405,341.21739864349365,0.056869566440582275,-5.7578086853027344e-05,-0.34546852111816406,-0.34546852111816406,0.3788124014309915,0.3788124014309915,-7.915382309220247,-484.0053320804145
298,15.436788975959644,,2026-06-30T15:11:45.777+07:00,0.057016611099243164,342.099666595459,342.03566659545896,341.5509766822452,341.5509766822452,0.29076284170150757,12.262849417199869,1744.5770502090454,342.099666595459,0.057016611099243164,0.00014704465866088867,0.882267951965332,0.882267951965332,0.6492178968349549,0.6492178968349549,-0.3048551920124076,1746.0279465594795
299,15.488906300859526,,2026-06-30T15:11:45.828+07:00,0.05687028169631958,341.2216901779175,341.15769017791746,341.4888524957561,341.4888524957561,0.0010616183280944824,3.6825371898357755,6.3697099685668945,341.2216901779175,0.05687028169631958,-0.00014632940292358398,-0.8779764175415039,-0.8779764175415039,-0.062124186489143085,-0.062124186489143085,-8.580312227364093,-1738.2073402404785
300,15.541037366958335,,2026-06-30T15:11:45.879+07:00,0.056889891624450684,341.3393497467041,341.2753497467041,341.33805486321853,341.33805486321853,0.02983611822128296,0.06415819354776475,179.01670932769775,341.3393497467041,0.056889891624450684,1.9609928131103516e-05,0.1176595687866211,0.1176595687866211,-0.15079763253754663,-0.15079763253754663,-3.6183789962880106,172.64699935913086
301,15.592989265918732,,2026-06-30T15:11:45.931+07:00,0.05702626705169678,342.15760231018066,342.09360231018064,341.56048717966786,341.56048717966786,0.26364314556121826,3.6398328376566256,1581.8588733673096,342.15760231018066,0.05702626705169678,0.00013637542724609375,0.8182525634765625,0.8182525634765625,0.22243231644932848,0.22243231644932848,3.5756746441088607,1402.8421640396118
302,15.64569021994248,,2026-06-30T15:11:45.983+07:00,0.0568697452545166,341.2184715270996,341.1544715270996,341.3257690592893,341.3257690592893,0.0002726912498474121,-1.0004872307292767,1.6361474990844727,341.2184715270996,0.0568697452545166,-0.00015652179718017578,-0.9391307830810547,-0.9391307830810547,-0.23471812037854534,-0.23471812037854534,-4.640320068385902,-1580.222725868225
303,15.69762630481273,,2026-06-30T15:11:46.036+07:00,0.056869566440582275,341.21739864349365,341.15339864349363,341.2262251441673,341.2262251441673,-4.029274350614287e-05,-1.4530096899014224,-0.24175646103685722,341.21739864349365,0.056869566440582275,-1.7881393432617188e-07,-0.0010728836059570312,-0.0010728836059570312,-0.09954391512201255,-0.09954391512201255,-0.45252245917214573,-1.8779039601213299
304,15.749595389002934,,2026-06-30T15:11:46.087+07:00,0.057034075260162354,342.2044515609741,342.1404515609741,336.54224751188804,336.54224751188804,0.2913890480995178,-22.523416159876973,1748.334288597107,342.2044515609741,0.057034075260162354,0.00016450881958007812,0.9870529174804688,0.9870529174804688,-4.683977632279266,-4.683977632279266,-21.070406469975552,1748.5760450581438
305,15.80232423194684,,2026-06-30T15:11:46.138+07:00,0.056869566440582275,341.21739864349365,341.15339864349363,339.20518729039026,339.20518729039026,-0.00022667647863272578,19.07175150411515,-1.3600588717963547,341.21739864349365,0.056869566440582275,-0.00016450881958007812,-0.9870529174804688,-0.9870529174804688,2.6629397785022206,2.6629397785022206,41.59516766399212,-1749.6943474689033
306,15.854083020007238,,2026-06-30T15:11:46.188+07:00,0.05694335699081421,341.66014194488525,341.59614194488523,340.4923178518848,340.4923178518848,-2.587947368621826,22.791750479820077,-15527.684211730957,341.66014194488525,0.05694335699081421,7.37905502319336e-05,0.44274330139160156,0.44274330139160156,1.287130561494564,1.287130561494564,3.7199989757049288,-15526.32415285916
307,15.906002678908408,,2026-06-30T15:11:46.241+07:00,0.0568697452545166,341.2184715270996,341.1544715270996,341.047602322073,341.047602322073,0.00027257204055786133,14.653968456303241,1.635432243347168,341.2184715270996,0.0568697452545166,-7.361173629760742e-05,-0.44167041778564453,-0.44167041778564453,0.5552844701881554,0.5552844701881554,-8.137782023516836,15529.319643974304
308,15.957854226930067,,2026-06-30T15:11:46.290+07:00,0.05691087245941162,341.4652347564697,341.4012347564697,341.195442337235,341.195442337235,0.061910927295684814,8.139110062060311,371.4655637741089,341.4652347564697,0.05691087245941162,4.112720489501953e-05,0.2467632293701172,0.2467632293701172,0.14784001516204626,0.14784001516204626,-6.51485839424293,369.8301315307617
309,16.009948792867362,,2026-06-30T15:11:46.343+07:00,0.05689495801925659,341.36974811553955,341.30574811553953,336.21382651278316,336.21382651278316,0.037361204624176025,-24.603911991255956,224.16722774505615,341.36974811553955,0.05689495801925659,-1.5914440155029297e-05,-0.09548664093017578,-0.09548664093017578,-4.981615824451865,-4.981615824451865,-32.74302205331627,-147.29833602905273
310,16.06223309901543,,2026-06-30T15:11:46.393+07:00,0.05683392286300659,341.00353717803955,340.93953717803953,338.9915779053595,338.9915779053595,0.4922786355018616,19.71135459219525,2953.6718130111694,341.00353717803955,0.05683392286300659,-6.103515625e-05,-0.3662109375,-0.3662109375,2.777751392576363,2.777751392576363,44.315266583451205,2729.5045852661133
311,16.114248516969383,,2026-06-30T15:11:46.470+07:00,0.057112038135528564,342.6722288131714,342.60822881317137,341.2308062595064,341.2308062595064,0.39398324489593506,26.892233713767162,2363.8994693756104,342.6722288131714,0.057112038135528564,0.00027811527252197266,1.668691635131836,1.668691635131836,2.23922835414686,2.23922835414686,7.1808791215719125,-589.7723436355591
312,16.166372008854523,,2026-06-30T15:11:46.523+07:00,0.056870222091674805,341.2213325500488,341.1573325500488,341.36777474225573,341.36777474225573,0.0004731416702270508,11.936456843116884,2.8388500213623047,341.2213325500488,0.056870222091674805,-0.00024181604385375977,-1.4508962631225586,-1.4508962631225586,0.13696848274935292,0.13696848274935292,-14.955776870650277,-2361.060619354248
313,16.218575889011845,,2026-06-30T15:11:46.574+07:00,0.056910693645477295,341.46416187286377,341.40016187286375,341.33033967550017,341.33033967550017,0.061493873596191406,4.937201560421345,368.96324157714844,341.46416187286377,0.056910693645477295,4.0471553802490234e-05,0.2428293228149414,0.2428293228149414,-0.037435066755563184,-0.037435066755563184,-6.99925528269554,366.12439155578613
314,16.270480473991483,,2026-06-30T15:11:46.625+07:00,0.056869566440582275,341.21739864349365,341.15339864349363,341.2330378499235,341.2330378499235,-0.00024193526769522578,0.9952431573376177,-1.4516116061713547,341.21739864349365,0.056869566440582275,-4.112720489501953e-05,-0.2467632293701172,-0.2467632293701172,-0.09730182557666467,-0.09730182557666467,-3.941958403083727,-370.4148531833198
315,16.322464780882,,2026-06-30T15:11:46.676+07:00,0.05697447061538696,341.8468236923218,341.78282369232176,341.51783231718093,341.51783231718093,0.1442168951034546,3.6466729768194144,865.3013706207275,341.8468236923218,0.05697447061538696,0.0001049041748046875,0.629425048828125,0.629425048828125,0.2847944672574272,0.2847944672574272,2.6514298194817965,866.7529822268989
316,16.37464145803824,,2026-06-30T15:11:46.728+07:00,0.0570073127746582,342.0438766479492,341.9798766479492,341.6913426080838,341.6913426080838,0.2633293867111206,3.8072284324874506,1579.9763202667236,342.0438766479492,0.0570073127746582,3.2842159271240234e-05,0.1970529556274414,0.1970529556274414,0.1735102909028683,0.1735102909028683,0.1605554556680362,714.6749496459961
317,16.42788735497743,,2026-06-30T15:11:46.780+07:00,0.056869566440582275,341.21739864349365,341.15339864349363,341.380679968533,341.380679968533,-0.0002347231056774035,-1.692876872383327,-1.408338634064421,341.21739864349365,0.056869566440582275,-0.00013774633407592773,-0.8264780044555664,-0.8264780044555664,-0.31066263955079876,-0.31066263955079876,-5.500105304870777,-1581.384658900788
318,16.479951550019905,,2026-06-30T15:11:46.833+07:00,0.05688297748565674,341.29786491394043,341.2338649139404,341.4656933043329,341.4656933043329,0.019508838653564453,-0.8315408521495513,117.05303192138672,341.29786491394043,0.05688297748565674,1.341104507446289e-05,0.08046627044677734,0.08046627044677734,0.08501333579988568,0.08501333579988568,0.8613360202337756,118.46137055545114
319,16.531770264962688,,2026-06-30T15:11:46.887+07:00,0.056869566440582275,341.21739864349365,341.15339864349363,341.28688898416044,341.28688898416044,-4.9293044867226854e-05,-2.2006766629938683,-0.2957582692033611,341.21739864349365,0.056869566440582275,-1.341104507446289e-05,-0.08046627044677734,-0.08046627044677734,-0.1788043201724463,-0.1788043201724463,-1.369135810844317,-117.34879019059008
320,16.583848367910832,,2026-06-30T15:11:46.937+07:00,0.056869566440582275,341.21739864349365,341.15339864349363,341.32614359879466,341.32614359879466,-0.00023519994283560663,-1.1123001573954732,-1.4111996570136398,341.21739864349365,0.056869566440582275,0.0,0.0,0.0,0.03925461463421698,0.03925461463421698,1.0883765055983952,-1.1154413878102787
321,16.635744840838015,,2026-06-30T15:11:46.989+07:00,0.056869566440582275,341.21739864349365,341.15339864349363,341.31563568021824,341.31563568021824,-0.00022768975759390742,-1.0942701201718958,-1.3661385455634445,341.21739864349365,0.056869566440582275,0.0,0.0,0.0,-0.010507918576422526,-0.010507918576422526,0.018030037223577322,0.04506111145019531
322,16.687685851939023,,2026-06-30T15:11:47.041+07:00,0.056873857975006104,341.2431478500366,341.1791478500366,339.4488391238462,339.4488391238462,0.006313681602478027,-10.140571887947324,37.882089614868164,341.2431478500366,0.056873857975006104,4.291534423828125e-06,0.02574920654296875,0.02574920654296875,-1.8667965563720372,-1.8667965563720372,-9.046301767775429,39.24822816043161
323,16.739604454953223,,2026-06-30T15:11:47.092+07:00,0.056869566440582275,341.21739864349365,341.15339864349363,340.4332222464426,340.4332222464426,-0.00024282933736685663,6.392966142625442,-1.4569760242011398,341.21739864349365,0.056869566440582275,-4.291534423828125e-06,-0.02574920654296875,-0.02574920654296875,0.9843831225963982,0.9843831225963982,16.533538030572764,-39.339065639069304
324,16.791695057880133,,2026-06-30T15:11:47.142+07:00,0.0569881796836853,341.9290781021118,341.8650781021118,341.09821192625594,341.09821192625594,0.3773898482322693,10.95939268289945,2264.3390893936157,341.9290781021118,0.0569881796836853,0.00011861324310302734,0.7116794586181641,0.7116794586181641,0.6649896798133454,0.6649896798133454,4.5664265402740085,2265.796065417817
325,16.84379067993723,,2026-06-30T15:11:47.194+07:00,0.056869566440582275,341.21739864349365,341.15339864349363,341.130977219202,341.130977219202,9.894371032714844e-06,4.976905198543779,0.05936622619628906,341.21739864349365,0.056869566440582275,-0.00011861324310302734,-0.7116794586181641,-0.7116794586181641,0.03276529294606689,0.03276529294606689,-5.982487484355671,-2264.2797231674194
326,16.895954116014764,,2026-06-30T15:11:47.245+07:00,0.0568697452545166,341.2184715270996,341.1544715270996,341.3189817512267,341.3189817512267,0.0004196763038635254,3.210632763038696,2.5180578231811523,341.2184715270996,0.0568697452545166,1.7881393432617188e-07,0.0010728836059570312,0.0010728836059570312,0.18800453202470635,0.18800453202470635,-1.766272435505083,2.4586915969848633
327,16.94792619999498,,2026-06-30T15:11:47.296+07:00,0.056869566440582275,341.21739864349365,341.15339864349363,341.22335750651087,341.22335750651087,5.4001808166503906e-05,0.32131739243582647,0.32401084899902344,341.21739864349365,0.056869566440582275,-1.7881393432617188e-07,-0.0010728836059570312,-0.0010728836059570312,-0.09562424471585018,-0.09562424471585018,-2.8893153706028696,-2.194046974182129
328,16.999878322007135,,2026-06-30T15:11:47.346+07:00,0.05696779489517212,341.8067693710327,341.7427693710327,341.38923601775707,341.38923601775707,0.16147828102111816,2.6145126960060474,968.869686126709,341.8067693710327,0.05696779489517212,9.822845458984375e-05,0.5893707275390625,0.5893707275390625,0.16587851124620556,0.16587851124620556,2.293195303570221,968.54567527771
329,17.05267727491446,,2026-06-30T15:11:47.397+07:00,0.0568697452545166,341.2184715270996,341.1544715270996,333.9344833273504,333.9344833273504,0.00039654970169067383,-42.383400804708984,2.379298210144043,341.2184715270996,0.0568697452545166,-9.804964065551758e-05,-0.5882978439331055,-0.5882978439331055,-7.4547526904066785,-7.4547526904066785,-44.99791350071503,-966.4903879165649
330,17.104400785872713,,2026-06-30T15:11:47.447+07:00,0.05693614482879639,341.6168689727783,341.5528689727783,338.3013128205173,338.3013128205173,0.4741867780685425,30.439269860767173,2845.120668411255,341.6168689727783,0.05693614482879639,6.639957427978516e-05,0.39839744567871094,0.39839744567871094,4.366829493166904,4.366829493166904,72.82267066547615,2842.741370201111
331,17.156373685924336,,2026-06-30T15:11:47.499+07:00,0.05690544843673706,341.43269062042236,341.36869062042234,340.3037868658987,340.3037868658987,0.04796123504638672,32.952615513827006,287.7674102783203,341.43269062042236,0.05690544843673706,-3.069639205932617e-05,-0.18417835235595703,-0.18417835235595703,2.0024740453814047,2.0024740453814047,2.513345653059833,-2557.3532581329346
332,17.208342492813244,,2026-06-30T15:11:47.549+07:00,0.0568697452545166,341.2184715270996,341.1544715270996,340.79481317672185,340.79481317672185,9.882450103759766e-05,19.321408315096722,0.5929470062255859,341.2184715270996,0.0568697452545166,-3.5703182220458984e-05,-0.2142190933227539,-0.2142190933227539,0.49102631082314474,0.49102631082314474,-13.631207198730284,-287.1744632720947
333,17.260379298822954,,2026-06-30T15:11:47.602+07:00,0.056871771812438965,341.2306308746338,341.16663087463377,341.0065275646816,341.0065275646816,0.0033548474311828613,10.374881136445856,20.129084587097168,341.2306308746338,0.056871771812438965,2.0265579223632812e-06,0.012159347534179688,0.012159347534179688,0.21171438795977338,0.21171438795977338,-8.946527178650866,19.536137580871582
334,17.31239455100149,,2026-06-30T15:11:47.654+07:00,0.0568697452545166,341.2184715270996,341.1544715270996,341.54546773879804,341.54546773879804,0.0004038214683532715,7.756472911510961,2.422928810119629,341.2184715270996,0.0568697452545166,-2.0265579223632812e-06,-0.012159347534179688,-0.012159347534179688,0.5389401741164193,0.5389401741164193,-2.6184082249348943,-17.70615577697754
335,17.364327523857355,,2026-06-30T15:11:47.707+07:00,0.056869566440582275,341.21739864349365,341.15339864349363,341.33141460795775,341.33141460795775,7.581710815429688e-05,0.9888791202682734,0.45490264892578125,341.21739864349365,0.056869566440582275,-1.7881393432617188e-07,-0.0010728836059570312,-0.0010728836059570312,-0.2140531308402842,-0.2140531308402842,-6.767593791242688,-1.9680261611938477
336,17.416571959853172,,2026-06-30T15:11:47.760+07:00,0.056894123554229736,341.3647413253784,341.3007413253784,341.3694326202493,341.3694326202493,0.03580886125564575,0.5306485956987723,214.8531675338745,341.3647413253784,0.056894123554229736,2.4557113647460938e-05,0.14734268188476562,0.14734268188476562,0.03801801229155899,0.03801801229155899,-0.4582305245695011,214.39826488494873
337,17.468434619018808,,2026-06-30T15:11:47.810+07:00,0.056869566440582275,341.21739864349365,341.15339864349363,340.95543698955197,340.95543698955197,-0.00023704770137555897,-2.7586198018810584,-1.4222862082533538,341.21739864349365,0.056869566440582275,-2.4557113647460938e-05,-0.14734268188476562,-0.14734268188476562,-0.41399563069734313,-0.41399563069734313,-3.2892683975798307,-216.27545374212787
338,17.52054849988781,,2026-06-30T15:11:47.861+07:00,0.056869566440582275,341.21739864349365,341.15339864349363,339.7373215545841,339.7373215545841,2.4259090423583984e-05,-7.749832077143942,0.1455545425415039,341.21739864349365,0.056869566440582275,0.0,0.0,0.0,-1.2181154349678422,-1.2181154349678422,-4.991212275262884,1.5678407507948577
339,17.572614657925442,,2026-06-30T15:11:47.911+07:00,0.05696624517440796,341.79747104644775,341.73347104644773,340.7583754954837,340.7583754954837,0.4503224492073059,8.60896123035634,2701.9346952438354,341.79747104644775,0.05696624517440796,9.66787338256836e-05,0.5800724029541016,0.5800724029541016,1.0210539408995487,1.0210539408995487,16.35879330750028,2701.789140701294
340,17.62450509495102,,2026-06-30T15:11:47.962+07:00,0.05472540855407715,328.3524513244629,328.28845132446287,336.6456768786343,336.6456768786343,0.18898610770702362,-58.09367762458859,1133.9166462421417,328.3524513244629,0.05472540855407715,-0.0022408366203308105,-13.445019721984863,-13.445019721984863,-4.1126986168494,-4.1126986168494,-66.70263885494492,-1568.0180490016937
341,17.677103214897215,,2026-06-30T15:11:48.013+07:00,0.056869566440582275,341.21739864349365,341.15339864349363,339.47213897112545,339.47213897112545,0.00014334917068481445,5.081842773115458,0.8600950241088867,341.21739864349365,0.056869566440582275,0.002144157886505127,12.864947319030762,12.864947319030762,2.8264620924911696,2.8264620924911696,63.17552039770405,-1133.0565512180328
342,17.728986541042104,,2026-06-30T15:11:48.063+07:00,0.056869566440582275,341.21739864349365,341.15339864349363,340.4445309180402,340.4445309180402,0.0001431107521057129,12.91454927349313,0.8586645126342773,341.21739864349365,0.056869566440582275,0.0,0.0,0.0,0.9723919469147404,0.9723919469147404,7.832706500377672,-0.001430511474609375
343,17.780906236963347,,2026-06-30T15:11:48.114+07:00,0.05686992406845093,341.21954441070557,341.15554441070555,330.81608884284407,330.81608884284407,0.0007092952728271484,-43.016409397115694,4.255771636962891,341.21954441070557,0.05686992406845093,3.5762786865234375e-07,0.0021457672119140625,0.0021457672119140625,-9.62844207519612,-9.62844207519612,-55.930958670608824,3.3971071243286133
344,17.833044431870803,,2026-06-30T15:11:48.190+07:00,0.05701214075088501,342.07284450531006,342.00884450531004,338.6142464324865,338.6142464324865,0.2842785120010376,55.71604735507167,1705.6710720062256,342.07284450531006,0.05701214075088501,0.00014221668243408203,0.8533000946044922,0.8533000946044922,7.798157589642415,7.798157589642415,98.73245675218737,1701.4153003692627
345,17.885192923946306,,2026-06-30T15:11:48.241+07:00,0.056869566440582275,341.21739864349365,341.15339864349363,340.2219297451288,340.2219297451288,-0.000244379072682932,40.29235304950111,-1.4662744360975921,341.21739864349365,0.056869566440582275,-0.00014257431030273438,-0.8554458618164062,-0.8554458618164062,1.6076833126423367,1.6076833126423367,-15.423694305570564,-1707.1373464423232
346,17.937047897838056,,2026-06-30T15:11:48.291+07:00,0.0568697452545166,341.2184715270996,341.1544715270996,340.83263924590193,340.83263924590193,0.00018018484115600586,23.271907440944222,1.0811090469360352,341.2184715270996,0.0568697452545166,1.7881393432617188e-07,0.0010728836059570312,0.0010728836059570312,0.6107095007731118,0.6107095007731118,-17.020445608556887,2.5473834830336273
347,17.989008037839085,,2026-06-30T15:11:48.344+07:00,0.056872427463531494,341.23456478118896,341.17056478118894,341.02388594620453,341.02388594620453,0.004248142242431641,11.85210715419165,25.488853454589844,341.23456478118896,0.056872427463531494,2.682209014892578e-06,0.01609325408935547,0.01609325408935547,0.1912467003025995,0.1912467003025995,-11.419800286752572,24.40774440765381
348,18.04105438082479,,2026-06-30T15:11:48.395+07:00,0.056977927684783936,341.8675661087036,341.8035661087036,341.3264822227328,341.3264822227328,0.18046903610229492,8.976815355245941,1082.8142166137695,341.8675661087036,0.056977927684783936,0.0001055002212524414,0.6330013275146484,0.6330013275146484,0.30259627652827703,0.30259627652827703,-2.8752917989457085,1057.3253631591797
349,18.093014650978148,,2026-06-30T15:11:48.446+07:00,0.056869566440582275,341.21739864349365,341.15339864349363,341.2265264557222,341.2265264557222,-0.0002446174912620336,2.7123649010163913,-1.4677049475722015,341.21739864349365,0.056869566440582275,-0.00010836124420166016,-0.6501674652099609,-0.6501674652099609,-0.09995576701061282,-0.09995576701061282,-6.26445045422955,-1084.2819215613417
350,18.14500430994667,,2026-06-30T15:11:48.498+07:00,0.05615639686584473,336.93838119506836,336.87438119506834,339.68663903721136,339.68663903721136,0.4265317916870117,-19.943533367225243,2559.1907501220703,336.93838119506836,0.05615639686584473,-0.0007131695747375488,-4.279017448425293,-4.279017448425293,-1.5398874185108298,-1.5398874185108298,-22.655898268241636,2560.6584550696425
351,18.19698583893478,,2026-06-30T15:11:48.550+07:00,0.056869566440582275,341.21739864349365,341.15339864349363,340.5336927098394,340.5336927098394,-0.00023001435329206288,0.7275094360134773,-1.3800861197523773,341.21739864349365,0.056869566440582275,0.0007131695747375488,4.279017448425293,4.279017448425293,0.8470536726280216,0.8470536726280216,20.67104280323872,-2560.5708362418227
352,18.24909786786884,,2026-06-30T15:11:48.601+07:00,0.056967973709106445,341.8078422546387,341.74384225463865,341.0982281504255,341.0982281504255,0.1617756485939026,7.081611168604767,970.6538915634155,341.8078422546387,0.056967973709106445,9.840726852416992e-05,0.5904436111450195,0.5904436111450195,0.5645354405860985,0.5645354405860985,6.35410173259129,972.0339776831679
353,18.301300192950293,,2026-06-30T15:11:48.652+07:00,0.056869566440582275,341.21739864349365,341.15339864349363,341.1537649691468,341.1537649691468,-0.00024473670055158436,3.458152537341075,-1.4684202033095062,341.21739864349365,0.056869566440582275,-9.840726852416992e-05,-0.5904436111450195,-0.5904436111450195,0.05553681872129346,0.05553681872129346,-3.6234586312636923,-972.122311766725
354,18.35326044401154,,2026-06-30T15:11:48.702+07:00,0.05687159299850464,341.22955799102783,341.1655579910278,341.15780918771907,341.15780918771907,0.0031607747077941895,1.521062906540405,18.964648246765137,341.22955799102783,0.05687159299850464,2.0265579223632812e-06,0.012159347534179688,0.012159347534179688,0.004044218572289537,0.004044218572289537,-1.9370896308006698,20.433068450074643
355,18.404953139834106,,2026-06-30T15:11:48.754+07:00,0.056889891624450684,341.3393497467041,341.2753497467041,341.3658727265569,341.3658727265569,0.02986365556716919,2.174525382546385,179.18193340301514,341.3393497467041,0.056889891624450684,1.8298625946044922e-05,0.10979175567626953,0.10979175567626953,0.20806353883784823,0.20806353883784823,0.6534624760059797,160.21728515625
356,18.456634576898068,,2026-06-30T15:11:48.803+07:00,0.056869566440582275,341.21739864349365,341.15339864349363,341.2596850926319,341.2596850926319,-0.0002292394929099828,-0.3480765243142676,-1.3754369574598968,341.21739864349365,0.056869566440582275,-2.0325183868408203e-05,-0.12195110321044922,-0.12195110321044922,-0.10618763392500341,-0.10618763392500341,-2.522601906860652,-180.55737036047503
357,18.508441550889984,,2026-06-30T15:11:48.855+07:00,0.056879520416259766,341.2771224975586,341.2131224975586,341.22018434125874,341.22018434125874,0.013151884078979492,-0.5033232186976837,78.91130447387695,341.2771224975586,0.056879520416259766,9.953975677490234e-06,0.059723854064941406,0.059723854064941406,-0.03950075137316844,-0.03950075137316844,-0.1552466943834161,80.28674143133685
358,18.56053626490757,,2026-06-30T15:11:48.906+07:00,0.0568697452545166,341.2184715270996,341.1544715270996,341.1831301548231,341.1831301548231,0.0003960728645324707,-0.6155494329285653,2.376437187194824,341.2184715270996,0.0568697452545166,-9.775161743164062e-06,-0.058650970458984375,-0.058650970458984375,-0.037054186435625525,-0.037054186435625525,-0.11222621423088164,-76.53486728668213
359,18.612728071864694,,2026-06-30T15:11:48.961+07:00,0.056879520416259766,341.2771224975586,341.2131224975586,341.2030542636366,341.2030542636366,0.013144493103027344,-0.07037577092817615,78.86695861816406,341.2771224975586,0.056879520416259766,9.775161743164062e-06,0.058650970458984375,0.058650970458984375,0.019924108813484054,0.019924108813484054,0.5451736620003892,76.49052143096924
360,18.664581564022228,,2026-06-30T15:11:49.014+07:00,0.056869566440582275,341.21739864349365,341.15339864349363,341.3758263451372,341.3758263451372,-0.00024425986339338124,0.6902024039666084,-1.4655591803602874,341.21739864349365,0.056869566440582275,-9.953975677490234e-06,-0.059723854064941406,-0.059723854064941406,0.17277208150062506,0.17277208150062506,0.7605781748947845,-80.33251779852435
361,18.716714296024293,,2026-06-30T15:11:49.064+07:00,0.05735635757446289,344.13814544677734,344.0741454467773,336.11773633121413,336.11773633121413,0.8961790204048157,-21.988470396959826,5377.074122428894,344.13814544677734,0.05735635757446289,0.00048679113388061523,2.9207468032836914,2.9207468032836914,-5.258090013923095,-5.258090013923095,-22.678672800926435,5378.539681609254
362,18.768610362894833,,2026-06-30T15:11:49.118+07:00,0.05698847770690918,341.9308662414551,341.86686624145506,339.275544975842,339.275544975842,0.20731329917907715,23.386639941032396,1243.879795074463,341.9308662414551,0.05698847770690918,-0.00036787986755371094,-2.2072792053222656,-2.2072792053222656,3.1578086446278917,3.1578086446278917,45.375110337992226,-4133.194327354431
363,18.820899427868426,,2026-06-30T15:11:49.170+07:00,0.056870102882385254,341.2206172943115,341.1566172943115,339.42744073349826,339.42744073349826,0.0007453560829162598,15.703116208924536,4.472136497497559,341.2206172943115,0.056870102882385254,-0.00011837482452392578,-0.7102489471435547,-0.7102489471435547,0.1518957576562343,0.1518957576562343,-7.68352373210786,-1239.4076585769653
364,18.87277621589601,,2026-06-30T15:11:49.225+07:00,0.0569225549697876,341.5353298187256,341.47132981872556,340.4610126266434,340.4610126266434,0.0805709958076477,17.90490748881987,483.42597484588623,341.5353298187256,0.0569225549697876,5.245208740234375e-05,0.3147125244140625,0.3147125244140625,1.0335718931451652,1.0335718931451652,2.2017912798953336,478.9538383483887
365,18.924807115923613,,2026-06-30T15:11:49.272+07:00,0.056869566440582275,341.21739864349365,341.15339864349363,341.0610933484058,341.0610933484058,-0.00023066998983267695,13.34706170506814,-1.3840199389960617,341.21739864349365,0.056869566440582275,-5.2988529205322266e-05,-0.3179311752319336,-0.3179311752319336,0.6000807217623674,0.6000807217623674,-4.557845783751729,-484.8099947848823
366,18.976529033854604,,2026-06-30T15:11:49.322+07:00,0.0570032000541687,342.0192003250122,341.9552003250122,341.39503024485055,341.39503024485055,0.4027039408683777,10.437643977299905,2416.223645210266,342.0192003250122,0.0570032000541687,0.00013363361358642578,0.8018016815185547,0.8018016815185547,0.33393689644475444,0.33393689644475444,-2.9094177277682363,2417.607665149262
367,19.028856932884082,,2026-06-30T15:11:49.373+07:00,0.056869566440582275,341.21739864349365,341.15339864349363,341.2770484851983,341.2770484851983,3.731250762939453e-05,3.018868865319058,0.2238750457763672,341.21739864349365,0.056869566440582275,-0.00013363361358642578,-0.8018016815185547,-0.8018016815185547,-0.11798175965225255,-0.11798175965225255,-7.418775111980846,-2415.9997701644897
368,19.08040044386871,,2026-06-30T15:11:49.422+07:00,0.056869566440582275,341.21739864349365,341.15339864349363,341.2712984960894,341.2712984960894,6.73532485961914e-05,0.7904946340466426,0.40411949157714844,341.21739864349365,0.056869566440582275,0.0,0.0,0.0,-0.0057499891088923505,-0.0057499891088923505,-2.2283742312724155,0.18024444580078125
369,19.131966695887968,,2026-06-30T15:11:49.473+07:00,0.056869566440582275,341.21739864349365,341.15339864349363,341.25267841800735,341.25267841800735,0.00013512372970581055,-0.15671136217252868,0.8107423782348633,341.21739864349365,0.056869566440582275,0.0,0.0,0.0,-0.01862007808205135,-0.01862007808205135,-0.9472059962191712,0.40662288665771484
370,19.18359041097574,,2026-06-30T15:11:49.523+07:00,0.05675917863845825,340.5550718307495,340.4910718307495,340.9997353151179,340.9997353151179,0.5218172073364258,-3.8580721238525517,3130.9032440185547,340.5550718307495,0.05675917863845825,-0.00011038780212402344,-0.6623268127441406,-0.6623268127441406,-0.25294310288944644,-0.25294310288944644,-3.7013607616800233,3130.09250164032
371,19.235144218895584,,2026-06-30T15:11:49.573+07:00,0.056869566440582275,341.21739864349365,341.15339864349363,341.0884758872549,341.0884758872549,-0.00018560887838248163,-0.6497631889776709,-1.1136532702948898,341.21739864349365,0.056869566440582275,0.00011038780212402344,0.6623268127441406,0.6623268127441406,0.08874057213699871,0.08874057213699871,3.208308934874881,-3132.0168972888496
372,19.28681450802833,,2026-06-30T15:11:49.623+07:00,0.0571514368057251,342.9086208343506,342.84462083435056,341.9317115196139,341.9317115196139,0.7743394374847412,9.891154786909325,4646.036624908447,342.9086208343506,0.0571514368057251,0.00028187036514282227,1.6912221908569336,1.6912221908569336,0.8432356323589829,0.8432356323589829,10.540917975886996,4647.150278178742
373,19.338517574826255,,2026-06-30T15:11:49.673+07:00,0.056869566440582275,341.21739864349365,341.15339864349363,341.48272399569515,341.48272399569515,-0.00024539235164411366,-0.8181724066291483,-1.472354109864682,341.21739864349365,0.056869566440582275,-0.00028187036514282227,-1.6912221908569336,-1.6912221908569336,-0.4489875239187313,-0.4489875239187313,-10.709327193538474,-4647.508979018312
374,19.390222677960992,,2026-06-30T15:11:49.723+07:00,0.05686986446380615,341.2191867828369,341.1551867828369,340.6057509399085,340.6057509399085,0.0005370974540710449,-6.256757885631226,3.2225847244262695,341.2191867828369,0.05686986446380615,2.980232238769531e-07,0.0017881393432617188,0.0017881393432617188,-0.8769730557866637,-0.8769730557866637,-5.438585479002077,4.6949388342909515
375,19.441962651908398,,2026-06-30T15:11:49.798+07:00,0.056869566440582275,341.21739864349365,341.15339864349363,341.0292802827548,341.0292802827548,-0.0002309680130565539,1.7137869829989856,-1.3858080783393234,341.21739864349365,0.056869566440582275,-2.980232238769531e-07,-0.0017881393432617188,-0.0017881393432617188,0.4235293428463365,0.4235293428463365,7.970544868630212,-4.608392802765593
376,19.49351592292078,,2026-06-30T15:11:49.849+07:00,0.05687224864959717,341.233491897583,341.169491897583,340.5981705096128,340.5981705096128,0.004037916660308838,-1.5474904722424894,24.227499961853027,341.233491897583,0.05687224864959717,2.682209014892578e-06,0.01609325408935547,0.01609325408935547,-0.4311097731419977,-0.4311097731419977,-3.261277455241475,25.61330804019235
377,19.545030581997707,,2026-06-30T15:11:49.899+07:00,0.053682029247283936,322.0921754837036,322.0281754837036,334.44880894666824,334.44880894666824,0.4828498363494873,-88.93120150649351,2897.099018096924,322.0921754837036,0.053682029247283936,-0.0031902194023132324,-19.141316413879395,-19.141316413879395,-6.149361562944591,-6.149361562944591,-87.38371103425102,2872.871518135071
378,19.596703629940748,,2026-06-30T15:11:49.950+07:00,0.056869566440582275,341.21739864349365,341.15339864349363,338.3460939227018,338.3460939227018,-9.703636897029355e-05,4.568485697822627,-0.5822182138217613,341.21739864349365,0.056869566440582275,0.00318753719329834,19.12522315979004,19.12522315979004,3.897284976033575,3.897284976033575,93.49968720431613,-2897.6812363107456
379,19.64830158604309,,2026-06-30T15:11:49.999+07:00,0.05696624517440796,341.79747104644775,341.73347104644773,340.20182419161887,340.20182419161887,0.4501190781593323,23.140115550104284,2700.7144689559937,341.79747104644775,0.05696624517440796,9.66787338256836e-05,0.5800724029541016,0.5800724029541016,1.855730268917057,1.855730268917057,18.571629852281657,2701.2966871698154
380,19.699924394022673,,2026-06-30T15:11:50.049+07:00,0.05688333511352539,341.30001068115234,341.2360106811523,340.8635042786982,340.8635042786982,0.01835787296295166,16.764997848120654,110.14723777770996,341.30001068115234,0.05688333511352539,-8.291006088256836e-05,-0.49746036529541016,-0.49746036529541016,0.6616800870793327,0.6616800870793327,-6.37511770198363,-2590.5672311782837
381,19.751683089882135,,2026-06-30T15:11:50.099+07:00,0.056871771812438965,341.2306308746338,341.16663087463377,341.0355495552666,341.0355495552666,0.0034641623497009277,9.005314731454183,20.784974098205566,341.2306308746338,0.056871771812438965,-1.1563301086425781e-05,-0.06937980651855469,-0.06937980651855469,0.1720452765683831,0.1720452765683831,-7.759683116666471,-89.3622636795044
382,19.803434286033735,,2026-06-30T15:11:50.149+07:00,0.05687069892883301,341.22419357299805,341.160193572998,341.10598562904426,341.10598562904426,0.001519620418548584,4.591028200097007,9.117722511291504,341.22419357299805,0.05687069892883301,-1.0728836059570312e-06,-0.0064373016357421875,-0.0064373016357421875,0.07043607377767103,0.07043607377767103,-4.414286531357176,-11.667251586914062
383,19.855077074840665,,2026-06-30T15:11:50.200+07:00,0.055562734603881836,333.376407623291,333.312407623291,337.24297803690996,337.24297803690996,0.32203608751296997,-43.03982380786601,1932.2165250778198,333.376407623291,0.055562734603881836,-0.0013079643249511719,-7.847785949707031,-7.847785949707031,-3.863007592134295,-3.863007592134295,-47.630852007963014,1923.0988025665283
384,19.906638604821637,,2026-06-30T15:11:50.250+07:00,0.056869566440582275,341.21739864349365,341.15339864349363,339.50149001823235,339.50149001823235,-5.275011426419951e-05,6.789458890109254,-0.31650068558519706,341.21739864349365,0.056869566440582275,0.0013068318367004395,7.840991020202637,7.840991020202637,2.2585119813223855,2.2585119813223855,49.82928269797526,-1932.533025763405
385,19.958205800969154,,2026-06-30T15:11:50.300+07:00,0.056869566440582275,341.21739864349365,341.15339864349363,340.45546724932075,340.45546724932075,-3.7848953070351854e-05,13.443852410974898,-0.22709371842211112,341.21739864349365,0.056869566440582275,0.0,0.0,0.0,0.9539772310884018,0.9539772310884018,6.654393520865645,0.08940696716308594
386,20.00986446090974,,2026-06-30T15:11:50.351+07:00,0.056967735290527344,341.80641174316406,341.74241174316404,341.06467721434024,341.06467721434024,0.45240652561187744,12.869998242487185,2714.4391536712646,341.80641174316406,0.056967735290527344,9.816884994506836e-05,0.5890130996704102,0.5890130996704102,0.6092099650194882,0.6092099650194882,-0.5738541684877134,2714.6662473896868
387,20.061468304833397,,2026-06-30T15:11:50.400+07:00,0.0568697452545166,341.2184715270996,341.1544715270996,341.1192996815228,341.1192996815228,0.0002605915069580078,6.044688261677912,1.5635490417480469,341.2184715270996,0.0568697452545166,-9.799003601074219e-05,-0.5879402160644531,-0.5879402160644531,0.05462246718258257,0.05462246718258257,-6.825309980809273,-2712.8756046295166
388,20.113214074866846,,2026-06-30T15:11:50.452+07:00,0.056869566440582275,341.21739864349365,341.15339864349363,341.138991832061,341.138991832061,-0.00022363664174918085,2.7635026665325415,-1.3418198504950851,341.21739864349365,0.056869566440582275,-1.7881393432617188e-07,-0.0010728836059570312,-0.0010728836059570312,0.019692150538162423,0.019692150538162423,-3.2811855951453706,-2.905368892243132
389,20.164906567893922,,2026-06-30T15:11:50.500+07:00,0.056869566440582275,341.21739864349365,341.15339864349363,341.1835984773561,341.1835984773561,-7.468462717952207e-05,1.4666818382979976,-0.4481077630771324,341.21739864349365,0.056869566440582275,0.0,0.0,0.0,0.0446066452951186,0.0446066452951186,-1.296820828234544,0.8937120874179527
390,20.21645315294154,,2026-06-30T15:11:50.551+07:00,0.05692249536514282,341.53497219085693,341.4709721908569,336.3181520036403,336.3181520036403,0.07356643676757812,-27.206918051801438,441.39862060546875,341.53497219085693,0.05692249536514282,5.2928924560546875e-05,0.31757354736328125,0.31757354736328125,-4.865446473715792,-4.865446473715792,-28.673599890099435,441.8467283685459
391,20.26808549789712,,2026-06-30T15:11:50.601+07:00,0.05636566877365112,338.19401264190674,338.1300126419067,338.16085653131813,338.16085653131813,0.49943438172340393,3.9723285957231846,2996.6062903404236,338.19401264190674,0.05636566877365112,-0.0005568265914916992,-3.3409595489501953,-3.3409595489501953,1.8427045276778244,1.8427045276778244,31.17924664752462,2555.207669734955
392,20.319746379042044,,2026-06-30T15:11:50.675+07:00,0.05701214075088501,342.07284450531006,342.00884450531004,340.636347600021,340.636347600021,0.2842763662338257,24.11725735768208,1705.658197402954,342.07284450531006,0.05701214075088501,0.0006464719772338867,3.8788318634033203,3.8788318634033203,2.4754910687028655,2.4754910687028655,20.144928761958898,-1290.9480929374695
393,20.37124422402121,,2026-06-30T15:11:50.727+07:00,0.056869566440582275,341.21739864349365,341.15339864349363,341.09782797854353,341.09782797854353,-0.0002316236641490832,14.38500822713026,-1.3897419848944992,341.21739864349365,0.056869566440582275,-0.00014257431030273438,-0.8554458618164062,-0.8554458618164062,0.46148037852253765,0.46148037852253765,-9.732249130551821,-1707.0479393878486
394,20.422802049899474,,2026-06-30T15:11:50.775+07:00,0.056870877742767334,341.225266456604,341.161266456604,341.13267377214083,341.13267377214083,0.002010822296142578,6.479782626346571,12.064933776855469,341.225266456604,0.056870877742767334,1.3113021850585938e-06,0.007867813110351562,0.007867813110351562,0.03484579359729878,0.03484579359729878,-7.905225600783689,13.454675761749968
395,20.47453907993622,,2026-06-30T15:11:50.826+07:00,0.056822776794433594,340.93666076660156,340.87266076660154,341.04638412843485,341.04638412843485,0.991738498210907,1.4526149011027973,5950.430989265442,340.93666076660156,0.056822776794433594,-4.8100948333740234e-05,-0.2886056900024414,-0.2886056900024414,-0.08628964370598169,-0.08628964370598169,-5.027167725243774,5938.366055488586
396,20.526084146928042,,2026-06-30T15:11:50.876+07:00,0.05687224864959717,341.233491897583,341.169491897583,341.2035581049632,341.2035581049632,0.004014730453491211,1.7916523995282874,24.088382720947266,341.233491897583,0.05687224864959717,4.947185516357422e-05,0.2968311309814453,0.2968311309814453,0.15717397652832688,0.15717397652832688,0.33903749842549,-5926.342606544495
397,20.577875416958705,,2026-06-30T15:11:50.927+07:00,0.056869566440582275,341.21739864349365,341.15339864349363,341.5026359073219,341.5026359073219,4.374980926513672e-05,2.376729766051115,0.2624988555908203,341.21739864349365,0.056869566440582275,-2.682209014892578e-06,-0.01609325408935547,-0.01609325408935547,0.29907780235873815,0.29907780235873815,0.5850773665228277,-23.825883865356445
398,20.629497705958784,,2026-06-30T15:11:50.978+07:00,0.056869566440582275,341.21739864349365,341.15339864349363,341.3412247558197,341.3412247558197,0.00011026859283447266,-0.940154461679898,0.6616115570068359,341.21739864349365,0.056869566440582275,0.0,0.0,0.0,-0.1614111515021932,-0.1614111515021932,-3.316884227731013,0.3991127014160156
399,20.68114729085937,,2026-06-30T15:11:51.027+07:00,0.056869566440582275,341.21739864349365,341.15339864349363,341.2570005573067,341.2570005573067,-0.00022566319967154413,-1.4644569343082208,-1.3539791980292648,341.21739864349365,0.056869566440582275,0.0,0.0,0.0,-0.0842241985130272,-0.0842241985130272,-0.5243024726283227,-2.0155907550361007
400,20.732769301859662,,2026-06-30T15:11:51.077+07:00,0.04962795972824097,297.7677583694458,297.7037583694458,326.03722943445194,326.03722943445194,-1.7178969383239746,-237.2825021687546,-10307.381629943848,297.7677583694458,0.04962795972824097,-0.007241606712341309,-43.44964027404785,-43.44964027404785,-15.219771122854752,-15.219771122854752,-235.81804523444637,-10306.027650745818
401,20.7843988139648,,2026-06-30T15:11:51.127+07:00,0.05687588453292847,341.2553071975708,341.1913071975708,335.14384722726993,335.14384722726993,0.00924527645111084,-1.7607379645469194,55.47165870666504,341.2553071975708,0.05687588453292847,0.0072479248046875,43.487548828125,43.487548828125,9.106617792817985,9.106617792817985,235.52176420420767,10362.853288650513
402,20.835959472926334,,2026-06-30T15:11:51.177+07:00,0.05589324235916138,335.35945415496826,335.29545415496824,336.56408259915526,336.56408259915526,0.40616756677627563,7.590921698654505,2437.005400657654,335.35945415496826,0.05589324235916138,-0.0009826421737670898,-5.895853042602539,-5.895853042602539,1.420235371885326,1.420235371885326,9.351659663201424,2381.5337419509888
403,20.887617576867342,,2026-06-30T15:11:51.228+07:00,0.056869566440582275,341.21739864349365,341.15339864349363,339.2159584612229,339.2159584612229,-0.00023192168737296015,31.638537938730746,-1.391530124237761,341.21739864349365,0.056869566440582275,0.0009763240814208984,5.857944488525391,5.857944488525391,2.651875862067641,2.651875862067641,24.04761624007624,-2438.3969307818916
404,20.93918277299963,,2026-06-30T15:11:51.277+07:00,0.057021141052246094,342.12684631347656,342.06284631347654,340.73832112708226,340.73832112708226,0.33515578508377075,31.40347129349591,2010.9347105026245,342.12684631347656,0.057021141052246094,0.00015157461166381836,0.9094476699829102,0.9094476699829102,1.5223626658593616,1.5223626658593616,-0.23506664523483423,2012.3262406268623
405,20.990803339984268,,2026-06-30T15:11:51.327+07:00,0.056869566440582275,341.21739864349365,341.15339864349363,340.9800624013128,340.9800624013128,-0.00023949147725943476,15.935984343272391,-1.4369488635566086,341.21739864349365,0.056869566440582275,-0.00015157461166381836,-0.9094476699829102,-0.9094476699829102,0.2417412742305487,0.2417412742305487,-15.46748695022352,-2012.3716593661811
406,21.04256773996167,,2026-06-30T15:11:51.377+07:00,0.056869566440582275,341.21739864349365,341.15339864349363,341.223602360801,341.223602360801,-8.314848673762754e-05,8.434752374174284,-0.4988909204257652,341.21739864349365,0.056869566440582275,0.0,0.0,0.0,0.24353995948820284,0.24353995948820284,-7.501231969098107,0.9380579431308433
407,21.09421595488675,,2026-06-30T15:11:51.428+07:00,0.056869566440582275,341.21739864349365,341.15339864349363,341.183059714056,341.183059714056,-7.581711543025449e-05,3.1273404651956627,-0.45490269258152694,341.21739864349365,0.056869566440582275,0.0,0.0,0.0,-0.040542646744995636,-0.040542646744995636,-5.307411908978621,0.04398822784423828
408,21.146002335939556,,2026-06-30T15:11:51.502+07:00,0.05684483051300049,341.06898307800293,341.0049830780029,341.11176712013923,341.11176712013923,0.5241768956184387,-0.08828163838843395,3145.0613737106323,341.06898307800293,0.05684483051300049,-2.473592758178711e-05,-0.14841556549072266,-0.14841556549072266,-0.07129259391678033,-0.07129259391678033,-3.2156221035840966,3145.516276403214
409,21.19769699499011,,2026-06-30T15:11:51.529+07:00,0.056869566440582275,341.21739864349365,341.15339864349363,341.12633815331327,341.12633815331327,-0.00023204089666251093,0.13545476626123212,-1.3922453799750656,341.21739864349365,0.056869566440582275,2.473592758178711e-05,0.14841556549072266,0.14841556549072266,0.014571033174036074,0.014571033174036074,0.22373640464966607,-3146.4536190906074
410,21.249495432013646,,2026-06-30T15:11:51.604+07:00,0.05687105655670166,341.22633934020996,341.16233934020994,341.27876851030925,341.27876851030925,0.002360999584197998,-0.13440373388868632,14.165997505187988,341.22633934020996,0.05687105655670166,1.4901161193847656e-06,0.008940696716308594,0.008940696716308594,0.1524303569959784,0.1524303569959784,-0.2698585001499184,15.558242885163054
411,21.30115490593016,,2026-06-30T15:11:51.657+07:00,0.056869566440582275,341.21739864349365,341.15339864349363,340.2328909427065,340.2328909427065,-0.00020194055105093867,-3.1815876129682614,-1.211643306305632,341.21739864349365,0.056869566440582275,-1.4901161193847656e-06,-0.008940696716308594,-0.008940696716308594,-1.0458775676027585,-1.0458775676027585,-3.047183879079575,-15.37764081149362
412,21.352960546966642,,2026-06-30T15:11:51.707+07:00,0.05687284469604492,341.23706817626953,341.1730681762695,332.76315155886783,332.76315155886783,0.004812419414520264,-31.49528663317618,28.874516487121582,341.23706817626953,0.05687284469604492,3.2782554626464844e-06,0.019669532775878906,0.019669532775878906,-7.469739383838657,-7.469739383838657,-28.313699020207917,30.086159793427214
413,21.404885704861954,,2026-06-30T15:11:51.757+07:00,0.056879401206970215,341.2764072418213,341.21240724182127,337.6552075684918,337.6552075684918,0.014371693134307861,39.66339941513317,86.23015880584717,341.2764072418213,0.056879401206970215,6.556510925292969e-06,0.03933906555175781,0.03933906555175781,4.892056009623957,4.892056009623957,71.15868604830935,57.355642318725586
414,21.45643640193157,,2026-06-30T15:11:51.807+07:00,0.05687028169631958,341.2216901779175,341.15769017791746,339.6880613179499,339.6880613179499,0.0010942816734313965,39.66376775769558,6.565690040588379,341.2216901779175,0.05687028169631958,-9.119510650634766e-06,-0.054717063903808594,-0.054717063903808594,2.032853749458127,2.032853749458127,0.000368342562410362,-79.66446876525879
415,21.507927580038086,,2026-06-30T15:11:51.858+07:00,0.056893885135650635,341.3633108139038,341.2993108139038,340.58536288309494,340.58536288309494,0.03278160095214844,26.674026511184408,196.68960571289062,341.3633108139038,0.056893885135650635,2.3603439331054688e-05,0.14162063598632812,0.14162063598632812,0.8973015651450282,0.8973015651450282,-12.989741246511173,190.12391567230225
416,21.559733423870057,,2026-06-30T15:11:51.908+07:00,0.05703461170196533,342.207670211792,342.14367021179197,341.2648802040367,341.2648802040367,0.25161224603652954,19.964352777519917,1509.6734762191772,342.207670211792,0.05703461170196533,0.00014072656631469727,0.8443593978881836,0.8443593978881836,0.6795173209417271,0.6795173209417271,-6.709673733664491,1312.9838705062866
417,21.611321286996827,,2026-06-30T15:11:51.957+07:00,0.056869566440582275,341.21739864349365,341.15339864349363,341.2007436838434,341.2007436838434,-0.00024020673299673945,7.6974522214906935,-1.4412403979804367,341.21739864349365,0.056869566440582275,-0.00016504526138305664,-0.9902715682983398,-0.9902715682983398,-0.06413652019324445,-0.06413652019324445,-12.266900556029224,-1511.1147166171577
418,21.662961113033816,,2026-06-30T15:11:52.009+07:00,0.056869566440582275,341.21739864349365,341.15339864349363,341.1734019230414,341.1734019230414,-0.0002253055718028918,2.9590978958522625,-1.3518334308173507,341.21739864349365,0.056869566440582275,0.0,0.0,0.0,-0.02734176080201678,-0.02734176080201678,-4.738354325638431,0.08940696716308594
419,21.71462566195987,,2026-06-30T15:11:52.060+07:00,0.05665767192840576,339.94603157043457,339.88203157043455,340.7168715535319,340.7168715535319,0.5228651165962219,-5.106365006471191,3137.1906995773315,339.94603157043457,0.05665767192840576,-0.00021189451217651367,-1.271367073059082,-1.271367073059082,-0.456530369509494,-0.456530369509494,-8.065462902323453,3138.542533008149
420,21.766214357921854,,2026-06-30T15:11:52.108+07:00,0.05688375234603882,341.3025140762329,341.2385140762329,340.99997675454534,340.99997675454534,0.020800232887268066,1.1889903633304892,124.8013973236084,341.3025140762329,0.05688375234603882,0.00022608041763305664,1.3564825057983398,1.3564825057983398,0.2831052010134272,0.2831052010134272,6.29535536980168,-3012.389302253723
421,21.817922887858003,,2026-06-30T15:11:52.159+07:00,0.05661451816558838,339.6871089935303,339.62310899353025,340.5529765179258,340.5529765179258,0.6533097624778748,-6.367784502403814,3919.8585748672485,339.6871089935303,0.05661451816558838,-0.00026923418045043945,-1.6154050827026367,-1.6154050827026367,-0.44700023661954447,-0.44700023661954447,-7.556774865734303,3795.05717754364
422,21.869624899001792,,2026-06-30T15:11:52.209+07:00,0.056869566440582275,341.21739864349365,341.15339864349363,341.113942070973,341.113942070973,-0.000240445151575841,2.156259207526422,-1.442670909455046,341.21739864349365,0.056869566440582275,0.0002550482749938965,1.530289649963379,1.530289649963379,0.5609655530471969,0.5609655530471969,8.524043709930236,-3921.3012457767036
423,21.92122874292545,,2026-06-30T15:11:52.259+07:00,0.056869566440582275,341.21739864349365,341.15339864349363,341.1763507272413,341.1763507272413,-0.00023263694311026484,1.3603630744554032,-1.395821658661589,341.21739864349365,0.056869566440582275,0.0,0.0,0.0,0.062408656268303275,0.062408656268303275,-0.795896133071019,0.04684925079345703
424,21.972988809924573,,2026-06-30T15:11:52.310+07:00,0.056869566440582275,341.21739864349365,341.15339864349363,341.16309589887703,341.16309589887703,-0.00023263694311026484,0.4338275892018914,-1.395821658661589,341.21739864349365,0.056869566440582275,0.0,0.0,0.0,-0.013254828364267723,-0.013254828364267723,-0.9265354852535117,0.0
425,22.024647505953908,,2026-06-30T15:11:52.360+07:00,0.05688375234603882,341.3025140762329,341.2385140762329,341.1872861353518,341.1872861353518,0.0207330584526062,0.5620415769498324,124.3983507156372,341.3025140762329,0.05688375234603882,1.4185905456542969e-05,0.08511543273925781,0.08511543273925781,0.024190236474794347,0.024190236474794347,0.12821398774794096,125.7941723742988
426,22.076357757905498,,2026-06-30T15:11:52.410+07:00,0.05100291967391968,306.01751804351807,305.95351804351805,324.921389245038,324.921389245038,-1.3155882358551025,-198.6301530476098,-7893.529415130615,306.01751804351807,0.05100291967391968,-0.005880832672119141,-35.284996032714844,-35.284996032714844,-16.265896890313854,-16.265896890313854,-199.19219462455965,-8017.927765846252
427,22.12812856491655,,2026-06-30T15:11:52.484+07:00,0.05625253915786743,337.5152349472046,337.45123494720457,335.8662059459772,335.8662059459772,0.6126964092254639,31.942294841859706,3676.178455352783,337.5152349472046,0.05625253915786743,0.005249619483947754,31.497716903686523,31.497716903686523,10.944816700939214,10.944816700939214,230.57244788946952,11569.707870483398
428,22.179840908851475,,2026-06-30T15:11:52.510+07:00,0.05687534809112549,341.25208854675293,341.1880885467529,337.72886485624866,337.72886485624866,0.008417010307312012,46.24170303583211,50.50206184387207,341.25208854675293,0.05687534809112549,0.0006228089332580566,3.73685359954834,3.73685359954834,1.8626589102714775,1.8626589102714775,14.299408193972404,-3625.676393508911
429,22.231517549837008,,2026-06-30T15:11:52.588+07:00,0.05411761999130249,324.70571994781494,324.6417199478149,329.4256314123552,329.4256314123552,-2.4705183506011963,-83.76915403379988,-14823.110103607178,324.70571994781494,0.05411761999130249,-0.002757728099822998,-16.54636859893799,-16.54636859893799,-8.303233443893475,-8.303233443893475,-130.01085706963198,-14873.61216545105
430,22.282999524846673,,2026-06-30T15:11:52.637+07:00,0.05692708492279053,341.56250953674316,341.49850953674314,332.51788798996273,332.51788798996273,0.08789151906967163,13.966477140932781,527.3491144180298,341.56250953674316,0.05692708492279053,0.002809464931488037,16.856789588928223,16.856789588928223,3.092256577607543,3.092256577607543,97.73563117473266,15350.459218025208
431,22.334642017027363,,2026-06-30T15:11:52.687+07:00,0.05688279867172241,341.2967920303345,341.23279203033445,337.60493105979623,337.60493105979623,0.019152402877807617,62.03893529007887,114.9144172668457,341.2967920303345,0.05688279867172241,-4.4286251068115234e-05,-0.2657175064086914,-0.2657175064086914,5.0870430698334985,5.0870430698334985,48.07245814914609,-412.4346971511841
432,22.38631363888271,,2026-06-30T15:11:52.737+07:00,0.05689382553100586,341.36295318603516,341.29895318603513,339.705115179271,339.705115179271,0.03578948974609375,49.56504047011224,214.7369384765625,341.36295318603516,0.05689382553100586,1.1026859283447266e-05,0.0661611557006836,0.0661611557006836,2.1001841194747612,2.1001841194747612,-12.473894819966631,99.8225212097168
433,22.438136353855953,,2026-06-30T15:11:52.787+07:00,0.056961119174957275,341.76671504974365,341.70271504974363,328.3359082741238,328.3359082741238,0.1483081579208374,-36.962072744181626,889.8489475250244,341.76671504974365,0.056961119174957275,6.729364395141602e-05,0.4037618637084961,0.4037618637084961,-11.369206905147166,-11.369206905147166,-86.52711321429386,675.1120090484619
434,22.489812957821414,,2026-06-30T15:11:52.838+07:00,0.056869566440582275,341.21739864349365,341.15339864349363,335.7380089624349,335.7380089624349,8.624792098999023e-05,63.36886289651836,0.5174875259399414,341.21739864349365,0.056869566440582275,-9.1552734375e-05,-0.54931640625,-0.54931640625,7.402100688311066,7.402100688311066,100.33093564069998,-889.3314599990845
435,22.54156304290518,,2026-06-30T15:11:52.887+07:00,0.05686980485916138,341.21882915496826,341.15482915496824,338.8658971822624,338.8658971822624,0.0005255341529846191,62.491094959016394,3.153204917907715,341.21882915496826,0.05686980485916138,2.384185791015625e-07,0.001430511474609375,0.001430511474609375,3.1278882198275255,3.1278882198275255,-0.8777679375019645,2.6357173919677734
436,22.593149090884253,,2026-06-30T15:11:52.938+07:00,0.056869566440582275,341.21739864349365,341.15339864349363,340.1892073656468,340.1892073656468,-0.00023454429174307734,40.86636819749224,-1.407265750458464,341.21739864349365,0.056869566440582275,-2.384185791015625e-07,-0.001430511474609375,-0.001430511474609375,1.3233101833843648,1.3233101833843648,-21.62472676152415,-4.560470668366179
437,22.644815417006612,,2026-06-30T15:11:52.988+07:00,0.0568697452545166,341.2184715270996,341.1544715270996,339.4137209667259,339.4137209667259,0.0004360675811767578,16.230893990534987,2.616405487060547,341.2184715270996,0.0568697452545166,1.7881393432617188e-07,0.0010728836059570312,0.0010728836059570312,-0.7754863989208616,-0.7754863989208616,-24.635474206957255,4.023671237519011
438,22.696443223860115,,2026-06-30T15:11:53.039+07:00,0.05694854259490967,341.691255569458,341.627255569458,340.58626875764975,340.58626875764975,0.12483108043670654,20.011757285846844,748.9864826202393,341.691255569458,0.05694854259490967,7.87973403930664e-05,0.47278404235839844,0.47278404235839844,1.1725477909238293,1.1725477909238293,3.780863295311857,746.3700771331787
439,22.74808666203171,,2026-06-30T15:11:53.089+07:00,0.056869566440582275,341.21739864349365,341.15339864349363,340.91378626672457,340.91378626672457,-0.0001075267864507623,12.077596934228328,-0.6451607187045738,341.21739864349365,0.056869566440582275,-7.897615432739258e-05,-0.47385692596435547,-0.47385692596435547,0.32751750907482347,0.32751750907482347,-7.934160351618516,-749.6316433389438
440,22.7997175429482,,2026-06-30T15:11:53.138+07:00,0.05687028169631958,341.2216901779175,341.15769017791746,341.2634114081823,341.2634114081823,0.0010843276977539062,7.928738168496827,6.5059661865234375,341.2216901779175,0.05687028169631958,7.152557373046875e-07,0.004291534423828125,0.004291534423828125,0.34962514145775003,0.34962514145775003,-4.148858765731501,7.151126905228011
441,22.851358275860548,,2026-06-30T15:11:53.188+07:00,0.056264638900756836,337.587833404541,337.523833404541,336.00332526984715,336.00332526984715,0.6690069437026978,-36.7185304108545,4014.0416622161865,337.587833404541,0.056264638900756836,-0.0006056427955627441,-3.633856773376465,-3.633856773376465,-5.2600861383351685,-5.2600861383351685,-44.647268579351326,4007.535696029663
442,22.902972750831395,,2026-06-30T15:11:53.238+07:00,0.05686962604522705,341.2177562713623,341.1537562713623,338.97761781288204,338.97761781288204,0.00014609098434448242,17.16996280495554,0.8765459060668945,341.2177562713623,0.05686962604522705,0.0006049871444702148,3.629922866821289,3.629922866821289,2.974292543034892,2.974292543034892,53.88849321581004,-4013.1651163101196
443,22.954555946867913,,2026-06-30T15:11:53.289+07:00,0.056890130043029785,341.3407802581787,341.2767802581787,340.35704794101605,340.35704794101605,0.02998560667037964,22.046391159722504,179.91364002227783,341.3407802581787,0.056890130043029785,2.0503997802734375e-05,0.12302398681640625,0.12302398681640625,1.379430128134004,1.379430128134004,4.876428354766965,179.03709411621094
444,23.006059643812478,,2026-06-30T15:11:53.340+07:00,0.056869566440582275,341.21739864349365,341.15339864349363,340.83459566550255,340.83459566550255,-0.00023382903600577265,14.427534590432684,-1.402974216034636,341.21739864349365,0.056869566440582275,-2.0563602447509766e-05,-0.1233816146850586,-0.1233816146850586,0.47754772448649874,0.47754772448649874,-7.61885656928982,-181.31661423831247
445,23.05768554401584,,2026-06-30T15:11:53.414+07:00,0.056252896785736084,337.5173807144165,337.4533807144165,339.77981107798394,339.77981107798394,1.0178734064102173,-11.566665602473476,6107.240438461304,337.5173807144165,0.056252896785736084,-0.0006166696548461914,-3.7000179290771484,-3.7000179290771484,-1.0547845875186113,-1.0547845875186113,-25.99420019290616,6108.643412677338
446,23.10922238882631,,2026-06-30T15:11:53.464+07:00,0.0539931058883667,323.9586353302002,323.8946353302002,334.6948046159493,334.6948046159493,0.5228641629219055,-78.03040830320786,3137.184977531433,323.9586353302002,0.0539931058883667,-0.0022597908973693848,-13.558745384216309,-13.558745384216309,-5.085006462034642,-5.085006462034642,-66.46374270073439,-2970.0554609298706
447,23.160699103958905,,2026-06-30T15:11:53.514+07:00,0.055999577045440674,335.99746227264404,335.933462272644,336.5987226214803,336.5987226214803,0.5836084485054016,-16.920360477542346,3501.6506910324097,335.99746227264404,0.055999577045440674,0.0020064711570739746,12.038826942443848,12.038826942443848,1.9039180055310112,1.9039180055310112,61.11004782566552,364.46571350097656
448,23.212292670970783,,2026-06-30T15:11:53.564+07:00,0.0568697452545166,341.2184715270996,341.1544715270996,338.9178947911417,338.9178947911417,0.0002873539924621582,20.37026573979194,1.7241239547729492,341.2184715270996,0.0568697452545166,0.0008701682090759277,5.221009254455566,5.221009254455566,2.3191721696613854,2.3191721696613854,37.290626217334285,-3499.9265670776367
449,23.263892496936023,,2026-06-30T15:11:53.615+07:00,0.056870102882385254,341.2206172943115,341.1566172943115,340.31782724431804,340.31782724431804,0.0009057521820068359,23.318158586745664,5.434513092041016,341.2206172943115,0.056870102882385254,3.5762786865234375e-07,0.0021457672119140625,0.0021457672119140625,1.3999324531763477,1.3999324531763477,2.9478928469537244,3.7103891372680664
450,23.31544900801964,,2026-06-30T15:11:53.664+07:00,0.056886911392211914,341.3214683532715,341.25746835327146,340.8461505648778,340.8461505648778,0.025574445724487305,15.792481257208626,153.44667434692383,341.3214683532715,0.056886911392211914,1.6808509826660156e-05,0.10085105895996094,0.10085105895996094,0.5283233205597639,0.5283233205597639,-7.525677329537038,148.0121612548828
451,23.367109223036095,,2026-06-30T15:11:53.715+07:00,0.05414992570877075,324.8995542526245,324.8355542526245,335.3177105759221,335.3177105759221,0.1653178483247757,-73.73324536672001,991.9070899486542,324.8995542526245,0.05414992570877075,-0.002736985683441162,-16.421914100646973,-16.421914100646973,-5.528439988955711,-5.528439988955711,-89.52572662392863,838.4604156017303
452,23.41903454787098,,2026-06-30T15:11:53.765+07:00,0.056874752044677734,341.2485122680664,341.1845122680664,338.69871020354515,338.69871020354515,0.0075817108154296875,6.5059420455686485,45.490264892578125,341.2485122680664,0.056874752044677734,0.0027248263359069824,16.348958015441895,16.348958015441895,3.380999627623055,3.380999627623055,80.23918741228866,-946.416825056076
453,23.470612929901108,,2026-06-30T15:11:53.815+07:00,0.056869566440582275,341.21739864349365,341.15339864349363,340.50194078977665,340.50194078977665,-9.196997416438535e-05,20.465996129380013,-0.5518198449863121,341.21739864349365,0.056869566440582275,-5.185604095458984e-06,-0.031113624572753906,-0.031113624572753906,1.803230586231507,1.803230586231507,13.960054083811364,-46.04208473756444
454,23.522246810840443,,2026-06-30T15:11:53.865+07:00,0.056869566440582275,341.21739864349365,341.15339864349363,340.87815770029823,340.87815770029823,-0.00012189150584163144,12.805436104046546,-0.7313490350497887,341.21739864349365,0.056869566440582275,0.0,0.0,0.0,0.3762169105215776,0.3762169105215776,-7.660560025333467,-0.17952919006347656
455,23.573914544889703,,2026-06-30T15:11:53.915+07:00,0.057082414627075195,342.4944877624512,342.43048776245115,341.4840905366287,341.4840905366287,0.527752161026001,13.5729209124883,3166.512966156006,342.4944877624512,0.057082414627075195,0.00021284818649291992,1.2770891189575195,1.2770891189575195,0.605932836330453,0.605932836330453,0.767484808441754,3167.2443151910556
456,23.625597203848884,,2026-06-30T15:11:53.966+07:00,0.056869566440582275,341.21739864349365,341.15339864349363,341.2931159683432,341.2931159683432,0.00012445449829101562,3.6628162519728806,0.7467269897460938,341.21739864349365,0.056869566440582275,-0.00021284818649291992,-1.2770891189575195,-1.2770891189575195,-0.1909745682854691,-0.1909745682854691,-9.910104660515419,-3165.7662391662598
457,23.677896287990734,,2026-06-30T15:11:54.016+07:00,0.05463379621505737,327.80277729034424,327.7387772903442,336.53496693344596,336.53496693344596,0.04046183079481125,-66.32968980285214,242.7709847688675,327.80277729034424,0.05463379621505737,-0.0022357702255249023,-13.414621353149414,-13.414621353149414,-4.758149034897258,-4.758149034897258,-69.99250605482503,242.0242577791214
458,23.72963300300762,,2026-06-30T15:11:54.066+07:00,0.056869566440582275,341.21739864349365,341.15339864349363,339.20512157858286,339.20512157858286,-0.00023329259420279413,1.5804391972931633,-1.3997555652167648,341.21739864349365,0.056869566440582275,0.0022357702255249023,13.414621353149414,13.414621353149414,2.670154645136904,2.670154645136904,67.9101290001453,-244.17074033408426
459,23.78124258783646,,2026-06-30T15:11:54.115+07:00,0.05693495273590088,341.6097164154053,341.54571641540525,340.5489231438563,340.5489231438563,0.4725285768508911,15.867398542881558,2835.1714611053467,341.6097164154053,0.05693495273590088,6.538629531860352e-05,0.3923177719116211,0.3923177719116211,1.343801565273452,1.343801565273452,14.286959345588395,2836.5712166705634
460,23.83284785784781,,2026-06-30T15:11:54.167+07:00,0.05463379621505737,327.80277729034424,327.7387772903442,336.2088295761232,336.2088295761232,0.2031751275062561,-57.36427022801047,1219.0507650375366,327.80277729034424,0.05463379621505737,-0.002301156520843506,-13.806939125061035,-13.806939125061035,-4.340093567733106,-4.340093567733106,-73.23166877089203,-1616.12069606781
461,23.884640221018344,,2026-06-30T15:11:54.216+07:00,0.056870102882385254,341.2206172943115,341.1566172943115,339.06568882133627,339.06568882133627,0.0008991360664367676,7.985435853891584,5.3948163986206055,341.2206172943115,0.056870102882385254,0.002236306667327881,13.417840003967285,13.417840003967285,2.856859245213059,2.856859245213059,65.34970608190206,-1213.655948638916
462,23.936422657920048,,2026-06-30T15:11:54.269+07:00,0.056869566440582275,341.21739864349365,341.15339864349363,340.3294325264767,340.3294325264767,4.214048385620117e-05,16.31918980460893,0.25284290313720703,341.21739864349365,0.056869566440582275,-5.364418029785156e-07,-0.0032186508178710938,-0.0032186508178710938,1.2637437051404277,1.2637437051404277,8.333753950717345,-5.141973495483398
463,23.988451428012922,,2026-06-30T15:11:54.322+07:00,0.056869566440582275,341.21739864349365,341.15339864349363,340.805272959054,340.805272959054,-9.191036951960996e-05,11.829898231149947,-0.5514622171176597,341.21739864349365,0.056869566440582275,0.0,0.0,0.0,0.4758404325772858,0.4758404325772858,-4.489291573458981,-0.8043051202548668
464,24.04080493701622,,2026-06-30T15:11:54.396+07:00,0.05687004327774048,341.22025966644287,341.15625966644285,340.5426093755724,340.5426093755724,0.0008172988891601562,6.548939855968686,4.9037933349609375,341.22025966644287,0.05687004327774048,4.76837158203125e-07,0.00286102294921875,0.00286102294921875,-0.2626635834815829,-0.2626635834815829,-5.280958375181261,5.455255552078597
465,24.092579336836934,,2026-06-30T15:11:54.449+07:00,0.056882500648498535,341.2950038909912,341.2310038909912,341.03990498521193,341.03990498521193,-3.6639373302459717,7.492787108185242,-21983.62398147583,341.2950038909912,0.056882500648498535,1.245737075805664e-05,0.07474422454833984,0.07474422454833984,0.49729560963953645,0.49729560963953645,0.943847252216556,-21988.52777481079
466,24.144588180817664,,2026-06-30T15:11:54.498+07:00,0.056869566440582275,341.21739864349365,341.15339864349363,341.10544757286965,341.10544757286965,-0.00023365022207144648,3.8985444416349386,-1.4019013324286789,341.21739864349365,0.056869566440582275,-1.2934207916259766e-05,-0.0776052474975586,-0.0776052474975586,0.06554258765771692,0.06554258765771692,-3.5942426665503033,21982.2220801434
467,24.196629320969805,,2026-06-30T15:11:54.550+07:00,0.056910693645477295,341.46416187286377,341.40016187286375,341.4196528831258,341.4196528831258,0.06149458885192871,4.0539060567472465,368.96753311157227,341.46416187286377,0.056910693645477295,4.112720489501953e-05,0.2467632293701172,0.2467632293701172,0.3142053102561704,0.3142053102561704,0.15536161511230784,370.36943444400094
468,24.24880097899586,,2026-06-30T15:11:54.602+07:00,0.056869566440582275,341.21739864349365,341.15339864349363,336.25523315320595,336.25523315320595,-0.00022602082754019648,-21.726591929565984,-1.3561249652411789,341.21739864349365,0.056869566440582275,-4.112720489501953e-05,-0.2467632293701172,-0.2467632293701172,-5.164419729919871,-5.164419729919871,-25.78049798631323,-370.32365807681344
469,24.300870266975835,,2026-06-30T15:11:54.654+07:00,0.056869566440582275,341.21739864349365,341.15339864349363,339.0839237238471,339.0839237238471,9.435415267944336e-05,20.85527356955442,0.5661249160766602,341.21739864349365,0.056869566440582275,0.0,0.0,0.0,2.828690570641129,2.828690570641129,42.581865499120404,1.922249881317839
470,24.352814314886928,,2026-06-30T15:11:54.704+07:00,0.056869566440582275,341.21739864349365,341.15339864349363,340.28026589504475,340.28026589504475,-0.00022625924611929804,21.973237874884642,-1.3575554767157882,341.21739864349365,0.056869566440582275,0.0,0.0,0.0,1.1963421711976707,1.1963421711976707,1.1179643053302222,-1.9236803927924484
471,24.40486943698488,,2026-06-30T15:11:54.756+07:00,0.04955476522445679,297.3285913467407,297.2645913467407,325.42341750341046,325.42341750341046,-1.8571194410324097,-186.28252798588582,-11142.716646194458,297.3285913467407,0.04955476522445679,-0.007314801216125488,-43.88880729675293,-43.88880729675293,-14.856848391634287,-14.856848391634287,-208.25576586077045,-11141.359090717742
472,24.456633724970743,,2026-06-30T15:11:54.805+07:00,0.056869566440582275,341.21739864349365,341.15339864349363,334.5074816118085,334.5074816118085,-0.0002411008026683703,24.734980340162465,-1.4466048160102218,341.21739864349365,0.056869566440582275,0.007314801216125488,43.88880729675293,43.88880729675293,9.084064108398024,9.084064108398024,211.0175083260483,11141.270041378448
473,24.508707012981176,,2026-06-30T15:11:54.859+07:00,0.05700188875198364,342.01133251190186,341.94733251190183,331.2725501821915,331.2725501821915,0.22515356540679932,28.65624882635214,1350.921392440796,342.01133251190186,0.05700188875198364,0.0001323223114013672,0.7939338684082031,0.7939338684082031,-3.2349314296170064,-3.2349314296170064,3.9212684861896747,1352.3679972568061
474,24.560595616931096,,2026-06-30T15:11:54.909+07:00,0.053257524967193604,319.5451498031616,319.4811498031616,329.41468812324814,329.41468812324814,-0.3751470446586609,-37.763530559081886,-2250.8822679519653,319.5451498031616,0.053257524967193604,-0.003744363784790039,-22.466182708740234,-22.466182708740234,-1.85786205894334,-1.85786205894334,-66.41977938543403,-3601.8036603927612
475,24.61273794202134,,2026-06-30T15:11:54.961+07:00,0.056869566440582275,341.21739864349365,341.15339864349363,336.1937934486899,336.1937934486899,0.0001538395881652832,57.17203772878135,0.9230375289916992,341.21739864349365,0.056869566440582275,0.003612041473388672,21.67224884033203,21.67224884033203,6.779105325441776,6.779105325441776,94.93556828786323,2251.805305480957
476,24.66455150791444,,2026-06-30T15:11:55.011+07:00,0.0568697452545166,341.2184715270996,341.1544715270996,339.05834095795115,339.05834095795115,0.0004744529724121094,55.54275189423651,2.8467178344726562,341.2184715270996,0.0568697452545166,1.7881393432617188e-07,0.0010728836059570312,0.0010728836059570312,2.8645475092612287,2.8645475092612287,-1.629285834544838,1.923680305480957
477,24.71658596303314,,2026-06-30T15:11:55.064+07:00,0.056869566440582275,341.21739864349365,341.15339864349363,340.26896901441296,340.26896901441296,-0.00022602082754019648,36.09954588974004,-1.3561249652411789,341.21739864349365,0.056869566440582275,-1.7881393432617188e-07,-0.0010728836059570312,-0.0010728836059570312,1.2106280564618146,1.2106280564618146,-19.443206004496467,-4.202842799713835
478,24.76861517690122,,2026-06-30T15:11:55.116+07:00,0.0569225549697876,341.5353298187256,341.47132981872556,341.03867205385313,341.03867205385313,0.08058249950408936,22.974058144393076,483.49499702453613,341.5353298187256,0.0569225549697876,5.2988529205322266e-05,0.3179311752319336,0.3179311752319336,0.7697030394401736,0.7697030394401736,-13.125487745346966,484.8511219897773
479,24.820490743033588,,2026-06-30T15:11:55.168+07:00,0.056871116161346436,341.2266969680786,341.1626969680786,341.11265589168175,341.11265589168175,0.0024333596229553223,10.493032978125335,14.600157737731934,341.2266969680786,0.056871116161346436,-5.143880844116211e-05,-0.30863285064697266,-0.30863285064697266,0.07398383782862084,0.07398383782862084,-12.481025166267742,-468.8948392868042
480,24.8725855499506,,2026-06-30T15:11:55.219+07:00,0.056869566440582275,341.21739864349365,341.15339864349363,341.2284474565474,341.2284474565474,-0.0002264380600536242,5.148515196376577,-1.3586283603217453,341.21739864349365,0.056869566440582275,-1.5497207641601562e-06,-0.009298324584960938,-0.009298324584960938,0.11579156486567399,0.11579156486567399,-5.344517781748758,-15.958786098053679
481,24.92455843091011,,2026-06-30T15:11:55.270+07:00,0.05695468187332153,341.7280912399292,341.6640912399292,341.44903345186526,341.44903345186526,0.1361042857170105,4.685275575639645,816.625714302063,341.7280912399292,0.05695468187332153,8.511543273925781e-05,0.5106925964355469,0.5106925964355469,0.2205859953178333,0.2205859953178333,-0.4632396207369318,817.9843426623847
482,24.97640562686138,,2026-06-30T15:11:55.320+07:00,0.05700284242630005,342.0170545578003,341.9530545578003,341.57583911384364,341.57583911384364,0.4021274447441101,4.15219592673559,2412.7646684646606,342.0170545578003,0.05700284242630005,4.8160552978515625e-05,0.28896331787109375,0.28896331787109375,0.1268056619783806,0.1268056619783806,-0.5330796489040548,1596.1389541625977
483,25.028271636925638,,2026-06-30T15:11:55.370+07:00,0.056869566440582275,341.21739864349365,341.15339864349363,341.4638462138886,341.4638462138886,-0.00023394824529532343,-0.2093999486288336,-1.4036894717719406,341.21739864349365,0.056869566440582275,-0.00013327598571777344,-0.7996559143066406,-0.7996559143066406,-0.11199289995505524,-0.11199289995505524,-4.361595875364424,-2414.1683579364326
484,25.080042148008943,,2026-06-30T15:11:55.421+07:00,0.056869566440582275,341.21739864349365,341.15339864349363,341.4838955752756,341.4838955752756,-0.00023370982671622187,-1.1505791466211646,-1.4022589602973312,341.21739864349365,0.056869566440582275,0.0,0.0,0.0,0.020049361387009412,0.020049361387009412,-0.941179197992331,0.001430511474609375
485,25.131875325925648,,2026-06-30T15:11:55.472+07:00,0.05686986446380615,341.2191867828369,341.1551867828369,341.2942289683225,341.2942289683225,0.00031769275665283203,-2.541754318679689,1.9061565399169922,341.2191867828369,0.05686986446380615,2.980232238769531e-07,0.0017881393432617188,0.0017881393432617188,-0.18966660695309656,-0.18966660695309656,-1.3911751720585244,3.3084155002143234
486,25.183724113972858,,2026-06-30T15:11:55.523+07:00,0.056887686252593994,341.32611751556396,341.26211751556394,340.27828819484284,340.27828819484284,0.026506781578063965,-6.328870474905473,159.0406894683838,341.32611751556396,0.056887686252593994,1.7821788787841797e-05,0.10693073272705078,0.10693073272705078,-1.015940773479656,-1.015940773479656,-3.7871161562257845,157.1345329284668
487,25.235523551004007,,2026-06-30T15:11:55.573+07:00,0.056869566440582275,341.21739864349365,341.15339864349363,340.9718509456326,340.9718509456326,0.00011652708053588867,3.793866429010237,0.699162483215332,341.21739864349365,0.056869566440582275,-1.811981201171875e-05,-0.1087188720703125,-0.1087188720703125,0.693562750789738,0.693562750789738,10.12273690391571,-158.34152698516846
488,25.287413395009935,,2026-06-30T15:11:55.624+07:00,0.056869566440582275,341.21739864349365,341.15339864349363,341.2944150113042,341.2944150113042,-0.00024145843053702265,3.8122743511459785,-1.448750583222136,341.21739864349365,0.056869566440582275,0.0,0.0,0.0,0.32256406567159956,0.32256406567159956,0.018407922135741384,-2.147913066437468
489,25.33921507303603,,2026-06-30T15:11:55.675+07:00,0.05687159299850464,341.22955799102783,341.1655579910278,341.2221968112778,341.2221968112778,0.003133416175842285,0.8084432098719196,18.80049705505371,341.22955799102783,0.05687159299850464,2.0265579223632812e-06,0.012159347534179688,0.012159347534179688,-0.07221820002638424,-0.07221820002638424,-3.003831141274059,20.249247638275847
490,25.39131641597487,,2026-06-30T15:11:55.725+07:00,0.056869566440582275,341.21739864349365,341.15339864349363,341.2490186275993,341.2490186275993,-3.6814169883728027,0.23926817964515834,-22088.501930236816,341.21739864349365,0.056869566440582275,-2.0265579223632812e-06,-0.012159347534179688,-0.012159347534179688,0.026821816321501046,0.026821816321501046,-0.5691750302267613,-22107.30242729187
491,25.44311692682095,,2026-06-30T15:11:55.776+07:00,0.05696624517440796,341.79747104644775,341.73347104644773,341.39706750883255,341.39706750883255,0.4501233696937561,2.5218664060651785,2700.7402181625366,341.79747104644775,0.05696624517440796,9.66787338256836e-05,0.5800724029541016,0.5800724029541016,0.148048881233251,0.148048881233251,2.28259822642002,24789.242148399353
492,25.49501128983684,,2026-06-30T15:11:55.827+07:00,0.05689185857772827,341.35115146636963,341.2871514663696,341.3034063081263,341.3034063081263,0.03282397985458374,0.22152313841906363,196.94387912750244,341.35115146636963,0.05689185857772827,-7.43865966796875e-05,-0.446319580078125,-0.446319580078125,-0.09366120070626494,-0.09366120070626494,-2.300343267646115,-2503.796339035034
493,25.547014947980642,,2026-06-30T15:11:55.877+07:00,0.05696117877960205,341.7670726776123,341.7030726776123,341.608821068393,341.608821068393,0.14833670854568481,2.996218158424209,890.0202512741089,341.7670726776123,0.05696117877960205,6.93202018737793e-05,0.4159212112426758,0.4159212112426758,0.30541476026672854,0.30541476026672854,2.7746950200051455,693.0763721466064
494,25.598982124822214,,2026-06-30T15:11:55.954+07:00,0.05692338943481445,341.5403366088867,341.4763366088867,341.4318642475689,341.4318642475689,0.081706702709198,-0.4042225477268947,490.240216255188,341.5403366088867,0.05692338943481445,-3.7789344787597656e-05,-0.22673606872558594,-0.22673606872558594,-0.17695682082410258,-0.17695682082410258,-3.400440706151104,-399.7800350189209
495,25.650790265994146,,2026-06-30T15:11:56.005+07:00,0.0569729208946228,341.8375253677368,341.7735253677368,341.48809471470054,341.48809471470054,0.15884268283843994,1.2086172845569019,953.0560970306396,341.8375253677368,0.0569729208946228,4.953145980834961e-05,0.29718875885009766,0.29718875885009766,0.05623046713162694,0.05623046713162694,1.6128398322837967,462.81588077545166
496,25.70333558996208,,2026-06-30T15:11:56.057+07:00,0.055224835872650146,331.3490152359009,331.28501523590086,337.84494155792703,337.84494155792703,0.3184335231781006,-50.99651018362212,1910.6011390686035,331.3490152359009,0.055224835872650146,-0.0017480850219726562,-10.488510131835938,-10.488510131835938,-3.643153156773508,-3.643153156773508,-52.20512746817902,957.5450420379639
497,25.755079600960016,,2026-06-30T15:11:56.106+07:00,0.05686992406845093,341.21954441070557,341.15554441070555,339.7563265433659,339.7563265433659,0.0006365776062011719,0.1910168795835041,3.8194656372070312,341.21954441070557,0.05686992406845093,0.0016450881958007812,9.870529174804688,9.870529174804688,1.9113849854388718,1.9113849854388718,51.18752706320562,-1906.7816734313965
498,25.806970500852913,,2026-06-30T15:11:56.159+07:00,0.05687403678894043,341.2442207336426,341.18022073364256,340.57252341274176,340.57252341274176,0.006612300872802734,8.680135635414706,39.673805236816406,341.2442207336426,0.05687403678894043,4.112720489501953e-06,0.02467632293701172,0.02467632293701172,0.8161968693758581,0.8161968693758581,8.489118755831202,35.854339599609375
499,25.858757584821433,,2026-06-30T15:11:56.210+07:00,0.053993284702301025,323.95970821380615,323.89570821380613,334.8677872081103,334.8677872081103,-0.1770518720149994,-82.60594073328811,-1062.3112320899963,323.95970821380615,0.053993284702301025,-0.0028807520866394043,-17.284512519836426,-17.284512519836426,-5.704736204631445,-5.704736204631445,-91.28607636870281,-1101.9850373268127
500,25.910495929885656,,2026-06-30T15:11:56.261+07:00,0.056869566440582275,341.21739864349365,341.15339864349363,338.57681006263925,338.57681006263925,-0.0002048611786449328,5.070567704082318,-1.2291670718695968,341.21739864349365,0.056869566440582275,0.00287628173828125,17.2576904296875,17.2576904296875,3.709022854528939,3.709022854528939,87.67650843737043,1061.0820650181267
501,25.962294903816655,,2026-06-30T15:11:56.312+07:00,0.05687284469604492,341.23706817626953,341.1730681762695,340.0716743045542,340.0716743045542,0.004794478416442871,18.200337072493117,28.766870498657227,341.23706817626953,0.05687284469604492,3.2782554626464844e-06,0.019669532775878906,0.019669532775878906,1.4948642419149678,1.4948642419149678,13.129769368410798,29.996037570526823
502,26.014392951037735,,2026-06-30T15:11:56.362+07:00,0.0568886399269104,341.3318395614624,341.2678395614624,336.8100557778065,336.8100557778065,0.027720153331756592,-7.73917187601711,166.32091999053955,341.3318395614624,0.0568886399269104,1.5795230865478516e-05,0.0947713851928711,0.0947713851928711,-3.261618526747725,-3.261618526747725,-25.939508948510227,137.55404949188232
503,26.06628618389368,,2026-06-30T15:11:56.413+07:00,0.05694293975830078,341.6576385498047,341.59363854980467,339.47242024994966,339.47242024994966,0.10522854328155518,26.14798949041517,631.371259689331,341.6576385498047,0.05694293975830078,5.429983139038086e-05,0.32579898834228516,0.32579898834228516,2.6623644721431674,2.6623644721431674,33.88716136643228,465.0503396987915
504,26.11808223184198,,2026-06-30T15:11:56.465+07:00,0.056878089904785156,341.26853942871094,341.2045394287109,340.47125458956214,340.47125458956214,0.012453734874725342,21.72396743152084,74.72240924835205,341.26853942871094,0.056878089904785156,-6.4849853515625e-05,-0.38909912109375,-0.38909912109375,0.9988343396124719,0.9988343396124719,-4.42402205889433,-556.648850440979
505,26.17011592700146,,2026-06-30T15:11:56.516+07:00,0.056869566440582275,341.21739864349365,341.15339864349363,341.06672234318086,341.06672234318086,-0.0002271533157909289,14.462926585240293,-1.3629198947455734,341.21739864349365,0.056869566440582275,-8.52346420288086e-06,-0.051140785217285156,-0.051140785217285156,0.5954677536187205,0.5954677536187205,-7.261040846280547,-76.08532914309762
506,26.222488417988643,,2026-06-30T15:11:56.567+07:00,0.05687040090560913,341.2224054336548,341.15840543365476,341.1417993404417,341.1417993404417,0.001270592212677002,6.79521261521753,7.623553276062012,341.2224054336548,0.05687040090560913,8.344650268554688e-07,0.0050067901611328125,0.0050067901611328125,0.07507699726085093,0.07507699726085093,-7.6677139700227634,8.986473170807585
507,26.27438179892488,,2026-06-30T15:11:56.618+07:00,0.0569952130317688,341.9712781906128,341.9072781906128,341.41357618454765,341.41357618454765,0.20731639862060547,6.838752194541678,1243.8983917236328,341.9712781906128,0.0569952130317688,0.00012481212615966797,0.7488727569580078,0.7488727569580078,0.2717768441059434,0.2717768441059434,0.04353957932414865,1236.2748384475708
508,26.327138085849583,,2026-06-30T15:11:56.669+07:00,0.05698561668395996,341.91370010375977,341.84970010375974,341.72320358937674,341.72320358937674,0.1967065930366516,5.932515397194725,1180.2395582199097,341.91370010375977,0.05698561668395996,-9.59634780883789e-06,-0.057578086853027344,-0.057578086853027344,0.30962740482908657,0.30962740482908657,-0.9062367973469536,-63.658833503723145
509,26.379081874853,,2026-06-30T15:11:56.719+07:00,0.05701565742492676,342.09394454956055,342.0299445495605,341.7034544707963,341.7034544707963,0.3063565492630005,3.3134186734318765,1838.139295578003,342.09394454956055,0.05701565742492676,3.0040740966796875e-05,0.18024444580078125,0.18024444580078125,-0.019749118580421055,-0.019749118580421055,-2.619096723762848,657.8997373580933
510,26.430999958887696,,2026-06-30T15:11:56.770+07:00,0.056869566440582275,341.21739864349365,341.15339864349363,338.7484204452507,338.7484204452507,0.00010776519775390625,-15.03420369406794,0.6465911865234375,341.21739864349365,0.056869566440582275,-0.00014609098434448242,-0.8765459060668945,-0.8765459060668945,-2.955034025545615,-2.955034025545615,-18.347622367499817,-1837.4927043914795
511,26.48277311795391,,2026-06-30T15:11:56.820+07:00,0.0568697452545166,341.2184715270996,341.1544715270996,340.1376708639981,340.1376708639981,0.00042814016342163086,8.850891286707583,2.568840980529785,341.2184715270996,0.0568697452545166,1.7881393432617188e-07,0.0010728836059570312,0.0010728836059570312,1.3892504187473946,1.3892504187473946,23.885094980775524,1.9222497940063477
512,26.534563906956464,,2026-06-30T15:11:56.870+07:00,0.054946184158325195,329.6771049499512,329.61310494995115,336.74649656036615,336.74649656036615,1.3401024341583252,-50.10707788193502,8040.614604949951,329.6771049499512,0.054946184158325195,-0.0019235610961914062,-11.541366577148438,-11.541366577148438,-3.391174303631942,-3.391174303631942,-58.957969168642606,8038.045763969421
513,26.58645667694509,,2026-06-30T15:11:56.923+07:00,0.056876540184020996,341.259241104126,341.19524110412596,339.3061273745936,339.3061273745936,0.009264767169952393,5.6929295825009625,55.588603019714355,341.259241104126,0.056876540184020996,0.0019303560256958008,11.582136154174805,11.582136154174805,2.5596308142274324,2.5596308142274324,55.80000746443598,-7985.026001930237
514,26.638560538878664,,2026-06-30T15:11:56.973+07:00,0.056869566440582275,341.21739864349365,341.15339864349363,340.57225936567346,340.57225936567346,-0.0002424121048534289,15.267344299406261,-1.4544726291205734,341.21739864349365,0.056869566440582275,-6.973743438720703e-06,-0.04184246063232422,-0.04184246063232422,1.2661319910798738,1.2661319910798738,9.574414716905299,-57.04307564883493
515,26.690563493873924,,2026-06-30T15:11:57.025+07:00,0.056896090507507324,341.37654304504395,341.3125430450439,340.9640560011979,340.9640560011979,0.035826027393341064,10.82141942493738,214.9561643600464,341.37654304504395,0.056896090507507324,2.6524066925048828e-05,0.15914440155029297,0.15914440155029297,0.3917966355244289,0.3917966355244289,-4.445924874468881,216.41063698916696
516,26.742614151909947,,2026-06-30T15:11:57.075+07:00,0.05694091320037842,341.6454792022705,341.5814792022705,336.4456690406025,336.4456690406025,0.4809907078742981,-15.70975232733403,2885.9442472457886,341.6454792022705,0.05694091320037842,4.482269287109375e-05,0.2689361572265625,0.2689361572265625,-4.518386960595365,-4.518386960595365,-26.531171752271412,2670.988082885742
517,26.794503181939945,,2026-06-30T15:11:57.127+07:00,0.05686986446380615,341.2191867828369,341.1551867828369,339.1650087350423,339.1650087350423,0.0005103945732116699,22.668757595822072,3.0623674392700195,341.2191867828369,0.05686986446380615,-7.104873657226562e-05,-0.42629241943359375,-0.42629241943359375,2.719339694439782,2.719339694439782,38.3785099231561,-2882.8818798065186
518,26.846288432832807,,2026-06-30T15:11:57.202+07:00,0.056869566440582275,341.21739864349365,341.15339864349363,340.6073370648852,340.6073370648852,-0.0002272129204357043,18.529114918978287,-1.3632775226142257,341.21739864349365,0.056869566440582275,-2.980232238769531e-07,-0.0017881393432617188,-0.0017881393432617188,1.4423283298428942,1.4423283298428942,-4.139642676843785,-4.425644961884245
519,26.898120591882616,,2026-06-30T15:11:57.254+07:00,0.056869566440582275,341.21739864349365,341.15339864349363,341.09549698894307,341.09549698894307,-0.0002270937111461535,12.2788515291267,-1.362562266876921,341.21739864349365,0.056869566440582275,0.0,0.0,0.0,0.488159924057868,0.488159924057868,-6.250263389851588,0.0007152557373046875
520,26.949934898875654,,2026-06-30T15:11:57.305+07:00,0.056869566440582275,341.21739864349365,341.15339864349363,341.2609016661181,341.2609016661181,3.3915042877197266e-05,6.364180738911396,0.2034902572631836,341.21739864349365,0.056869566440582275,0.0,0.0,0.0,0.16540467717504725,0.16540467717504725,-5.914670790215303,1.5660525241401047
521,27.002558519830927,,2026-06-30T15:11:57.354+07:00,0.056869566440582275,341.21739864349365,341.15339864349363,341.38692377690626,341.38692377690626,-0.00022703410650137812,3.133806645999086,-1.3622046390082687,341.21739864349365,0.056869566440582275,0.0,0.0,0.0,0.12602211078814207,0.12602211078814207,-3.23037409291231,-1.5656948962714523
522,27.055046214023605,,2026-06-30T15:11:57.405+07:00,0.057007431983947754,342.0445919036865,341.9805919036865,341.54158065342796,341.54158065342796,0.2633821964263916,4.1225878532203195,1580.2931785583496,342.0445919036865,0.057007431983947754,0.00013786554336547852,0.8271932601928711,0.8271932601928711,0.1546568765216989,0.1546568765216989,0.9887812072212334,1581.6553831973579
523,27.10706881689839,,2026-06-30T15:11:57.457+07:00,0.05696117877960205,341.7670726776123,341.7030726776123,341.5097914546324,341.5097914546324,0.1485465168952942,2.0789578324571507,891.2791013717651,341.7670726776123,0.05696117877960205,-4.6253204345703125e-05,-0.27751922607421875,-0.27751922607421875,-0.03178919879553632,-0.03178919879553632,-2.043630020763169,-689.0140771865845
524,27.159225419862196,,2026-06-30T15:11:57.506+07:00,0.05665773153305054,339.9463891983032,339.8823891983032,335.8484633938508,335.8484633938508,0.5193396210670471,-41.68515190210013,3116.0377264022827,339.9463891983032,0.05665773153305054,-0.00030344724655151367,-1.820683479309082,-1.820683479309082,-5.661328060781614,-5.661328060781614,-43.76410973455728,2224.7586250305176
525,27.211168207926676,,2026-06-30T15:11:57.556+07:00,0.05701172351837158,342.0703411102295,342.00634111022947,339.2105933638771,339.2105933638771,0.3530276417732239,21.17198977011519,2118.1658506393433,342.0703411102295,0.05701172351837158,0.0003539919853210449,2.1239519119262695,2.1239519119262695,3.362129970026274,3.362129970026274,62.85714167221532,-997.8718757629395
526,27.263170663034543,,2026-06-30T15:11:57.610+07:00,0.056869566440582275,341.21739864349365,341.15339864349363,340.332807493876,340.332807493876,-0.00024163724447134882,20.443615032627847,-1.449823466828093,341.21739864349365,0.056869566440582275,-0.00014215707778930664,-0.8529424667358398,-0.8529424667358398,1.1222141299988948,1.1222141299988948,-0.7283747374873428,-2119.6156741061714
527,27.315312932943925,,2026-06-30T15:11:57.660+07:00,0.05701613426208496,342.09680557250977,342.03280557250974,341.309105241499,341.309105241499,0.3530425429344177,19.48991796979074,2118.2552576065063,342.09680557250977,0.05701613426208496,0.00014656782150268555,0.8794069290161133,0.8794069290161133,0.9762977476230503,0.9762977476230503,-0.953697062837108,2119.7050810733344
528,27.367498016916215,,2026-06-30T15:11:57.713+07:00,0.056869685649871826,341.21811389923096,341.15411389923094,341.219435020659,341.219435020659,0.0001462101936340332,7.285219993522396,0.8772611618041992,341.21811389923096,0.056869685649871826,-0.00014644861221313477,-0.8786916732788086,-0.8786916732788086,-0.08967022084004839,-0.08967022084004839,-12.204697976268342,-2117.377996444702
529,27.419472730951384,,2026-06-30T15:11:57.766+07:00,0.056967854499816895,341.80712699890137,341.74312699890135,341.3877039372387,341.3877039372387,0.136327862739563,5.546653402135904,817.9671764373779,341.80712699890137,0.056967854499816895,9.816884994506836e-05,0.5890130996704102,0.5890130996704102,0.1682689165797342,0.1682689165797342,-1.7385665913864914,817.0899152755737
530,27.471636574948207,,2026-06-30T15:11:57.817+07:00,0.05701559782028198,342.0935869216919,342.0295869216919,341.7122600479133,341.7122600479133,0.3062906861305237,6.097956103079864,1837.744116783142,342.0935869216919,0.05701559782028198,4.774332046508789e-05,0.28645992279052734,0.28645992279052734,0.324556110674564,0.324556110674564,0.5513027009439595,1019.7769403457642
531,27.52346899290569,,2026-06-30T15:11:57.867+07:00,0.05690765380859375,341.4459228515625,341.3819228515625,341.6723323876002,341.6723323876002,0.051965177059173584,1.3416523575235182,311.7910623550415,341.4459228515625,0.05690765380859375,-0.00010794401168823242,-0.6476640701293945,-0.6476640701293945,-0.039927660313082924,-0.039927660313082924,-4.7563037455563455,-1525.9530544281006
532,27.57565746596083,,2026-06-30T15:11:57.919+07:00,0.056869566440582275,341.21739864349365,341.15339864349363,341.37264815037867,341.37264815037867,-0.00023365022207144648,-2.6067320112718395,-1.4019013324286789,341.21739864349365,0.056869566440582275,-3.808736801147461e-05,-0.22852420806884766,-0.22852420806884766,-0.29968423722152693,-0.29968423722152693,-3.9483843687953577,-313.1929636874702
533,27.62848771503195,,2026-06-30T15:11:57.968+07:00,0.05100280046463013,306.01680278778076,305.95280278778074,328.93192503616194,328.93192503616194,-1.3157978057861328,-184.24112073236145,-7894.786834716797,306.01680278778076,0.05100280046463013,-0.0058667659759521484,-35.20059585571289,-35.20059585571289,-12.440723114216723,-12.440723114216723,-181.6343887210896,-7893.384933384368
534,27.68050165195018,,2026-06-30T15:11:58.020+07:00,0.056869566440582275,341.21739864349365,341.15339864349363,335.9915346115385,335.9915346115385,-0.00024086238408926874,-2.736204986532684,-1.4451743045356125,341.21739864349365,0.056869566440582275,0.0058667659759521484,35.20059585571289,35.20059585571289,7.059609575376555,7.059609575376555,181.50491574582878,7893.341660412261
535,27.732375754974782,,2026-06-30T15:11:58.071+07:00,0.05675792694091797,340.5475616455078,340.4835616455078,338.74270568008427,338.74270568008427,0.5200632214546204,27.818799909540576,3120.379328727722,340.5475616455078,0.05675792694091797,-0.00011163949966430664,-0.6698369979858398,-0.6698369979858398,2.751171068545773,2.751171068545773,30.55500489607326,3121.824503032258
536,27.78426619200036,,2026-06-30T15:11:58.121+07:00,0.056869566440582275,341.21739864349365,341.15339864349363,340.13488086645316,340.13488086645316,3.49879264831543e-05,27.194994799725613,0.20992755889892578,341.21739864349365,0.056869566440582275,0.00011163949966430664,0.6698369979858398,0.6698369979858398,1.3921751863688883,1.3921751863688883,-0.6238051098149633,-3120.1694011688232
537,27.836383849848062,,2026-06-30T15:11:58.185+07:00,0.056869566440582275,341.21739864349365,341.15339864349363,340.723074882694,340.723074882694,-9.16719509405084e-05,16.619563507714524,-0.5500317056430504,341.21739864349365,0.056869566440582275,0.0,0.0,0.0,0.5881940162408341,0.5881940162408341,-10.57543129201109,-0.7599592645419762
538,27.888917470816523,,2026-06-30T15:11:58.237+07:00,0.056869566440582275,341.21739864349365,341.15339864349363,340.97589895258204,340.97589895258204,-0.00023329259420279413,9.650581212512853,-1.3997555652167648,341.21739864349365,0.056869566440582275,0.0,0.0,0.0,0.2528240698880495,0.2528240698880495,-6.968982295201672,-0.8497238595737144
539,27.940964017994702,,2026-06-30T15:11:58.294+07:00,0.056896984577178955,341.38190746307373,341.3179074630737,341.13598311093654,341.13598311093654,0.03687083721160889,5.763972303995981,221.22502326965332,341.38190746307373,0.056896984577178955,2.7418136596679688e-05,0.16450881958007812,0.16450881958007812,0.1600841583544934,0.1600841583544934,-3.8866089085168714,222.62477883487009
540,27.992814898956567,,2026-06-30T15:11:58.323+07:00,0.05687958002090454,341.27748012542725,341.2134801254272,341.16310706600825,341.16310706600825,0.014623522758483887,4.065966897376972,87.74113655090332,341.27748012542725,0.05687958002090454,-1.7404556274414062e-05,-0.10442733764648438,-0.10442733764648438,0.0271239550717155,0.0271239550717155,-1.698005406619009,-133.48388671875
541,28.04472233587876,,2026-06-30T15:11:58.382+07:00,0.055562734603881836,333.376407623291,333.312407623291,337.1242430867793,337.1242430867793,0.40616661310195923,-38.16520441993619,2436.9996786117554,333.376407623291,0.055562734603881836,-0.001316845417022705,-7.9010725021362305,-7.9010725021362305,-4.03886397922895,-4.03886397922895,-42.23117131731316,2349.258542060852
542,28.096429402008653,,2026-06-30T15:11:58.438+07:00,0.0568697452545166,341.2184715270996,341.1544715270996,339.4514559300439,339.4514559300439,0.0004679560661315918,7.312912710863207,2.807736396789551,341.2184715270996,0.0568697452545166,0.0013070106506347656,7.842063903808594,7.842063903808594,2.32721284326459,2.32721284326459,45.4781171307994,-2434.191942214966
543,28.148296838859096,,2026-06-30T15:11:58.486+07:00,0.056869566440582275,341.21739864349365,341.15339864349363,340.4343278470611,340.4343278470611,7.283687591552734e-05,14.37050303570715,0.43702125549316406,341.21739864349365,0.056869566440582275,-1.7881393432617188e-07,-0.0010728836059570312,-0.0010728836059570312,0.9828719170172349,0.9828719170172349,7.057590324843943,-2.3707151412963867
544,28.20028014597483,,2026-06-30T15:11:58.539+07:00,0.056901514530181885,341.4090871810913,341.3450871810913,340.9183094269624,340.9183094269624,0.043226540088653564,11.294825676257178,259.3592405319214,341.4090871810913,0.056901514530181885,3.1948089599609375e-05,0.19168853759765625,0.19168853759765625,0.48398157990129675,0.48398157990129675,-3.0756773594499727,258.9222192764282
545,28.252537414897233,,2026-06-30T15:11:58.586+07:00,0.05242717266082764,314.5630359649658,314.4990359649658,331.5719263519216,331.5719263519216,-0.13145260512828827,-132.98492030156277,-788.7156307697296,314.5630359649658,0.05242717266082764,-0.004474341869354248,-26.84605121612549,-26.84605121612549,-9.34638307504082,-9.34638307504082,-144.27974597781994,-1048.074871301651
546,28.304192295996472,,2026-06-30T15:11:58.638+07:00,0.056869566440582275,341.21739864349365,341.15339864349363,337.13720121397097,337.13720121397097,3.534555435180664e-05,3.6742968361373585,0.21207332611083984,341.21739864349365,0.056869566440582275,0.004442393779754639,26.654362678527832,26.654362678527832,5.565274862049364,5.565274862049364,136.65921713770013,788.9277040958405
547,28.355791807873175,,2026-06-30T15:11:58.712+07:00,0.05695474147796631,341.72844886779785,341.66444886779783,340.2550726185819,340.2550726185819,0.13619494438171387,28.829547449945053,817.1696662902832,341.72844886779785,0.05695474147796631,8.51750373840332e-05,0.5110502243041992,0.5110502243041992,3.1178714046109235,3.1178714046109235,25.155250613807695,816.9575929641724
548,28.40736161498353,,2026-06-30T15:11:58.762+07:00,0.05686962604522705,341.2177562713623,341.1537562713623,334.4278745384866,334.4278745384866,0.00014770030975341797,-21.665376802074363,0.8862018585205078,341.2177562713623,0.05686962604522705,-8.511543273925781e-05,-0.5106925964355469,-0.5106925964355469,-5.827198080095286,-5.827198080095286,-50.494924252019416,-816.2834644317627
549,28.45886401599273,,2026-06-30T15:11:58.812+07:00,0.056869566440582275,341.21739864349365,341.15339864349363,338.51241794752,338.51241794752,-7.563830149592832e-05,35.096746601728114,-0.4538298089755699,341.21739864349365,0.056869566440582275,-5.960464477539063e-08,-0.00035762786865234375,-0.00035762786865234375,4.084543409033415,4.084543409033415,56.76212340380248,-1.3400316674960777
550,28.510423081927,,2026-06-30T15:11:58.862+07:00,0.05687141418457031,341.2284851074219,341.16448510742185,340.04170864284004,340.04170864284004,0.0027256011962890625,31.718620291066156,16.353607177734375,341.2284851074219,0.05687141418457031,1.8477439880371094e-06,0.011086463928222656,0.011086463928222656,1.5292906953200145,1.5292906953200145,-3.3781263106619583,16.807436986709945
551,28.562032241839916,,2026-06-30T15:11:58.914+07:00,0.0568697452545166,341.2184715270996,341.1544715270996,340.70174032128523,340.70174032128523,0.0004531741142272949,20.438239490341353,2.7190446853637695,341.2184715270996,0.0568697452545166,-1.6689300537109375e-06,-0.010013580322265625,-0.010013580322265625,0.6600316784451934,0.6600316784451934,-11.280380800724803,-13.634562492370605
552,28.613634974928573,,2026-06-30T15:11:58.963+07:00,0.05701720714569092,342.1032428741455,342.0392428741455,341.44054622509316,341.44054622509316,0.3294035792350769,17.157484821572286,1976.4214754104614,342.1032428741455,0.05701720714569092,0.0001474618911743164,0.8847713470458984,0.8847713470458984,0.7388059038079291,0.7388059038079291,-3.2807546687690667,1973.7024307250977
553,28.6651895979885,,2026-06-30T15:11:59.013+07:00,0.056869566440582275,341.21739864349365,341.15339864349363,341.27471849671946,341.27471849671946,-0.0001279711868846789,5.429837727689918,-0.7678271213080734,341.21739864349365,0.056869566440582275,-0.00014764070510864258,-0.8858442306518555,-0.8858442306518555,-0.1658277283736993,-0.1658277283736993,-11.727647093882368,-1977.1893025317695
554,28.716863794019446,,2026-06-30T15:11:59.065+07:00,0.056869566440582275,341.21739864349365,341.15339864349363,341.3072516703708,341.3072516703708,0.00011783838272094727,2.0431479740651306,0.7070302963256836,341.21739864349365,0.056869566440582275,0.0,0.0,0.0,0.03253317365135899,0.03253317365135899,-3.3866897536247875,1.474857417633757
555,28.76848832401447,,2026-06-30T15:11:59.114+07:00,0.05699563026428223,341.97378158569336,341.90978158569334,341.3310731014378,341.3310731014378,0.22531139850616455,2.5828932425936038,1351.8683910369873,341.97378158569336,0.05699563026428223,0.00012606382369995117,0.756382942199707,0.756382942199707,0.02382143106700596,0.02382143106700596,0.5397452685284732,1351.1613607406616
556,28.820172020001337,,2026-06-30T15:11:59.165+07:00,0.056869566440582275,341.21739864349365,341.15339864349363,341.39151222357236,341.39151222357236,-0.00024032594228629023,1.0064065994590834,-1.4419556537177414,341.21739864349365,0.056869566440582275,-0.00012606382369995117,-0.756382942199707,-0.756382942199707,0.0604391221345395,0.0604391221345395,-1.5764866431345204,-1353.310346690705
557,28.871834160992876,,2026-06-30T15:11:59.213+07:00,0.05689382553100586,341.36295318603516,341.29895318603513,341.56765825920877,341.56765825920877,0.035805344581604004,1.1079805348372367,214.83206748962402,341.36295318603516,0.05689382553100586,2.4259090423583984e-05,0.1455545425415039,0.1455545425415039,0.17614603563640685,0.17614603563640685,0.10157393537815329,216.27402314334176
558,28.92342072702013,,2026-06-30T15:11:59.264+07:00,0.05615776777267456,336.94660663604736,336.88260663604734,340.0285855034508,340.0285855034508,0.5001700520515442,-23.599823282408657,3001.020312309265,336.94660663604736,0.05615776777267456,-0.0007360577583312988,-4.416346549987793,-4.416346549987793,-1.5390727557579567,-1.5390727557579567,-24.707803817245892,2786.188244819641
559,28.975067608989775,,2026-06-30T15:11:59.313+07:00,0.056869566440582275,341.21739864349365,341.15339864349363,340.6781650918255,340.6781650918255,-6.896258128108457e-05,-2.6684638979914155,-0.4137754876865074,341.21739864349365,0.056869566440582275,0.0007117986679077148,4.270792007446289,4.270792007446289,0.6495795883747064,0.6495795883747064,20.93135938441724,-3001.4340877969516
560,29.027077822946012,,2026-06-30T15:11:59.365+07:00,0.056869566440582275,341.21739864349365,341.15339864349363,340.95261246791387,340.95261246791387,-0.00022560359502676874,1.7796761156791912,-1.3536215701606125,341.21739864349365,0.056869566440582275,0.0,0.0,0.0,0.2744473760883466,0.2744473760883466,4.448140013670606,-0.9398460824741051
561,29.078881092835218,,2026-06-30T15:11:59.415+07:00,0.0568697452545166,341.2184715270996,341.1544715270996,341.0689419935733,341.0689419935733,0.0004226565361022949,2.0383682353899104,2.5359392166137695,341.2184715270996,0.0568697452545166,1.7881393432617188e-07,0.0010728836059570312,0.0010728836059570312,0.11632952565940968,0.11632952565940968,0.25869211971071926,3.889560786774382
562,29.130460992921144,,2026-06-30T15:11:59.465+07:00,0.056887030601501465,341.3221836090088,341.25818360900877,341.15439044683256,341.15439044683256,0.023310720920562744,1.9244752288501696,139.86432552337646,341.3221836090088,0.056887030601501465,1.728534698486328e-05,0.10371208190917969,0.10371208190917969,0.08544845325928918,0.08544845325928918,-0.11389300653974077,137.3283863067627
563,29.182091485941783,,2026-06-30T15:11:59.514+07:00,0.056910932064056396,341.4655923843384,341.40159238433836,338.1888591318585,338.1888591318585,-2.6414124965667725,-15.669488936561798,-15848.474979400635,341.4655923843384,0.056910932064056396,2.390146255493164e-05,0.14340877532958984,0.14340877532958984,-2.9655313149740437,-2.9655313149740437,-17.59396416541197,-15988.339304924011
564,29.233769366983324,,2026-06-30T15:11:59.589+07:00,0.056869566440582275,341.21739864349365,341.15339864349363,339.0423781586234,339.0423781586234,-0.0001890063431346789,3.988146003279482,-1.1340380588080734,341.21739864349365,0.056869566440582275,-4.1365623474121094e-05,-0.24819374084472656,-0.24819374084472656,0.8535190267649,0.8535190267649,19.65763493984128,15847.340941341827
565,29.285298100905493,,2026-06-30T15:11:59.640+07:00,0.05653393268585205,339.2035961151123,339.1395961151123,331.5647981145515,331.5647981145515,0.5239667892456055,-47.683269961193474,3143.800735473633,339.2035961151123,0.05653393268585205,-0.0003356337547302246,-2.0138025283813477,-2.0138025283813477,-7.477580044071942,-7.477580044071942,-51.671415964472956,3144.934773532441
566,29.336825074860826,,2026-06-30T15:11:59.690+07:00,0.056869566440582275,341.21739864349365,341.15339864349363,337.10221492001557,337.10221492001557,-0.00012952090764883906,40.631235521903164,-0.7771254458930343,341.21739864349365,0.056869566440582275,0.0003356337547302246,2.0138025283813477,2.0138025283813477,5.53741680546409,5.53741680546409,88.31450548309664,-3144.577860919526
567,29.38844897481613,,2026-06-30T15:11:59.740+07:00,0.05701190233230591,342.07141399383545,342.0074139938354,339.74320106348745,339.74320106348745,0.377912700176239,47.643710276238785,2267.476201057434,342.07141399383545,0.05701190233230591,0.0001423358917236328,0.8540153503417969,0.8540153503417969,2.6409861434718778,2.6409861434718778,7.012474754335621,2268.253326503327
568,29.440279226982966,,2026-06-30T15:11:59.790+07:00,0.0568995475769043,341.3972854614258,341.33328546142576,340.62055055221725,340.62055055221725,0.04378432035446167,30.090707082583776,262.70592212677,341.3972854614258,0.0568995475769043,-0.00011235475540161133,-0.674128532409668,-0.674128532409668,0.8773494887298057,0.8773494887298057,-17.55300319365501,-2004.770278930664
569,29.492266977904364,,2026-06-30T15:11:59.841+07:00,0.056937992572784424,341.62795543670654,341.5639554367065,334.7455478756267,334.7455478756267,0.10597473382949829,-15.681407678310265,635.8484029769897,341.62795543670654,0.056937992572784424,3.844499588012695e-05,0.23066997528076172,0.23066997528076172,-5.8750026765905545,-5.8750026765905545,-45.77211476089404,373.1424808502197
570,29.54389759991318,,2026-06-30T15:11:59.891+07:00,0.05593371391296387,335.6022834777832,335.5382834777832,336.4807913860712,336.4807913860712,0.46598631143569946,4.959462807362687,2795.917868614197,335.6022834777832,0.05593371391296387,-0.0010042786598205566,-6.02567195892334,-6.02567195892334,1.7352435104444908,1.7352435104444908,20.640870485672952,2160.069465637207
571,29.595515297027305,,2026-06-30T15:11:59.941+07:00,0.056869566440582275,341.21739864349365,341.15339864349363,339.179466158253,339.179466158253,-2.703416585922241,31.741524384077735,-16220.499515533447,341.21739864349365,0.056869566440582275,0.0009358525276184082,5.615115165710449,5.615115165710449,2.698674772181789,2.698674772181789,26.782061576715048,-19016.417384147644
572,29.64746595500037,,2026-06-30T15:11:59.991+07:00,0.056869566440582275,341.21739864349365,341.15339864349363,340.31941216847946,340.31941216847946,-0.00022673608327750117,25.992241806361395,-1.360416499665007,341.21739864349365,0.056869566440582275,0.0,0.0,0.0,1.1399460102264811,1.1399460102264811,-5.74928257771634,16219.139099033782
573,29.699359928956255,,2026-06-30T15:12:00.041+07:00,0.056869566440582275,341.21739864349365,341.15339864349363,340.8038869697043,340.8038869697043,6.35385513305664e-05,16.311052986647425,0.38123130798339844,341.21739864349365,0.056869566440582275,0.0,0.0,0.0,0.48447480122484876,0.48447480122484876,-9.68118881971397,1.7416478076484054
574,29.751407235860825,,2026-06-30T15:12:00.091+07:00,0.05234295129776001,314.05770778656006,313.99370778656004,331.572086143416,331.572086143416,-0.6099604964256287,-133.62780034529388,-3659.762978553772,314.05770778656006,0.05234295129776001,-0.004526615142822266,-27.159690856933594,-27.159690856933594,-9.231800826288293,-9.231800826288293,-149.9388533319413,-3660.1442098617554
575,29.803524263901636,,2026-06-30T15:12:00.141+07:00,0.05463439226150513,327.80635356903076,327.74235356903074,332.4133809843117,332.4133809843117,0.04158537834882736,-64.57581738186714,249.51227009296417,327.80635356903076,0.05463439226150513,0.002291440963745117,13.748645782470703,13.748645782470703,0.8412948408956709,0.8412948408956709,69.05198296342674,3909.275248646736
576,29.855186849832535,,2026-06-30T15:12:00.192+07:00,0.05688035488128662,341.2821292877197,341.2181292877197,337.48339690796837,337.48339690796837,0.015761733055114746,28.577462526149088,94.57039833068848,341.2821292877197,0.05688035488128662,0.002245962619781494,13.475775718688965,13.475775718688965,5.070015923656683,5.070015923656683,93.15327990801623,-154.9418717622757
577,29.907036230899394,,2026-06-30T15:12:00.243+07:00,0.056914329528808594,341.48597717285156,341.42197717285154,339.70130021421596,339.70130021421596,0.06726759672164917,36.09283823754718,403.605580329895,341.48597717285156,0.056914329528808594,3.3974647521972656e-05,0.20384788513183594,0.20384788513183594,2.2179033062475924,2.2179033062475924,7.5153757113980895,309.03518199920654
578,29.958847556030378,,2026-06-30T15:12:00.292+07:00,0.05687141418457031,341.2284851074219,341.16448510742185,340.59095631676735,340.59095631676735,0.002902209758758545,25.141859370406127,17.41325855255127,341.2284851074219,0.05687141418457031,-4.291534423828125e-05,-0.2574920654296875,-0.2574920654296875,0.8896561025513847,0.8896561025513847,-10.95097886714105,-386.19232177734375
579,30.010832788888365,,2026-06-30T15:12:00.342+07:00,0.056869566440582275,341.21739864349365,341.15339864349363,340.91601084147214,340.91601084147214,-0.00024211408162955195,14.20674574273436,-1.4526844897773117,341.21739864349365,0.056869566440582275,-1.8477439880371094e-06,-0.011086463928222656,-0.011086463928222656,0.3250545247047967,0.3250545247047967,-10.935113627671766,-18.86594304232858
580,30.062945576850325,,2026-06-30T15:12:00.392+07:00,0.05688756704330444,341.32540225982666,341.26140225982664,341.1792608922247,341.1792608922247,0.02634185552597046,8.491131961163319,158.05113315582275,341.32540225982666,0.05688756704330444,1.800060272216797e-05,0.10800361633300781,0.10800361633300781,0.2632500507525606,0.2632500507525606,-5.715613781571042,159.50381764560007
581,30.115024975966662,,2026-06-30T15:12:00.456+07:00,0.056977272033691406,341.86363220214844,341.7996322021484,341.3905071891117,341.3905071891117,-0.7745360732078552,5.837341134769919,-4647.216439247131,341.86363220214844,0.056977272033691406,8.970499038696289e-05,0.5382299423217773,0.5382299423217773,0.2112462968869977,0.2112462968869977,-2.6537908263934,-4805.267572402954
582,30.16741167102009,,2026-06-30T15:12:00.521+07:00,0.056869566440582275,341.21739864349365,341.15339864349363,341.25357700401725,341.25357700401725,-0.00022733212972525507,1.2837587437315137,-1.3639927783515304,341.21739864349365,0.056869566440582275,-0.00010770559310913086,-0.6462335586547852,-0.6462335586547852,-0.13693018509445665,-0.13693018509445665,-4.553582391038406,4645.85244646878
583,30.219859754899517,,2026-06-30T15:12:00.575+07:00,0.05700284242630005,342.0170545578003,341.9530545578003,341.4904111527237,341.4904111527237,0.4019777178764343,3.8976045202379574,2411.866307258606,342.0170545578003,0.05700284242630005,0.00013327598571777344,0.7996559143066406,0.7996559143066406,0.23683414870646402,0.23683414870646402,2.6138457765064436,2413.2303000369575
584,30.274204074870795,,2026-06-30T15:12:00.627+07:00,0.056869566440582275,341.21739864349365,341.15339864349363,341.30514286775696,341.30514286775696,-0.00024187566305045038,-0.4065352247474099,-1.4512539783027023,341.21739864349365,0.056869566440582275,-0.00013327598571777344,-0.7996559143066406,-0.7996559143066406,-0.18526828496675307,-0.18526828496675307,-4.304139744985367,-2413.3175612369087
585,30.326187807833776,,2026-06-30T15:12:00.655+07:00,0.0569952130317688,341.9712781906128,341.9072781906128,341.5158902307565,341.5158902307565,0.2248401641845703,2.358848751200024,1349.0409851074219,341.9712781906128,0.0569952130317688,0.00012564659118652344,0.7538795471191406,0.7538795471191406,0.2107473629995411,0.2107473629995411,2.765383975947434,1350.4922390857246
586,30.378339502960443,,2026-06-30T15:12:00.727+07:00,0.05687040090560913,341.2224054336548,341.15840543365476,341.3103377241716,341.3103377241716,0.0012851953506469727,-0.5795806680107627,7.711172103881836,341.2224054336548,0.05687040090560913,-0.00012481212615966797,-0.7488727569580078,-0.7488727569580078,-0.2055525065849224,-0.2055525065849224,-2.9384294192107867,-1341.32981300354
587,30.430482883937657,,2026-06-30T15:12:00.779+07:00,0.056879401206970215,341.2764072418213,341.21240724182127,341.2403584144947,341.2403584144947,0.01436835527420044,-0.9192813598345356,86.21013164520264,341.2764072418213,0.056879401206970215,9.000301361083984e-06,0.054001808166503906,0.054001808166503906,-0.06997930967685306,-0.06997930967685306,-0.33970069182377294,78.4989595413208
588,30.4823520060163,,2026-06-30T15:12:00.835+07:00,0.056961119174957275,341.76671504974365,341.70271504974363,337.643078657087,337.643078657087,0.1482992172241211,-9.750829971458074,889.7953033447266,341.76671504974365,0.056961119174957275,8.171796798706055e-05,0.4903078079223633,0.4903078079223633,-3.597279757407705,-3.597279757407705,-8.831548611623539,803.5851716995239
589,30.534043645951897,,2026-06-30T15:12:00.885+07:00,0.05689209699630737,341.35258197784424,341.2885819778442,339.2047070321531,339.2047070321531,0.03014838695526123,16.2984289647922,180.89032173156738,341.35258197784424,0.05689209699630737,-6.902217864990234e-05,-0.41413307189941406,-0.41413307189941406,1.5616283750661069,1.5616283750661069,26.049258936250276,-708.9049816131592
590,30.58634210098535,,2026-06-30T15:12:00.937+07:00,0.056869566440582275,341.21739864349365,341.15339864349363,340.3533454949761,340.3533454949761,-0.0002423525002086535,19.129899990812426,-1.454115001251921,341.21739864349365,0.056869566440582275,-2.2530555725097656e-05,-0.13518333435058594,-0.13518333435058594,1.148638462822987,1.148638462822987,2.8314710260202247,-182.3444367328193
591,30.638353592948988,,2026-06-30T15:12:00.988+07:00,0.056869566440582275,341.21739864349365,341.15339864349363,340.76672270485415,340.76672270485415,-0.00023531915212515742,12.812376784079692,-1.4119149127509445,341.21739864349365,0.056869566440582275,0.0,0.0,0.0,0.4133772098780355,0.4133772098780355,-6.317523206732734,0.04220008850097656
592,30.690334065817297,,2026-06-30T15:12:01.039+07:00,0.056881070137023926,341.28642082214355,341.22242082214353,341.0419296979263,341.0419296979263,0.016811668872833252,8.313429794545243,100.87001323699951,341.28642082214355,0.056881070137023926,1.150369644165039e-05,0.06902217864990234,0.06902217864990234,0.27520699307217455,0.27520699307217455,-4.498946989534449,102.28192814975046
593,30.7421738919802,,2026-06-30T15:12:01.090+07:00,0.05686980485916138,341.21882915496826,341.15482915496824,336.28441361350923,336.28441361350923,0.0005024075508117676,-22.353129541628846,3.0144453048706055,341.21882915496826,0.05686980485916138,-1.1265277862548828e-05,-0.06759166717529297,-0.06759166717529297,-4.757516084417091,-4.757516084417091,-30.66655933617409,-97.8555679321289
594,30.79442904982716,,2026-06-30T15:12:01.142+07:00,0.056974709033966064,341.8482542037964,341.78425420379637,339.32071312973653,339.32071312973653,0.17571038007736206,23.65881011888479,1054.2622804641724,341.8482542037964,0.056974709033966064,0.0001049041748046875,0.629425048828125,0.629425048828125,3.0362995162273023,3.0362995162273023,46.01193966051363,1051.2478351593018
595,30.846354041947052,,2026-06-30T15:12:01.192+07:00,0.056872546672821045,341.23528003692627,341.17128003692625,340.3853475016327,340.3853475016327,0.004011929035186768,21.76731322994189,24.071574211120605,341.23528003692627,0.056872546672821045,-0.00010216236114501953,-0.6129741668701172,-0.6129741668701172,1.0646343718961475,1.0646343718961475,-1.8914968889428998,-1030.1907062530518
596,30.898348107933998,,2026-06-30T15:12:01.243+07:00,0.056869566440582275,341.21739864349365,341.15339864349363,339.0522312888917,339.0522312888917,8.529424667358398e-05,3.8338795297208925,0.5117654800415039,341.21739864349365,0.056869566440582275,-2.9802322387695312e-06,-0.017881393432617188,-0.017881393432617188,-1.333116212741004,-1.333116212741004,-17.933433700221,-23.5598087310791
597,30.950061433948576,,2026-06-30T15:12:01.294+07:00,0.056869566440582275,341.21739864349365,341.15339864349363,340.1131047984523,340.1131047984523,-0.00022745133901480585,14.181318360374478,-1.3647080340888351,341.21739864349365,0.056869566440582275,0.0,0.0,0.0,1.060873509560622,1.060873509560622,10.347438830653585,-1.876473514130339
598,31.002451702952385,,2026-06-30T15:12:01.347+07:00,0.05713087320327759,342.7852392196655,342.7212392196655,341.2626186956238,341.2626186956238,0.6655943393707275,19.679507031132665,3993.5660362243652,342.7852392196655,0.05713087320327759,0.0002613067626953125,1.567840576171875,1.567840576171875,1.1495138971715164,1.1495138971715164,5.4981886707581875,3994.930744258454
599,31.054616601904854,,2026-06-30T15:12:01.399+07:00,0.05691075325012207,341.4645195007324,341.4005195007324,334.93512962624936,334.93512962624936,0.06162792444229126,-28.437224168136908,369.76754665374756,341.4645195007324,0.05691075325012207,-0.00022011995315551758,-1.3207197189331055,-1.3207197189331055,-6.327489069374451,-6.327489069374451,-48.11673119926957,-3623.7984895706177
600,31.106552537996322,,2026-06-30T15:12:01.447+07:00,0.056869566440582275,341.21739864349365,341.15339864349363,338.52617998370795,338.52617998370795,-2.7032673358917236,28.947317114031275,-16219.604015350342,341.21739864349365,0.056869566440582275,-4.118680953979492e-05,-0.24712085723876953,-0.24712085723876953,3.5910503574585846,3.5910503574585846,57.384541282168186,-16589.37156200409
601,31.158235233975574,,2026-06-30T15:12:01.498+07:00,0.05689382553100586,341.36295318603516,341.29895318603513,340.0976786235686,340.0976786235686,0.035804688930511475,29.485811398114496,214.82813358306885,341.36295318603516,0.05689382553100586,2.4259090423583984e-05,0.1455545425415039,0.1455545425415039,1.5714986398606356,1.5714986398606356,0.538494284083221,16434.43214893341
602,31.210143096977845,,2026-06-30T15:12:01.549+07:00,0.057003140449523926,342.01884269714355,341.95484269714353,340.9878623538528,340.9878623538528,0.4025593400001526,23.26700925957297,2415.3560400009155,342.01884269714355,0.057003140449523926,0.0001093149185180664,0.6558895111083984,0.6558895111083984,0.8901837302842068,0.8901837302842068,-6.218802138541527,2200.5279064178467
603,31.262123366817832,,2026-06-30T15:12:01.600+07:00,0.05701225996017456,342.07355976104736,342.00955976104734,341.3831159522642,341.3831159522642,0.2843930721282959,15.285733856406782,1706.3584327697754,342.07355976104736,0.05701225996017456,9.119510650634766e-06,0.054717063903808594,0.054717063903808594,0.3952535984113865,0.3952535984113865,-7.981275403166187,-708.9976072311401
604,31.314145172946155,,2026-06-30T15:12:01.651+07:00,0.056869566440582275,341.21739864349365,341.15339864349363,341.2504542064492,341.2504542064492,-0.00024145843053702265,5.015034088479567,-1.448750583222136,341.21739864349365,0.056869566440582275,-0.00014269351959228516,-0.8561611175537109,-0.8561611175537109,-0.13266174581497125,-0.13266174581497125,-10.270699767927216,-1707.8071833529975
605,31.36606351681985,,2026-06-30T15:12:01.700+07:00,0.05687069892883301,341.22419357299805,341.160193572998,341.1967828441689,341.1967828441689,0.0016510486602783203,1.5279488794667753,9.906291961669922,341.22419357299805,0.05687069892883301,1.1324882507324219e-06,0.006794929504394531,0.006794929504394531,-0.053671362280283574,-0.053671362280283574,-3.4870852090127915,11.355042544892058
606,31.418132434831932,,2026-06-30T15:12:01.751+07:00,0.0569952130317688,341.9712781906128,341.9072781906128,341.43558630977066,341.43558630977066,0.22483325004577637,4.28246582935967,1348.9995002746582,341.9712781906128,0.0569952130317688,0.00012451410293579102,0.7470846176147461,0.7470846176147461,0.23880346560173393,0.23880346560173393,2.7545169498928948,1339.0932083129883
607,31.470016557024792,,2026-06-30T15:12:01.802+07:00,0.056891798973083496,341.350793838501,341.28679383850096,331.56624047905404,331.56624047905404,0.029933810234069824,-46.249512868321546,179.60286140441895,341.350793838501,0.056891798973083496,-0.00010341405868530273,-0.6204843521118164,-0.6204843521118164,-9.869345830716611,-9.869345830716611,-50.53197869768122,-1169.3966388702393
608,31.522098344983533,,2026-06-30T15:12:01.878+07:00,0.056869566440582275,341.21739864349365,341.15339864349363,338.5205253325844,338.5205253325844,2.7179718017578125e-05,46.275791616994205,0.16307830810546875,341.21739864349365,0.056869566440582275,-2.2232532501220703e-05,-0.13339519500732422,-0.13339519500732422,6.954284853530339,6.954284853530339,92.52530448531576,-179.43978309631348
609,31.573756800033152,,2026-06-30T15:12:01.927+07:00,0.05687546730041504,341.25280380249023,341.1888038024902,340.07667053255716,340.07667053255716,0.008684754371643066,36.6961294662295,52.1085262298584,341.25280380249023,0.05687546730041504,5.900859832763672e-06,0.03540515899658203,0.03540515899658203,1.5561451999727751,1.5561451999727751,-9.579662150764705,51.94544792175293
610,31.625765254953876,,2026-06-30T15:12:01.979+07:00,0.0570223331451416,342.1339988708496,342.0699988708496,341.01929109619755,341.01929109619755,0.24108362197875977,26.795911292544545,1446.5017318725586,342.1339988708496,0.0570223331451416,0.0001468658447265625,0.881195068359375,0.881195068359375,0.9426205636403893,0.9426205636403893,-9.900218173684955,1394.3932056427002
611,31.678763892967254,,2026-06-30T15:12:02.030+07:00,0.05710041522979736,342.6024913787842,342.53849137878416,341.5817647431331,341.5817647431331,0.4006083011627197,19.461958764665468,2403.6498069763184,342.6024913787842,0.05710041522979736,7.808208465576172e-05,0.4684925079345703,0.4684925079345703,0.5624736469355298,0.5624736469355298,-7.333952527879077,957.1480751037598
612,31.73115521785803,,2026-06-30T15:12:02.083+07:00,0.05687427520751953,341.2456512451172,341.18165124511717,341.34606165864216,341.34606165864216,0.006345868110656738,5.790077492794709,38.07520866394043,341.2456512451172,0.05687427520751953,-0.00022614002227783203,-1.3568401336669922,-1.3568401336669922,-0.2357030844909218,-0.2357030844909218,-13.67188127187076,-2365.574598312378
613,31.783322671893984,,2026-06-30T15:12:02.135+07:00,0.05514925718307495,330.8955430984497,330.8315430984497,337.62312565070994,337.62312565070994,0.2031678557395935,-50.53591050258809,1219.007134437561,330.8955430984497,0.05514925718307495,-0.00172501802444458,-10.35010814666748,-10.35010814666748,-3.722936007932219,-3.722936007932219,-56.325987995382796,1180.9319257736206
614,31.83519853488542,,2026-06-30T15:12:02.186+07:00,0.05465817451477051,327.94904708862305,327.885047088623,335.07903687526675,335.07903687526675,0.0764186903834343,-65.50949359135458,458.5121423006058,327.94904708862305,0.05465817451477051,-0.0004910826683044434,-2.94649600982666,-2.94649600982666,-2.5440887754431856,-2.5440887754431856,-14.973583088766496,-760.4949921369553
615,31.88725269283168,,2026-06-30T15:12:02.236+07:00,0.05697709321975708,341.8625593185425,341.79855931854246,338.89797130878884,338.89797130878884,-3.0837676525115967,14.521095373787368,-18502.60591506958,341.8625593185425,0.05697709321975708,0.0023189187049865723,13.913512229919434,13.913512229919434,3.818934433522088,3.818934433522088,80.03058896514196,-18961.118057370186
616,31.939462147885934,,2026-06-30T15:12:02.286+07:00,0.056869566440582275,341.21739864349365,341.15339864349363,340.20658262008976,340.20658262008976,0.0001170039176940918,20.45267101561181,0.7020235061645508,341.21739864349365,0.056869566440582275,-0.00010752677917480469,-0.6451606750488281,-0.6451606750488281,1.308611311300922,1.308611311300922,5.931575641824441,18503.307938575745
617,31.991509083891287,,2026-06-30T15:12:02.338+07:00,0.056869566440582275,341.21739864349365,341.15339864349363,340.7538570356462,340.7538570356462,-0.00011402369273127988,14.475781732085773,-0.6841421563876793,341.21739864349365,0.056869566440582275,0.0,0.0,0.0,0.5472744155564442,0.5472744155564442,-5.976889283526036,-1.38616566255223
618,32.043213094817474,,2026-06-30T15:12:02.389+07:00,0.056869566440582275,341.21739864349365,341.15339864349363,341.08434009116326,341.08434009116326,-3.2186511816689745e-05,9.163013870093446,-0.19311907090013847,341.21739864349365,0.056869566440582275,0.0,0.0,0.0,0.3304830555170497,0.3304830555170497,-5.312767861992327,0.4910230854875408
619,32.09514814289287,,2026-06-30T15:12:02.439+07:00,0.05687028169631958,341.2216901779175,341.15769017791746,341.12694384728417,341.12694384728417,0.0011598467826843262,4.34397777068631,6.959080696105957,341.2216901779175,0.05687028169631958,7.152557373046875e-07,0.004291534423828125,0.004291534423828125,0.042603756120911385,0.042603756120911385,-4.8190360994071355,7.1521997670060955
620,32.14757476281375,,2026-06-30T15:12:02.490+07:00,0.056869566440582275,341.21739864349365,341.15339864349363,338.79399935559763,338.79399935559763,-0.00013655425573233515,-8.865830544670267,-0.8193255343940109,341.21739864349365,0.056869566440582275,-7.152557373046875e-07,-0.004291534423828125,-0.004291534423828125,-2.3329444916865327,-2.3329444916865327,-13.209808315356577,-7.778406230499968
621,32.200073402840644,,2026-06-30T15:12:02.549+07:00,0.05688035488128662,341.2821292877197,341.2181292877197,340.17920816983667,340.17920816983667,0.015733182430267334,9.799311129120865,94.399094581604,341.2821292877197,0.05688035488128662,1.0788440704345703e-05,0.06473064422607422,0.06473064422607422,1.3852088142390357,1.3852088142390357,18.665141673791133,95.21842011599801
622,32.252296505030245,,2026-06-30T15:12:02.600+07:00,0.056438148021698,338.628888130188,338.56488813018797,340.02401095541046,340.02401095541046,0.6128152012825012,-1.6130223385551616,3676.8912076950073,338.628888130188,0.056438148021698,-0.00044220685958862305,-2.6532411575317383,-2.6532411575317383,-0.15519721442620948,-0.15519721442620948,-11.412333467676026,3582.4921131134033
623,32.30426740483381,,2026-06-30T15:12:02.651+07:00,0.05710136890411377,342.6082134246826,342.5442134246826,341.16301751869463,341.16301751869463,0.489299476146698,13.639131031258653,2935.796856880188,342.6082134246826,0.05710136890411377,0.0006632208824157715,3.979325294494629,3.979325294494629,1.1390065632841697,1.1390065632841697,15.252153369813815,-741.0943508148193
624,32.35590943391435,,2026-06-30T15:12:02.701+07:00,0.057016193866729736,342.0971632003784,342.0331632003784,341.4972734665021,341.4972734665021,0.353198766708374,10.430549159274385,2119.192600250244,342.0971632003784,0.057016193866729736,-8.51750373840332e-05,-0.5110502243041992,-0.5110502243041992,0.3342559478074918,0.3342559478074918,-3.2085818719842685,-816.6042566299438
625,32.407720462884754,,2026-06-30T15:12:02.752+07:00,0.056869566440582275,341.21739864349365,341.15339864349363,331.2490565447889,331.2490565447889,-0.00023442508245352656,-49.79892728817123,-1.4065504947211593,341.21739864349365,0.056869566440582275,-0.00014662742614746094,-0.8797645568847656,-0.8797645568847656,-10.248216921713208,-10.248216921713208,-60.22947644744561,-2120.5991507449653
626,32.45982525101863,,2026-06-30T15:12:02.802+07:00,0.056869566440582275,341.21739864349365,341.15339864349363,337.17026230892407,337.17026230892407,-0.00024187566305045038,43.60354682295087,-1.4512539783027023,341.21739864349365,0.056869566440582275,0.0,0.0,0.0,5.921205764135152,5.921205764135152,93.4024741111221,-0.04470348358154297
627,32.51176309492439,,2026-06-30T15:12:02.853+07:00,0.056869566440582275,341.21739864349365,341.15339864349363,339.4763814866265,339.4763814866265,-0.00023430587316397578,43.14993001232345,-1.4058352389838547,341.21739864349365,0.056869566440582275,0.0,0.0,0.0,2.306119177702442,2.306119177702442,-0.4536168106274161,0.045418739318847656
628,32.563525050878525,,2026-06-30T15:12:02.903+07:00,0.056974828243255615,341.8489694595337,341.78496945953367,341.1245369175787,341.1245369175787,0.17600882053375244,34.76072279601469,1056.0529232025146,341.8489694595337,0.056974828243255615,0.00010526180267333984,0.6315708160400391,0.6315708160400391,1.6481554309522153,1.6481554309522153,-8.389207216308762,1057.4587584414985
629,32.61565893096849,,2026-06-30T15:12:02.953+07:00,0.051029324531555176,306.17594718933105,306.11194718933103,328.8766965553377,328.8766965553377,-1.2767348289489746,-169.49711143974085,-7660.408973693848,306.17594718933105,0.051029324531555176,-0.0059455037117004395,-35.67302227020264,-35.67302227020264,-12.24784036224105,-12.24784036224105,-204.25783423575552,-8716.461896896362
630,32.667329812888056,,2026-06-30T15:12:03.006+07:00,0.056870102882385254,341.2206172943115,341.1566172943115,335.96786262005435,335.96786262005435,0.0008536577224731445,3.2243096620728195,5.121946334838867,341.2206172943115,0.056870102882385254,0.005840778350830078,35.04467010498047,35.04467010498047,7.091166064716674,7.091166064716674,172.72142110181366,7665.5309200286865
631,32.71949256397784,,2026-06-30T15:12:03.055+07:00,0.05589324235916138,335.35945415496826,335.29545415496824,336.91222910260666,336.91222910260666,0.46290141344070435,4.553194546327905,2777.408480644226,335.35945415496826,0.05589324235916138,-0.000976860523223877,-5.861163139343262,-5.861163139343262,0.9443664825523115,0.9443664825523115,1.3288848842550856,2772.286534309387
632,32.771400147816166,,2026-06-30T15:12:03.106+07:00,0.05687052011489868,341.2231206893921,341.15912068939207,339.3654598766962,339.3654598766962,0.0015164613723754883,28.773866637006936,9.09876823425293,341.2231206893921,0.05687052011489868,0.0009772777557373047,5.863666534423828,5.863666534423828,2.4532307740895476,2.4532307740895476,24.22067209067903,-2768.309712409973
633,32.82358110300265,,2026-06-30T15:12:03.159+07:00,0.0569952130317688,341.9712781906128,341.9072781906128,340.6618523560134,340.6618523560134,0.22483253479003906,26.863643136523194,1348.9952087402344,341.9712781906128,0.0569952130317688,0.0001246929168701172,0.7481575012207031,0.7481575012207031,1.2963924793172055,1.2963924793172055,-1.9102235004837418,1339.8964405059814
634,32.87531800288707,,2026-06-30T15:12:03.218+07:00,0.05689972639083862,341.39835834503174,341.3343583450317,341.0421698909998,341.0421698909998,0.04446905851364136,15.004644367114777,266.81435108184814,341.39835834503174,0.05689972639083862,-9.548664093017578e-05,-0.5729198455810547,-0.5729198455810547,0.380317534986375,0.380317534986375,-11.858998769408418,-1082.1808576583862
635,32.928577861981466,,2026-06-30T15:12:03.266+07:00,0.056869566440582275,341.21739864349365,341.15339864349363,341.13951815399315,341.13951815399315,-0.00023442508245352656,7.2701809732224945,-1.4065504947211593,341.21739864349365,0.056869566440582275,-3.0159950256347656e-05,-0.18095970153808594,-0.18095970153808594,0.09734826299336419,0.09734826299336419,-7.734463393892282,-268.2209015765693
636,32.98062194697559,,2026-06-30T15:12:03.317+07:00,0.056869566440582275,341.21739864349365,341.15339864349363,341.14753413667967,341.14753413667967,-0.000241816058405675,3.158803535321483,-1.45089635043405,341.21739864349365,0.056869566440582275,0.0,0.0,0.0,0.0080159826865156,0.0080159826865156,-4.1113774379010115,-0.044345855712890625
637,33.03271469799802,,2026-06-30T15:12:03.367+07:00,0.05701565742492676,342.09394454956055,342.0299445495605,341.45771195648814,341.45771195648814,0.30640143156051636,5.874889079028072,1838.4085893630981,342.09394454956055,0.05701565742492676,0.00014609098434448242,0.8765459060668945,0.8765459060668945,0.31017781980847303,0.31017781980847303,2.7160855437065887,1839.8594857135322
638,33.085092540830374,,2026-06-30T15:12:03.417+07:00,0.0568731427192688,341.2388563156128,341.1748563156128,340.8463927911907,340.8463927911907,0.005300641059875488,-1.6529883257343192,31.80384635925293,341.2388563156128,0.0568731427192688,-0.00014251470565795898,-0.8550882339477539,-0.8550882339477539,-0.6113191652974592,-0.6113191652974592,-7.527877404762391,-1806.6047430038452
639,33.13714829203673,,2026-06-30T15:12:03.492+07:00,0.056877732276916504,341.266393661499,341.202393661499,341.0862354176068,341.0862354176068,0.011998593807220459,1.6865962680959388,71.99156284332275,341.266393661499,0.056877732276916504,4.589557647705078e-06,0.02753734588623047,0.02753734588623047,0.2398426264161344,0.2398426264161344,3.339584593830258,40.187716484069824
640,33.18892869190313,,2026-06-30T15:12:03.543+07:00,0.0568697452545166,341.2184715270996,341.1544715270996,341.1253976898185,341.1253976898185,0.00019687414169311523,1.1392307393286636,1.1812448501586914,341.2184715270996,0.0568697452545166,-7.987022399902344e-06,-0.04792213439941406,-0.04792213439941406,0.03916227221168356,0.03916227221168356,-0.5473655287672752,-70.81031799316406
641,33.2409392578993,,2026-06-30T15:12:03.595+07:00,0.05700594186782837,342.0356512069702,341.9716512069702,341.4279566377827,341.4279566377827,0.21561557054519653,4.663931903455492,1293.6934232711792,342.0356512069702,0.05700594186782837,0.00013619661331176758,0.8171796798706055,0.8171796798706055,0.3025589479642008,0.3025589479642008,3.524701164126828,1292.5121784210205
642,33.293097601039335,,2026-06-30T15:12:03.646+07:00,0.056869566440582275,341.21739864349365,341.15339864349363,341.12579839577177,341.12579839577177,-0.00023508073354605585,-0.47134945984763377,-1.4104844012763351,341.21739864349365,0.056869566440582275,-0.00013637542724609375,-0.8182525634765625,-0.8182525634765625,-0.30215824201093255,-0.30215824201093255,-5.135281363303125,-1295.1039076724555
643,33.34498151903972,,2026-06-30T15:12:03.696+07:00,0.05687284469604492,341.23706817626953,341.1730681762695,341.16351081754436,341.16351081754436,0.00485384464263916,0.15645524269836025,29.12306785583496,341.23706817626953,0.05687284469604492,3.2782554626464844e-06,0.019669532775878906,0.019669532775878906,0.03771242177259637,0.03771242177259637,0.6278047025459941,30.533552257111296
644,33.397134102880955,,2026-06-30T15:12:03.749+07:00,0.049507200717926025,297.04320430755615,296.97920430755613,315.6985749033211,315.6985749033211,-1.9279534816741943,-267.48753670514844,-11567.720890045166,297.04320430755615,0.049507200717926025,-0.0073656439781188965,-44.19386386871338,-44.19386386871338,-25.464935914223247,-25.464935914223247,-267.6439919478468,-11596.843957901001
645,33.44941009487957,,2026-06-30T15:12:03.798+07:00,0.05696916580200195,341.8149948120117,341.7509948120117,330.60789427225205,330.60789427225205,0.26538610458374023,57.44351707399656,1592.3166275024414,341.8149948120117,0.05696916580200195,0.007461965084075928,44.771790504455566,44.771790504455566,14.909319368930937,14.909319368930937,324.93105377914503,13160.037517547607
646,33.50142549397424,,2026-06-30T15:12:03.848+07:00,0.05686980485916138,341.21882915496826,341.15482915496824,336.6984237256602,336.6984237256602,0.00021970272064208984,90.43742345116601,1.318216323852539,341.21882915496826,0.05686980485916138,-9.936094284057617e-05,-0.596165657043457,-0.596165657043457,6.090529453408124,6.090529453408124,32.99390637716945,-1590.9984111785889
647,33.55327587481588,,2026-06-30T15:12:03.899+07:00,0.05701929330825806,342.11575984954834,342.0517598495483,339.58641176622933,339.58641176622933,0.28061485290527344,70.96785116971593,1683.6891174316406,342.11575984954834,0.05701929330825806,0.0001494884490966797,0.8969306945800781,0.8969306945800781,2.887988040569155,2.887988040569155,-19.469572281450084,1682.370901107788
648,33.60510507086292,,2026-06-30T15:12:03.949+07:00,0.056869566440582275,341.21739864349365,341.15339864349363,340.63803938108293,340.63803938108293,-0.0002271533157909289,40.819590861974476,-1.3629198947455734,341.21739864349365,0.056869566440582275,-0.00014972686767578125,-0.8983612060546875,-0.8983612060546875,1.0516276148536008,1.0516276148536008,-30.148260307741452,-1685.0520373263862
649,33.65685939695686,,2026-06-30T15:12:04.000+07:00,0.0568881630897522,341.3289785385132,341.26497853851316,338.789048141441,338.789048141441,0.02722841501235962,9.341827602089296,163.37049007415771,341.3289785385132,0.0568881630897522,1.8596649169921875e-05,0.11157989501953125,0.11157989501953125,-1.8489912396419186,-1.8489912396419186,-31.47776325988518,164.7334099689033
650,33.7088383520022,,2026-06-30T15:12:04.063+07:00,0.05687028169631958,341.2216901779175,341.15769017791746,330.1062520216588,330.1062520216588,0.00109177827835083,6.15004351920723,6.5506696701049805,341.2216901779175,0.05687028169631958,-1.7881393432617188e-05,-0.10728836059570312,-0.10728836059570312,-8.68279611978221,-8.68279611978221,-3.191784082882066,-156.81982040405273
651,33.760983768850565,,2026-06-30T15:12:04.113+07:00,0.05702406167984009,342.1443700790405,342.0803700790405,336.85370289915284,336.85370289915284,0.3392954468727112,78.6179603544598,2035.772681236267,342.1443700790405,0.05702406167984009,0.0001537799835205078,0.9226799011230469,0.9226799011230469,6.747450877494032,6.747450877494032,72.46791683525257,2029.222011566162
652,33.81334046390839,,2026-06-30T15:12:04.164+07:00,0.0568731427192688,341.2388563156128,341.1748563156128,339.361942570557,339.361942570557,0.005256474018096924,60.58269843141201,31.538844108581543,341.2388563156128,0.0568731427192688,-0.00015091896057128906,-0.9055137634277344,-0.9055137634277344,2.5082396714041693,2.5082396714041693,-18.035261923047784,-2004.2338371276855
653,33.86516349390149,,2026-06-30T15:12:04.217+07:00,0.05711376667022705,342.6826000213623,342.6186000213623,340.9093289349319,340.9093289349319,0.4345366954803467,43.23674058349944,2607.22017288208,342.6826000213623,0.05711376667022705,0.00024062395095825195,1.4437437057495117,1.4437437057495117,1.5473863643749155,1.5473863643749155,-17.345957847912572,2575.6813287734985
654,33.916994077851996,,2026-06-30T15:12:04.267+07:00,0.05675739049911499,340.54434299468994,340.4803429946899,340.81625556100727,340.81625556100727,0.519137442111969,16.301271980368824,3114.824652671814,340.54434299468994,0.05675739049911499,-0.00035637617111206055,-2.1382570266723633,-2.1382570266723633,-0.09307337392465342,-0.09307337392465342,-26.935468603130616,507.6044797897339
655,33.96896805195138,,2026-06-30T15:12:04.318+07:00,0.0568697452545166,341.2184715270996,341.1544715270996,341.0113312004052,341.0113312004052,0.0003013014793395996,9.022856022304872,1.8078088760375977,341.2184715270996,0.0568697452545166,0.00011235475540161133,0.674128532409668,0.674128532409668,0.1950756393979418,0.1950756393979418,-7.2784159580639525,-3113.0168437957764
656,34.021290487842634,,2026-06-30T15:12:04.370+07:00,0.05696141719818115,341.7685031890869,341.7045031890869,341.28992295505174,341.28992295505174,0.14874690771102905,7.398184288098871,892.4814462661743,341.7685031890869,0.05696141719818115,9.167194366455078e-05,0.5500316619873047,0.5500316619873047,0.2785917546465271,0.2785917546465271,-1.624671734206001,890.6736373901367
657,34.073313978966326,,2026-06-30T15:12:04.419+07:00,0.05710059404373169,342.60356426239014,342.5395642623901,341.70266559861005,341.70266559861005,0.36896365880966187,9.358395674871893,2213.781952857971,342.60356426239014,0.05710059404373169,0.0001391768455505371,0.8350610733032227,0.8350610733032227,0.41274264355831747,0.41274264355831747,1.9602113867730226,1321.3005065917969
658,34.12551167490892,,2026-06-30T15:12:04.473+07:00,0.0569952130317688,341.9712781906128,341.9072781906128,341.64932177352205,341.64932177352205,0.224839448928833,4.194478927033101,1349.036693572998,341.9712781906128,0.0569952130317688,-0.00010538101196289062,-0.6322860717773438,-0.6322860717773438,-0.053343825088006724,-0.053343825088006724,-5.163916747838792,-864.7452592849731
659,34.17758086998947,,2026-06-30T15:12:04.523+07:00,0.05665767192840576,339.94603157043457,339.88203157043455,340.91794769035994,340.91794769035994,0.5228552222251892,-7.869559252710937,3137.1313333511353,339.94603157043457,0.05665767192840576,-0.0003375411033630371,-2.0252466201782227,-2.0252466201782227,-0.731374083162109,-0.731374083162109,-12.064038179744038,1788.0946397781372
660,34.22965334285982,,2026-06-30T15:12:04.573+07:00,0.056948840618133545,341.69304370880127,341.62904370880125,341.1668312968144,341.1668312968144,0.12517321109771729,-3.3453501579883307,751.0392665863037,341.69304370880127,0.056948840618133545,0.0002911686897277832,1.7470121383666992,1.7470121383666992,0.24888360645445573,0.24888360645445573,4.524209094722607,-2386.0920667648315
661,34.28304831404239,,2026-06-30T15:12:04.615+07:00,0.056961119174957275,341.76671504974365,341.70271504974363,341.35439061033964,341.35439061033964,0.1361033320426941,-0.6273654613568169,816.6199922561646,341.76671504974365,0.056961119174957275,1.2278556823730469e-05,0.07367134094238281,0.07367134094238281,0.18755931352524158,0.18755931352524158,2.7179846966315138,65.58072566986084
662,34.33637532196008,,2026-06-30T15:12:04.678+07:00,0.05687391757965088,341.2435054779053,341.17950547790525,341.25599797724254,341.25599797724254,0.006388306617736816,-1.1822971094795551,38.3298397064209,341.2435054779053,0.05687391757965088,-8.720159530639648e-05,-0.5232095718383789,-0.5232095718383789,-0.09839263309709168,-0.09839263309709168,-0.5549316481227382,-778.2901525497437
663,34.3883071099408,,2026-06-30T15:12:04.726+07:00,0.05697208642959595,341.8325185775757,341.76851857757566,341.41203883893127,341.41203883893127,0.15555644035339355,2.0779087919550423,933.3386421203613,341.8325185775757,0.05697208642959595,9.816884994506836e-05,0.5890130996704102,0.5890130996704102,0.156040861688723,0.156040861688723,3.260205901434597,895.0088024139404
664,34.440414249897,,2026-06-30T15:12:04.780+07:00,0.056869566440582275,341.21739864349365,341.15339864349363,341.4967478245867,341.4967478245867,1.7464160919189453e-05,0.68303404806597,0.10478496551513672,341.21739864349365,0.056869566440582275,-0.00010251998901367188,-0.6151199340820312,-0.6151199340820312,0.08470898565542484,0.08470898565542484,-1.3948747438890723,-933.2338571548462
665,34.492270482936874,,2026-06-30T15:12:04.832+07:00,0.05693793296813965,341.6275978088379,341.56359780883787,341.1549941004382,341.1549941004382,0.10595715045928955,-1.5219330736365304,635.7429027557373,341.6275978088379,0.05693793296813965,6.836652755737305e-05,0.4101991653442383,0.4101991653442383,-0.34175372414847516,-0.34175372414847516,-2.2049671217025004,635.6381177902222
666,34.544645566958934,,2026-06-30T15:12:04.887+07:00,0.05691105127334595,341.4663076400757,341.40230764007566,341.4406864268268,341.4406864268268,0.06217777729034424,1.6282504139631708,373.06666374206543,341.4663076400757,0.05691105127334595,-2.6881694793701172e-05,-0.16129016876220703,-0.16129016876220703,0.28569232638858466,0.28569232638858466,3.1501834875997012,-262.6762390136719
667,34.59643500391394,,2026-06-30T15:12:04.937+07:00,0.056869566440582275,341.21739864349365,341.15339864349363,341.251508674678,341.251508674678,-0.00023579598928336054,-1.309752903820571,-1.4147759357001632,341.21739864349365,0.056869566440582275,-4.1484832763671875e-05,-0.24890899658203125,-0.24890899658203125,-0.18917775214879384,-0.18917775214879384,-2.9380033177837417,-374.4814396777656
668,34.65192565484904,,2026-06-30T15:12:04.993+07:00,0.0568697452545166,341.2184715270996,341.1544715270996,341.21754567302554,341.21754567302554,0.00027102231979370117,-1.0611551580390461,1.626133918762207,341.2184715270996,0.0568697452545166,1.7881393432617188e-07,0.0010728836059570312,0.0010728836059570312,-0.03396300165246657,-0.03396300165246657,0.24859774578152494,3.0409098544623703
669,34.704239572864026,,2026-06-30T15:12:05.030+07:00,0.05702948570251465,342.1769142150879,342.11291421508787,341.53092466274734,341.53092466274734,0.2567497491836548,2.2722772930178396,1540.4984951019287,342.1769142150879,0.05702948570251465,0.00015974044799804688,0.9584426879882812,0.9584426879882812,0.313378989721798,0.313378989721798,3.333432451056886,1538.8723611831665
670,34.75703234085813,,2026-06-30T15:12:05.098+07:00,0.056871235370635986,341.2274122238159,341.1634122238159,341.02717213062016,341.02717213062016,0.0023720860481262207,-1.5287422054574824,14.232516288757324,341.2274122238159,0.056871235370635986,-0.0001582503318786621,-0.9495019912719727,-0.9495019912719727,-0.5037525321271801,-0.5037525321271801,-3.801019498475322,-1526.2659788131714
671,34.80993047892116,,2026-06-30T15:12:05.138+07:00,0.056869566440582275,341.21739864349365,341.15339864349363,341.0713514101259,341.0713514101259,9.965896606445312e-05,-0.5993350272190766,0.5979537963867188,341.21739864349365,0.056869566440582275,-1.6689300537109375e-06,-0.010013580322265625,-0.010013580322265625,0.044179279505726754,0.044179279505726754,0.9294071782384058,-13.634562492370605
672,34.86473161401227,,2026-06-30T15:12:05.212+07:00,0.056869566440582275,341.21739864349365,341.15339864349363,335.40870229720565,335.40870229720565,-4.1663650335976854e-05,-24.105550370914997,-0.24998190201586112,341.21739864349365,0.056869566440582275,0.0,0.0,0.0,-5.662649112920235,-5.662649112920235,-23.50621534369592,-0.8479356984025799
673,34.92758310283534,,2026-06-30T15:12:05.282+07:00,0.05687224864959717,341.233491897583,341.169491897583,338.73596509312415,338.73596509312415,0.00369107723236084,17.693988069379394,22.14646339416504,341.233491897583,0.05687224864959717,2.682209014892578e-06,0.01609325408935547,0.01609325408935547,3.3272627959185,3.3272627959185,41.79953844029439,22.3964452961809
674,34.979502335889265,,2026-06-30T15:12:05.331+07:00,0.05687052011489868,341.2231206893921,341.15912068939207,340.13598833268986,340.13598833268986,0.0015305280685424805,23.235064542289773,9.183168411254883,341.2231206893921,0.05687052011489868,-1.7285346984863281e-06,-0.010371208190917969,-0.010371208190917969,1.4000232395657122,1.4000232395657122,5.54107647291038,-12.963294982910156
675,35.0312858838588,,2026-06-30T15:12:05.382+07:00,0.05556291341781616,333.377480506897,333.31348050689695,338.0228551403132,338.0228551403132,0.3224349319934845,-25.1894041446759,1934.609591960907,333.377480506897,0.05556291341781616,-0.0013076066970825195,-7.845640182495117,-7.845640182495117,-2.113133192376665,-2.113133192376665,-48.424468686965675,1925.426423549652
676,35.08296463591978,,2026-06-30T15:12:05.431+07:00,0.05687016248703003,341.2209749221802,341.15697492218015,339.8319957109402,339.8319957109402,0.0009874701499938965,9.681587398541057,5.924820899963379,341.2209749221802,0.05687016248703003,0.0013072490692138672,7.843494415283203,7.843494415283203,1.8091405706269938,1.8091405706269938,34.87099154321696,-1928.6847710609436
677,35.13491718284786,,2026-06-30T15:12:05.482+07:00,0.05714070796966553,342.84424781799316,342.78024781799314,341.1645031155646,341.1645031155646,0.6655568480491638,21.203643275783847,3993.341088294983,342.84424781799316,0.05714070796966553,0.00027054548263549805,1.6232728958129883,1.6232728958129883,1.3325074046244367,1.3325074046244367,11.52205587724279,3987.4162673950195
678,35.18657513894141,,2026-06-30T15:12:05.531+07:00,0.05703002214431763,342.18013286590576,342.11613286590574,341.49626766588966,341.49626766588966,-2.376023769378662,13.858058567922095,-14256.142616271973,342.18013286590576,0.05703002214431763,-0.00011068582534790039,-0.6641149520874023,-0.6641149520874023,0.33176455032503327,0.33176455032503327,-7.345584707861752,-18249.483704566956
679,35.238289130851626,,2026-06-30T15:12:05.581+07:00,0.053993165493011475,323.95899295806885,323.8949929580688,330.247160909025,330.247160909025,-0.17707417905330658,-110.8888347365286,-1062.4450743198395,323.95899295806885,0.053993165493011475,-0.0030368566513061523,-18.221139907836914,-18.221139907836914,-11.249106756864649,-11.249106756864649,-124.7468933044507,13193.697541952133
680,35.28993101301603,,2026-06-30T15:12:05.632+07:00,0.05688661336898804,341.3196802139282,341.2556802139282,328.5731761931581,328.5731761931581,0.024844050407409668,-10.000323256180593,149.064302444458,341.3196802139282,0.05688661336898804,0.0028934478759765625,17.360687255859375,17.360687255859375,-1.6739847158669363,-1.6739847158669363,100.888511480348,1211.5093767642975
681,35.341720283031464,,2026-06-30T15:12:05.685+07:00,0.05675739049911499,340.54434299468994,340.4803429946899,330.59202727461326,330.59202727461326,0.5193315148353577,52.123057075075465,3115.989089012146,340.54434299468994,0.05675739049911499,-0.00012922286987304688,-0.7753372192382812,-0.7753372192382812,2.018851081455182,2.018851081455182,62.12338033125606,2966.924786567688
682,35.39349071984179,,2026-06-30T15:12:05.737+07:00,0.056869566440582275,341.21739864349365,341.15339864349363,336.7577719983585,336.7577719983585,-0.00024199487234000117,87.66277393631131,-1.451969234040007,341.21739864349365,0.056869566440582275,0.00011217594146728516,0.6730556488037109,0.6730556488037109,6.165744723745263,6.165744723745263,35.539716861235846,-3117.441058246186
683,35.445294563891366,,2026-06-30T15:12:05.791+07:00,0.05687016248703003,341.2209749221802,341.15697492218015,339.2977421644847,339.2977421644847,0.0009205341339111328,62.968607153562935,5.523204803466797,341.2209749221802,0.05687016248703003,5.960464477539062e-07,0.0035762786865234375,0.0035762786865234375,2.5399701661261815,2.5399701661261815,-24.694166782748376,6.975174037506804
684,35.498717034002766,,2026-06-30T15:12:05.842+07:00,0.056869566440582275,341.21739864349365,341.15339864349363,340.5582211305272,340.5582211305272,3.3736228942871094e-05,39.21617946038591,0.20241737365722656,341.21739864349365,0.056869566440582275,-5.960464477539062e-07,-0.0035762786865234375,-0.0035762786865234375,1.2604789660425126,1.2604789660425126,-23.752427693177026,-5.32078742980957
685,35.55054541490972,,2026-06-30T15:12:05.892+07:00,0.056869566440582275,341.21739864349365,341.15339864349363,340.90193614426533,340.90193614426533,-0.0001375675346935168,20.33471780142885,-0.8254052081611007,341.21739864349365,0.056869566440582275,0.0,0.0,0.0,0.3437150137381195,0.3437150137381195,-18.881461658957058,-1.0278225818183273
686,35.602386167040095,,2026-06-30T15:12:05.943+07:00,0.056869566440582275,341.21739864349365,341.15339864349363,341.04715573756965,341.04715573756965,-0.00019711257482413203,10.171916865462364,-1.1826754489447922,341.21739864349365,0.056869566440582275,0.0,0.0,0.0,0.14521959330431855,0.14521959330431855,-10.162800935966487,-0.3572702407836914
687,35.654527528909966,,2026-06-30T15:12:05.993+07:00,0.056869566440582275,341.21739864349365,341.15339864349363,341.40246592458857,341.40246592458857,-0.00022667647863272578,6.557749498894787,-1.3600588717963547,341.21739864349365,0.056869566440582275,0.0,0.0,0.0,0.35531018701891526,0.35531018701891526,-3.6141673665675773,-0.1773834228515625
688,35.70629102084786,,2026-06-30T15:12:06.043+07:00,0.0568697452545166,341.2184715270996,341.1544715270996,341.2999293300979,341.2999293300979,0.00031006336212158203,1.421872407074793,1.8603801727294922,341.2184715270996,0.0568697452545166,1.7881393432617188e-07,0.0010728836059570312,0.0010728836059570312,-0.10253659449068664,-0.10253659449068664,-5.135877091819994,3.220439044525847
689,35.758110272930935,,2026-06-30T15:12:06.099+07:00,0.056869566440582275,341.21739864349365,341.15339864349363,341.45100876390694,341.45100876390694,-0.0002412200119579211,1.3879124357598003,-1.4473200717475265,341.21739864349365,0.056869566440582275,-1.7881393432617188e-07,-0.0010728836059570312,-0.0010728836059570312,0.15107943380905908,0.15107943380905908,-0.03395997131499273,-3.3077002444770187
690,35.809820987982675,,2026-06-30T15:12:06.156+07:00,0.05687588453292847,341.2553071975708,341.1913071975708,341.2933018770366,341.2933018770366,0.009221374988555908,-0.9044888093808763,55.32824993133545,341.2553071975708,0.05687588453292847,6.318092346191406e-06,0.03790855407714844,0.03790855407714844,-0.15770688687035772,-0.15770688687035772,-2.2924012451406766,56.775570003082976
691,35.8617944419384,,2026-06-30T15:12:06.210+07:00,0.0568733811378479,341.2402868270874,341.1762868270874,341.22051862392334,341.22051862392334,0.0051462650299072266,-1.1050579081655911,30.87759017944336,341.2402868270874,0.0568733811378479,-2.5033950805664062e-06,-0.015020370483398438,-0.015020370483398438,-0.07278325311324352,-0.07278325311324352,-0.20056909878471485,-24.45065975189209
692,35.913792507955804,,2026-06-30T15:12:06.262+07:00,0.056899845600128174,341.39907360076904,341.335073600769,341.2468075563937,341.2468075563937,0.044805705547332764,0.0510612487718225,268.8342332839966,341.39907360076904,0.056899845600128174,2.6464462280273438e-05,0.15878677368164062,0.15878677368164062,0.026288932470379223,0.026288932470379223,1.1561191569374136,237.95664310455322
693,35.965593426954,,2026-06-30T15:12:06.312+07:00,0.05695468187332153,341.7280912399292,341.6640912399292,341.3769761003942,341.3769761003942,0.1361050009727478,2.0463672981314223,816.6300058364868,341.7280912399292,0.05695468187332153,5.4836273193359375e-05,0.32901763916015625,0.32901763916015625,0.13016854400046896,0.13016854400046896,1.9953060493595998,547.7957725524902
694,36.01810376881622,,2026-06-30T15:12:06.362+07:00,0.057079315185546875,342.47589111328125,342.41189111328123,341.78059510915404,341.78059510915404,0.4823111891746521,6.328948074753027,2893.8671350479126,342.47589111328125,0.057079315185546875,0.0001246333122253418,0.7477998733520508,0.7477998733520508,0.403619008759847,0.403619008759847,4.2825807766216055,2077.237129211426
695,36.07032437203452,,2026-06-30T15:12:06.411+07:00,0.0569799542427063,341.8797254562378,341.8157254562378,341.65044761571596,341.65044761571596,0.1834530234336853,2.144378138611209,1100.7181406021118,341.8797254562378,0.0569799542427063,-9.936094284057617e-05,-0.596165657043457,-0.596165657043457,-0.13014749343807352,-0.13014749343807352,-4.184569936141818,-1793.1489944458008
696,36.122118048835546,,2026-06-30T15:12:06.464+07:00,0.05690699815750122,341.4419889450073,341.3779889450073,341.5368745963654,341.5368745963654,0.05525827407836914,-0.46330106327385434,331.54964447021484,341.4419889450073,0.05690699815750122,-7.295608520507812e-05,-0.43773651123046875,-0.43773651123046875,-0.11357301935055375,-0.11357301935055375,-2.6076792018850634,-769.168496131897
697,36.17397865303792,,2026-06-30T15:12:06.512+07:00,0.05687779188156128,341.2667512893677,341.20275128936765,340.00000828849835,340.00000828849835,0.012015104293823242,-11.686110123482678,72.09062576293945,341.2667512893677,0.05687779188156128,-2.9206275939941406e-05,-0.17523765563964844,-0.17523765563964844,-1.536866307867058,-1.536866307867058,-11.222809060208823,-259.4590187072754
698,36.2257097188849,,2026-06-30T15:12:06.563+07:00,0.05687004327774048,341.22025966644287,341.15625966644285,340.66709257654037,340.66709257654037,0.0007198452949523926,2.219555819652255,4.3190717697143555,341.22025966644287,0.05687004327774048,-7.748603820800781e-06,-0.04649162292480469,-0.04649162292480469,0.6670842880420196,0.6670842880420196,13.905665943134933,-67.7715539932251
699,36.27739110100083,,2026-06-30T15:12:06.612+07:00,0.056870996952056885,341.2259817123413,341.1619817123413,341.0232677466678,341.0232677466678,0.0021650195121765137,4.614984704307654,12.990117073059082,341.2259817123413,0.056870996952056885,9.5367431640625e-07,0.0057220458984375,0.0057220458984375,0.35617517012741473,0.35617517012741473,2.3954288846553986,8.671045303344727
700,36.32903138990514,,2026-06-30T15:12:06.662+07:00,0.05700284242630005,342.0170545578003,341.9530545578003,341.378297909592,341.378297909592,0.4019779562950134,7.039173944145684,2411.8677377700806,342.0170545578003,0.05700284242630005,0.00013184547424316406,0.7910728454589844,0.7910728454589844,0.3550301629242085,0.3550301629242085,2.4241892398380305,2398.8776206970215
701,36.38093960401602,,2026-06-30T15:12:06.737+07:00,0.05687159299850464,341.22955799102783,341.1655579910278,336.20875946955056,336.20875946955056,0.003103792667388916,-35.46423314093907,18.622756004333496,341.22955799102783,0.05687159299850464,-0.00013124942779541016,-0.7874965667724609,-0.7874965667724609,-5.1695384400414355,-5.1695384400414355,-42.50340708508476,-2393.244981765747
702,36.432633189018816,,2026-06-30T15:12:06.787+07:00,0.05692756175994873,341.5653705596924,341.50137055969236,336.79506108777247,336.79506108777247,0.08863604068756104,6.2498423249635024,531.8162441253662,341.5653705596924,0.05692756175994873,5.59687614440918e-05,0.3358125686645508,0.3358125686645508,0.5863016182219098,0.5863016182219098,41.714075465902575,513.1934881210327
703,36.484449847834185,,2026-06-30T15:12:06.838+07:00,0.056904137134552,341.424822807312,341.360822807312,339.3371664052488,339.3371664052488,0.0513608455657959,30.89225994569708,308.1650733947754,341.424822807312,0.056904137134552,-2.3424625396728516e-05,-0.1405477523803711,-0.1405477523803711,2.5421053174763415,2.5421053174763415,24.64241762073358,-223.65117073059082
704,36.53612539591268,,2026-06-30T15:12:06.887+07:00,0.05689418315887451,341.36509895324707,341.30109895324705,340.43773563124887,340.43773563124887,0.036191463470458984,25.50043382101837,217.1487808227539,341.36509895324707,0.05689418315887451,-9.953975677490234e-06,-0.059723854064941406,-0.059723854064941406,1.1005692260000615,1.1005692260000615,-5.391826124678712,-91.01629257202148
705,36.587930239969864,,2026-06-30T15:12:06.939+07:00,0.05687028169631958,341.2216901779175,341.15769017791746,340.8998034154774,340.8998034154774,0.0011737346649169922,15.47160870212819,7.042407989501953,341.2216901779175,0.05687028169631958,-2.390146255493164e-05,-0.14340877532958984,-0.14340877532958984,0.462067784228509,0.462067784228509,-10.028825118890179,-210.10637283325195
706,36.639540121890604,,2026-06-30T15:12:06.989+07:00,0.05694270133972168,341.6562080383301,341.59220803833006,341.2005701909106,341.2005701909106,-3.566768169403076,10.269822597876283,-21400.609016418457,341.6562080383301,0.05694270133972168,7.241964340209961e-05,0.43451786041259766,0.43451786041259766,0.3007667754332033,0.3007667754332033,-5.201786104251907,-21407.65142440796
707,36.69118405901827,,2026-06-30T15:12:07.038+07:00,0.052226901054382324,313.36140632629395,313.2974063262939,331.4301587781267,331.4301587781267,-0.8207221627235413,-139.5030127933873,-4924.332976341248,313.36140632629395,0.052226901054382324,-0.0047158002853393555,-28.294801712036133,-28.294801712036133,-9.770411412783858,-9.770411412783858,-149.77283539126358,16476.27604007721
708,36.74295240291394,,2026-06-30T15:12:07.088+07:00,0.05687153339385986,341.2292003631592,341.16520036315916,337.05076216770095,337.05076216770095,0.0028873682022094727,4.2016481931922485,17.324209213256836,341.2292003631592,0.05687153339385986,0.004644632339477539,27.867794036865234,27.867794036865234,5.620603389574228,5.620603389574228,143.70466098657957,4941.657185554504
709,36.79493398685008,,2026-06-30T15:12:07.138+07:00,0.056869566440582275,341.21739864349365,341.15339864349363,339.26691457236836,339.26691457236836,-0.00024187566305045038,27.00594718112807,-1.4512539783027023,341.21739864349365,0.056869566440582275,-1.9669532775878906e-06,-0.011801719665527344,-0.011801719665527344,2.2161524046674117,2.2161524046674117,22.804298987935823,-18.77546319155954
710,36.846514775883406,,2026-06-30T15:12:07.189+07:00,0.056869566440582275,341.21739864349365,341.15339864349363,340.3740143172489,340.3740143172489,0.00012296438217163086,23.279040684514065,0.7377862930297852,341.21739864349365,0.056869566440582275,0.0,0.0,0.0,1.1070997448805429,1.1070997448805429,-3.7269064966140064,2.1890402713324875
711,36.89812613883987,,2026-06-30T15:12:07.239+07:00,0.05703014135360718,342.18084812164307,342.11684812164305,337.2349474292333,337.2349474292333,0.34831106662750244,0.8457445639744847,2089.8663997650146,342.18084812164307,0.05703014135360718,0.00016057491302490234,0.9634494781494141,0.9634494781494141,-3.139066888015634,-3.139066888015634,-22.43329612053958,2089.128613471985
712,36.94974266900681,,2026-06-30T15:12:07.288+07:00,0.056871235370635986,341.2274122238159,341.1634122238159,338.1713602786658,338.1713602786658,0.002641439437866211,18.149724854203555,15.848636627197266,341.2274122238159,0.056871235370635986,-0.0001589059829711914,-0.9534358978271484,-0.9534358978271484,0.9364128494325428,0.9364128494325428,17.30398029022907,-2074.0177631378174
713,37.001528586959466,,2026-06-30T15:12:07.340+07:00,0.0568697452545166,341.2184715270996,341.1544715270996,339.89744279858115,339.89744279858115,0.0003618597984313965,26.15450230084031,2.171158790588379,341.2184715270996,0.0568697452545166,-1.4901161193847656e-06,-0.008940696716308594,-0.008940696716308594,1.7260825199153373,1.7260825199153373,8.004777446636755,-13.677477836608887
714,37.05370663385838,,2026-06-30T15:12:07.389+07:00,0.056869566440582275,341.21739864349365,341.15339864349363,340.62300138003843,340.62300138003843,8.612871170043945e-05,19.28558088263209,0.5167722702026367,341.21739864349365,0.056869566440582275,-1.7881393432617188e-07,-0.0010728836059570312,-0.0010728836059570312,0.7255585814572783,0.7255585814572783,-6.86892141820822,-1.6543865203857422
715,37.10524386796169,,2026-06-30T15:12:07.443+07:00,0.056870996952056885,341.2259817123413,341.1619817123413,340.9323098737805,340.9323098737805,0.002202272415161133,11.290643126250162,13.213634490966797,341.2259817123413,0.056870996952056885,1.430511474609375e-06,0.00858306884765625,0.00858306884765625,0.309308493742094,0.309308493742094,-7.994937756381928,12.69686222076416
716,37.1568877119571,,2026-06-30T15:12:07.491+07:00,0.05687052011489868,341.2231206893921,341.15912068939207,341.0619913543543,341.0619913543543,0.0015166997909545898,6.2853759342762565,9.100198745727539,341.2231206893921,0.05687052011489868,-4.76837158203125e-07,-0.00286102294921875,-0.00286102294921875,0.12968148057376538,0.12968148057376538,-5.005267191973905,-4.113435745239258
717,37.21141490293667,,2026-06-30T15:12:07.548+07:00,0.056873321533203125,341.23992919921875,341.17592919921873,341.1234783617372,341.1234783617372,0.005495309829711914,3.294336357916927,32.971858978271484,341.23992919921875,0.056873321533203125,2.8014183044433594e-06,0.016808509826660156,0.016808509826660156,0.061487007382936554,0.061487007382936554,-2.9910395763593294,23.871660232543945
718,37.263058247976005,,2026-06-30T15:12:07.598+07:00,0.056869566440582275,341.21739864349365,341.15339864349363,331.09242987846767,331.09242987846767,3.3915042877197266e-05,-55.59012030163129,0.2034902572631836,341.21739864349365,0.056869566440582275,-3.7550926208496094e-06,-0.022530555725097656,-0.022530555725097656,-10.031048483269558,-10.031048483269558,-58.88445665954821,-32.7683687210083
719,37.31490803603083,,2026-06-30T15:12:07.651+07:00,0.056869566440582275,341.21739864349365,341.15339864349363,336.9878236163741,336.9878236163741,-2.551078978285659e-05,38.21226690453735,-0.15306473869713955,341.21739864349365,0.056869566440582275,0.0,0.0,0.0,5.895393737906431,5.895393737906431,93.80238720616865,-0.35655499596032314
720,37.36648897291161,,2026-06-30T15:12:07.702+07:00,0.056869566440582275,341.21739864349365,341.15339864349363,339.45324304452265,339.45324304452265,0.00010132789611816406,42.759874914391126,0.6079673767089844,341.21739864349365,0.056869566440582275,0.0,0.0,0.0,2.46541942814855,2.46541942814855,4.547608009853775,0.7610321154061239
721,37.41812539193779,,2026-06-30T15:12:07.754+07:00,0.057124555110931396,342.7473306655884,342.68333066558836,340.9098642969332,340.9098642969332,0.5694820284843445,35.56508593322897,3416.892170906067,342.7473306655884,0.057124555110931396,0.0002549886703491211,1.5299320220947266,1.5299320220947266,1.4566212524105708,1.4566212524105708,-7.194788981162155,3416.284203529358
722,37.46977595798671,,2026-06-30T15:12:07.803+07:00,0.056869566440582275,341.21739864349365,341.15339864349363,341.1503345193972,341.1503345193972,4.1484832763671875e-05,17.274507413686486,0.24890899658203125,341.21739864349365,0.056869566440582275,-0.0002549886703491211,-1.5299320220947266,-1.5299320220947266,0.240470222463955,0.240470222463955,-18.290578519542485,-3416.643261909485
723,37.521482988027856,,2026-06-30T15:12:07.877+07:00,0.05687052011489868,341.2231206893921,341.15912068939207,341.1548771798046,341.1548771798046,0.0015240907669067383,4.790855753387252,9.14454460144043,341.2231206893921,0.05687052011489868,9.5367431640625e-07,0.0057220458984375,0.0057220458984375,0.004542660407423682,0.004542660407423682,-12.483651660299234,8.895635604858398
724,37.57307081390172,,2026-06-30T15:12:07.928+07:00,0.05688375234603882,341.3025140762329,341.2385140762329,341.2353961821788,341.2353961821788,0.02070939540863037,2.757510512034737,124.25637245178223,341.3025140762329,0.05688375234603882,1.3232231140136719e-05,0.07939338684082031,0.07939338684082031,0.08051900237421705,0.08051900237421705,-2.0333452413525146,115.1118278503418
725,37.62459549191408,,2026-06-30T15:12:07.953+07:00,0.057016193866729736,342.0971632003784,342.0331632003784,341.51461463854866,341.51461463854866,0.35313189029693604,5.568070809355499,2118.791341781616,342.0971632003784,0.057016193866729736,0.00013244152069091797,0.7946491241455078,0.7946491241455078,0.279218456369847,0.279218456369847,2.8105602973207615,1994.534969329834
726,37.67655376181938,,2026-06-30T15:12:08.030+07:00,0.0568697452545166,341.2184715270996,341.1544715270996,341.25346125743846,341.25346125743846,0.00034630298614501953,-0.6864870871224588,2.077817916870117,341.2184715270996,0.0568697452545166,-0.00014644861221313477,-0.8786916732788086,-0.8786916732788086,-0.2611533811102049,-0.2611533811102049,-6.254557896477958,-2116.713523864746
727,37.72834412381053,,2026-06-30T15:12:08.083+07:00,0.056870341300964355,341.22204780578613,341.1580478057861,341.3966351379778,341.3966351379778,0.0012702345848083496,-0.094003913918006,7.621407508850098,341.22204780578613,0.056870341300964355,5.960464477539062e-07,0.0035762786865234375,0.0035762786865234375,0.14317388053933655,0.14317388053933655,0.5924831732044528,5.5435895919799805
728,37.78030135692097,,2026-06-30T15:12:08.131+07:00,0.05706191062927246,342.37146377563477,342.30746377563474,341.66008885866256,341.66008885866256,0.4923452138900757,4.741540650963766,2954.071283340454,342.37146377563477,0.05706191062927246,0.00019156932830810547,1.1494159698486328,1.1494159698486328,0.26345372068476536,0.26345372068476536,4.835544564881772,2946.449875831604
729,37.83184240502305,,2026-06-30T15:12:08.184+07:00,0.05687063932418823,341.2238359451294,341.1598359451294,339.5861469388993,339.5861469388993,0.001679539680480957,-9.085150785113449,10.077238082885742,341.2238359451294,0.05687063932418823,-0.00019127130508422852,-1.147627830505371,-1.147627830505371,-2.0739419197632856,-2.0739419197632856,-13.826691436077216,-2943.9940452575684
730,37.88333282386884,,2026-06-30T15:12:08.232+07:00,0.056869566440582275,341.21739864349365,341.15339864349363,340.49489601360784,340.49489601360784,-4.9471858801553026e-05,6.748657395792991,-0.29683115280931816,341.21739864349365,0.056869566440582275,-1.0728836059570312e-06,-0.0064373016357421875,-0.0064373016357421875,0.9087490747085667,0.9087490747085667,15.83380818090644,-10.37406923569506
731,37.935094019863755,,2026-06-30T15:12:08.282+07:00,0.05686962604522705,341.2177562713623,341.1537562713623,340.87815406402507,340.87815406402507,0.00015151500701904297,7.044640785446115,0.9090900421142578,341.2177562713623,0.05686962604522705,5.960464477539063e-08,0.00035762786865234375,0.00035762786865234375,0.3832580504172256,0.3832580504172256,0.29598338965312365,1.205921194923576
732,37.98689390090294,,2026-06-30T15:12:08.335+07:00,0.05687427520751953,341.2456512451172,341.18165124511717,341.0469962192364,341.0469962192364,0.006983697414398193,4.789499668251147,41.90218448638916,341.2456512451172,0.05687427520751953,4.649162292480469e-06,0.027894973754882812,0.027894973754882812,0.16884215521133683,0.16884215521133683,-2.2551411171949676,40.9930944442749
733,38.03862415300682,,2026-06-30T15:12:08.384+07:00,0.056869566440582275,341.21739864349365,341.15339864349363,338.05922079228725,338.05922079228725,-0.00014644862676505,-16.4938322640497,-0.8786917605903,341.21739864349365,0.056869566440582275,-4.708766937255859e-06,-0.028252601623535156,-0.028252601623535156,-2.987775426949156,-2.987775426949156,-21.283331932300847,-42.78087624697946
734,38.09040651586838,,2026-06-30T15:12:08.438+07:00,0.056869566440582275,341.21739864349365,341.15339864349363,339.8486306719026,339.8486306719026,-0.0002359748032176867,11.31552850291996,-1.4158488193061203,341.21739864349365,0.056869566440582275,0.0,0.0,0.0,1.7894098796153344,1.7894098796153344,27.80936076696966,-0.5371570587158203
735,38.14238743390888,,2026-06-30T15:12:08.495+07:00,0.0569920539855957,341.9523239135742,341.8883239135742,340.86000890274556,340.86000890274556,0.18809962272644043,15.220417754526132,1128.5977363586426,341.9523239135742,0.0569920539855957,0.00012248754501342773,0.7349252700805664,0.7349252700805664,1.011378230842979,1.011378230842979,3.9048892516061713,1130.0135851779487
736,38.19429072202183,,2026-06-30T15:12:08.544+07:00,0.056869566440582275,341.21739864349365,341.15339864349363,341.02960419870783,341.02960419870783,-0.00024378301168326288,8.339935464749143,-1.4626980700995773,341.21739864349365,0.056869566440582275,-0.00012248754501342773,-0.7349252700805664,-0.7349252700805664,0.1695952959622673,0.1695952959622673,-6.880482289776989,-1130.0604344287422
737,38.245926214847714,,2026-06-30T15:12:08.594+07:00,0.056869566440582275,341.21739864349365,341.15339864349363,338.2761831213204,338.2761831213204,-2.741813841566909e-05,-10.952673330643044,-0.16450883049401455,341.21739864349365,0.056869566440582275,0.0,0.0,0.0,-2.7534210773874292,-2.7534210773874292,-19.292608795392187,1.2981892396055628
738,38.297602854901925,,2026-06-30T15:12:08.645+07:00,0.056869566440582275,341.21739864349365,341.15339864349363,339.94265670578255,339.94265670578255,-0.00024348498845938593,13.631946334492438,-1.4609099307563156,341.21739864349365,0.056869566440582275,0.0,0.0,0.0,1.6664735844621532,1.6664735844621532,24.584619665135484,-1.296401100262301
739,38.34921834804118,,2026-06-30T15:12:08.694+07:00,0.05687350034713745,341.2410020828247,341.1770020828247,340.65654884544597,340.65654884544597,0.005761861801147461,13.706063074035384,34.571170806884766,341.2410020828247,0.05687350034713745,3.933906555175781e-06,0.023603439331054688,0.023603439331054688,0.7138921396634146,0.7138921396634146,0.07411673954294606,36.03208073764108
740,38.40087787783705,,2026-06-30T15:12:08.745+07:00,0.056869566440582275,341.21739864349365,341.15339864349363,340.9434796038185,340.9434796038185,-0.00023639203573111445,8.901195997897686,-1.4183522143866867,341.21739864349365,0.056869566440582275,-3.933906555175781e-06,-0.023603439331054688,-0.023603439331054688,0.28693075837253446,0.28693075837253446,-4.804867076137699,-35.98952302127145
741,38.45248168497346,,2026-06-30T15:12:08.796+07:00,0.056869566440582275,341.21739864349365,341.15339864349363,341.06584689399256,341.06584689399256,-0.00022935870219953358,5.098629463488972,-1.3761522131972015,341.21739864349365,0.056869566440582275,0.0,0.0,0.0,0.12236729017405423,0.12236729017405423,-3.8025665344087134,0.04220000118948519
742,38.504115195944905,,2026-06-30T15:12:08.846+07:00,0.05221766233444214,313.30597400665283,313.2419740066528,326.0474341304418,326.0474341304418,-0.8341059684753418,-169.11100062723563,-5004.635810852051,313.30597400665283,0.05221766233444214,-0.004651904106140137,-27.91142463684082,-27.91142463684082,-15.01841276355077,-15.01841276355077,-174.2096300907246,-5003.259658638854
743,38.55571963288821,,2026-06-30T15:12:08.895+07:00,0.056869566440582275,341.21739864349365,341.15339864349363,334.77112863672926,334.77112863672926,-0.00022947791148908436,25.316668228303683,-1.3768674689345062,341.21739864349365,0.056869566440582275,0.004651904106140137,27.91142463684082,27.91142463684082,8.723694506287472,8.723694506287472,194.4276688555393,5003.258943383116
744,38.60769405099563,,2026-06-30T15:12:08.948+07:00,0.05687063932418823,341.2238359451294,341.1598359451294,338.4591426212082,338.4591426212082,0.0008959174156188965,50.24913410666383,5.375504493713379,341.2238359451294,0.05687063932418823,1.0728836059570312e-06,0.0064373016357421875,0.0064373016357421875,3.688013984478914,3.688013984478914,24.932465878360148,6.752371962647885
745,38.659482209943235,,2026-06-30T15:12:08.997+07:00,0.0568697452545166,341.2184715270996,341.1544715270996,340.0154509833401,340.0154509833401,0.20350684225559235,38.49989079559699,1221.041053533554,341.2184715270996,0.0568697452545166,-8.940696716308594e-07,-0.005364418029785156,-0.005364418029785156,1.5563083621319151,1.5563083621319151,-11.749243311066841,1215.6655490398407
746,38.71134909102693,,2026-06-30T15:12:09.049+07:00,0.056988656520843506,341.93193912506104,341.867939125061,341.0572749281832,341.0572749281832,0.4271585941314697,27.68429736756635,2562.9515647888184,341.93193912506104,0.056988656520843506,0.0001189112663269043,0.7134675979614258,0.7134675979614258,1.0418239448430882,1.0418239448430882,-10.815593428030638,1341.9105112552643
747,38.763088249834254,,2026-06-30T15:12:09.099+07:00,0.05687069892883301,341.22419357299805,341.160193572998,341.0665111157107,341.0665111157107,0.0018426179885864258,12.133253824891979,11.055707931518555,341.22419357299805,0.05687069892883301,-0.00011795759201049805,-0.7077455520629883,-0.7077455520629883,0.00923618752750599,0.00923618752750599,-15.551043542674373,-2551.8958568573
748,38.81478722393513,,2026-06-30T15:12:09.149+07:00,0.05100375413894653,306.0225248336792,305.9585248336792,328.85502826595257,328.85502826595257,-1.314369559288025,-182.63414179808473,-7886.217355728149,306.0225248336792,0.05100375413894653,-0.005866944789886475,-35.20166873931885,-35.20166873931885,-12.211482849758113,-12.211482849758113,-194.7673956229767,-7897.273063659668
749,38.866702808998525,,2026-06-30T15:12:09.200+07:00,0.05692559480667114,341.55356884002686,341.48956884002683,336.0780070603535,336.0780070603535,0.6284211874008179,1.4835027119177937,3770.527124404907,341.55356884002686,0.05692559480667114,0.005921840667724609,35.531044006347656,35.531044006347656,7.2229787944009445,7.2229787944009445,184.11764451000252,11656.744480133057
750,38.918420356931165,,2026-06-30T15:12:09.274+07:00,0.056876420974731445,341.2585258483887,341.19452584838865,337.4258229755296,337.4258229755296,0.009993016719818115,17.764565085792977,59.95810031890869,341.2585258483887,0.056876420974731445,-4.9173831939697266e-05,-0.2950429916381836,-0.2950429916381836,1.3478159151761133,1.3478159151761133,16.281062373875184,-3710.5690240859985
751,38.97006722004153,,2026-06-30T15:12:09.325+07:00,0.056869566440582275,341.21739864349365,341.15339864349363,339.7581415547603,339.7581415547603,0.00013589859008789062,31.537118462006244,0.8153915405273438,341.21739864349365,0.056869566440582275,-6.854534149169922e-06,-0.04112720489501953,-0.04112720489501953,2.332318579230673,2.332318579230673,13.772553376213267,-59.14270877838135
752,39.021734785987064,,2026-06-30T15:12:09.378+07:00,0.056869566440582275,341.21739864349365,341.15339864349363,340.7168599629264,340.7168599629264,0.00012028217315673828,22.953284413798492,0.7216930389404297,341.21739864349365,0.056869566440582275,0.0,0.0,0.0,0.958718408166078,0.958718408166078,-8.583834048207752,-0.09369850158691406
753,39.07354518584907,,2026-06-30T15:12:09.427+07:00,0.056869566440582275,341.21739864349365,341.15339864349363,340.96896105095396,340.96896105095396,-0.00024479630519635975,12.518330895621014,-1.4687778311781585,341.21739864349365,0.056869566440582275,0.0,0.0,0.0,0.2521010880275867,0.2521010880275867,-10.434953518177478,-2.190470870118588
754,39.12548188189976,,2026-06-30T15:12:09.476+07:00,0.05688142776489258,341.28856658935547,341.22456658935545,341.1003825416973,341.1003825416973,0.015751421451568604,6.868045128483654,94.50852870941162,341.28856658935547,0.05688142776489258,1.1861324310302734e-05,0.0711679458618164,0.0711679458618164,0.1314214907433211,0.1314214907433211,-5.65028576713736,95.97730654058978
755,39.177065170835704,,2026-06-30T15:12:09.527+07:00,0.05706310272216797,342.3786163330078,342.3146163330078,341.537669612835,341.537669612835,0.3166876435279846,8.914177077160684,1900.1258611679077,342.3786163330078,0.05706310272216797,0.00018167495727539062,1.0900497436523438,1.0900497436523438,0.43728707113768905,0.43728707113768905,2.0461319486770293,1805.617332458496
756,39.22887884802185,,2026-06-30T15:12:09.577+07:00,0.05687093734741211,341.22562408447266,341.16162408447263,341.5374913473015,341.5374913473015,0.0021536946296691895,2.647923512213957,12.922167778015137,341.22562408447266,0.05687093734741211,-0.00019216537475585938,-1.1529922485351562,-1.1529922485351562,-0.0001782655334636729,-0.0001782655334636729,-6.266253564946727,-1887.2036933898926
757,39.280448026023805,,2026-06-30T15:12:09.626+07:00,0.056869566440582275,341.21739864349365,341.15339864349363,341.373769093697,341.373769093697,9.739398956298828e-05,-1.011972329997136,0.5843639373779297,341.21739864349365,0.056869566440582275,-1.3709068298339844e-06,-0.008225440979003906,-0.008225440979003906,-0.16372225360453285,-0.16372225360453285,-3.659895842211093,-12.337803840637207
758,39.33213648200035,,2026-06-30T15:12:09.678+07:00,0.05687326192855835,341.2395715713501,341.1755715713501,341.2542656834543,341.2542656834543,0.005379617214202881,-1.6921954357421354,32.277703285217285,341.2395715713501,0.05687326192855835,3.6954879760742188e-06,0.022172927856445312,0.022172927856445312,-0.11950341024265754,-0.11950341024265754,-0.6802231057449994,31.693339347839355
759,39.38393828901462,,2026-06-30T15:12:09.728+07:00,0.05701643228530884,342.098593711853,342.034593711853,333.496216324288,333.496216324288,0.38444286584854126,-31.388768930519873,2306.6571950912476,342.098593711853,0.05701643228530884,0.00014317035675048828,0.8590221405029297,0.8590221405029297,-7.758049359166307,-7.758049359166307,-29.696573494777738,2274.3794918060303
760,39.43557044793852,,2026-06-30T15:12:09.787+07:00,0.056869566440582275,341.21739864349365,341.15339864349363,338.08014619046486,338.08014619046486,-0.00023800137569196522,29.310913455513408,-1.4280082541517913,341.21739864349365,0.056869566440582275,-0.0001468658447265625,-0.881195068359375,-0.881195068359375,4.583929866176845,4.583929866176845,60.69968238603328,-2308.0852033453993
761,39.48719936585985,,2026-06-30T15:12:09.834+07:00,0.05687528848648071,341.2517309188843,341.18773091888426,340.1163352209386,340.1163352209386,0.00829249620437622,34.7494046587577,49.754977226257324,341.2517309188843,0.05687528848648071,5.7220458984375e-06,0.034332275390625,0.034332275390625,2.036189030473736,2.036189030473736,5.43849120324429,51.182985480409116
762,39.53899213694967,,2026-06-30T15:12:09.886+07:00,0.056872665882110596,341.2359952926636,341.17199529266355,340.72264313841487,340.72264313841487,0.0046111345291137695,21.28072258753366,27.666807174682617,341.2359952926636,0.056872665882110596,-2.6226043701171875e-06,-0.015735626220703125,-0.015735626220703125,0.606307917476272,0.606307917476272,-13.468682071224038,-22.088170051574707
763,39.5909223689232,,2026-06-30T15:12:09.936+07:00,0.05689936876296997,341.3962125778198,341.3322125778198,341.0355351660743,341.0355351660743,0.043585121631622314,12.652227688620751,261.5107297897339,341.3962125778198,0.05689936876296997,2.6702880859375e-05,0.16021728515625,0.16021728515625,0.3128920276594158,0.3128920276594158,-8.628494898912908,233.84392261505127
764,39.64260356593877,,2026-06-30T15:12:09.986+07:00,0.056869566440582275,341.21739864349365,341.15339864349363,341.11295776339756,341.11295776339756,-0.00011986494791926816,6.149139453462306,-0.719189687515609,341.21739864349365,0.056869566440582275,-2.9802322387695312e-05,-0.17881393432617188,-0.17881393432617188,0.07742259732327739,0.07742259732327739,-6.503088235158446,-262.2299194772495
765,39.694391168886796,,2026-06-30T15:12:10.036+07:00,0.05693131685256958,341.5879011154175,341.52390111541746,341.26932401077124,341.26932401077124,0.09103769063949585,4.76500743139058,546.2261438369751,341.5879011154175,0.05693131685256958,6.175041198730469e-05,0.3705024719238281,0.3705024719238281,0.15636624737368265,0.15636624737368265,-1.384132022071726,546.9453335244907
766,39.74634932796471,,2026-06-30T15:12:10.088+07:00,0.05687350034713745,341.2410020828247,341.1770020828247,341.2562814657407,341.2562814657407,0.0058176517486572266,1.5940323453506589,34.90591049194336,341.2410020828247,0.05687350034713745,-5.7816505432128906e-05,-0.34689903259277344,-0.34689903259277344,-0.013042545030543806,-0.013042545030543806,-3.1709750860399213,-511.32023334503174
767,39.79799943091348,,2026-06-30T15:12:10.139+07:00,0.05636489391326904,338.18936347961426,338.12536347961424,340.17033070764364,340.17033070764364,0.49822670221328735,-15.007138416995907,2989.360213279724,338.18936347961426,0.05636489391326904,-0.0005086064338684082,-3.051638603210449,-3.051638603210449,-1.0859507580970558,-1.0859507580970558,-16.601170762346566,2954.4543027877808
768,39.85010616388172,,2026-06-30T15:12:10.188+07:00,0.05687528848648071,341.2517309188843,341.18773091888426,340.94948293061395,340.94948293061395,0.00831371545791626,1.2559942308745784,49.88229274749756,341.2517309188843,0.05687528848648071,0.0005103945732116699,3.0623674392700195,3.0623674392700195,0.7791522229703105,0.7791522229703105,16.263132647870485,-2939.4779205322266
769,39.90169626683928,,2026-06-30T15:12:10.238+07:00,0.0568770170211792,341.2621021270752,341.1981021270752,341.1343915693505,341.1343915693505,0.009088456630706787,2.3158129701228334,54.53073978424072,341.2621021270752,0.0568770170211792,1.7285346984863281e-06,0.010371208190917969,0.010371208190917969,0.18490863873654462,0.18490863873654462,1.059818739248255,4.648447036743164
770,39.95331420493312,,2026-06-30T15:12:10.290+07:00,0.057155072689056396,342.9304361343384,342.86643613433836,341.74493127646383,341.74493127646383,0.5928342342376709,9.125921770098504,3557.0054054260254,342.9304361343384,0.057155072689056396,0.00027805566787719727,1.6683340072631836,1.6683340072631836,0.6105397071133325,0.6105397071133325,6.810108799975671,3502.4746656417847
771,40.00511273392476,,2026-06-30T15:12:10.343+07:00,0.05705058574676514,342.3035144805908,342.2395144805908,341.88329086123287,341.88329086123287,0.4899936318397522,5.810857273222422,2939.961791038513,342.3035144805908,0.05705058574676514,-0.00010448694229125977,-0.6269216537475586,-0.6269216537475586,0.13835958476903443,0.13835958476903443,-3.315064496876082,-617.0436143875122
772,40.05661415285431,,2026-06-30T15:12:10.392+07:00,0.056869566440582275,341.21739864349365,341.15339864349363,341.59024608253543,341.59024608253543,-0.0002245307114208117,-1.4071634490734217,-1.3471842685248703,341.21739864349365,0.056869566440582275,-0.00018101930618286133,-1.086115837097168,-1.086115837097168,-0.2930447786974355,-0.2930447786974355,-7.218020722295844,-2941.308975307038
773,40.10874305199832,,2026-06-30T15:12:10.445+07:00,0.05701559782028198,342.0935869216919,342.0295869216919,341.7415327489392,341.7415327489392,0.28428328037261963,1.6138498295424795,1705.6996822357178,342.0935869216919,0.05701559782028198,0.00014603137969970703,0.8761882781982422,0.8761882781982422,0.15128666640379151,0.15128666640379151,3.021013278615901,1707.0468665042426
774,40.16031976696104,,2026-06-30T15:12:10.495+07:00,0.05701214075088501,342.07284450531006,342.00884450531004,341.7798040828944,341.7798040828944,0.2842756509780884,1.5760641479353792,1705.6539058685303,342.07284450531006,0.05701214075088501,-3.4570693969726562e-06,-0.020742416381835938,-0.020742416381835938,0.038271333955151476,0.038271333955151476,-0.037785681607100274,-0.0457763671875
775,40.21232538786717,,2026-06-30T15:12:10.545+07:00,0.056869566440582275,341.21739864349365,341.15339864349363,341.5342375073295,341.5342375073295,-0.0002397895004833117,-2.7981400689210436,-1.4387370028998703,341.21739864349365,0.056869566440582275,-0.00014257431030273438,-0.8554458618164062,-0.8554458618164062,-0.24556657556485106,-0.24556657556485106,-4.374204216856423,-1707.0926428714301
776,40.264056398998946,,2026-06-30T15:12:10.620+07:00,0.05692708492279053,341.56250953674316,341.49850953674314,341.05457878184205,341.05457878184205,0.08788573741912842,0.0,527.3144245147705,341.56250953674316,0.05692708492279053,5.751848220825195e-05,0.3451108932495117,0.3451108932495117,-0.479658725487468,-0.479658725487468,2.7981400689210436,528.7531615176704
777,40.3155556328129,,2026-06-30T15:12:10.671+07:00,0.056869566440582275,341.21739864349365,341.15339864349363,333.10351169477116,333.10351169477116,0.00014001131057739258,-41.703168844421896,0.8400678634643555,341.21739864349365,0.056869566440582275,-5.751848220825195e-05,-0.3451108932495117,-0.3451108932495117,-7.951067087070896,-7.951067087070896,-41.703168844421896,-526.4743566513062
778,40.36724523594603,,2026-06-30T15:12:10.721+07:00,0.056869566440582275,341.21739864349365,341.15339864349363,337.75232140765837,337.75232140765837,-0.00022506715322379023,33.302734115640604,-1.3504029193427414,341.21739864349365,0.056869566440582275,0.0,0.0,0.0,4.648809712887214,4.648809712887214,75.0059029600625,-2.190470782807097
779,40.41898724692874,,2026-06-30T15:12:10.774+07:00,0.05701714754104614,342.10288524627686,342.03888524627683,340.03344217191767,340.03344217191767,0.3292694091796875,39.278578693814914,1975.616455078125,342.10288524627686,0.05701714754104614,0.0001475811004638672,0.8854866027832031,0.8854866027832031,2.281120764259299,2.281120764259299,5.975844578174311,1976.9668579974677
780,40.47099036886357,,2026-06-30T15:12:10.823+07:00,0.056869566440582275,341.21739864349365,341.15339864349363,340.6949432558142,340.6949432558142,-0.0002399087097728625,23.95547678828075,-1.439452258637175,341.21739864349365,0.056869566440582275,-0.0001475811004638672,-0.8854866027832031,-0.8854866027832031,0.6615010838965532,0.6615010838965532,-15.323101905534166,-1977.0559073367622
781,40.522636657813564,,2026-06-30T15:12:10.873+07:00,0.05687063932418823,341.2238359451294,341.1598359451294,340.0189065954591,340.0189065954591,0.000899970531463623,8.65169467802629,5.399823188781738,341.2238359451294,0.05687063932418823,1.0728836059570312e-06,0.0064373016357421875,0.0064373016357421875,-0.6760366603551233,-0.6760366603551233,-15.303782110254458,6.839275447418913
782,40.57438568701036,,2026-06-30T15:12:10.923+07:00,0.056869566440582275,341.21739864349365,341.15339864349363,340.6765979237427,340.6765979237427,-0.0002399087097728625,10.886504272173736,-1.439452258637175,341.21739864349365,0.056869566440582275,-1.0728836059570312e-06,-0.0064373016357421875,-0.0064373016357421875,0.6576913282835903,0.6576913282835903,2.234809594147446,-6.839275447418913
783,40.626594826811925,,2026-06-30T15:12:10.973+07:00,0.056883275508880615,341.2996530532837,341.23565305328367,341.060228435121,341.060228435121,-2.683336019515991,8.460563524255157,-16100.016117095947,341.2996530532837,0.056883275508880615,1.3709068298339844e-05,0.08225440979003906,0.08225440979003906,0.38363051137832826,0.38363051137832826,-2.4259407479185793,-16098.57666483731
784,40.6782693748828,,2026-06-30T15:12:11.023+07:00,0.056869566440582275,341.21739864349365,341.15339864349363,341.13022493813975,341.13022493813975,-0.00015127660299185663,4.259262746832933,-0.9076596179511398,341.21739864349365,0.056869566440582275,-1.3709068298339844e-05,-0.08225440979003906,-0.08225440979003906,0.06999650301872862,0.06999650301872862,-4.201300777422224,16099.108457477996
785,40.73054303298704,,2026-06-30T15:12:11.073+07:00,0.056876420974731445,341.2585258483887,341.19452584838865,341.15800227469487,341.15800227469487,0.009996473789215088,2.1579501405694517,59.97884273529053,341.2585258483887,0.056876420974731445,6.854534149169922e-06,0.04112720489501953,0.04112720489501953,0.02777733655511838,0.02777733655511838,-2.1013126062634813,60.88650235324167
786,40.782358950935304,,2026-06-30T15:12:11.123+07:00,0.05688512325286865,341.3107395172119,341.2467395172119,341.20168152061746,341.20168152061746,0.022684991359710693,1.4444116438178858,136.10994815826416,341.3107395172119,0.05688512325286865,8.702278137207031e-06,0.05221366882324219,0.05221366882324219,0.04367924592258987,0.04367924592258987,-0.7135384967515659,76.13110542297363
787,40.834276960929856,,2026-06-30T15:12:11.173+07:00,0.056869566440582275,341.21739864349365,341.15339864349363,341.2041455659426,341.2041455659426,-0.00022566319967154413,0.44876436848343193,-1.3539791980292648,341.21739864349365,0.056869566440582275,-1.5556812286376953e-05,-0.09334087371826172,-0.09334087371826172,0.0024640453251549843,0.0024640453251549843,-0.9956472753344539,-137.46392735629342
788,40.88603943493217,,2026-06-30T15:12:11.223+07:00,0.05687910318374634,341.274619102478,341.210619102478,341.19486637887286,341.19486637887286,0.013878226280212402,0.17180279644410287,83.26935768127441,341.274619102478,0.05687910318374634,9.5367431640625e-06,0.057220458984375,0.057220458984375,-0.00927918706975106,-0.00927918706975106,-0.27696157203932903,84.62333687930368
789,40.93813977902755,,2026-06-30T15:12:11.274+07:00,0.056869566440582275,341.21739864349365,341.15339864349363,341.1843432178109,341.1843432178109,0.00010204315185546875,-0.12280646316712701,0.6122589111328125,341.21739864349365,0.056869566440582275,-9.5367431640625e-06,-0.057220458984375,-0.057220458984375,-0.010523161061939845,-0.010523161061939845,-0.29460925961122986,-82.6570987701416
790,40.98991536395624,,2026-06-30T15:12:11.325+07:00,0.05686962604522705,341.2177562713623,341.1537562713623,339.890135519779,339.890135519779,0.0001469254493713379,-7.411698877955704,0.8815526962280273,341.2177562713623,0.05686962604522705,5.960464477539063e-08,0.00035762786865234375,0.00035762786865234375,-1.2942076980319257,-1.2942076980319257,-7.288892414788577,0.26929378509521484
791,41.04199615190737,,2026-06-30T15:12:11.374+07:00,0.057003676891326904,342.0220613479614,341.9580613479614,340.9013019202879,340.9013019202879,0.40341705083847046,9.064350735603748,2420.5023050308228,342.0220613479614,0.057003676891326904,0.00013405084609985352,0.8043050765991211,0.8043050765991211,1.0111664005088983,1.0111664005088983,16.476049613559454,2419.6207523345947
792,41.09374627401121,,2026-06-30T15:12:11.449+07:00,0.05688744783401489,341.32468700408936,341.26068700408933,341.12253111049296,341.12253111049296,0.02611982822418213,4.58246648536768,156.71896934509277,341.32468700408936,0.05688744783401489,-0.00011622905731201172,-0.6973743438720703,-0.6973743438720703,0.22122919020506515,0.22122919020506515,-4.481884250236067,-2263.78333568573
793,41.14543835888617,,2026-06-30T15:12:11.499+07:00,0.05690121650695801,341.40729904174805,341.343299041748,341.2068222501899,341.2068222501899,0.04692929983139038,3.0725457799624767,281.5757989883423,341.40729904174805,0.05690121650695801,1.3768672943115234e-05,0.0826120376586914,0.0826120376586914,0.0842911396969157,0.0842911396969157,-1.5099207054052037,124.85682964324951
794,41.19712868495844,,2026-06-30T15:12:11.549+07:00,0.056869566440582275,341.21739864349365,341.15339864349363,341.17597011732283,341.17597011732283,-0.00024038554693106562,0.9575709588392115,-1.4423132815863937,341.21739864349365,0.056869566440582275,-3.165006637573242e-05,-0.18990039825439453,-0.18990039825439453,-0.030852132867039472,-0.030852132867039472,-2.114974821123265,-283.0181122699287
795,41.248855565907434,,2026-06-30T15:12:11.599+07:00,0.056873857975006104,341.2431478500366,341.1791478500366,341.1719473134765,341.1719473134765,0.006308794021606445,0.3913074942907667,37.85276412963867,341.2431478500366,0.056873857975006104,4.291534423828125e-06,0.02574920654296875,0.02574920654296875,-0.004022803846339684,-0.004022803846339684,-0.5662634645484448,39.295077411225066
796,41.30077020591125,,2026-06-30T15:12:11.650+07:00,0.05700993537902832,342.0596122741699,341.9956122741699,341.45601022729807,341.45601022729807,0.25556033849716187,4.202000435254739,1533.3620309829712,342.0596122741699,0.05700993537902832,0.0001360774040222168,0.8164644241333008,0.8164644241333008,0.2840629138215718,0.2840629138215718,3.810692940963972,1495.5092668533325
797,41.35306495684199,,2026-06-30T15:12:11.699+07:00,0.05687528848648071,341.2517309188843,341.18773091888426,341.48780090726086,341.48780090726086,0.008312761783599854,1.1705735601753213,49.87657070159912,341.2517309188843,0.05687528848648071,-0.00013464689254760742,-0.8078813552856445,-0.8078813552856445,0.031790679962796276,0.031790679962796276,-3.0314268750794175,-1483.485460281372
798,41.404688726877794,,2026-06-30T15:12:11.750+07:00,0.056935012340545654,341.6100740432739,341.5460740432739,341.4321199898584,341.4321199898584,0.09734004735946655,0.42721580347301114,584.0402841567993,341.6100740432739,0.056935012340545654,5.9723854064941406e-05,0.35834312438964844,0.35834312438964844,-0.05568091740246928,-0.05568091740246928,-0.7433577567023102,534.1637134552002
799,41.456444127019495,,2026-06-30T15:12:11.800+07:00,0.05675739049911499,340.54434299468994,340.4803429946899,341.03558893525144,341.03558893525144,0.5193186402320862,-5.191305370505104,3115.911841392517,340.54434299468994,0.05675739049911499,-0.00017762184143066406,-1.0657310485839844,-1.0657310485839844,-0.39653105460695315,-0.39653105460695315,-5.618521173978115,2531.871557235718
800,41.508191933855414,,2026-06-30T15:12:11.850+07:00,0.0568697452545166,341.2184715270996,341.1544715270996,341.1098574955119,341.1098574955119,0.00021457672119140625,-1.408762200422822,1.2874603271484375,341.2184715270996,0.0568697452545166,0.00011235475540161133,0.674128532409668,0.674128532409668,0.0742685602604638,0.0742685602604638,3.782543170082282,-3114.6243810653687
801,41.56016253703274,,2026-06-30T15:12:11.900+07:00,0.05691415071487427,341.4849042892456,341.4209042892456,341.42267389566695,341.42267389566695,0.06621909141540527,2.146315044585619,397.31454849243164,341.4849042892456,0.05691415071487427,4.4405460357666016e-05,0.2664327621459961,0.2664327621459961,0.3128164001550431,0.3128164001550431,3.555077245008441,396.0270881652832
802,41.61194095481187,,2026-06-30T15:12:11.950+07:00,0.056874752044677734,341.2485122680664,341.1845122680664,341.2780572061373,341.2780572061373,0.007575929164886475,-0.661216249685517,45.45557498931885,341.2485122680664,0.056874752044677734,-3.93986701965332e-05,-0.23639202117919922,-0.23639202117919922,-0.14461668952964146,-0.14461668952964146,-2.8075312942711363,-351.8589735031128
803,41.66370546584949,,2026-06-30T15:12:12.000+07:00,0.056869566440582275,341.21739864349365,341.15339864349363,341.2060668862106,341.2060668862106,0.00012540817260742188,-1.0790258550967684,0.7524490356445312,341.21739864349365,0.056869566440582275,-5.185604095458984e-06,-0.031113624572753906,-0.031113624572753906,-0.07199031992672644,-0.07199031992672644,-0.41780960541125145,-44.703125953674316
804,41.71560449502431,,2026-06-30T15:12:12.051+07:00,0.05515187978744507,330.9112787246704,330.8472787246704,337.5738787869012,337.5738787869012,0.20719918608665466,-52.83166922151262,1243.195116519928,330.9112787246704,0.05515187978744507,-0.001717686653137207,-10.306119918823242,-10.306119918823242,-3.63218809930936,-3.63218809930936,-51.75264336641585,1242.4426674842834
805,41.76735959900543,,2026-06-30T15:12:12.100+07:00,0.054635822772979736,327.8149366378784,327.7509366378784,334.950189802118,334.950189802118,0.043487630784511566,-68.16485595586902,260.9257847070694,327.8149366378784,0.054635822772979736,-0.000516057014465332,-3.096342086791992,-3.096342086791992,-2.6236889847832003,-2.6236889847832003,-15.333186734356396,-982.2693318128586
806,41.81903873896226,,2026-06-30T15:12:12.151+07:00,0.05710041522979736,342.6024913787842,342.53849137878416,339.01756944638447,339.01756944638447,0.40057116746902466,16.745636142511763,2403.427004814148,342.6024913787842,0.05710041522979736,0.002464592456817627,14.787554740905762,14.787554740905762,4.0673796442664525,4.0673796442664525,84.91049209838079,2142.5012201070786
807,41.870871434919536,,2026-06-30T15:12:12.225+07:00,0.05696117877960205,341.7670726776123,341.7030726776123,340.78251779152095,340.78251779152095,0.1484355330467224,20.747703642354562,890.6131982803345,341.7670726776123,0.05696117877960205,-0.0001392364501953125,-0.835418701171875,-0.835418701171875,1.7649483451364745,1.7649483451364745,4.0020674998427985,-1512.8138065338135
808,41.922658315859735,,2026-06-30T15:12:12.277+07:00,0.056869566440582275,341.21739864349365,341.15339864349363,341.10450393419205,341.10450393419205,-0.00023335219884756953,11.699141086503724,-1.4001131930854172,341.21739864349365,0.056869566440582275,-9.161233901977539e-05,-0.5496740341186523,-0.5496740341186523,0.3219861426711077,0.3219861426711077,-9.048562555850838,-892.0133114734199
809,41.97481036395766,,2026-06-30T15:12:12.326+07:00,0.056869566440582275,341.21739864349365,341.15339864349363,341.135018718337,341.135018718337,-0.00022602082754019648,5.275395897564064,-1.3561249652411789,341.21739864349365,0.056869566440582275,0.0,0.0,0.0,0.03051478414494113,0.03051478414494113,-6.423745188939661,0.04398822784423828
810,42.02790585299954,,2026-06-30T15:12:12.376+07:00,0.056869566440582275,341.21739864349365,341.15339864349363,341.14563312511495,341.14563312511495,-0.00024092198873404413,2.3451356627864817,-1.4455319324042648,341.21739864349365,0.056869566440582275,0.0,0.0,0.0,0.010614406777960994,0.010614406777960994,-2.930260234777582,-0.08940696716308594
811,42.08025214099325,,2026-06-30T15:12:12.428+07:00,0.056869566440582275,341.21739864349365,341.15339864349363,341.1501177119786,341.1501177119786,-0.00024092198873404413,1.0393194263688286,-1.4455319324042648,341.21739864349365,0.056869566440582275,0.0,0.0,0.0,0.004484586863668483,0.004484586863668483,-1.305816236417653,0.0
812,42.13190235593356,,2026-06-30T15:12:12.477+07:00,0.056869566440582275,341.21739864349365,341.15339864349363,341.2518415872538,341.2518415872538,-0.00023365022207144648,1.030758093858473,-1.4019013324286789,341.21739864349365,0.056869566440582275,0.0,0.0,0.0,0.10172387527518367,0.10172387527518367,-0.008561332510355513,0.04363059997558594
813,42.183533255942166,,2026-06-30T15:12:12.529+07:00,0.0569072961807251,341.4437770843506,341.37977708435056,341.27422324153224,341.27422324153224,0.05620467662811279,0.9715758374295685,337.22805976867676,341.4437770843506,0.0569072961807251,3.7729740142822266e-05,0.2263784408569336,0.2263784408569336,0.022381654278433416,0.022381654278433416,-0.05918225642890451,338.62996110110544
814,42.235080007929355,,2026-06-30T15:12:12.577+07:00,0.05707341432571411,342.44048595428467,342.37648595428465,341.7641686252534,341.7641686252534,-3.341766834259033,6.9363614373246225,-20050.6010055542,342.44048595428467,0.05707341432571411,0.00016611814498901367,0.996708869934082,0.996708869934082,0.4899453837211354,0.4899453837211354,5.964785599895054,-20387.829065322876
815,42.28662342601456,,2026-06-30T15:12:12.627+07:00,0.056894779205322266,341.3686752319336,341.3046752319336,341.46439576674106,341.46439576674106,0.0371088981628418,-0.18356055996069243,222.65338897705078,341.3686752319336,0.056894779205322266,-0.0001786351203918457,-1.0718107223510742,-1.0718107223510742,-0.2997728585123127,-0.2997728585123127,-7.119921997285315,20273.25439453125
816,42.33821954904124,,2026-06-30T15:12:12.678+07:00,0.056869566440582275,341.21739864349365,341.15339864349363,341.2847949280657,341.2847949280657,7.95125961303711e-05,-2.023837404344958,0.47707557678222656,341.21739864349365,0.056869566440582275,-2.5212764739990234e-05,-0.1512765884399414,-0.1512765884399414,-0.1796008386753556,-0.1796008386753556,-1.8402768443842654,-222.17631340026855
817,42.3899889299646,,2026-06-30T15:12:12.727+07:00,0.056870222091674805,341.2213325500488,341.1573325500488,341.2713920564486,341.2713920564486,0.0010701417922973633,-1.329482881110337,6.42085075378418,341.2213325500488,0.056870222091674805,6.556510925292969e-07,0.003933906555175781,0.003933906555175781,-0.013402871617131495,-0.013402871617131495,0.6943545232346209,5.943775177001953
818,42.44179301499389,,2026-06-30T15:12:12.777+07:00,0.05687350034713745,341.2410020828247,341.1770020828247,341.211512064233,341.211512064233,0.0058234333992004395,-1.1860930498510205,34.94060039520264,341.2410020828247,0.05687350034713745,3.2782554626464844e-06,0.019669532775878906,0.019669532775878906,-0.05987999221559903,-0.05987999221559903,0.14338983125931648,28.519749641418457
819,42.4935085629113,,2026-06-30T15:12:12.827+07:00,0.05687069892883301,341.22419357299805,341.160193572998,341.1803297890826,341.1803297890826,0.0018372535705566406,-0.8396311199728248,11.023521423339844,341.22419357299805,0.05687069892883301,-2.8014183044433594e-06,-0.016808509826660156,-0.016808509826660156,-0.03118227515039962,-0.03118227515039962,0.3464619298781957,-23.917078971862793
820,42.545088443905115,,2026-06-30T15:12:12.879+07:00,0.0570412278175354,342.2473669052124,342.1833669052124,341.5252659441065,341.5252659441065,0.3271816372871399,4.517472959854959,1963.0898237228394,342.2473669052124,0.0570412278175354,0.00017052888870239258,1.0231733322143555,1.0231733322143555,0.34493615502390185,0.34493615502390185,5.357104079827783,1952.0663022994995
821,42.59667423297651,,2026-06-30T15:12:12.953+07:00,0.05687141418457031,341.2284851074219,341.16448510742185,341.26405677475407,341.26405677475407,0.002805769443511963,-1.0487393599691919,16.834616661071777,341.2284851074219,0.05687141418457031,-0.0001698136329650879,-1.0188817977905273,-1.0188817977905273,-0.2612091693524121,-0.2612091693524121,-5.56621231982415,-1946.2552070617676
822,42.64841516991146,,2026-06-30T15:12:13.004+07:00,0.05695235729217529,341.71414375305176,341.65014375305174,341.3740124922965,341.3740124922965,0.49772560596466064,1.2162802928301122,2986.353635787964,341.71414375305176,0.05695235729217529,8.094310760498047e-05,0.4856586456298828,0.4856586456298828,0.10995571754244793,0.10995571754244793,2.265019652799304,2969.519019126892
823,42.699934236938134,,2026-06-30T15:12:13.055+07:00,0.056874752044677734,341.2485122680664,341.1845122680664,336.24683985668105,336.24683985668105,0.007581591606140137,-36.00843687414309,45.48954963684082,341.2485122680664,0.056874752044677734,-7.76052474975586e-05,-0.46563148498535156,-0.46563148498535156,-5.127172635615466,-5.127172635615466,-37.2247171669732,-2940.864086151123
824,42.75178185896948,,2026-06-30T15:12:13.104+07:00,0.05695074796676636,341.70448780059814,341.6404878005981,339.1721833121574,339.1721833121574,0.1282132863998413,18.39888047297237,769.2797183990479,341.70448780059814,0.05695074796676636,7.599592208862305e-05,0.4559755325317383,0.4559755325317383,2.9253434554763658,2.9253434554763658,54.40731734711545,723.790168762207
825,42.8035524438601,,2026-06-30T15:12:13.155+07:00,0.056869566440582275,341.21739864349365,341.15339864349363,340.3163351660041,340.3163351660041,-3.68141770362854,20.280245455241356,-22088.50622177124,341.21739864349365,0.056869566440582275,-8.118152618408203e-05,-0.4870891571044922,-0.4870891571044922,1.1441518538466653,1.1441518538466653,1.8813649822689875,-22857.785940170288
826,42.855042695999146,,2026-06-30T15:12:13.204+07:00,0.05679208040237427,340.7524824142456,340.6884824142456,340.91274883667876,340.91274883667876,0.5701513290405273,13.136679707181598,3420.907974243164,340.7524824142456,0.05679208040237427,-7.748603820800781e-05,-0.4649162292480469,-0.4649162292480469,0.5964136706746785,0.5964136706746785,-7.143565748059759,25509.414196014404
827,42.90678702201694,,2026-06-30T15:12:13.259+07:00,0.05687069892883301,341.22419357299805,341.160193572998,341.0541023254409,341.0541023254409,0.0018060803413391113,6.990504608633008,10.836482048034668,341.22419357299805,0.05687069892883301,7.861852645874023e-05,0.4717111587524414,0.4717111587524414,0.14135348876214948,0.14135348876214948,-6.14617509854859,-3410.0714921951294
828,42.95831792196259,,2026-06-30T15:12:13.306+07:00,0.057015836238861084,342.0950174331665,342.0310174331665,341.58092640403805,341.58092640403805,0.30669891834259033,9.24886533489854,1840.193510055542,342.0950174331665,0.057015836238861084,0.00014513731002807617,0.870823860168457,0.870823860168457,0.5268240785971443,0.5268240785971443,2.258360726265532,1829.3570280075073
829,43.00988446990959,,2026-06-30T15:12:13.357+07:00,0.056882500648498535,341.2950038909912,341.2310038909912,341.3611909589478,341.3611909589478,0.018912792205810547,1.62274879533603,113.47675323486328,341.2950038909912,0.056882500648498535,-0.00013333559036254883,-0.800013542175293,-0.800013542175293,-0.21973544509023668,-0.21973544509023668,-7.62611653956251,-1726.7167568206787
830,43.06157601787709,,2026-06-30T15:12:13.411+07:00,0.05100750923156738,306.0450553894043,305.9810553894043,328.9308707578417,328.9308707578417,-1.3089147806167603,-187.98403168204948,-7853.4886837005615,306.0450553894043,0.05100750923156738,-0.005874991416931152,-35.249948501586914,-35.249948501586914,-12.430320201106099,-12.430320201106099,-189.6067804773855,-7966.965436935425
831,43.113156714010984,,2026-06-30T15:12:13.461+07:00,0.05701714754104614,342.10288524627686,342.03888524627683,336.3229767817543,336.3229767817543,0.32926666736602783,3.7304779389317133,1975.600004196167,342.10288524627686,0.05701714754104614,0.00600963830947876,36.05782985687256,36.05782985687256,7.392106023912561,7.392106023912561,191.71450962098118,9829.088687896729
832,43.164821687852964,,2026-06-30T15:12:13.514+07:00,0.056869566440582275,341.21739864349365,341.15339864349363,339.1170202256153,339.1170202256153,-0.0002354979660594836,30.899131940371895,-1.4129877963569015,341.21739864349365,0.056869566440582275,-0.0001475811004638672,-0.8854866027832031,-0.8854866027832031,2.794043443861028,2.794043443861028,27.16865400144018,-1977.012991992524
833,43.21658697701059,,2026-06-30T15:12:13.572+07:00,0.056869566440582275,341.21739864349365,341.15339864349363,340.2932728429604,340.2932728429604,-0.00010871887934627011,24.213506242682367,-0.6523132760776207,341.21739864349365,0.056869566440582275,0.0,0.0,0.0,1.1762526173450851,1.1762526173450851,-6.685625697689527,0.7606745202792808
834,43.26862646895461,,2026-06-30T15:12:13.601+07:00,0.056869566440582275,341.21739864349365,341.15339864349363,340.594316873147,340.594316873147,-0.00024271012807730585,19.375966379453445,-1.4562607684638351,341.21739864349365,0.056869566440582275,0.0,0.0,0.0,0.30104403018663106,0.30104403018663106,-4.837539863228923,-0.8039474923862144
835,43.320331405848265,,2026-06-30T15:12:13.677+07:00,0.0568731427192688,341.2388563156128,341.1748563156128,341.0449594746886,341.0449594746886,0.005278229713439941,9.154805783363894,31.66937828063965,341.2388563156128,0.0568731427192688,3.5762786865234375e-06,0.021457672119140625,0.021457672119140625,0.4506426015415741,0.4506426015415741,-10.22116059608955,33.125639049103484
836,43.37213067593984,,2026-06-30T15:12:13.727+07:00,0.05690503120422363,341.4301872253418,341.3661872253418,341.2672433744243,341.2672433744243,0.05278295278549194,6.12275274230473,316.69771671295166,341.4301872253418,0.05690503120422363,3.1888484954833984e-05,0.1913309097290039,0.1913309097290039,0.22228389973571439,0.22228389973571439,-3.0320530410591644,285.028338432312
837,43.42375229788013,,2026-06-30T15:12:13.777+07:00,0.05694270133972168,341.6562080383301,341.59220803833006,341.3550813305046,341.3550813305046,0.11443644762039185,4.1212314331956215,686.6186857223511,341.6562080383301,0.05694270133972168,3.7670135498046875e-05,0.22602081298828125,0.22602081298828125,0.08783795608030687,0.08783795608030687,-2.0015213091091084,369.9209690093994
838,43.475495086982846,,2026-06-30T15:12:13.827+07:00,0.056870341300964355,341.22204780578613,341.1580478057861,341.2402367855581,341.2402367855581,0.0012769699096679688,0.482805638919096,7.6618194580078125,341.22204780578613,0.056870341300964355,-7.236003875732422e-05,-0.4341602325439453,-0.4341602325439453,-0.11484454494649299,-0.11484454494649299,-3.6384257942765252,-678.9568662643433
839,43.52758667082526,,2026-06-30T15:12:13.877+07:00,0.055552899837493896,333.3173990249634,333.25339902496336,338.42525061271056,338.42525061271056,0.9233236908912659,-42.91636162149537,5539.942145347595,333.3173990249634,0.055552899837493896,-0.001317441463470459,-7.904648780822754,-7.904648780822754,-2.8149861728475685,-2.8149861728475685,-43.399167260414465,5532.280325889587
840,43.57982169883326,,2026-06-30T15:12:13.927+07:00,0.05687671899795532,341.26031398773193,341.1963139877319,340.21722467310434,340.21722467310434,0.010411560535430908,0.6135422858721054,62.46936321258545,341.26031398773193,0.05687671899795532,0.0013238191604614258,7.942914962768555,7.942914962768555,1.791974060393784,1.791974060393784,43.529903907367476,-5477.47278213501
841,43.631412006914616,,2026-06-30T15:12:13.977+07:00,0.056869566440582275,341.21739864349365,341.15339864349363,340.75810922202453,340.75810922202453,-0.00022792817617300898,6.2193863815228285,-1.3675690570380539,341.21739864349365,0.056869566440582275,-7.152557373046875e-06,-0.04291534423828125,-0.04291534423828125,0.5408845489201894,0.5408845489201894,5.605844095650723,-63.8369322696235
842,43.68291335203685,,2026-06-30T15:12:14.027+07:00,0.056869566440582275,341.21739864349365,341.15339864349363,340.9863888629229,340.9863888629229,-0.0002278089668834582,5.142136453364806,-1.3668538013007492,341.21739864349365,0.056869566440582275,0.0,0.0,0.0,0.2282796408983927,0.2282796408983927,-1.0772499281580226,0.0007152557373046875
843,43.73441662197001,,2026-06-30T15:12:14.077+07:00,0.056961894035339355,341.77136421203613,341.7073642120361,341.2767249601924,341.2767249601924,0.1493573784828186,6.1120241216648665,896.1442708969116,341.77136421203613,0.056961894035339355,9.232759475708008e-05,0.5539655685424805,0.5539655685424805,0.29033609726945997,0.29033609726945997,0.9698876683000606,897.5111246982124
844,43.78599931881763,,2026-06-30T15:12:14.128+07:00,0.05687427520751953,341.2456512451172,341.18165124511717,341.21539242286707,341.21539242286707,0.006939530372619629,1.9429777884936899,41.63718223571777,341.2456512451172,0.05687427520751953,-8.761882781982422e-05,-0.5257129669189453,-0.5257129669189453,-0.0613325373253133,-0.0613325373253133,-4.169046333171177,-854.5070886611938
845,43.83774727396667,,2026-06-30T15:12:14.178+07:00,0.04976952075958252,298.6171245574951,298.5531245574951,326.3259591612216,326.3259591612216,-0.878734290599823,-222.55349870735733,-5272.405743598938,298.6171245574951,0.04976952075958252,-0.007104754447937012,-42.62852668762207,-42.62852668762207,-14.889433261645479,-14.889433261645479,-224.49647649585103,-5314.042925834656
846,43.88963359897025,,2026-06-30T15:12:14.228+07:00,0.056869566440582275,341.21739864349365,341.15339864349363,335.1559114588424,335.1559114588424,-0.00023651124502066523,2.066325756793148,-1.4190674701239914,341.21739864349365,0.056869566440582275,0.007100045680999756,42.600274085998535,42.600274085998535,8.829952297620821,8.829952297620821,224.6198244641505,5270.986676128814
847,43.94134307303466,,2026-06-30T15:12:14.278+07:00,0.05319875478744507,319.1925287246704,319.1285287246704,331.0405255788792,331.0405255788792,-0.4637964963912964,-82.44978961792438,-2782.7789783477783,319.1925287246704,0.05319875478744507,-0.003670811653137207,-22.024869918823242,-22.024869918823242,-4.115385879963185,-4.115385879963185,-84.51611537471753,-2781.3599108776543
848,43.99314345396124,,2026-06-30T15:12:14.328+07:00,0.05589324235916138,335.35945415496826,335.29545415496824,334.148710912858,334.148710912858,0.40615540742874146,-4.618953587656659,2436.9324445724487,335.35945415496826,0.05589324235916138,0.0026944875717163086,16.16692543029785,16.16692543029785,3.1081853339787813,3.1081853339787813,77.83083603026772,5219.711422920227
849,44.044869613833725,,2026-06-30T15:12:14.379+07:00,0.05687016248703003,341.2209749221802,341.15697492218015,338.19516977484034,338.19516977484034,0.0009702444076538086,41.596865695356165,5.821466445922852,341.2209749221802,0.05687016248703003,0.0009769201278686523,5.861520767211914,5.861520767211914,4.04645886198233,4.04645886198233,46.21581928301282,-2431.110978126526
850,44.096556309843436,,2026-06-30T15:12:14.429+07:00,0.049507737159729004,297.046422958374,296.982422958374,316.5143267087557,316.5143267087557,-1.9268079996109009,-235.74058717671633,-11560.847997665405,297.046422958374,0.049507737159729004,-0.007362425327301025,-44.17455196380615,-44.17455196380615,-21.680843066084662,-21.680843066084662,-277.3374528720725,-11566.669464111328
851,44.14827437582426,,2026-06-30T15:12:14.479+07:00,0.049516141414642334,297.096848487854,297.032848487854,315.3742597820193,315.3742597820193,-1.9145889282226562,-170.41703547839595,-11487.533569335938,297.096848487854,0.049516141414642334,8.404254913330078e-06,0.05042552947998047,0.05042552947998047,-1.140066926736381,-1.140066926736381,65.32355169832039,73.31442832946777
852,44.200103516923264,,2026-06-30T15:12:14.555+07:00,0.0568697452545166,341.2184715270996,341.1544715270996,334.3905885056438,334.3905885056438,0.0004267096519470215,114.36516038302406,2.560257911682129,341.2184715270996,0.0568697452545166,0.007353603839874268,44.121623039245605,44.121623039245605,19.016328723624497,19.016328723624497,284.78219586142,11490.09382724762
853,44.25172674981877,,2026-06-30T15:12:14.606+07:00,0.056869566440582275,341.21739864349365,341.15339864349363,328.2464007884862,328.2464007884862,9.655952453613281e-06,33.66062942764887,0.05793571472167969,341.21739864349365,0.056869566440582275,-1.7881393432617188e-07,-0.0010728836059570312,-0.0010728836059570312,-6.1441877171575925,-6.1441877171575925,-80.70453095537519,-2.502322196960449
854,44.30405801883899,,2026-06-30T15:12:14.658+07:00,0.05687659978866577,341.25959873199463,341.1955987319946,335.71496208072836,335.71496208072836,0.010238885879516602,93.70800605650881,61.43331527709961,341.25959873199463,0.05687659978866577,7.033348083496094e-06,0.04220008850097656,0.04220008850097656,7.468561292242157,7.468561292242157,60.047376628859936,61.37537956237793
855,44.3555320489686,,2026-06-30T15:12:14.706+07:00,0.05639958381652832,338.3975028991699,338.3335028991699,337.868695685212,337.868695685212,0.5498319268226624,60.075865828479145,3298.991560935974,338.3975028991699,0.05639958381652832,-0.00047701597213745117,-2.862095832824707,-2.862095832824707,2.153733604483648,2.153733604483648,-33.63214022802966,3237.5582456588745
856,44.40719718881883,,2026-06-30T15:12:14.757+07:00,0.05687016248703003,341.2209749221802,341.15697492218015,339.6137431810571,339.6137431810571,0.0008956789970397949,45.41374276848724,5.3740739822387695,341.2209749221802,0.05687016248703003,0.000470578670501709,2.823472023010254,2.823472023010254,1.7450474958450855,1.7450474958450855,-14.662123059991906,-3293.6174869537354
857,44.45890657091513,,2026-06-30T15:12:14.807+07:00,0.05618554353713989,337.11326122283936,337.04926122283933,339.0664461133852,339.0664461133852,0.5059109330177307,5.925988408760439,3035.4655981063843,337.11326122283936,0.05618554353713989,-0.0006846189498901367,-4.10771369934082,-4.10771369934082,-0.5472970676718774,-0.5472970676718774,-39.4877543597268,3030.0915241241455
858,44.510844284901395,,2026-06-30T15:12:14.857+07:00,0.05716073513031006,342.96441078186035,342.90041078186033,340.88335952897154,340.88335952897154,0.6402748227119446,25.159398550575375,3841.6489362716675,342.96441078186035,0.05716073513031006,0.000975191593170166,5.851149559020996,5.851149559020996,1.8169134155863276,1.8169134155863276,19.233410141814936,806.1833381652832
859,44.56266766600311,,2026-06-30T15:12:14.908+07:00,0.056869566440582275,341.21739864349365,341.15339864349363,341.0393071176081,341.0393071176081,-8.749962580623105e-05,12.321275944422489,-0.5249977548373863,341.21739864349365,0.056869566440582275,-0.0002911686897277832,-1.7470121383666992,-1.7470121383666992,0.15594758863653624,0.15594758863653624,-12.838122606152886,-3842.173934026505
860,44.6145946579054,,2026-06-30T15:12:14.957+07:00,0.056869566440582275,341.21739864349365,341.15339864349363,341.239195453982,341.239195453982,-0.00022917987371329218,6.519161428949403,-1.375079242279753,341.21739864349365,0.056869566440582275,0.0,0.0,0.0,0.199888336373931,0.199888336373931,-5.802114515473086,-0.8500814874423668
861,44.666483871871606,,2026-06-30T15:12:15.008+07:00,0.0568881630897522,341.3289785385132,341.26497853851316,338.1771184823607,338.1771184823607,0.02725619077682495,-10.226949393619527,163.5371446609497,341.3289785385132,0.0568881630897522,1.8596649169921875e-05,0.11157989501953125,0.11157989501953125,-3.062076971621309,-3.062076971621309,-16.74611082256893,164.91222390322946
862,44.71820347593166,,2026-06-30T15:12:15.057+07:00,0.05688595771789551,341.31574630737305,341.251746307373,339.9305860387931,339.9305860387931,0.002035856246948242,15.651188693556467,12.215137481689453,341.31574630737305,0.05688595771789551,-2.205371856689453e-06,-0.013232231140136719,-0.013232231140136719,1.7534675564323834,1.7534675564323834,25.878138087175994,-151.32200717926025
863,44.76997809787281,,2026-06-30T15:12:15.109+07:00,0.056869566440582275,341.21739864349365,341.15339864349363,340.67296566936034,340.67296566936034,-0.0002291202690685168,14.364867380327807,-1.3747216144111007,341.21739864349365,0.056869566440582275,-1.6391277313232422e-05,-0.09834766387939453,-0.09834766387939453,0.7423796305672568,0.7423796305672568,-1.28632131322866,-13.589859096100554
864,44.82165197888389,,2026-06-30T15:12:15.160+07:00,0.055562734603881836,333.376407623291,333.312407623291,338.2060688548514,338.2060688548514,0.32203084230422974,-30.17023348953955,1932.1850538253784,333.376407623291,0.055562734603881836,-0.0013068318367004395,-7.840991020202637,-7.840991020202637,-2.466896814508914,-2.466896814508914,-44.53510086986736,1933.5597754397895
865,44.87333032395691,,2026-06-30T15:12:15.209+07:00,0.05707961320877075,342.4776792526245,342.4136792526245,340.35071450711024,340.35071450711024,0.4253852963447571,13.07664357552505,2552.3117780685425,342.4776792526245,0.05707961320877075,0.001516878604888916,9.101271629333496,9.101271629333496,2.1446456522588164,2.1446456522588164,43.2468770650646,620.1267242431641
866,44.92508118599653,,2026-06-30T15:12:15.259+07:00,0.056869685649871826,341.21811389923096,341.15411389923094,340.8145149353797,340.8145149353797,0.00017338991165161133,10.7322450621579,1.040339469909668,341.21811389923096,0.056869685649871826,-0.00020992755889892578,-1.2595653533935547,-1.2595653533935547,0.463800428269451,0.463800428269451,-2.3443985133671497,-2551.271438598633
867,44.97680253093131,,2026-06-30T15:12:15.309+07:00,0.056871771812438965,341.2306308746338,341.16663087463377,341.01485155771456,341.01485155771456,0.0033548474311828613,6.777364067112606,20.129084587097168,341.2306308746338,0.056871771812438965,2.086162567138672e-06,0.012516975402832031,0.012516975402832031,0.20033662233487348,0.20033662233487348,-3.9548809950452952,19.0887451171875
868,45.028816744918004,,2026-06-30T15:12:15.385+07:00,0.056870222091674805,341.2213325500488,341.1573325500488,341.1574193914661,341.1574193914661,0.0009856820106506348,2.660678338022715,5.914092063903809,341.2213325500488,0.056870222091674805,-1.5497207641601562e-06,-0.009298324584960938,-0.009298324584960938,0.14256783375151372,0.14256783375151372,-4.116685729089891,-14.21499252319336
869,45.08035868196748,,2026-06-30T15:12:15.435+07:00,0.05693715810775757,341.6229486465454,341.5589486465454,341.3204716885342,341.3204716885342,0.1048542857170105,3.288722526541603,629.125714302063,341.6229486465454,0.05693715810775757,6.693601608276367e-05,0.40161609649658203,0.40161609649658203,0.16305229706813407,0.16305229706813407,0.6280441885188881,623.2116222381592
870,45.13192072999664,,2026-06-30T15:12:15.486+07:00,0.0569116473197937,341.4698839187622,341.4058839187622,341.3126009323876,341.3126009323876,0.06297504901885986,1.546322632673126,377.8502941131592,341.4698839187622,0.0569116473197937,-2.5510787963867188e-05,-0.15306472778320312,-0.15306472778320312,-0.00787075614658761,-0.00787075614658761,-1.742399893868477,-251.2754201889038
871,45.183817555895075,,2026-06-30T15:12:15.536+07:00,0.05636489391326904,338.18936347961426,338.12536347961424,340.1608493031936,340.1608493031936,0.4982152581214905,-15.274064519961662,2989.291548728943,338.18936347961426,0.05636489391326904,-0.0005467534065246582,-3.280520439147949,-3.280520439147949,-1.1517516291940524,-1.1517516291940524,-16.820387152634787,2611.4412546157837
872,45.23554647387937,,2026-06-30T15:12:15.585+07:00,0.056869566440582275,341.21739864349365,341.15339864349363,340.74559971551366,340.74559971551366,-0.00022822619939688593,0.08165579278335233,-1.3693571963813156,341.21739864349365,0.056869566440582275,0.0005046725273132324,3.0280351638793945,3.0280351638793945,0.5847504123200906,0.5847504123200906,15.355720312745014,-2990.660905925324
873,45.28750405786559,,2026-06-30T15:12:15.634+07:00,0.05686992406845093,341.21954441070557,341.15554441070555,341.0122020218104,341.0122020218104,0.0005838274955749512,2.848132746306174,3.502964973449707,341.21954441070557,0.05686992406845093,3.5762786865234375e-07,0.0021457672119140625,0.0021457672119140625,0.26660230629676107,0.26660230629676107,2.7664769535228215,4.872322169831023
874,45.33923197700642,,2026-06-30T15:12:15.686+07:00,0.05688375234603882,341.3025140762329,341.2385140762329,341.1265438048756,341.1265438048756,0.020700573921203613,2.5255870024896825,124.20344352722168,341.3025140762329,0.05688375234603882,1.3828277587890625e-05,0.08296966552734375,0.08296966552734375,0.11434178306518561,0.11434178306518561,-0.32254574381649137,120.70047855377197
875,45.390898228855804,,2026-06-30T15:12:15.736+07:00,0.05687427520751953,341.2456512451172,341.18165124511717,339.8228383685714,339.8228383685714,0.006909728050231934,-5.992600402344614,41.4583683013916,341.2456512451172,0.05687427520751953,-9.47713851928711e-06,-0.056862831115722656,-0.056862831115722656,-1.3037054363041989,-1.3037054363041989,-8.518187404834297,-82.74507522583008
876,45.442693553864956,,2026-06-30T15:12:15.785+07:00,0.05477762222290039,328.66573333740234,328.6017333374023,336.20238480789317,336.20238480789317,0.32664358615875244,-58.943062869052206,1959.8615169525146,328.66573333740234,0.05477762222290039,-0.0020966529846191406,-12.579917907714844,-12.579917907714844,-3.620453560678243,-3.620453560678243,-52.95046246670759,1918.403148651123
877,45.49435482383706,,2026-06-30T15:12:15.836+07:00,0.05688661336898804,341.3196802139282,341.2556802139282,339.1052044402559,339.1052044402559,-2.6784884929656982,7.121442427294223,-16070.93095779419,341.3196802139282,0.05688661336898804,0.0021089911460876465,12.653946876525879,12.653946876525879,2.902819632362707,2.902819632362707,66.06450529634643,-18030.792474746704
878,45.54621311300434,,2026-06-30T15:12:15.886+07:00,0.056896865367889404,341.3811922073364,341.3171922073364,340.3453643399707,340.3453643399707,0.04021346569061279,16.977162630756762,241.28079414367676,341.3811922073364,0.056896865367889404,1.0251998901367188e-05,0.061511993408203125,0.061511993408203125,1.2401598997147971,1.2401598997147971,9.855720203462539,16312.211751937866
879,45.5980706049595,,2026-06-30T15:12:15.936+07:00,0.05687284469604492,341.23706817626953,341.1730681762695,340.81888848672673,340.81888848672673,0.004793286323547363,12.351197523003089,28.75971794128418,341.23706817626953,0.05687284469604492,-2.4020671844482422e-05,-0.14412403106689453,-0.14412403106689453,0.4735241467560627,0.4735241467560627,-4.625965107753673,-212.52107620239258
880,45.65002689301036,,2026-06-30T15:12:15.986+07:00,0.056870460510253906,341.22276306152344,341.1587630615234,341.203515241046,341.203515241046,0.001395583152770996,8.497523938065005,8.373498916625977,341.22276306152344,0.056870460510253906,-2.384185791015625e-06,-0.01430511474609375,-0.01430511474609375,0.38462675431924254,0.38462675431924254,-3.8536735849380843,-20.386219024658203
881,45.701977255987,,2026-06-30T15:12:16.036+07:00,0.05687224864959717,341.233491897583,341.169491897583,341.21063431209507,341.21063431209507,0.004018247127532959,3.52426537292073,24.109482765197754,341.233491897583,0.05687224864959717,1.7881393432617188e-06,0.010728836059570312,0.010728836059570312,0.007119071049089598,0.007119071049089598,-4.973258565144274,15.735983848571777
882,45.75402424694039,,2026-06-30T15:12:16.086+07:00,0.056872665882110596,341.2359952926636,341.17199529266355,341.1859608285099,341.1859608285099,0.004577219486236572,1.2300257381458337,27.463316917419434,341.2359952926636,0.056872665882110596,4.172325134277344e-07,0.0025033950805664062,0.0025033950805664062,-0.024673483585161193,-0.024673483585161193,-2.2942396347748963,3.3538341522216797
883,45.80577872088179,,2026-06-30T15:12:16.161+07:00,0.056869566440582275,341.21739864349365,341.15339864349363,341.2063569775578,341.2063569775578,-6.461144221248105e-05,0.4307753344333045,-0.3876686532748863,341.21739864349365,0.056869566440582275,-3.0994415283203125e-06,-0.018596649169921875,-0.018596649169921875,0.020396149047883227,0.020396149047883227,-0.7992504037125292,-27.85098557069432
884,45.85739037999883,,2026-06-30T15:12:16.212+07:00,0.05691838264465332,341.5102958679199,341.4462958679199,341.29179338464456,341.29179338464456,0.0737261176109314,1.3554434216369007,442.3567056655884,341.5102958679199,0.05691838264465332,4.881620407104492e-05,0.29289722442626953,0.29289722442626953,0.08543640708677458,0.08543640708677458,0.9246680872035962,442.74437431886327
885,45.9089967799373,,2026-06-30T15:12:16.262+07:00,0.056869566440582275,341.21739864349365,341.15339864349363,341.30413304732417,341.30413304732417,0.0001367330551147461,0.21588435747707302,0.8203983306884766,341.21739864349365,0.056869566440582275,-4.881620407104492e-05,-0.29289722442626953,-0.29289722442626953,0.012339662679607954,0.012339662679607954,-1.1395590641598277,-441.5363073348999
886,45.96061671781354,,2026-06-30T15:12:16.312+07:00,0.057157814502716064,342.9468870162964,342.88288701629637,341.822404859593,341.822404859593,0.6839139461517334,7.95902306740621,4103.4836769104,342.9468870162964,0.057157814502716064,0.00028824806213378906,1.7294883728027344,1.7294883728027344,0.5182718122688357,0.5182718122688357,7.743138709929137,4102.663278579712
887,46.012324766023085,,2026-06-30T15:12:16.367+07:00,0.05687832832336426,341.26996994018555,341.2059699401855,341.3013335635349,341.3013335635349,0.012854695320129395,-0.9456761123365589,77.12817192077637,341.26996994018555,0.05687832832336426,-0.00027948617935180664,-1.6769170761108398,-1.6769170761108398,-0.5210712960580963,-0.5210712960580963,-8.904699179742769,-4026.355504989624
888,46.064476830884814,,2026-06-30T15:12:16.419+07:00,0.054103314876556396,324.6198892593384,324.55588925933836,335.58104671129036,335.58104671129036,0.3625626564025879,-76.34135657498199,2175.3759384155273,324.6198892593384,0.054103314876556396,-0.0027750134468078613,-16.650080680847168,-16.650080680847168,-5.720286852244556,-5.720286852244556,-75.39568046264543,2098.247766494751
889,46.11617104592733,,2026-06-30T15:12:16.467+07:00,0.057054758071899414,342.3285484313965,342.26454843139646,339.3880474542549,339.3880474542549,0.32411009073257446,11.549848286564469,1944.6605443954468,342.3285484313965,0.057054758071899414,0.0029514431953430176,17.708659172058105,17.708659172058105,3.807000742964533,3.807000742964533,87.89120486154646,-230.71539402008057
890,46.16812287084758,,2026-06-30T15:12:16.520+07:00,0.0568881630897522,341.3289785385132,341.26497853851316,340.4659544902453,340.4659544902453,0.027323544025421143,16.268572470735105,163.94126415252686,341.3289785385132,0.0568881630897522,-0.0001665949821472168,-0.9995698928833008,-0.9995698928833008,1.0779070359903926,1.0779070359903926,4.718724184170636,-1780.71928024292
891,46.21975375292823,,2026-06-30T15:12:16.567+07:00,0.05689424276351929,341.3654565811157,341.3014565811157,340.76816243402055,340.76816243402055,0.4956892728805542,11.357836814891899,2974.135637283325,341.3654565811157,0.05689424276351929,6.079673767089844e-06,0.03647804260253906,0.03647804260253906,0.30220794377527227,0.30220794377527227,-4.910735655843206,2810.1943731307983
892,46.2713980039116,,2026-06-30T15:12:16.619+07:00,0.05683410167694092,341.0046100616455,340.9406100616455,340.91892659290846,340.91892659290846,0.5086458325386047,6.150370589027391,3051.8749952316284,341.0046100616455,0.05683410167694092,-6.014108657836914e-05,-0.36084651947021484,-0.36084651947021484,0.15076415888790962,0.15076415888790962,-5.207466225864508,77.73935794830322
893,46.32300055283122,,2026-06-30T15:12:16.667+07:00,0.05615639686584473,336.93838119506836,336.87438119506834,339.5572476175534,339.5572476175534,0.46289926767349243,-19.237667189040373,2777.3956060409546,336.93838119506836,0.05615639686584473,-0.0006777048110961914,-4.066228866577148,-4.066228866577148,-1.361678975355062,-1.361678975355062,-25.388037778067762,-274.4793891906738
894,46.3745938600041,,2026-06-30T15:12:16.717+07:00,0.056869566440582275,341.21739864349365,341.15339864349363,340.75719583789873,340.75719583789873,-0.0002436638023937121,3.4840535785593416,-1.4619828143622726,341.21739864349365,0.056869566440582275,0.0007131695747375488,4.279017448425293,4.279017448425293,1.199948220345334,1.199948220345334,22.721720767599713,-2778.857588855317
895,46.426293703960255,,2026-06-30T15:12:16.769+07:00,0.056869566440582275,341.21739864349365,341.15339864349363,341.1875325206031,341.1875325206031,-0.0002360344078624621,5.037177084542633,-1.4162064471747726,341.21739864349365,0.056869566440582275,0.0,0.0,0.0,0.43033668270436465,0.43033668270436465,1.5531235059832915,0.0457763671875
896,46.47819310403429,,2026-06-30T15:12:16.818+07:00,0.05701345205307007,342.0807123184204,342.0167123184204,341.46997999279677,341.46997999279677,0.23339921236038208,6.337001782013482,1400.3952741622925,342.0807123184204,0.05701345205307007,0.00014388561248779297,0.8633136749267578,0.8633136749267578,0.2824474721936667,0.2824474721936667,1.2998246974708492,1401.8114806094673
897,46.53001283691265,,2026-06-30T15:12:16.868+07:00,0.056874752044677734,341.2485122680664,341.1845122680664,341.2992644372764,341.2992644372764,0.007601797580718994,0.8240375432946108,45.610785484313965,341.2485122680664,0.056874752044677734,-0.00013870000839233398,-0.8322000503540039,-0.8322000503540039,-0.17071555552035989,-0.17071555552035989,-5.5129642387188715,-1354.7844886779785
898,46.58162277401425,,2026-06-30T15:12:16.918+07:00,0.05687081813812256,341.22490882873535,341.16090882873533,341.21960815436427,341.21960815436427,0.001984119415283203,-0.5411158530106663,11.904716491699219,341.22490882873535,0.05687081813812256,-3.933906555175781e-06,-0.023603439331054688,-0.023603439331054688,-0.07965628291213989,-0.07965628291213989,-1.365153396305277,-33.706068992614746
899,46.633186988998204,,2026-06-30T15:12:16.972+07:00,0.056869566440582275,341.21739864349365,341.15339864349363,341.3344109615992,341.3344109615992,-0.00014650823140982538,0.2816370768193246,-0.8790493884589523,341.21739864349365,0.056869566440582275,-1.2516975402832031e-06,-0.007510185241699219,-0.007510185241699219,0.11480280723492342,0.11480280723492342,0.8227529298299909,-12.783765880158171
900,46.68477825890295,,2026-06-30T15:12:17.021+07:00,0.05687427520751953,341.2456512451172,341.18165124511717,341.420140632504,341.420140632504,-3.674243927001953,0.37898599707463143,-22045.46356201172,341.2456512451172,0.05687427520751953,4.708766937255859e-06,0.028252601623535156,0.028252601623535156,0.08572967090481143,0.08572967090481143,0.09734892025530684,-22044.58451262326
901,46.736371289007366,,2026-06-30T15:12:17.071+07:00,0.05690121650695801,341.40729904174805,341.343299041748,341.3990336711163,341.3990336711163,0.042895495891571045,-0.19380408772779045,257.37297534942627,341.40729904174805,0.05690121650695801,2.6941299438476562e-05,0.16164779663085938,0.16164779663085938,-0.021106961387715728,-0.021106961387715728,-0.5727900848024219,22302.836537361145
902,46.787953577935696,,2026-06-30T15:12:17.120+07:00,0.056889891624450684,341.3393497467041,341.2753497467041,341.29986232878787,341.29986232878787,0.029857337474822998,-1.0204581382088245,179.144024848938,341.3393497467041,0.056889891624450684,-1.1324882507324219e-05,-0.06794929504394531,-0.06794929504394531,-0.09917134232841818,-0.09917134232841818,-0.826654050481034,-78.22895050048828
903,46.83992010704242,,2026-06-30T15:12:17.195+07:00,0.05687063932418823,341.2238359451294,341.1598359451294,340.91468888517386,340.91468888517386,0.0016494393348693848,-3.3953985215146716,9.896636009216309,341.2238359451294,0.05687063932418823,-1.9252300262451172e-05,-0.11551380157470703,-0.11551380157470703,-0.38517344361400774,-0.38517344361400774,-2.374940383305847,-169.24738883972168
904,46.89143658103421,,2026-06-30T15:12:17.246+07:00,0.05687350034713745,341.2410020828247,341.1770020828247,341.1606341116947,341.1606341116947,0.005799353122711182,0.756932182884632,34.79611873626709,341.2410020828247,0.05687350034713745,2.86102294921875e-06,0.0171661376953125,0.0171661376953125,0.2459452265208597,0.2459452265208597,4.152330704399303,24.89948272705078
905,46.94313666597009,,2026-06-30T15:12:17.296+07:00,0.0569881796836853,341.9290781021118,341.8650781021118,341.4057875203453,341.4057875203453,0.426422119140625,3.8385540962000935,2558.53271484375,341.9290781021118,0.0569881796836853,0.00011467933654785156,0.6880760192871094,0.6880760192871094,0.24515340865059443,0.24515340865059443,3.0816219133154616,2523.736596107483
906,46.99498434388079,,2026-06-30T15:12:17.347+07:00,0.05701714754104614,342.10288524627686,342.03888524627683,341.5701973359579,341.5701973359579,0.30628150701522827,4.344822704033845,1837.6890420913696,342.10288524627686,0.05701714754104614,2.8967857360839844e-05,0.17380714416503906,0.17380714416503906,0.1644098156126006,0.1644098156126006,0.5062686078337517,-720.8436727523804
907,47.04657850298099,,2026-06-30T15:12:17.397+07:00,0.056961119174957275,341.76671504974365,341.70271504974363,341.52322131936944,341.52322131936944,0.1482994556427002,1.9462741935426886,889.7967338562012,341.76671504974365,0.056961119174957275,-5.602836608886719e-05,-0.3361701965332031,-0.3361701965332031,-0.04697601658847361,-0.04697601658847361,-2.398548510491157,-947.8923082351685
908,47.099071067990735,,2026-06-30T15:12:17.452+07:00,0.05693197250366211,341.59183502197266,341.52783502197263,341.44094553753916,341.44094553753916,0.095988929271698,0.22233869568656595,575.933575630188,341.59183502197266,0.05693197250366211,-2.9146671295166016e-05,-0.1748800277709961,-0.1748800277709961,-0.08227578183027617,-0.08227578183027617,-1.7239354978561225,-313.8631582260132
909,47.15129452198744,,2026-06-30T15:12:17.489+07:00,0.057023048400878906,342.13829040527344,342.0742904052734,341.66261624124616,341.66261624124616,0.30010509490966797,2.2621371096573486,1800.6305694580078,342.13829040527344,0.057023048400878906,9.107589721679688e-05,0.5464553833007812,0.5464553833007812,0.22167070370699093,0.22167070370699093,2.0397984139707828,1224.6969938278198
910,47.205008565913886,,2026-06-30T15:12:17.552+07:00,0.056878089904785156,341.26853942871094,341.2045394287109,341.3864423533701,341.3864423533701,0.012408196926116943,-1.4461246404228725,74.44918155670166,341.26853942871094,0.056878089904785156,-0.00014495849609375,-0.8697509765625,-0.8697509765625,-0.27617388787604114,-0.27617388787604114,-3.7082617500802213,-1726.1813879013062
911,47.256619374034926,,2026-06-30T15:12:17.604+07:00,0.04950815439224243,297.0489263534546,296.98492635345457,325.79289430940275,325.79289430940275,-1.926210641860962,-217.35602652807805,-11557.263851165771,297.0489263534546,0.04950815439224243,-0.007369935512542725,-44.21961307525635,-44.21961307525635,-15.59354804396736,-15.59354804396736,-215.90990188765517,-11631.713032722473
912,47.30852506891824,,2026-06-30T15:12:17.657+07:00,0.05505812168121338,330.3487300872803,330.28473008728025,330.85955156766556,330.85955156766556,-2.860670328140259,-51.254218279478714,-17164.021968841553,330.3487300872803,0.05505812168121338,0.005549967288970947,33.299803733825684,33.299803733825684,5.066657258262808,5.066657258262808,166.10180824859933,-5606.758117675781
913,47.360644375905395,,2026-06-30T15:12:17.707+07:00,0.05686962604522705,341.2177562713623,341.1537562713623,337.0028112932591,337.0028112932591,0.00015121698379516602,45.328562555125984,0.9073019027709961,341.2177562713623,0.05686962604522705,0.0018115043640136719,10.869026184082031,10.869026184082031,6.143259725593509,6.143259725593509,96.5827808346047,17164.929270744324
914,47.413404828868806,,2026-06-30T15:12:17.769+07:00,0.056882500648498535,341.2950038909912,341.2310038909912,339.15543786966856,339.15543786966856,0.018904149532318115,38.897606632980015,113.42489719390869,341.2950038909912,0.056882500648498535,1.2874603271484375e-05,0.07724761962890625,0.07724761962890625,2.1526265764094887,2.1526265764094887,-6.430955922145969,112.5175952911377
915,47.46773568703793,,2026-06-30T15:12:17.800+07:00,0.05687224864959717,341.233491897583,341.169491897583,339.86035677943863,339.86035677943863,0.0018873214721679688,33.298210250149864,11.323928833007812,341.233491897583,0.05687224864959717,-1.0251998901367188e-05,-0.061511993408203125,-0.061511993408203125,0.7049189097700719,0.7049189097700719,-5.59939638283015,-102.10096836090088
916,47.5197996229399,,2026-06-30T15:12:17.856+07:00,0.05319899320602417,319.193959236145,319.129959236145,332.8988846633584,332.8988846633584,-3.8579161167144775,-82.81920747685903,-23147.496700286865,319.193959236145,0.05319899320602417,-0.003673255443572998,-22.03953266143799,-22.03953266143799,-6.961472116080245,-6.961472116080245,-116.1174177270089,-23158.820629119873
917,47.571478152880445,,2026-06-30T15:12:17.904+07:00,0.056869566440582275,341.21739864349365,341.15339864349363,337.66838865743017,337.66838865743017,-0.00023626163601875305,19.327737482356355,-1.4175698161125183,341.21739864349365,0.056869566440582275,0.0036705732345581055,22.023439407348633,22.023439407348633,4.769503994071783,4.769503994071783,102.14694495921539,23146.079130470753
918,47.62334638601169,,2026-06-30T15:12:17.955+07:00,0.056869566440582275,341.21739864349365,341.15339864349363,339.82596605047286,339.82596605047286,-0.00022870303655508906,30.909517668654065,-1.3722182193305343,341.21739864349365,0.056869566440582275,0.0,0.0,0.0,2.1575773930426863,2.1575773930426863,11.58178018629771,0.04535159678198397
919,47.6756416358985,,2026-06-30T15:12:18.031+07:00,0.05463719367980957,327.8231620788574,327.7591620788574,335.2588715101272,335.2588715101272,0.045517921447753906,-58.382782475251815,273.10752868652344,327.8231620788574,0.05463719367980957,-0.002232372760772705,-13.39423656463623,-13.39423656463623,-4.567094540345636,-4.567094540345636,-89.29230014390588,274.479746905854
920,47.727708886843175,,2026-06-30T15:12:18.082+07:00,0.056869566440582275,341.21739864349365,341.15339864349363,328.61333171822054,328.61333171822054,-0.00024336577916983515,-46.20475599816601,-1.460194675019011,341.21739864349365,0.056869566440582275,0.002232372760772705,13.39423656463623,13.39423656463623,-6.645539791906685,-6.645539791906685,12.178026477085808,-274.56772336154245
921,47.77934952802025,,2026-06-30T15:12:18.134+07:00,0.05711019039154053,342.66114234924316,342.59714234924314,336.3611001869589,336.3611001869589,0.5767447352409363,64.03832520235855,3460.4684114456177,342.66114234924316,0.05711019039154053,0.00024062395095825195,1.4437437057495117,1.4437437057495117,7.747768468738343,7.747768468738343,110.24308120052456,3461.9286061206367
922,47.83118676091544,,2026-06-30T15:12:18.182+07:00,0.05664646625518799,339.87879753112793,339.8147975311279,338.6601421562797,338.6601421562797,1.2664521932601929,51.775077817492665,7598.713159561157,339.87879753112793,0.05664646625518799,-0.00046372413635253906,-2.7823448181152344,-2.7823448181152344,2.299041969320797,2.299041969320797,-12.263247384865885,4138.24474811554
923,47.882841808954254,,2026-06-30T15:12:18.233+07:00,0.056869566440582275,341.21739864349365,341.15339864349363,340.20788158864275,340.20788158864275,-0.00023579598928336054,38.06724952718578,-1.4147759357001632,341.21739864349365,0.056869566440582275,0.0002231001853942871,1.3386011123657227,1.3386011123657227,1.5477394323630733,1.5477394323630733,-13.707828290306885,-7600.127935496857
924,47.93435717187822,,2026-06-30T15:12:18.286+07:00,0.056869566440582275,341.21739864349365,341.15339864349363,340.8701002535082,340.8701002535082,5.459785461425781e-05,22.318788926353633,0.3275871276855469,341.21739864349365,0.056869566440582275,0.0,0.0,0.0,0.6622186648654633,0.6622186648654633,-15.748460600832146,1.7423630633857101
925,47.98590292385779,,2026-06-30T15:12:18.336+07:00,0.056869566440582275,341.21739864349365,341.15339864349363,341.03622724426845,341.03622724426845,-0.0002359748032176867,11.269139022883726,-1.4158488193061203,341.21739864349365,0.056869566440582275,0.0,0.0,0.0,0.16612699076023318,0.16612699076023318,-11.049649903469907,-1.7434359469916672
926,48.03765032393858,,2026-06-30T15:12:18.385+07:00,0.05687582492828369,341.25494956970215,341.1909495697021,341.117036551494,341.117036551494,0.009084641933441162,5.70929268953504,54.50785160064697,341.25494956970215,0.05687582492828369,6.258487701416016e-06,0.037550926208496094,0.037550926208496094,0.08080930722553603,0.08080930722553603,-5.559846333348686,55.92370041995309
927,48.08919927896932,,2026-06-30T15:12:18.435+07:00,0.056889891624450684,341.3393497467041,341.2753497467041,341.2650078581101,341.2650078581101,0.029834449291229248,3.741974110134828,179.0066957473755,341.3393497467041,0.056889891624450684,1.4066696166992188e-05,0.08440017700195312,0.08440017700195312,0.1479713066161139,0.1479713066161139,-1.9673185794002124,124.49884414672852
928,48.14101330889389,,2026-06-30T15:12:18.485+07:00,0.056869566440582275,341.21739864349365,341.15339864349363,341.2762186529792,341.2762186529792,8.392333984375e-05,1.2195354828786065,0.5035400390625,341.21739864349365,0.056869566440582275,-2.0325183868408203e-05,-0.12195110321044922,-0.12195110321044922,0.011210794869100482,0.011210794869100482,-2.5224386272562214,-178.503155708313
929,48.192666745977476,,2026-06-30T15:12:18.536+07:00,0.05687063932418823,341.2238359451294,341.1598359451294,335.9600452964568,335.9600452964568,-2.7016685009002686,-22.647690726248314,-16210.011005401611,341.2238359451294,0.05687063932418823,1.0728836059570312e-06,0.0064373016357421875,0.0064373016357421875,-5.31617335652237,-5.31617335652237,-23.86722620912692,-16210.514545440674
930,48.24440099694766,,2026-06-30T15:12:18.586+07:00,0.05687016248703003,341.2209749221802,341.15697492218015,336.61231777575347,336.61231777575347,0.000873267650604248,10.011110205820572,5.239605903625488,341.2209749221802,0.05687016248703003,-4.76837158203125e-07,-0.00286102294921875,-0.00286102294921875,0.6522724792966414,0.6522724792966414,32.658800932068885,16215.250611305237
931,48.29623063793406,,2026-06-30T15:12:18.640+07:00,0.056869566440582275,341.21739864349365,341.15339864349363,339.2356869406147,339.2356869406147,-0.0002368092827964574,30.939967597513125,-1.4208556967787445,341.21739864349365,0.056869566440582275,-5.960464477539062e-07,-0.0035762786865234375,-0.0035762786865234375,2.6233691648612307,2.6233691648612307,20.928857391692553,-6.660461600404233
932,48.3485370548442,,2026-06-30T15:12:18.696+07:00,0.05687063932418823,341.2238359451294,341.1598359451294,340.34541850459976,340.34541850459976,0.0015138983726501465,24.158477267224995,9.083390235900879,341.2238359451294,0.05687063932418823,1.0728836059570312e-06,0.0064373016357421875,0.0064373016357421875,1.109731563985065,1.109731563985065,-6.781490330288129,10.504245932679623
933,48.40123172989115,,2026-06-30T15:12:18.750+07:00,0.056871116161346436,341.2266969680786,341.1626969680786,340.8152814484157,340.8152814484157,0.00237119197845459,14.971351455386223,14.227151870727539,341.2266969680786,0.056871116161346436,4.76837158203125e-07,0.00286102294921875,0.00286102294921875,0.46986294381594007,0.46986294381594007,-9.187125811838772,5.14376163482666
934,48.453404591884464,,2026-06-30T15:12:18.800+07:00,0.05702221393585205,342.1332836151123,342.0692836151123,341.33387012020376,341.33387012020376,0.36197370290756226,13.215866174054927,2171.8422174453735,342.1332836151123,0.05702221393585205,0.00015109777450561523,0.9065866470336914,0.9065866470336914,0.5185886717880521,0.5185886717880521,-1.7554852813312962,2157.615065574646
935,48.50578393484466,,2026-06-30T15:12:18.856+07:00,0.056869566440582275,341.21739864349365,341.15339864349363,341.2381906781161,341.2381906781161,-0.00023639203573111445,4.623234129359929,-1.4183522143866867,341.21739864349365,0.056869566440582275,-0.0001526474952697754,-0.9158849716186523,-0.9158849716186523,-0.09567944208765766,-0.09567944208765766,-8.592632044694998,-2173.26056965976
936,48.55767753883265,,2026-06-30T15:12:18.914+07:00,0.056869566440582275,341.21739864349365,341.15339864349363,341.35113035495726,341.35113035495726,-0.00024408103490713984,2.203514383462383,-1.464486209442839,341.21739864349365,0.056869566440582275,0.0,0.0,0.0,0.11293967684116524,0.11293967684116524,-2.419719745897546,-0.046133995056152344
937,48.60954447486438,,2026-06-30T15:12:18.961+07:00,0.056869566440582275,341.21739864349365,341.15339864349363,341.23921838111033,341.23921838111033,1.6570091247558594e-05,-0.37659231602157284,0.09942054748535156,341.21739864349365,0.056869566440582275,0.0,0.0,0.0,-0.11191197384692941,-0.11191197384692941,-2.580106699483956,1.5639067569281906
938,48.6612678009551,,2026-06-30T15:12:19.011+07:00,0.05472588539123535,328.3553123474121,328.2913123474121,336.68939176513027,336.68939176513027,0.1896485537290573,-65.89453380095615,1137.8913223743439,328.3553123474121,0.05472588539123535,-0.002143681049346924,-12.862086296081543,-12.862086296081543,-4.549826615980066,-4.549826615980066,-65.51794148493458,1137.7919018268585
939,48.71300442283973,,2026-06-30T15:12:19.062+07:00,0.056869566440582275,341.21739864349365,341.15339864349363,339.2835464450687,339.2835464450687,-0.00022941830684430897,0.4029097187251267,-1.3765098410658538,341.21739864349365,0.056869566440582275,0.002143681049346924,12.862086296081543,12.862086296081543,2.5941546799384128,2.5941546799384128,66.29744351968128,-1139.2678322154097
940,48.76516137691215,,2026-06-30T15:12:19.114+07:00,0.05692565441131592,341.5539264678955,341.4899264678955,340.4811708281997,340.4811708281997,0.07556504011154175,13.489865029946547,453.3902406692505,341.5539264678955,0.05692565441131592,5.608797073364258e-05,0.33652782440185547,0.33652782440185547,1.1976243831310285,1.1976243831310285,13.08695531122142,454.76675051031634
941,48.81702612899244,,2026-06-30T15:12:19.164+07:00,0.048134803771972656,288.80882263183594,288.7448226318359,322.5263807874518,322.5263807874518,-1.4806525707244873,-264.57925836263183,-8883.915424346924,288.80882263183594,0.048134803771972656,-0.008790850639343262,-52.74510383605957,-52.74510383605957,-17.954790040747923,-17.954790040747923,-278.0691233925784,-9337.305665016174
942,48.868702379986644,,2026-06-30T15:12:19.216+07:00,0.056869566440582275,341.21739864349365,341.15339864349363,333.28348359931596,333.28348359931596,3.8623809814453125e-05,2.09297625533857,0.23174285888671875,341.21739864349365,0.056869566440582275,0.00873476266860962,52.408576011657715,52.408576011657715,10.757102811864172,10.757102811864172,266.6722346179704,8884.14716720581
943,48.920319539960474,,2026-06-30T15:12:19.265+07:00,0.056932687759399414,341.5961265563965,341.53212655639646,337.9609143068446,337.9609143068446,0.0970526933670044,54.81017985827849,582.3161602020264,341.5961265563965,0.056932687759399414,6.312131881713867e-05,0.37872791290283203,0.37872791290283203,4.677430707528629,4.677430707528629,52.71720360293992,582.0844173431396
944,48.97191873588599,,2026-06-30T15:12:19.315+07:00,0.056869566440582275,341.21739864349365,341.15339864349363,339.8058757767013,339.8058757767013,-0.0001844763901317492,43.55312493905178,-1.1068583407904953,341.21739864349365,0.056869566440582275,-6.312131881713867e-05,-0.37872791290283203,-0.37872791290283203,1.8449614698567416,1.8449614698567416,-11.25705491922671,-583.4230185428169
945,49.02381645003334,,2026-06-30T15:12:19.367+07:00,0.0568697452545166,341.2184715270996,341.1544715270996,340.6038095024841,340.6038095024841,0.00036662817001342773,26.675043509525604,2.1997690200805664,341.2184715270996,0.0568697452545166,1.7881393432617188e-07,0.0010728836059570312,0.0010728836059570312,0.7979337257827979,0.7979337257827979,-16.878081429526173,3.3066273608710617
946,49.07543447986245,,2026-06-30T15:12:19.416+07:00,0.0568731427192688,341.2388563156128,341.1748563156128,335.9695506054215,335.9695506054215,0.0053730010986328125,-14.57824715263915,32.238006591796875,341.2388563156128,0.0568731427192688,3.3974647521972656e-06,0.020384788513183594,0.020384788513183594,-4.634258897062637,-4.634258897062637,-41.25329066216476,30.03823757171631
947,49.127745582023636,,2026-06-30T15:12:19.467+07:00,0.056869566440582275,341.21739864349365,341.15339864349363,336.6546231965483,336.6546231965483,-0.0002450943284202367,12.694762584851269,-1.4705659705214202,341.21739864349365,0.056869566440582275,-3.5762786865234375e-06,-0.021457672119140625,-0.021457672119140625,0.6850725911268114,0.6850725911268114,27.27300973749042,-33.708572562318295
948,49.17931522289291,,2026-06-30T15:12:19.517+07:00,0.056869566440582275,341.21739864349365,341.15339864349363,339.26202245627286,339.26202245627286,-0.00021547080541495234,34.4436624477307,-1.292824832489714,341.21739864349365,0.056869566440582275,0.0,0.0,0.0,2.607399259724559,2.607399259724559,21.748899862879433,0.17774113803170621
949,49.231010529911146,,2026-06-30T15:12:19.567+07:00,0.056967854499816895,341.80712699890137,341.74312699890135,340.56069712878553,340.56069712878553,0.16171538829803467,29.84861269532824,970.292329788208,341.80712699890137,0.056967854499816895,9.828805923461914e-05,0.5897283554077148,0.5897283554077148,1.298674672512675,1.298674672512675,-4.595049752402463,971.5851546206977
950,49.28288137400523,,2026-06-30T15:12:19.619+07:00,0.056869566440582275,341.21739864349365,341.15339864349363,340.4816984123963,340.4816984123963,-0.000230491190450266,14.444447859742954,-1.382947142701596,341.21739864349365,0.056869566440582275,-9.828805923461914e-05,-0.5897283554077148,-0.5897283554077148,-0.07899871638920786,-0.07899871638920786,-15.404164835585284,-971.6752769309096
951,49.33444927399978,,2026-06-30T15:12:19.669+07:00,0.054733872413635254,328.4032344818115,328.3392344818115,336.58471291561744,336.58471291561744,0.19830505549907684,-53.876647947301464,1189.830332994461,328.4032344818115,0.054733872413635254,-0.0021356940269470215,-12.814164161682129,-12.814164161682129,-3.896985496778882,-3.896985496778882,-68.32109580704441,1191.2132801371627
952,49.386182544985786,,2026-06-30T15:12:19.719+07:00,0.05682075023651123,340.9245014190674,340.86050141906736,339.1208589759371,339.1208589759371,0.6128190159797668,4.762386005930701,3676.914095878601,340.9245014190674,0.05682075023651123,0.0020868778228759766,12.52126693725586,12.52126693725586,2.536146060319652,2.536146060319652,58.639033953232165,2487.08376288414
953,49.437874963041395,,2026-06-30T15:12:19.794+07:00,0.056869566440582275,341.21739864349365,341.15339864349363,330.2068679259012,330.2068679259012,0.00012010335922241211,5.391799048312805,0.7206201553344727,341.21739864349365,0.056869566440582275,4.881620407104492e-05,0.29289722442626953,0.29289722442626953,-8.913991050035918,-8.913991050035918,0.6294130423821045,-3676.1934757232666
954,49.48950680694543,,2026-06-30T15:12:19.845+07:00,0.05474597215652466,328.47583293914795,328.4118329391479,332.0689414187898,332.0689414187898,0.3790417015552521,10.319219081354824,2274.2502093315125,328.47583293914795,0.05474597215652466,-0.002123594284057617,-12.741565704345703,-12.741565704345703,1.8620734928886122,1.8620734928886122,4.927420033042019,2273.529589176178
955,49.541143317939714,,2026-06-30T15:12:19.895+07:00,0.05687582492828369,341.25494956970215,341.1909495697021,337.3630991554598,337.3630991554598,0.00916522741317749,62.425866052394646,54.99136447906494,341.25494956970215,0.05687582492828369,0.002129852771759033,12.7791166305542,12.7791166305542,5.294157736670002,5.294157736670002,52.10664697103982,-2219.2588448524475
956,49.592737718019634,,2026-06-30T15:12:19.947+07:00,0.056869566440582275,341.21739864349365,341.15339864349363,339.56216715231415,339.56216715231415,-0.00023001435329206288,49.92280150615264,-1.3800861197523773,341.21739864349365,0.056869566440582275,-6.258487701416016e-06,-0.037550926208496094,-0.037550926208496094,2.199067996854353,2.199067996854353,-12.503064546242008,-56.37145059881732
957,49.64455245085992,,2026-06-30T15:12:19.997+07:00,0.056869566440582275,341.21739864349365,341.15339864349363,340.4838695900343,340.4838695900343,-0.00023007395793683827,31.176195050606044,-1.3804437476210296,341.21739864349365,0.056869566440582275,0.0,0.0,0.0,0.921702437720171,0.921702437720171,-18.746606455546594,-0.00035762786865234375
958,49.696214832831174,,2026-06-30T15:12:20.045+07:00,0.05692249536514282,341.53497219085693,341.4709721908569,340.98631089937095,340.98631089937095,0.08041507005691528,19.221854874259428,482.4904203414917,341.53497219085693,0.05692249536514282,5.2928924560546875e-05,0.31757354736328125,0.31757354736328125,0.502441309336632,0.502441309336632,-11.954340176346616,483.87086408911273
959,49.74787932494655,,2026-06-30T15:12:20.096+07:00,0.05514967441558838,330.8980464935303,330.83404649353025,337.4710308191146,337.4710308191146,0.20387133955955505,-47.3047398550005,1223.2280373573303,330.8980464935303,0.05514967441558838,-0.0017728209495544434,-10.63692569732666,-10.63692569732666,-3.515280080256332,-3.515280080256332,-66.52659472925993,740.7376170158386
960,49.79981570597738,,2026-06-30T15:12:20.147+07:00,0.056869566440582275,341.21739864349365,341.15339864349363,338.62420312851685,338.62420312851685,8.52346420288086e-06,-0.7990636990391877,0.051140785217285156,341.21739864349365,0.056869566440582275,0.0017198920249938965,10.319352149963379,10.319352149963379,1.1531723094022368,1.1531723094022368,46.50567615596131,-1223.176896572113
961,49.85166382789612,,2026-06-30T15:12:20.197+07:00,0.056869566440582275,341.21739864349365,341.15339864349363,340.1243546637135,340.1243546637135,-0.0002375245385337621,15.86971527161431,-1.4251472312025726,341.21739864349365,0.056869566440582275,0.0,0.0,0.0,1.5001515351966646,1.5001515351966646,16.6687789706535,-1.4762880164198577
962,49.90331157995388,,2026-06-30T15:12:20.247+07:00,0.05652916431427002,339.1749858856201,339.1109858856201,340.01492946337703,340.01492946337703,0.5170938372612,2.909951198919238,3102.5630235671997,339.1749858856201,0.05652916431427002,-0.00034040212631225586,-2.042412757873535,-2.042412757873535,-0.10942520033648861,-0.10942520033648861,-12.959764072695073,3103.9881707984023
963,49.954788942821324,,2026-06-30T15:12:20.297+07:00,0.056869566440582275,341.21739864349365,341.15339864349363,340.70550907332256,340.70550907332256,-4.386902219266631e-05,8.750325755869365,-0.26321413315599784,341.21739864349365,0.056869566440582275,0.00034040212631225586,2.042412757873535,2.042412757873535,0.6905796099455301,0.6905796099455301,5.8403745569501275,-3102.8262377003557
964,50.00623043603264,,2026-06-30T15:12:20.348+07:00,0.056869566440582275,341.21739864349365,341.15339864349363,340.98198321458227,340.98198321458227,-0.0002304315858054906,6.607344287989492,-1.3825895148329437,341.21739864349365,0.056869566440582275,0.0,0.0,0.0,0.2764741412597118,0.2764741412597118,-2.1429814678798733,-1.1193753816769458
965,50.05790377990343,,2026-06-30T15:12:20.397+07:00,0.05399519205093384,323.971152305603,323.907152305603,335.19351610825333,335.19351610825333,-0.17406722903251648,-87.71150633130846,-1044.4033741950989,323.971152305603,0.05399519205093384,-0.0028743743896484375,-17.246246337890625,-17.246246337890625,-5.7884671063289375,-5.7884671063289375,-94.31885061929795,-1043.020784680266
966,50.10971101303585,,2026-06-30T15:12:20.447+07:00,0.056870222091674805,341.2213325500488,341.1573325500488,338.65844835046056,338.65844835046056,0.0009689927101135254,0.9738223050568848,5.813956260681152,341.2213325500488,0.056870222091674805,0.002875030040740967,17.2501802444458,17.2501802444458,3.464932242207226,3.464932242207226,88.68532863636534,1050.21733045578
967,50.161404616897926,,2026-06-30T15:12:20.497+07:00,0.05685180425643921,341.11082553863525,341.04682553863523,340.0619815579867,340.0619815579867,0.6716028451919556,15.781763620126526,4029.6170711517334,341.11082553863525,0.05685180425643921,-1.8417835235595703e-05,-0.11050701141357422,-0.11050701141357422,1.4035332075261522,1.4035332075261522,14.807941315069641,4023.8031148910522
968,50.21312209102325,,2026-06-30T15:12:20.548+07:00,0.056869566440582275,341.21739864349365,341.15339864349363,340.6922749248669,340.6922749248669,-0.0002456903748679906,13.548389704785713,-1.4741422492079437,341.21739864349365,0.056869566440582275,1.7762184143066406e-05,0.10657310485839844,0.10657310485839844,0.6302933668802098,0.6302933668802098,-2.233373915340813,-4031.0912134009413
969,50.2647192128934,,2026-06-30T15:12:20.598+07:00,0.0569881796836853,341.9290781021118,341.8650781021118,341.2076616828902,341.2076616828902,0.26334118843078613,12.471664785582014,1580.0471305847168,341.9290781021118,0.0569881796836853,0.00011861324310302734,0.7116794586181641,0.7116794586181641,0.5153867580232827,0.5153867580232827,-1.0767249192036985,1581.5212728339247
970,50.316574667813256,,2026-06-30T15:12:20.649+07:00,0.056869566440582275,341.21739864349365,341.15339864349363,341.1763247776387,341.1763247776387,-0.00024545195628888905,4.928310204062967,-1.4727117377333343,341.21739864349365,0.056869566440582275,-0.00011861324310302734,-0.7116794586181641,-0.7116794586181641,-0.03133690525152133,-0.03133690525152133,-7.543354581519047,-1581.5198423224501
971,50.3684132900089,,2026-06-30T15:12:20.724+07:00,0.056869566440582275,341.21739864349365,341.15339864349363,341.4422429222464,341.4422429222464,-0.00023800137569196522,0.8256964250124033,-1.4280082541517913,341.21739864349365,0.056869566440582275,0.0,0.0,0.0,0.2659181446077241,0.2659181446077241,-4.102613779050564,0.04470348358154297
972,50.41987270885147,,2026-06-30T15:12:20.774+07:00,0.0568697452545166,341.2184715270996,341.1544715270996,341.2758108605288,341.2758108605288,0.0004476308822631836,-1.4929018810715604,2.6857852935791016,341.2184715270996,0.0568697452545166,1.7881393432617188e-07,0.0010728836059570312,0.0010728836059570312,-0.1664320617176145,-0.1664320617176145,-2.3185983060839637,4.113793547730893
973,50.471594664035365,,2026-06-30T15:12:20.824+07:00,0.056869566440582275,341.21739864349365,341.15339864349363,341.26198868293375,341.26198868293375,0.00012725591659545898,-1.1042940771719667,0.7635354995727539,341.21739864349365,0.056869566440582275,-1.7881393432617188e-07,-0.0010728836059570312,-0.0010728836059570312,-0.01382217759504556,-0.01382217759504556,0.3886078038995937,-1.9222497940063477
974,50.52336274902336,,2026-06-30T15:12:20.874+07:00,0.056869566440582275,341.21739864349365,341.15339864349363,341.2000101782182,341.2000101782182,-0.00024539235164411366,-1.1617606922144554,-1.472354109864682,341.21739864349365,0.056869566440582275,0.0,0.0,0.0,-0.06197850471556876,-0.06197850471556876,-0.05746661504248873,-2.235889609437436
975,50.57504270388745,,2026-06-30T15:12:20.924+07:00,0.05696660280227661,341.79961681365967,341.73561681365965,341.3768683764729,341.3768683764729,0.14329016208648682,2.2135003694274626,859.7409725189209,341.79961681365967,0.05696660280227661,9.703636169433594e-05,0.5822181701660156,0.5822181701660156,0.17685819825470617,0.17685819825470617,3.3752610616419183,861.2133266287856
976,50.626858251867816,,2026-06-30T15:12:20.975+07:00,0.056869566440582275,341.21739864349365,341.15339864349363,341.39125288530613,341.39125288530613,-2.16364878724562e-05,0.14370869796618146,-0.1298189272347372,341.21739864349365,0.056869566440582275,-9.703636169433594e-05,-0.5822181701660156,-0.5822181701660156,0.01438450883324549,0.01438450883324549,-2.069791671461281,-859.8707914461556
977,50.678671614965424,,2026-06-30T15:12:21.025+07:00,0.05652916431427002,339.1749858856201,339.1109858856201,340.5623166526775,340.5623166526775,0.5169147849082947,-11.983524362110588,3101.488709449768,339.1749858856201,0.05652916431427002,-0.00034040212631225586,-2.042412757873535,-2.042412757873535,-0.8289362326286209,-0.8289362326286209,-12.127233060076769,3101.618528377003
978,50.73101582797244,,2026-06-30T15:12:21.076+07:00,0.05687004327774048,341.22025966644287,341.15625966644285,340.9049119414264,340.9049119414264,0.0008203387260437012,-1.3590364791353426,4.922032356262207,341.22025966644287,0.05687004327774048,0.000340878963470459,2.045273780822754,2.045273780822754,0.3425952887488961,0.3425952887488961,10.624487882975245,-3096.566677093506
979,50.782753134844825,,2026-06-30T15:12:21.126+07:00,0.05693763494491577,341.62580966949463,341.5618096694946,341.2429393266056,341.2429393266056,0.1055755615234375,3.461110995718001,633.453369140625,341.62580966949463,0.05693763494491577,6.759166717529297e-05,0.4055500030517578,0.4055500030517578,0.3380273851792026,0.3380273851792026,4.820147474853344,628.5313367843628
980,50.83491749688983,,2026-06-30T15:12:21.176+07:00,0.056869566440582275,341.21739864349365,341.15339864349363,341.19122958210846,341.19122958210846,-0.00023031237651593983,0.8908085777314424,-1.381874259095639,341.21739864349365,0.056869566440582275,-6.80685043334961e-05,-0.40841102600097656,-0.40841102600097656,-0.05170974449714549,-0.05170974449714549,-2.5703024179865586,-634.8352433997206
981,50.886493692873046,,2026-06-30T15:12:21.227+07:00,0.056869566440582275,341.21739864349365,341.15339864349363,341.1693822150584,341.1693822150584,-5.1438812079140916e-05,0.14008335087469054,-0.3086328724748455,341.21739864349365,0.056869566440582275,0.0,0.0,0.0,-0.021847367050042976,-0.021847367050042976,-0.7507252268567519,1.0732413866207935
982,50.938365889014676,,2026-06-30T15:12:21.276+07:00,0.056974709033966064,341.8482542037964,341.78425420379637,341.3809511485857,341.3809511485857,0.17570024728775024,3.1634445514028253,1054.2014837265015,341.8482542037964,0.056974709033966064,0.00010514259338378906,0.6308555603027344,0.6308555603027344,0.21156893352730322,0.21156893352730322,3.023361200528135,1054.5101165989763
983,50.99003558489494,,2026-06-30T15:12:21.327+07:00,0.056869566440582275,341.21739864349365,341.15339864349363,341.2772834528754,341.2772834528754,-0.00023007395793683827,0.0729289981640564,-1.3804437476210296,341.21739864349365,0.056869566440582275,-0.00010514259338378906,-0.6308555603027344,-0.6308555603027344,-0.10366769571032819,-0.10366769571032819,-3.090515553238769,-1055.5819274741225
984,51.042128743836656,,2026-06-30T15:12:21.376+07:00,0.056869566440582275,341.21739864349365,341.15339864349363,341.20573997545745,341.20573997545745,-0.00023746491933707148,-0.7865554972304191,-1.4247895160224289,341.21739864349365,0.056869566440582275,0.0,0.0,0.0,-0.07154347741794709,-0.07154347741794709,-0.8594844953944755,-0.044345768401399255
985,51.09377830987796,,2026-06-30T15:12:21.426+07:00,0.056869566440582275,341.21739864349365,341.15339864349363,341.21171820760105,341.21171820760105,3.081560134887695e-05,-0.4621554864656112,0.18489360809326172,341.21739864349365,0.056869566440582275,0.0,0.0,0.0,0.0059782321436046,0.0059782321436046,0.32440001076480784,1.6096831241156906
986,51.14562178403139,,2026-06-30T15:12:21.478+07:00,0.056869566440582275,341.21739864349365,341.15339864349363,341.17803865932905,341.17803865932905,-0.00014036895299796015,-0.5576915580438405,-0.8422137179877609,341.21739864349365,0.056869566440582275,0.0,0.0,0.0,-0.03367954827200492,-0.03367954827200492,-0.0955360715782293,-1.0271073260810226
987,51.19736209092662,,2026-06-30T15:12:21.553+07:00,0.05688667297363281,341.3200378417969,341.25603784179685,341.3315540935457,341.3315540935457,0.025065183639526367,1.2244357146806357,150.3911018371582,341.3200378417969,0.05688667297363281,1.710653305053711e-05,0.10263919830322266,0.10263919830322266,0.15351543421667202,0.15351543421667202,1.7821272727244764,151.23331555514596
988,51.2489321208559,,2026-06-30T15:12:21.603+07:00,0.05694860219955444,341.69161319732666,341.62761319732664,341.39594618042406,341.39594618042406,0.12505191564559937,1.7719493843184788,750.3114938735962,341.69161319732666,0.05694860219955444,6.192922592163086e-05,0.37157535552978516,0.37157535552978516,0.06439208687834252,0.06439208687834252,0.5475136696378431,599.920392036438
989,51.300910241901875,,2026-06-30T15:12:21.653+07:00,0.05647701025009155,338.8620615005493,338.7980615005493,340.43150697781624,340.43150697781624,0.6892467737197876,-12.623066818002277,4135.480642318726,338.8620615005493,0.05647701025009155,-0.0004715919494628906,-2.8295516967773438,-2.8295516967773438,-0.9644392026078208,-0.9644392026078208,-14.395016202320756,3385.1691484451294
990,51.35252460488118,,2026-06-30T15:12:21.704+07:00,0.057014524936676025,342.08714962005615,342.02314962005613,341.15281225654184,341.15281225654184,0.2876235842704773,3.580219346969786,1725.7415056228638,342.08714962005615,0.057014524936676025,0.0005375146865844727,3.225088119506836,3.225088119506836,0.7213052787255947,0.7213052787255947,16.203286164972063,-2409.739136695862
991,51.405187947908416,,2026-06-30T15:12:21.754+07:00,0.0569952130317688,341.9712781906128,341.9072781906128,341.4170087364982,341.4170087364982,0.2248373031616211,5.525843612895827,1349.0238189697266,341.9712781906128,0.0569952130317688,-1.9311904907226562e-05,-0.11587142944335938,-0.11587142944335938,0.26419647995635387,0.26419647995635387,1.9456242659260408,-376.7176866531372
992,51.45675060688518,,2026-06-30T15:12:21.804+07:00,0.056869566440582275,341.21739864349365,341.15339864349363,341.39340460551523,341.39340460551523,-0.00023007395793683827,1.3198237328821452,-1.3804437476210296,341.21739864349365,0.056869566440582275,-0.00012564659118652344,-0.7538795471191406,-0.7538795471191406,-0.023604130982960214,-0.023604130982960214,-4.206019880013681,-1350.4042627173476
993,51.50844460004009,,2026-06-30T15:12:21.855+07:00,0.057086825370788574,342.52095222473145,342.4569522247314,341.72870010968666,341.72870010968666,0.36886441707611084,5.570475471374562,2213.186502456665,342.52095222473145,0.057086825370788574,0.00021725893020629883,1.303553581237793,1.303553581237793,0.33529550417142673,0.33529550417142673,4.250651738492417,2214.566946204286
994,51.560266757849604,,2026-06-30T15:12:21.904+07:00,0.056896209716796875,341.37725830078125,341.31325830078123,341.4524143930108,341.4524143930108,0.03893762826919556,-0.5747292944439788,233.62576961517334,341.37725830078125,0.056896209716796875,-0.00019061565399169922,-1.1436939239501953,-1.1436939239501953,-0.27628571667582946,-0.27628571667582946,-6.145204765818541,-1979.5607328414917
995,51.61187938088551,,2026-06-30T15:12:21.955+07:00,0.056879401206970215,341.2764072418213,341.21240724182127,341.4944302182617,341.4944302182617,0.014365851879119873,-0.8632308696875124,86.19511127471924,341.2764072418213,0.056879401206970215,-1.6808509826660156e-05,-0.10085105895996094,-0.10085105895996094,0.04201582525087133,0.04201582525087133,-0.2885015752435336,-147.4306583404541
996,51.663636705838144,,2026-06-30T15:12:22.004+07:00,0.0568697452545166,341.2184715270996,341.1544715270996,341.25327452671036,341.25327452671036,0.0004183053970336914,-2.7763768741352015,2.5098323822021484,341.2184715270996,0.0568697452545166,-9.655952453613281e-06,-0.05793571472167969,-0.05793571472167969,-0.24115569155134153,-0.24115569155134153,-1.9131460044476891,-83.68527889251709
997,51.71531847701408,,2026-06-30T15:12:22.055+07:00,0.056882500648498535,341.2950038909912,341.2310038909912,341.22275804077685,341.22275804077685,0.018918156623840332,-1.4119511741448363,113.50893974304199,341.2950038909912,0.056882500648498535,1.2755393981933594e-05,0.07653236389160156,0.07653236389160156,-0.030516485933503645,-0.030516485933503645,1.3644256999903652,110.99910736083984
998,51.76721611688845,,2026-06-30T15:12:22.106+07:00,0.05688655376434326,341.31932258605957,341.25532258605955,341.2237461511917,341.2237461511917,0.024848341941833496,-0.49620787355047713,149.09005165100098,341.31932258605957,0.05688655376434326,4.0531158447265625e-06,0.024318695068359375,0.024318695068359375,0.0009881104148234954,0.0009881104148234954,0.9157433005943592,35.581111907958984
999,51.81914555281401,,2026-06-30T15:12:22.154+07:00,0.056870460510253906,341.22276306152344,341.1587630615234,341.28979012987895,341.28979012987895,0.001401364803314209,-0.05260074510354262,8.408188819885254,341.22276306152344,0.056870460510253906,-1.609325408935547e-05,-0.09655952453613281,-0.09655952453613281,0.06604397868727574,0.06604397868727574,0.4436071284469345,-140.68186283111572
1000,51.87080289795995,,2026-06-30T15:12:22.204+07:00,0.056869566440582275,341.21739864349365,341.15339864349363,341.21102404649145,341.21102404649145,-0.0002451539330650121,-0.8943936739799246,-1.4709235983900726,341.21739864349365,0.056869566440582275,-8.940696716308594e-07,-0.005364418029785156,-0.005364418029785156,-0.07876608338750657,-0.07876608338750657,-0.841792928876382,-9.879112418275326
1001,51.922544945031404,,2026-06-30T15:12:22.255+07:00,0.056869566440582275,341.21739864349365,341.15339864349363,341.26292965236416,341.26292965236416,-0.0001113414837163873,-0.32534417659170234,-0.6680489022983238,341.21739864349365,0.056869566440582275,0.0,0.0,0.0,0.05190560587271875,0.05190560587271875,0.5690494973882223,0.8028746960917488
1002,51.97425906686112,,2026-06-30T15:12:22.330+07:00,0.056991636753082275,341.94982051849365,341.88582051849363,341.4447078734618,341.4447078734618,0.43151575326919556,3.107482402750053,2589.0945196151733,341.94982051849365,0.056991636753082275,0.0001220703125,0.732421875,0.732421875,0.18177822109765884,0.18177822109765884,3.4328265793417554,2589.7625685174717
1003,52.02582422690466,,2026-06-30T15:12:22.380+07:00,0.05701172351837158,342.0703411102295,342.00634111022947,335.33222775922724,335.33222775922724,0.37751394510269165,-27.60385861976927,2265.08367061615,342.0703411102295,0.05701172351837158,2.008676528930664e-05,0.12052059173583984,0.12052059173583984,-6.112480114234586,-6.112480114234586,-30.71134102251932,-324.01084899902344
1004,52.077462607994676,,2026-06-30T15:12:22.431+07:00,0.056869566440582275,341.21739864349365,341.15339864349363,338.7101446525746,338.7101446525746,-0.00024551156093366444,25.17108534260344,-1.4730693656019866,341.21739864349365,0.056869566440582275,-0.00014215707778930664,-0.8529424667358398,-0.8529424667358398,3.3779168933473898,3.3779168933473898,52.77494396237271,-2266.556739981752
1005,52.12985069188289,,2026-06-30T15:12:22.481+07:00,0.056869566440582275,341.21739864349365,341.15339864349363,339.6581021367165,339.6581021367165,9.715557098388672e-05,23.708571157532486,0.5829334259033203,341.21739864349365,0.056869566440582275,0.0,0.0,0.0,0.9479574841418525,0.9479574841418525,-1.4625141850709547,2.056002791505307
1006,52.18157625803724,,2026-06-30T15:12:22.533+07:00,0.054084718227386475,324.50830936431885,324.4443093643188,334.6734546216691,334.6734546216691,-0.028848880901932716,-61.00043635303232,-173.0932854115963,324.50830936431885,0.054084718227386475,-0.0027848482131958008,-16.709089279174805,-16.709089279174805,-4.984647515047357,-4.984647515047357,-84.7090075105648,-173.67621883749962
1007,52.23325584293343,,2026-06-30T15:12:22.581+07:00,0.056869566440582275,341.21739864349365,341.15339864349363,336.06845784219684,336.06845784219684,-0.0002239346649730578,0.5327171622510605,-1.3436079898383468,341.21739864349365,0.056869566440582275,0.0027848482131958008,16.709089279174805,16.709089279174805,1.3950032205277125,1.3950032205277125,61.53315351528338,171.74967742175795
1008,52.28503696504049,,2026-06-30T15:12:22.632+07:00,0.05334770679473877,320.0862407684326,320.0222407684326,331.6091058986744,331.6091058986744,-0.10737820714712143,-72.37963983992528,-644.2692428827286,320.0862407684326,0.05334770679473877,-0.003521859645843506,-21.131157875061035,-21.131157875061035,-4.459351943522449,-4.459351943522449,-72.91235700217634,-642.9256348928902
1009,52.33669282798655,,2026-06-30T15:12:22.681+07:00,0.056869566440582275,341.21739864349365,341.15339864349363,337.2926052764573,337.2926052764573,-0.00023871661687735468,32.53536048781601,-1.432299701264128,341.21739864349365,0.056869566440582275,0.003521859645843506,21.131157875061035,21.131157875061035,5.683499377782937,5.683499377782937,104.91500032774128,642.8369431814644
1010,52.388314524898306,,2026-06-30T15:12:22.731+07:00,0.0568697452545166,341.2184715270996,341.1544715270996,339.52258895518287,339.52258895518287,0.00030535459518432617,38.27777580560434,1.832127571105957,341.2184715270996,0.0568697452545166,1.7881393432617188e-07,0.0010728836059570312,0.0010728836059570312,2.229983678725546,2.229983678725546,5.7424153177883355,3.264427272370085
1011,52.4401404238306,,2026-06-30T15:12:22.782+07:00,0.05701613426208496,342.09680557250977,342.03280557250974,340.7726621373787,340.7726621373787,0.3530382513999939,31.368890278858487,2118.2295083999634,342.09680557250977,0.05701613426208496,0.00014638900756835938,0.8783340454101562,0.8783340454101562,1.2500731821958198,1.2500731821958198,-6.9088855267458555,2116.3973808288574
1012,52.491892193909734,,2026-06-30T15:12:22.832+07:00,0.05701714754104614,342.10288524627686,342.03888524627683,341.3024577806342,341.3024577806342,0.3292785882949829,20.19819253890354,1975.6715297698975,342.10288524627686,0.05701714754104614,1.0132789611816406e-06,0.006079673767089844,0.006079673767089844,0.5297956432555111,0.5297956432555111,-11.170697739954946,-142.55797863006592
1013,52.543679835041985,,2026-06-30T15:12:22.882+07:00,0.05687052011489868,341.2231206893921,341.15912068939207,341.2220400603053,341.2220400603053,0.0015124678611755371,7.640667689102655,9.074807167053223,341.2231206893921,0.05687052011489868,-0.00014662742614746094,-0.8797645568847656,-0.8797645568847656,-0.08041772032891004,-0.08041772032891004,-12.557524849800886,-1966.5967226028442
1014,52.59540258604102,,2026-06-30T15:12:22.932+07:00,0.056869566440582275,341.21739864349365,341.15339864349363,341.1823996420966,341.1823996420966,0.00011914968490600586,2.790325655950893,0.7148981094360352,341.21739864349365,0.056869566440582275,-9.5367431640625e-07,-0.0057220458984375,-0.0057220458984375,-0.03964041820870534,-0.03964041820870534,-4.850342033151762,-8.359909057617188
1015,52.64733370789327,,2026-06-30T15:12:22.982+07:00,0.05687069892883301,341.22419357299805,341.160193572998,341.1682738717503,341.1682738717503,0.0018030405044555664,1.0295215319902635,10.818243026733398,341.22419357299805,0.05687069892883301,1.1324882507324219e-06,0.006794929504394531,0.006794929504394531,-0.014125770346311128,-0.014125770346311128,-1.7608041239606294,10.103344917297363
1016,52.6990882740356,,2026-06-30T15:12:23.032+07:00,0.048126399517059326,288.75839710235596,288.69439710235594,323.1902947636633,323.1902947636633,-1.493044376373291,-269.67464722261434,-8958.266258239746,288.75839710235596,0.048126399517059326,-0.008744299411773682,-52.46579647064209,-52.46579647064209,-17.97797910808697,-17.97797910808697,-270.7041687546046,-8969.08450126648
1017,52.75109161785804,,2026-06-30T15:12:23.108+07:00,0.056869566440582275,341.21739864349365,341.15339864349363,336.2225715340696,336.2225715340696,-0.00011181832087459043,37.789507111451705,-0.6709099252475426,341.21739864349365,0.056869566440582275,0.00874316692352295,52.459001541137695,52.459001541137695,13.03227677040627,13.03227677040627,307.46415433406605,8957.595348314499
1018,52.80389503389597,,2026-06-30T15:12:23.158+07:00,0.05699533224105835,341.9719934463501,341.9079934463501,338.67317960729963,338.67317960729963,0.22487318515777588,46.430552000615045,1349.2391109466553,341.9719934463501,0.05699533224105835,0.00012576580047607422,0.7545948028564453,0.7545948028564453,2.4506080732300575,2.4506080732300575,8.64104488916334,1349.9100208719028
1019,52.85544834192842,,2026-06-30T15:12:23.208+07:00,0.056869566440582275,341.21739864349365,341.15339864349363,340.10778419022495,340.10778419022495,-0.00023120643163565546,35.5409612948217,-1.3872385898139328,341.21739864349365,0.056869566440582275,-0.00012576580047607422,-0.7545948028564453,-0.7545948028564453,1.4346045829253171,1.4346045829253171,-10.889590705793346,-1350.6263495364692
1020,52.90712629701011,,2026-06-30T15:12:23.258+07:00,0.056869566440582275,341.21739864349365,341.15339864349363,340.71162653698764,340.71162653698764,-0.00017917157674673945,21.76700519366317,-1.0750294604804367,341.21739864349365,0.056869566440582275,0.0,0.0,0.0,0.6038423467626899,0.6038423467626899,-13.773956101158529,0.3122091293334961
1021,52.958894659997895,,2026-06-30T15:12:23.309+07:00,0.056981563568115234,341.8893814086914,341.8253814086914,341.20194389631405,341.20194389631405,0.19095778465270996,15.454674194634705,1145.7467079162598,341.8893814086914,0.056981563568115234,0.00011199712753295898,0.6719827651977539,0.6719827651977539,0.4903173593264114,0.4903173593264114,-6.312330999028465,1146.8217373767402
1022,53.01070705894381,,2026-06-30T15:12:23.359+07:00,0.056869566440582275,341.21739864349365,341.15339864349363,341.2670666022458,341.2670666022458,-0.00018674136663321406,6.666715836299325,-1.1204481997992843,341.21739864349365,0.056869566440582275,-0.00011199712753295898,-0.6719827651977539,-0.6719827651977539,0.06512270593174208,0.06512270593174208,-8.78795835833538,-1146.867156116059
1023,53.0625139400363,,2026-06-30T15:12:23.408+07:00,0.05687224864959717,341.233491897583,341.169491897583,331.1574267835719,331.1574267835719,0.004030406475067139,-42.61129417081716,24.182438850402832,341.233491897583,0.05687224864959717,2.682209014892578e-06,0.01609325408935547,0.01609325408935547,-10.109639818673884,-10.109639818673884,-49.278010007116485,25.302887050202116
1024,53.11412543291226,,2026-06-30T15:12:23.460+07:00,0.056874752044677734,341.2485122680664,341.1845122680664,336.94099030127717,336.94099030127717,0.007584095001220703,44.26805025411953,45.50457000732422,341.2485122680664,0.056874752044677734,2.5033950805664062e-06,0.015020370483398438,0.015020370483398438,5.783563517705261,5.783563517705261,86.87934442493669,21.322131156921387
1025,53.166031868895516,,2026-06-30T15:12:23.509+07:00,0.056530654430389404,339.1839265823364,339.1199265823364,338.6656021128075,338.6656021128075,0.5192675590515137,35.317539419027106,3115.605354309082,339.1839265823364,0.056530654430389404,-0.0003440976142883301,-2.0645856857299805,-2.0645856857299805,1.7246118115303375,1.7246118115303375,-8.950510835092423,3070.100784301758
1026,53.218122008955106,,2026-06-30T15:12:23.561+07:00,0.057016849517822266,342.1010971069336,342.0370971069336,340.4587880687514,340.4587880687514,0.2770494222640991,34.932555371093535,1662.2965335845947,342.1010971069336,0.057016849517822266,0.00048619508743286133,2.917170524597168,2.917170524597168,1.7931859559438976,1.7931859559438976,-0.3849840479335711,-1453.3088207244873
1027,53.269867890980095,,2026-06-30T15:12:23.610+07:00,0.056910693645477295,341.46416187286377,341.40016187286375,332.93815724876987,332.93815724876987,0.05619162321090698,-22.584721117936894,337.1497392654419,341.46416187286377,0.056910693645477295,-0.0001061558723449707,-0.6369352340698242,-0.6369352340698242,-7.520630819981534,-7.520630819981534,-57.51727648903043,-1325.1467943191528
1028,53.321875863941386,,2026-06-30T15:12:23.661+07:00,0.056869566440582275,341.21739864349365,341.15339864349363,337.69181559333646,337.69181559333646,7.414817810058594e-05,41.89221136654902,0.4448890686035156,341.21739864349365,0.056869566440582275,-4.112720489501953e-05,-0.2467632293701172,-0.2467632293701172,4.753658344566588,4.753658344566588,64.47693248448591,-336.7048501968384
1029,53.373866708017886,,2026-06-30T15:12:23.713+07:00,0.056935906410217285,341.6154384613037,341.5514384613037,339.67764310331376,339.67764310331376,0.473812460899353,40.13269386543725,2842.874765396118,341.6154384613037,0.056935906410217285,6.633996963500977e-05,0.3980398178100586,0.3980398178100586,1.9858275099772982,1.9858275099772982,-1.7595175011117732,2842.4298763275146
1030,53.4255377559457,,2026-06-30T15:12:23.762+07:00,0.05692631006240845,341.5578603744507,341.49386037445066,340.86091585927096,340.86091585927096,0.08600997924804688,29.60636979704912,516.0598754882812,341.5578603744507,0.05692631006240845,-9.59634780883789e-06,-0.057578086853027344,-0.057578086853027344,1.183272755957205,1.183272755957205,-10.526324068388128,-2326.814889907837
1031,53.477472580969334,,2026-06-30T15:12:23.812+07:00,0.05687081813812256,341.22490882873535,341.16090882873533,341.03245323199417,341.03245323199417,0.001967191696166992,14.423635734484847,11.803150177001953,341.22490882873535,0.05687081813812256,-5.549192428588867e-05,-0.33295154571533203,-0.33295154571533203,0.17153737272320768,0.17153737272320768,-15.182734062564272,-504.2567253112793
1032,53.52987588685937,,2026-06-30T15:12:23.863+07:00,0.056869566440582275,341.21739864349365,341.15339864349363,341.1022992071351,341.1022992071351,-0.0002381801896262914,6.861488987124636,-1.4290811377577484,341.21739864349365,0.056869566440582275,-1.2516975402832031e-06,-0.007510185241699219,-0.007510185241699219,0.06984597514093593,0.06984597514093593,-7.562146747360211,-13.232231314759701
1033,53.581565545871854,,2026-06-30T15:12:23.915+07:00,0.055706918239593506,334.24150943756104,334.177509437561,338.88429232073815,338.88429232073815,1.1659637689590454,-28.72428652587376,6995.7826137542725,334.24150943756104,0.055706918239593506,-0.0011626482009887695,-6.975889205932617,-6.975889205932617,-2.2180068863969495,-2.2180068863969495,-35.585775512998396,6997.21169489203
1034,53.63350924081169,,2026-06-30T15:12:23.969+07:00,0.056869566440582275,341.21739864349365,341.15339864349363,340.3231691991764,340.3231691991764,-0.0002385378029430285,1.7966954739300176,-1.431226817658171,341.21739864349365,0.056869566440582275,0.0011626482009887695,6.975889205932617,6.975889205932617,1.4388768784382364,1.4388768784382364,30.52098199980378,-6997.213840571931
1035,53.68585973302834,,2026-06-30T15:12:24.022+07:00,0.056887924671173096,341.3275480270386,341.26354802703855,341.0261924009396,341.0261924009396,0.02683722972869873,7.375089614749306,161.02337837219238,341.3275480270386,0.056887924671173096,1.8358230590820312e-05,0.11014938354492188,0.11014938354492188,0.7030232017631874,0.7030232017631874,5.578394140819288,162.45460518985055
1036,53.73799753887579,,2026-06-30T15:12:24.072+07:00,0.056869566440582275,341.21739864349365,341.15339864349363,341.12357394600934,341.12357394600934,-0.00012636186147574335,4.0670907691699005,-0.7581711688544601,341.21739864349365,0.056869566440582275,-1.8358230590820312e-05,-0.11014938354492188,-0.11014938354492188,0.09738154506976571,0.09738154506976571,-3.307998845579405,-161.78154954104684
1037,53.789895271882415,,2026-06-30T15:12:24.124+07:00,0.05687063932418823,341.2238359451294,341.1598359451294,341.17632714348747,341.17632714348747,0.0015126466751098633,2.1154571389764056,9.07588005065918,341.2238359451294,0.05687063932418823,1.0728836059570312e-06,0.0064373016357421875,0.0064373016357421875,0.05275319747812546,0.05275319747812546,-1.951633630193495,9.83405121951364
1038,53.84188550384715,,2026-06-30T15:12:24.175+07:00,0.05119359493255615,307.1615695953369,307.0975695953369,326.34923302851394,326.34923302851394,0.730871856212616,-186.18042958679175,4385.231137275696,307.1615695953369,0.05119359493255615,-0.00567704439163208,-34.06226634979248,-34.06226634979248,-14.827094114973534,-14.827094114973534,-188.29588672576816,4376.155257225037
1039,53.893936736974865,,2026-06-30T15:12:24.225+07:00,0.056869566440582275,341.21739864349365,341.15339864349363,334.8996149952461,334.8996149952461,-0.00022375585103873163,15.097759758625614,-1.3425351062323898,341.21739864349365,0.056869566440582275,0.005675971508026123,34.05582904815674,34.05582904815674,8.550381966732175,8.550381966732175,201.27818934541736,-4386.573672381928
1040,53.945892894873396,,2026-06-30T15:12:24.302+07:00,0.056870460510253906,341.22276306152344,341.1587630615234,339.45247978464243,339.45247978464243,0.001392960548400879,42.1094770223778,8.357763290405273,341.22276306152344,0.056870460510253906,8.940696716308594e-07,0.005364418029785156,0.005364418029785156,4.552864789396324,4.552864789396324,27.01171726375219,9.700298396637663
1041,53.997897980036214,,2026-06-30T15:12:24.354+07:00,0.05228370428085327,313.70222568511963,313.6382256851196,330.9206324558872,330.9206324558872,-0.7316176891326904,-107.97448036546632,-4389.706134796143,313.70222568511963,0.05228370428085327,-0.004586756229400635,-27.52053737640381,-27.52053737640381,-8.531847328755248,-8.531847328755248,-150.08395738784412,-4398.063898086548
1042,54.05017386004329,,2026-06-30T15:12:24.405+07:00,0.056869566440582275,341.21739864349365,341.15339864349363,336.8300549292299,336.8300549292299,-0.0002315640595043078,18.274081414246766,-1.3893843570258468,341.21739864349365,0.056869566440582275,0.004585862159729004,27.515172958374023,27.515172958374023,5.909422473342715,5.909422473342715,126.24856177971309,4388.316750439117
1043,54.10226314794272,,2026-06-30T15:12:24.457+07:00,0.056869566440582275,341.21739864349365,341.15339864349363,339.3599809429855,339.3599809429855,-8.249283564509824e-05,34.41544220541181,-0.49495701387058944,341.21739864349365,0.056869566440582275,0.0,0.0,0.0,2.529926013755585,2.529926013755585,16.14136079116504,0.8944273431552574
1044,54.15487584192306,,2026-06-30T15:12:24.507+07:00,0.056869566440582275,341.21739864349365,341.15339864349363,340.5112927083372,340.5112927083372,-0.00023877622152213007,26.49846936058335,-1.4326573291327804,341.21739864349365,0.056869566440582275,0.0,0.0,0.0,1.1513117653516929,1.1513117653516929,-7.916972844828457,-0.937700315262191
1045,54.206913055852056,,2026-06-30T15:12:24.562+07:00,0.0568697452545166,341.2184715270996,341.1544715270996,340.925686735755,340.925686735755,0.0004692673683166504,15.111302288900514,2.8156042098999023,341.2184715270996,0.0568697452545166,1.7881393432617188e-07,0.0010728836059570312,0.0010728836059570312,0.4143940274178135,0.4143940274178135,-11.387167071682835,4.248261539032683
1046,54.2589347329922,,2026-06-30T15:12:24.615+07:00,0.056869566440582275,341.21739864349365,341.15339864349363,341.0772050061432,341.0772050061432,-0.00023829939891584218,7.869401806643305,-1.429796393495053,341.21739864349365,0.056869566440582275,-1.7881393432617188e-07,-0.0010728836059570312,-0.0010728836059570312,0.15151827038818055,0.15151827038818055,-7.2419004822572095,-4.245400603394955
1047,54.31085398490541,,2026-06-30T15:12:24.664+07:00,0.056869566440582275,341.21739864349365,341.15339864349363,339.4266336677269,339.4266336677269,-0.0002310276177013293,-5.75423954520538,-1.3861657062079757,341.21739864349365,0.056869566440582275,0.0,0.0,0.0,-1.6505713384162846,-1.6505713384162846,-13.623641351848685,0.04363068728707731
1048,54.36290567996912,,2026-06-30T15:12:24.715+07:00,0.05695456266403198,341.7273759841919,341.6633759841919,340.6023325104766,340.6023325104766,0.1316816806793213,11.033501759115701,790.0900840759277,341.7273759841919,0.05695456266403198,8.499622344970703e-05,0.5099773406982422,0.5099773406982422,1.1756988427496822,1.1756988427496822,16.78774130432108,791.4762497821357
1049,54.41483645001426,,2026-06-30T15:12:24.765+07:00,0.05696606636047363,341.7963981628418,341.7323981628418,341.1233043944059,341.1233043944059,0.751919686794281,11.0823982194317,4511.518120765686,341.7963981628418,0.05696606636047363,1.150369644165039e-05,0.06902217864990234,0.06902217864990234,0.5209718839293487,0.5209718839293487,0.04889646031599959,3721.4280366897583
1050,54.46702710795216,,2026-06-30T15:12:24.815+07:00,0.05687159299850464,341.22955799102783,341.1655579910278,341.14811264815563,341.14811264815563,0.0030691027641296387,4.956280051114176,18.414616584777832,341.22955799102783,0.05687159299850464,-9.447336196899414e-05,-0.5668401718139648,-0.5668401718139648,0.024808253749711184,0.024808253749711184,-6.126118168317525,-4493.103504180908
1051,54.51923883985728,,2026-06-30T15:12:24.866+07:00,0.056869566440582275,341.21739864349365,341.15339864349363,341.15116531046334,341.15116531046334,-0.00023889543081168085,2.127207965878993,-1.4333725848700851,341.21739864349365,0.056869566440582275,-2.0265579223632812e-06,-0.012159347534179688,-0.012159347534179688,0.0030526623077093973,0.0030526623077093973,-2.8290720852351825,-19.847989169647917
1052,54.57150035002269,,2026-06-30T15:12:24.917+07:00,0.056977033615112305,341.8622016906738,341.7982016906738,340.40465965728464,340.40465965728464,0.6282699108123779,-0.9684842272004346,3769.6194648742676,341.8622016906738,0.056977033615112305,0.0001074671745300293,0.6448030471801758,0.6448030471801758,-0.7465056531787013,-0.7465056531787013,-3.0956921930794277,3771.0528374591377
1053,54.62372185988352,,2026-06-30T15:12:24.969+07:00,0.05697464942932129,341.84789657592773,341.7838965759277,341.1575598354976,341.1575598354976,0.14831078052520752,7.780812316585546,889.8646831512451,341.84789657592773,0.05697464942932129,-2.384185791015625e-06,-0.01430511474609375,-0.01430511474609375,0.7529001782129399,0.7529001782129399,8.74929654378598,-2879.7547817230225
1054,54.675959980813786,,2026-06-30T15:12:25.020+07:00,0.056869566440582275,341.21739864349365,341.15339864349363,341.28931994797057,341.28931994797057,-0.0001718998100841418,3.98866393440999,-1.0313988605048507,341.21739864349365,0.056869566440582275,-0.00010508298873901367,-0.630497932434082,-0.630497932434082,0.13176011247298902,0.13176011247298902,-3.792148382175556,-890.89608201175
1055,54.7291818219237,,2026-06-30T15:12:25.073+07:00,0.056869566440582275,341.21739864349365,341.15339864349363,341.21261532211776,341.21261532211776,0.00011879205703735352,0.8692398071236693,0.7127523422241211,341.21739864349365,0.056869566440582275,0.0,0.0,0.0,-0.07670462585281257,-0.07670462585281257,-3.1194241272863206,1.7441512027289718
1056,54.78117016586475,,2026-06-30T15:12:25.123+07:00,0.056876420974731445,341.2585258483887,341.19452584838865,341.39426041405875,341.39426041405875,0.010020673274993896,1.4325744499269297,60.12403964996338,341.2585258483887,0.056876420974731445,6.854534149169922e-06,0.04112720489501953,0.04112720489501953,0.1816450919409931,0.1816450919409931,0.5633346428032604,59.41128730773926
1057,54.833041046978906,,2026-06-30T15:12:25.175+07:00,0.05690014362335205,341.4008617401123,341.3368617401123,341.3193748253739,341.3193748253739,0.04461395740509033,0.0,267.683744430542,341.4008617401123,0.05690014362335205,2.372264862060547e-05,0.1423358917236328,0.1423358917236328,-0.07488558868482187,-0.07488558868482187,-1.4325744499269297,207.5597047805786
1058,54.88495577988215,,2026-06-30T15:12:25.225+07:00,0.05704706907272339,342.28241443634033,342.2184144363403,341.73044230868965,341.73044230868965,0.6633623838424683,5.094979087055134,3980.1743030548096,342.28241443634033,0.05704706907272339,0.0001469254493713379,0.8815526962280273,0.8815526962280273,0.4110674833157191,0.4110674833157191,5.094979087055134,3712.4905586242676
1059,54.9367245498579,,2026-06-30T15:12:25.277+07:00,0.056869566440582275,341.21739864349365,341.15339864349363,341.46131154005224,341.46131154005224,1.4662742614746094e-05,-1.1234987662353562,0.08797645568847656,341.21739864349365,0.056869566440582275,-0.00017750263214111328,-1.0650157928466797,-1.0650157928466797,-0.26913076863741026,-0.26913076863741026,-6.218477853290491,-3980.086326599121
1060,54.98875622684136,,2026-06-30T15:12:25.330+07:00,0.056869566440582275,341.21739864349365,341.15339864349363,341.28349184228966,341.28349184228966,7.444620132446289e-05,-2.3314017179338586,0.44667720794677734,341.21739864349365,0.056869566440582275,0.0,0.0,0.0,-0.17781969776257256,-0.17781969776257256,-1.2079029516985025,0.3587007522583008
1061,55.04075064393692,,2026-06-30T15:12:25.380+07:00,0.05686992406845093,341.21954441070557,341.15554441070555,341.30137666420336,341.30137666420336,0.0005961060523986816,-1.2984471515397604,3.57663631439209,341.21954441070557,0.05686992406845093,3.5762786865234375e-07,0.0021457672119140625,0.0021457672119140625,0.01788482191369667,0.01788482191369667,1.0329545663940982,3.1299591064453125
1062,55.0927849879954,,2026-06-30T15:12:25.431+07:00,0.056869566440582275,341.21739864349365,341.15339864349363,341.3478858289156,341.3478858289156,-0.00022351743245963007,-0.837083887144584,-1.3411045947577804,341.21739864349365,0.056869566440582275,-3.5762786865234375e-07,-0.0021457672119140625,-0.0021457672119140625,0.04650916471223354,0.04650916471223354,0.4613632643951764,-4.91774090914987
1063,55.1446114059072,,2026-06-30T15:12:25.482+07:00,0.056937336921691895,341.62402153015137,341.56002153015135,341.4945582173944,341.4945582173944,0.10514235496520996,1.070533004512195,630.8541297912598,341.62402153015137,0.056937336921691895,6.777048110961914e-05,0.40662288665771484,0.40662288665771484,0.14667238847880526,0.14667238847880526,1.907616891656779,632.1952343860175
1064,55.19664721284062,,2026-06-30T15:12:25.533+07:00,0.056869566440582275,341.21739864349365,341.15339864349363,341.29778264448703,341.29778264448703,-0.00023877622152213007,-1.7259731020855622,-1.4326573291327804,341.21739864349365,0.056869566440582275,-6.777048110961914e-05,-0.40662288665771484,-0.40662288665771484,-0.19677557290737013,-0.19677557290737013,-2.7965061065977572,-632.2867871203925
1065,55.248526223003864,,2026-06-30T15:12:25.585+07:00,0.05467510223388672,328.0506134033203,327.9866134033203,336.6646054947379,336.6646054947379,0.2597268223762512,-68.38820457583775,1558.3609342575073,328.0506134033203,0.05467510223388672,-0.0021944642066955566,-13.16678524017334,-13.16678524017334,-4.6331771497491445,-4.6331771497491445,-66.66223147375219,1559.79359158664
1066,55.30041041900404,,2026-06-30T15:12:25.637+07:00,0.05687016248703003,341.2209749221802,341.15697492218015,339.29002848901104,339.29002848901104,0.0008857846260070801,-1.0697155462800154,5.3147077560424805,341.2209749221802,0.05687016248703003,0.0021950602531433105,13.170361518859863,13.170361518859863,2.6254229942731513,2.6254229942731513,67.31848902955772,-1553.0462265014648
1067,55.352310521993786,,2026-06-30T15:12:25.686+07:00,0.056869566440582275,341.21739864349365,341.15339864349363,340.3725522200941,340.3725522200941,8.821487426757812e-05,11.712542301703346,0.5292892456054688,341.21739864349365,0.056869566440582275,-5.960464477539062e-07,-0.0035762786865234375,-0.0035762786865234375,1.0825237310830857,1.0825237310830857,12.782257847983361,-4.785418510437012
1068,55.404852512991056,,2026-06-30T15:12:25.736+07:00,0.056869566440582275,341.21739864349365,341.15339864349363,338.65084450708537,338.65084450708537,3.5762786865234375e-05,-1.1234301218228566,0.21457672119140625,341.21739864349365,0.056869566440582275,0.0,0.0,0.0,-1.7217077130087546,-1.7217077130087546,-12.835972423526202,-0.3147125244140625
1069,55.45710344891995,,2026-06-30T15:12:25.811+07:00,0.05688995122909546,341.33970737457275,341.27570737457273,340.7098824696676,340.7098824696676,0.029971837997436523,17.253234790337686,179.83102798461914,341.33970737457275,0.05688995122909546,2.0384788513183594e-05,0.12230873107910156,0.12230873107910156,2.059037962582238,2.059037962582238,18.376664912160543,179.61645126342773
1070,55.50920749595389,,2026-06-30T15:12:25.861+07:00,0.056869566440582275,341.21739864349365,341.15339864349363,340.9662571410725,340.9662571410725,-0.0002253055718028918,10.129520561599428,-1.3518334308173507,341.21739864349365,0.056869566440582275,-2.0384788513183594e-05,-0.12230873107910156,-0.12230873107910156,0.2563746714048989,0.2563746714048989,-7.123714228738258,-181.1828614154365
1071,55.561030469834805,,2026-06-30T15:12:25.913+07:00,0.056869566440582275,341.21739864349365,341.15339864349363,341.0743313587207,341.0743313587207,-0.00023275615239981562,5.428922158591428,-1.3965369143988937,341.21739864349365,0.056869566440582275,0.0,0.0,0.0,0.10807421764820901,0.10807421764820901,-4.700598403008,-0.04470348358154297
1072,55.612918850034475,,2026-06-30T15:12:25.963+07:00,0.0568697452545166,341.2184715270996,341.1544715270996,341.12036822493917,341.12036822493917,0.00039309263229370117,2.810520324041618,2.358555793762207,341.2184715270996,0.0568697452545166,1.7881393432617188e-07,0.0010728836059570312,0.0010728836059570312,0.04603686621845782,0.04603686621845782,-2.61840183454981,3.7550927081611007
1073,55.66497565689497,,2026-06-30T15:12:26.014+07:00,0.05702316761016846,342.13900566101074,342.0750056610107,341.694045437803,341.694045437803,0.3001444339752197,7.323223963329833,1800.8666038513184,342.13900566101074,0.05702316761016846,0.00015342235565185547,0.9205341339111328,0.9205341339111328,0.5736772128638563,0.5736772128638563,4.512703639288215,1798.5080480575562
1074,55.71683414885774,,2026-06-30T15:12:26.073+07:00,0.056869566440582275,341.21739864349365,341.15339864349363,341.1062544421083,341.1062544421083,-0.00021088124776724726,-1.3669549648395836,-1.2652874866034836,341.21739864349365,0.056869566440582275,-0.00015360116958618164,-0.9216070175170898,-0.9216070175170898,-0.5877909956947178,-0.5877909956947178,-8.690178928169416,-1802.1318913379218
1075,55.77002580487169,,2026-06-30T15:12:26.126+07:00,0.056896090507507324,341.37654304504395,341.3125430450439,341.1969913516023,341.1969913516023,0.032675981521606445,0.501456491947731,196.05588912963867,341.37654304504395,0.056896090507507324,2.6524066925048828e-05,0.15914440155029297,0.15914440155029297,0.09073690949401225,0.09073690949401225,1.8684114567873147,197.32117661624216
1076,55.82194835296832,,2026-06-30T15:12:26.158+07:00,0.056869566440582275,341.21739864349365,341.15339864349363,341.18173390376427,341.18173390376427,-0.00010657311213435605,0.16234548028794638,-0.6394386728061363,341.21739864349365,0.056869566440582275,-2.6524066925048828e-05,-0.15914440155029297,-0.15914440155029297,-0.01525744783805294,-0.01525744783805294,-0.33911101165978463,-196.6953278024448
1077,55.874188732821494,,2026-06-30T15:12:26.211+07:00,0.056869566440582275,341.21739864349365,341.15339864349363,341.165370290958,341.165370290958,-0.00023311378026846796,-0.08742794162921104,-1.3986826816108078,341.21739864349365,0.056869566440582275,0.0,0.0,0.0,-0.01636361280628762,-0.01636361280628762,-0.2497734219171574,-0.7592440088046715
1078,55.92606331803836,,2026-06-30T15:12:26.261+07:00,0.0568697452545166,341.2184715270996,341.1544715270996,341.1588321738094,341.1588321738094,0.00024360418319702148,-0.10819404112491851,1.461625099182129,341.2184715270996,0.0568697452545166,1.7881393432617188e-07,0.0010728836059570312,0.0010728836059570312,-0.0065381171485796585,-0.0065381171485796585,-0.02076609949570747,2.8603077807929367
1079,55.978094290941954,,2026-06-30T15:12:26.312+07:00,0.05699533224105835,341.9719934463501,341.9079934463501,341.4234637063571,341.4234637063571,0.22489356994628906,3.844720901286496,1349.3614196777344,341.9719934463501,0.05699533224105835,0.00012558698654174805,0.7535219192504883,0.7535219192504883,0.2646315325476962,0.2646315325476962,3.9529149424114145,1347.8997945785522
1080,56.03017985681072,,2026-06-30T15:12:26.365+07:00,0.05615675449371338,336.9405269622803,336.87652696228025,339.77059604412875,339.77059604412875,0.4636325240135193,-21.461477407239652,2781.7951440811157,336.9405269622803,0.05615675449371338,-0.0008385777473449707,-5.031466484069824,-5.031466484069824,-1.6528676622283456,-1.6528676622283456,-25.30619830852615,1432.4337244033813
1081,56.08204497792758,,2026-06-30T15:12:26.416+07:00,0.056869566440582275,341.21739864349365,341.15339864349363,340.56916454526197,340.56916454526197,-7.677078974666074e-05,-0.49283374824337844,-0.46062473847996444,341.21739864349365,0.056869566440582275,0.0007128119468688965,4.276871681213379,4.276871681213379,0.798568501133218,0.798568501133218,20.968643658996275,-2782.2557688195957
1082,56.133782914839685,,2026-06-30T15:12:26.466+07:00,0.05326420068740845,319.5852041244507,319.52120412445066,333.33805790688973,333.33805790688973,-0.08525940775871277,-110.49979758504821,-511.5564465522766,319.5852041244507,0.05326420068740845,-0.003605365753173828,-21.63219451904297,-21.63219451904297,-7.231106638372239,-7.231106638372239,-110.00696383680483,-511.09582181379665
1083,56.18585620285012,,2026-06-30T15:12:26.517+07:00,0.056869566440582275,341.21739864349365,341.15339864349363,333.0374072178124,333.0374072178124,-0.00017344953084830195,-22.111957094293572,-1.0406971850898117,341.21739864349365,0.056869566440582275,0.003605365753173828,21.63219451904297,21.63219451904297,-0.3006506890773153,-0.3006506890773153,88.38784049075464,510.5157493671868
1084,56.238024584017694,,2026-06-30T15:12:26.581+07:00,0.05688661336898804,341.3196802139282,341.2556802139282,337.7601908157954,337.7601908157954,0.022684991359710693,32.72581947893519,136.10994815826416,341.3196802139282,0.05688661336898804,1.704692840576172e-05,0.10228157043457031,0.10228157043457031,4.722783597982982,4.722783597982982,54.837776573228766,137.15064534335397
1085,56.29014581581578,,2026-06-30T15:12:26.636+07:00,0.05688661336898804,341.3196802139282,341.2556802139282,339.75556688594327,339.75556688594327,0.0248529314994812,34.12104767935509,149.1175889968872,341.3196802139282,0.05688661336898804,0.0,0.0,0.0,1.99537607014787,1.99537607014787,1.3952282004198935,13.007640838623047
1086,56.34169462299906,,2026-06-30T15:12:26.685+07:00,0.056869566440582275,341.21739864349365,341.15339864349363,340.56305880694896,340.56305880694896,-0.0001959800865733996,23.396830217892063,-1.1758805194403976,341.21739864349365,0.056869566440582275,-1.704692840576172e-05,-0.10228157043457031,-0.10228157043457031,0.8074919210056919,0.8074919210056919,-10.724217461463024,-150.2934695163276
1087,56.39340735692531,,2026-06-30T15:12:26.735+07:00,0.05689185857772827,341.35115146636963,341.2871514663696,340.95233939702234,340.95233939702234,0.49231666326522827,14.339239373287796,2953.8999795913696,341.35115146636963,0.05689185857772827,2.2292137145996094e-05,0.13375282287597656,0.13375282287597656,0.38928059007338334,0.38928059007338334,-9.057590844604267,2955.07586011081
1088,56.44507658993825,,2026-06-30T15:12:26.795+07:00,0.056869566440582275,341.21739864349365,341.15339864349363,341.0770753079121,341.0770753079121,-0.00018912555242422968,7.200597911216102,-1.134753314545378,341.21739864349365,0.056869566440582275,-2.2292137145996094e-05,-0.13375282287597656,-0.13375282287597656,0.1247359108897399,0.1247359108897399,-7.1386414620716945,-2955.034732905915
1089,56.49669202696532,,2026-06-30T15:12:26.846+07:00,0.056869566440582275,341.21739864349365,341.15339864349363,340.96803187410757,340.96803187410757,-0.00023394824529532343,2.8573174806760804,-1.4036894717719406,341.21739864349365,0.056869566440582275,0.0,0.0,0.0,-0.10904343380451564,-0.10904343380451564,-4.343280430540021,-0.2689361572265625
1090,56.54830396384932,,2026-06-30T15:12:26.896+07:00,0.05693238973617554,341.5943384170532,341.5303384170532,341.20701010417383,341.20701010417383,0.08671414852142334,4.383498947673831,520.28489112854,341.5943384170532,0.05693238973617554,6.282329559326172e-05,0.3769397735595703,0.3769397735595703,0.23897823006626595,0.23897823006626595,1.526181466997751,521.688580600312
1091,56.600094362860546,,2026-06-30T15:12:26.946+07:00,0.056869566440582275,341.21739864349365,341.15339864349363,341.2450430540514,341.2450430540514,0.00014525651931762695,1.8801704874820167,0.8715391159057617,341.21739864349365,0.056869566440582275,-6.282329559326172e-05,-0.3769397735595703,-0.3769397735595703,0.038032949877560895,0.038032949877560895,-2.5033284601918147,-519.4133520126343
1092,56.65168939298019,,2026-06-30T15:12:26.996+07:00,0.0568697452545166,341.2184715270996,341.1544715270996,341.19281935757687,341.19281935757687,0.0001672506332397461,0.2111375409855396,1.0035037994384766,341.2184715270996,0.0568697452545166,1.7881393432617188e-07,0.0010728836059570312,0.0010728836059570312,-0.052223696474527515,-0.052223696474527515,-1.669032946496477,0.13196468353271484
1093,56.70341164502315,,2026-06-30T15:12:27.046+07:00,0.05696272850036621,341.77637100219727,341.71237100219724,341.4330605823581,341.4330605823581,0.15069133043289185,3.0323208487743782,904.1479825973511,341.77637100219727,0.05696272850036621,9.298324584960938e-05,0.5578994750976562,0.5578994750976562,0.24024122478124355,0.24024122478124355,2.8211833077888384,903.1444787979126
1094,56.75541632203385,,2026-06-30T15:12:27.096+07:00,0.056869566440582275,341.21739864349365,341.15339864349363,341.27179989368426,341.27179989368426,-0.00022810699010733515,-0.5269525962050208,-1.368641940644011,341.21739864349365,0.056869566440582275,-9.316205978393555e-05,-0.5589723587036133,-0.5589723587036133,-0.16126068867384902,-0.16126068867384902,-3.5592734449793992,-905.5166245379951
1095,56.8068688698113,,2026-06-30T15:12:27.146+07:00,0.056869566440582275,341.21739864349365,341.15339864349363,341.20342317169917,341.20342317169917,-4.130602246732451e-05,-0.9744120960661558,-0.24783613480394706,341.21739864349365,0.056869566440582275,0.0,0.0,0.0,-0.06837672198508926,-0.06837672198508926,-0.447459499861135,1.1208058058400638
1096,56.85853295493871,,2026-06-30T15:12:27.196+07:00,0.056869566440582275,341.21739864349365,341.15339864349363,341.17583577210235,341.17583577210235,-0.00023525954748038203,-0.7238139286549375,-1.4115572848822922,341.21739864349365,0.056869566440582275,0.0,0.0,0.0,-0.027587399596825435,-0.027587399596825435,0.2505981674112182,-1.163721150078345
1097,56.91006528097205,,2026-06-30T15:12:27.246+07:00,0.0568731427192688,341.2388563156128,341.1748563156128,341.17038851557254,341.17038851557254,0.005255937576293945,-0.33777403851619375,31.535625457763672,341.2388563156128,0.0568731427192688,3.5762786865234375e-06,0.021457672119140625,0.021457672119140625,-0.0054472565298056,-0.0054472565298056,0.3860398901387438,32.947182742645964
1098,56.96166386688128,,2026-06-30T15:12:27.296+07:00,0.056869566440582275,341.21739864349365,341.15339864349363,341.16269223329004,341.16269223329004,-0.00023496152425650507,-0.23972405019619414,-1.4097691455390304,341.21739864349365,0.056869566440582275,-3.5762786865234375e-06,-0.021457672119140625,-0.021457672119140625,-0.007696282282495304,-0.007696282282495304,0.09804998831999961,-32.9453946033027
1099,57.01330108102411,,2026-06-30T15:12:27.347+07:00,0.056869566440582275,341.21739864349365,341.15339864349363,337.23177013480955,337.23177013480955,1.811981201171875e-05,-21.75077714228454,0.1087188720703125,341.21739864349365,0.056869566440582275,0.0,0.0,0.0,-3.930922098480494,-3.930922098480494,-21.511053092088346,1.518488017609343
1100,57.06501059187576,,2026-06-30T15:12:27.397+07:00,0.056869566440582275,341.21739864349365,341.15339864349363,339.4965105985746,339.4965105985746,-0.00023519994283560663,15.575470038111948,-1.4111996570136398,341.21739864349365,0.056869566440582275,0.0,0.0,0.0,2.264740463765065,2.264740463765065,37.32624718039649,-1.5199185290839523
1101,57.11670315894298,,2026-06-30T15:12:27.448+07:00,0.056869566440582275,341.21739864349365,341.15339864349363,340.45336344451533,340.45336344451533,-0.00023531915212515742,16.97741529764934,-1.4119149127509445,341.21739864349365,0.056869566440582275,0.0,0.0,0.0,0.9568528459407162,0.9568528459407162,1.401945259537392,-0.0007152557373046875
1102,57.16847635502927,,2026-06-30T15:12:27.523+07:00,0.05682283639907837,340.9370183944702,340.8730183944702,340.86301838981603,340.86301838981603,0.7797139286994934,7.680291804286791,4678.28357219696,340.9370183944702,0.05682283639907837,-4.673004150390625e-05,-0.2803802490234375,-0.2803802490234375,0.40965494530070146,0.40965494530070146,-9.297123493362548,4679.695487109711
1103,57.22042832802981,,2026-06-30T15:12:27.572+07:00,0.05696624517440796,341.79747104644775,341.73347104644773,341.23373832734876,341.23373832734876,0.45010751485824585,8.235016155273485,2700.645089149475,341.79747104644775,0.05696624517440796,0.00014340877532958984,0.8604526519775391,0.8604526519775391,0.37071993753272636,0.37071993753272636,0.5547243509866933,-1977.6384830474854
1104,57.27231124602258,,2026-06-30T15:12:27.624+07:00,0.05516231060028076,330.97386360168457,330.90986360168455,337.6032439400509,337.6032439400509,0.2222762256860733,-47.929899274461434,1333.6573541164398,330.97386360168457,0.05516231060028076,-0.0018039345741271973,-10.823607444763184,-10.823607444763184,-3.6304943872978583,-3.6304943872978583,-56.16491542973492,-1366.9877350330353
1105,57.324015237856656,,2026-06-30T15:12:27.676+07:00,0.056869566440582275,341.21739864349365,341.15339864349363,339.6534582812891,339.6534582812891,-0.00023561717534903437,1.6441948315119461,-1.4137030520942062,341.21739864349365,0.056869566440582275,0.0017072558403015137,10.243535041809082,10.243535041809082,2.0502143412381884,2.0502143412381884,49.57409410597338,-1335.071057168534
1106,57.37562365690246,,2026-06-30T15:12:27.725+07:00,0.057007789611816406,342.04673767089844,341.9827376708984,340.9799856109014,340.9799856109014,0.2639840245246887,15.772847654880316,1583.9041471481323,342.04673767089844,0.057007789611816406,0.00013822317123413086,0.8293390274047852,0.8293390274047852,1.3265273296123041,1.3265273296123041,14.12865282336837,1585.3178502002265
1107,57.42745642689988,,2026-06-30T15:12:27.777+07:00,0.0568697452545166,341.2184715270996,341.1544715270996,341.0805071464855,341.0805071464855,-2.7031421661376953,7.734499700819345,-16218.852996826172,341.2184715270996,0.0568697452545166,-0.0001380443572998047,-0.8282661437988281,-0.8282661437988281,0.10052153558410737,0.10052153558410737,-8.03834795406097,-17802.757143974304
1108,57.48005315801129,,2026-06-30T15:12:27.826+07:00,0.056898534297943115,341.3912057876587,341.32720578765867,341.1846548915672,341.1846548915672,0.04287368059158325,4.668111443280474,257.2420835494995,341.3912057876587,0.056898534297943115,2.8789043426513672e-05,0.17273426055908203,0.17273426055908203,0.10414774508171831,0.10414774508171831,-3.066388257538871,16476.09508037567
1109,57.531604039948434,,2026-06-30T15:12:27.876+07:00,0.056874752044677734,341.2485122680664,341.1845122680664,331.1944177236963,331.1944177236963,0.007594704627990723,-56.050476886771634,45.568227767944336,341.2485122680664,0.056874752044677734,-2.378225326538086e-05,-0.14269351959228516,-0.14269351959228516,-9.99023716787093,-9.99023716787093,-60.71858833005211,-211.67385578155518
1110,57.583293883828446,,2026-06-30T15:12:27.926+07:00,0.056869566440582275,341.21739864349365,341.15339864349363,336.9457292048792,336.9457292048792,-0.00023585559392813593,40.49098536998997,-1.4151335635688156,341.21739864349365,0.056869566440582275,-5.185604095458984e-06,-0.031113624572753906,-0.031113624572753906,5.751311481182938,5.751311481182938,96.5414622567616,-46.98336133151315
1111,57.634866080014035,,2026-06-30T15:12:27.977+07:00,0.05687469244003296,341.24815464019775,341.18415464019773,339.54881814340183,339.54881814340183,0.007490098476409912,44.6722855504456,44.94059085845947,341.24815464019775,0.05687469244003296,5.125999450683594e-06,0.030755996704101562,0.030755996704101562,2.6030889385226033,2.6030889385226033,4.181300180455629,46.35572442202829
1112,57.6864150359761,,2026-06-30T15:12:28.027+07:00,0.0558585524559021,335.1513147354126,335.0873147354126,338.49585365434535,338.49585365434535,0.9564786553382874,-1.5579152563851153,5738.871932029724,335.1513147354126,0.0558585524559021,-0.0010161399841308594,-6.096839904785156,-6.096839904785156,-1.0529644890564782,-1.0529644890564782,-46.230200806830716,5693.931341171265
1113,57.7380481029395,,2026-06-30T15:12:28.077+07:00,0.056869566440582275,341.21739864349365,341.15339864349363,340.0703710918964,340.0703710918964,-0.0002359748032176867,16.45587777025817,-1.4158488193061203,341.21739864349365,0.056869566440582275,0.0010110139846801758,6.066083908081055,6.066083908081055,1.5745174375510373,1.5745174375510373,18.013793026643285,-5740.28778084903
1114,57.789656687993556,,2026-06-30T15:12:28.126+07:00,0.0568881630897522,341.3289785385132,341.26497853851316,340.7348724662006,340.7348724662006,0.02731645107269287,14.554811266401984,163.89870643615723,341.3289785385132,0.0568881630897522,1.8596649169921875e-05,0.11157989501953125,0.11157989501953125,0.6645013743042227,0.6645013743042227,-1.9010665038561854,165.31455525546335
1115,57.84126523602754,,2026-06-30T15:12:28.178+07:00,0.056869566440582275,341.21739864349365,341.15339864349363,340.97657133358734,340.97657133358734,-0.00010913611185969785,8.718037799691897,-0.6548166711581871,341.21739864349365,0.056869566440582275,-1.8596649169921875e-05,-0.11157989501953125,-0.11157989501953125,0.24169886738673085,0.24169886738673085,-5.836773466710087,-164.5535231073154
1116,57.89300217293203,,2026-06-30T15:12:28.227+07:00,0.056869566440582275,341.21739864349365,341.15339864349363,341.08047903254084,341.08047903254084,-0.0002430677559459582,4.85587298266624,-1.4584065356757492,341.21739864349365,0.056869566440582275,0.0,0.0,0.0,0.10390769895349194,0.10390769895349194,-3.8621648170256577,-0.8035898645175621
1117,57.94459794298746,,2026-06-30T15:12:28.277+07:00,0.056870102882385254,341.2206172943115,341.1566172943115,341.12371663565233,341.12371663565233,0.0008149147033691406,2.534213782536637,4.889488220214844,341.2206172943115,0.056870102882385254,5.364418029785156e-07,0.0032186508178710938,0.0032186508178710938,0.04323760311149272,0.04323760311149272,-2.3216592001296026,6.347894755890593
1118,57.996622120030224,,2026-06-30T15:12:28.330+07:00,0.0568697452545166,341.2184715270996,341.1544715270996,341.1418030268236,341.1418030268236,0.0003306269645690918,1.2609363678627743,1.9837617874145508,341.2184715270996,0.0568697452545166,-3.5762786865234375e-07,-0.0021457672119140625,-0.0021457672119140625,0.018086391171266314,0.018086391171266314,-1.2732774146738628,-2.905726432800293
1119,58.04877868597396,,2026-06-30T15:12:28.382+07:00,0.056869566440582275,341.21739864349365,341.15339864349363,341.18828470176845,341.18828470176845,0.00012934207916259766,0.8229683880691587,0.7760524749755859,341.21739864349365,0.056869566440582275,-1.7881393432617188e-07,-0.0010728836059570312,-0.0010728836059570312,0.04648167494485733,0.04648167494485733,-0.43796797979361557,-1.2077093124389648
1120,58.100955528905615,,2026-06-30T15:12:28.456+07:00,0.05692249536514282,341.53497219085693,341.4709721908569,336.17074975067624,336.17074975067624,0.08042412996292114,7.9829814752866355,482.54477977752686,341.53497219085693,0.05692249536514282,5.2928924560546875e-05,0.31757354736328125,0.31757354736328125,-5.017534951092216,-5.017534951092216,7.160013087217477,481.76872730255127
1121,58.15301141003147,,2026-06-30T15:12:28.507+07:00,0.05690121650695801,341.40729904174805,341.343299041748,339.1146946256673,339.1146946256673,0.04691892862319946,35.50441664951598,281.5135717391968,341.40729904174805,0.05690121650695801,-2.1278858184814453e-05,-0.12767314910888672,-0.12767314910888672,2.9439448749910753,2.9439448749910753,27.521435174229346,-201.03120803833008
1122,58.20453345798887,,2026-06-30T15:12:28.538+07:00,0.056869566440582275,341.21739864349365,341.15339864349363,339.82824103190654,339.82824103190654,-0.00024318696523550898,31.200179130886312,-1.4591217914130539,341.21739864349365,0.056869566440582275,-3.165006637573242e-05,-0.18990039825439453,-0.18990039825439453,0.7135464062392316,0.7135464062392316,-4.3042375186296695,-282.97269353060983
1123,58.256041172891855,,2026-06-30T15:12:28.611+07:00,0.057034969329833984,342.2098159790039,342.1458159790039,341.1967940085414,341.1967940085414,0.3038896918296814,21.839324445984573,1823.3381509780884,342.2098159790039,0.057034969329833984,0.00016540288925170898,0.9924173355102539,0.9924173355102539,1.3685529766348736,1.3685529766348736,-9.360854684901739,1824.7972727695014
1124,58.3075592208188,,2026-06-30T15:12:28.637+07:00,0.05319875478744507,319.1925287246704,319.1285287246704,333.47290115918656,333.47290115918656,-0.17723913490772247,-89.29546990523986,-1063.4348094463348,319.1925287246704,0.05319875478744507,-0.003836214542388916,-23.017287254333496,-23.017287254333496,-7.723892849354854,-7.723892849354854,-111.13479435122443,-2886.772960424423
1125,58.35931413900107,,2026-06-30T15:12:28.691+07:00,0.056869566440582275,341.21739864349365,341.15339864349363,338.1319666710193,338.1319666710193,0.00012183189392089844,9.109426760051786,0.7309913635253906,341.21739864349365,0.056869566440582275,0.003670811653137207,22.024869918823242,22.024869918823242,4.65906551183275,4.65906551183275,98.40489666529164,1064.1658008098602
1126,58.411022427957505,,2026-06-30T15:12:28.741+07:00,0.056869566440582275,341.21739864349365,341.15339864349363,339.87684363512324,339.87684363512324,6.22868537902832e-05,23.451539510096477,0.3737211227416992,341.21739864349365,0.056869566440582275,0.0,0.0,0.0,1.7448769641039235,1.7448769641039235,14.342112750044691,-0.3572702407836914
1127,58.46282230899669,,2026-06-30T15:12:28.817+07:00,0.0569148063659668,341.4888381958008,341.42483819580076,341.212937164906,341.212937164906,0.06132805347442627,17.82133559312406,367.9683208465576,341.4888381958008,0.0569148063659668,4.5239925384521484e-05,0.2714395523071289,0.2714395523071289,1.3360935297827723,1.3360935297827723,-5.630203916972416,367.5945997238159
1128,58.51449482003227,,2026-06-30T15:12:28.851+07:00,0.056869566440582275,341.21739864349365,341.15339864349363,341.19209868241165,341.19209868241165,-0.00023639203573111445,11.366464208567951,-1.4183522143866867,341.21739864349365,0.056869566440582275,-4.5239925384521484e-05,-0.2714395523071289,-0.2714395523071289,-0.02083848249435505,-0.02083848249435505,-6.45487138455611,-369.3866730609443
1129,58.56613112799823,,2026-06-30T15:12:28.900+07:00,0.05474662780761719,328.4797668457031,328.4157668457031,336.913026482843,336.913026482843,0.37990710139274597,-62.42089926516776,2279.442608356476,328.4797668457031,0.05474662780761719,-0.002122938632965088,-12.737631797790527,-12.737631797790527,-4.279072199568645,-4.279072199568645,-73.78736347373571,2280.8609605708625
1130,58.61909372895025,,2026-06-30T15:12:28.954+07:00,0.05693751573562622,341.6250944137573,341.5610944137573,339.50453492521103,339.50453492521103,0.09653878211975098,1.20582881689905,579.2326927185059,341.6250944137573,0.05693751573562622,0.002190887928009033,13.1453275680542,13.1453275680542,2.591508442368024,2.591508442368024,63.62672808206681,-1700.20991563797
1131,58.67091525788419,,2026-06-30T15:12:29.005+07:00,0.05689382553100586,341.36295318603516,341.29895318603513,340.5082673347896,340.5082673347896,0.03579413890838623,11.450638577860149,214.76483345031738,341.36295318603516,0.05689382553100586,-4.369020462036133e-05,-0.26214122772216797,-0.26214122772216797,1.0037324095785607,1.0037324095785607,10.244809760961099,-364.4678592681885
1132,58.72266713902354,,2026-06-30T15:12:29.079+07:00,0.05627703666687012,337.6622200012207,337.5982200012207,339.81213009236797,339.81213009236797,0.648418128490448,-9.02393247110957,3890.508770942688,337.6622200012207,0.05627703666687012,-0.0006167888641357422,-3.700733184814453,-3.700733184814453,-0.6961372424216279,-0.6961372424216279,-20.474571048969718,3675.7439374923706
1133,58.77459596400149,,2026-06-30T15:12:29.129+07:00,0.05689859390258789,341.39156341552734,341.3275634155273,340.6476703508548,340.6476703508548,0.04294687509536743,5.7198600793251595,257.6812505722046,341.39156341552734,0.05689859390258789,0.0006215572357177734,3.7293434143066406,3.7293434143066406,0.8355402584868443,0.8355402584868443,14.74379255043473,-3632.8275203704834
1134,58.82705049193464,,2026-06-30T15:12:29.180+07:00,0.0568697452545166,341.2184715270996,341.1544715270996,340.9401039491158,340.9401039491158,0.0001804828643798828,5.55913311771362,1.0828971862792969,341.2184715270996,0.0568697452545166,-2.8848648071289062e-05,-0.17309188842773438,-0.17309188842773438,0.2924335982609705,0.2924335982609705,-0.1607269616115392,-256.5983533859253
1135,58.87922748387791,,2026-06-30T15:12:29.232+07:00,0.056908249855041504,341.449499130249,341.385499130249,341.33188966877606,341.33188966877606,0.05775868892669678,5.817190943491648,346.55213356018066,341.449499130249,0.056908249855041504,3.8504600524902344e-05,0.23102760314941406,0.23102760314941406,0.39178571966027675,0.39178571966027675,0.25805782577802727,345.46923637390137
1136,58.93107260600664,,2026-06-30T15:12:29.264+07:00,0.05688941478729248,341.3364887237549,341.27248872375486,341.31109933801866,341.31109933801866,0.029192864894866943,3.5557712692703363,175.15718936920166,341.3364887237549,0.05688941478729248,-1.8835067749023438e-05,-0.11301040649414062,-0.11301040649414062,-0.020790330757392894,-0.020790330757392894,-2.2614196742213113,-171.394944190979
1137,58.982621839037165,,2026-06-30T15:12:29.321+07:00,0.056869566440582275,341.21739864349365,341.15339864349363,341.22002718693045,341.22002718693045,-0.000244379072682932,0.6137843780210019,-1.4662744360975921,341.21739864349365,0.056869566440582275,-1.9848346710205078e-05,-0.11909008026123047,-0.11909008026123047,-0.09107215108821265,-0.09107215108821265,-2.9419868912493343,-176.62346380529925
1138,59.034360312856734,,2026-06-30T15:12:29.375+07:00,0.05619579553604126,337.17477321624756,337.11077321624754,339.89168114632156,339.89168114632156,0.9801476001739502,-16.97664703911305,5880.885601043701,337.17477321624756,0.05619579553604126,-0.0006737709045410156,-4.042625427246094,-4.042625427246094,-1.328346040608892,-1.328346040608892,-17.590431417134052,5882.351875479799
1139,59.08615237893537,,2026-06-30T15:12:29.424+07:00,0.056869566440582275,341.21739864349365,341.15339864349363,340.89719223836136,340.89719223836136,-0.00023013356258161366,3.1230937377105508,-1.380801375489682,341.21739864349365,0.056869566440582275,0.0006737709045410156,4.042625427246094,4.042625427246094,1.0055110920397965,1.0055110920397965,20.0997407768236,-5882.266402419191
1140,59.13791050086729,,2026-06-30T15:12:29.476+07:00,0.056871235370635986,341.2274122238159,341.1634122238159,341.2493721495101,341.2493721495101,0.0026761889457702637,4.13618975158121,16.057133674621582,341.2274122238159,0.056871235370635986,1.6689300537109375e-06,0.010013580322265625,0.010013580322265625,0.3521799111487667,0.3521799111487667,1.0130960138706588,17.437935050111264
1141,59.189696048852056,,2026-06-30T15:12:29.524+07:00,0.05687081813812256,341.22490882873535,341.16090882873533,341.24807710991513,341.24807710991513,0.001983642578125,1.4677836347412254,11.90185546875,341.22490882873535,0.05687081813812256,-4.172325134277344e-07,-0.0025033950805664062,-0.0025033950805664062,-0.0012950395949928861,-0.0012950395949928861,-2.668406116839984,-4.155278205871582
1142,59.24139305995777,,2026-06-30T15:12:29.576+07:00,0.05687004327774048,341.22025966644287,341.15625966644285,341.1949711759698,341.1949711759698,0.0007246136665344238,0.0433305553051766,4.347681999206543,341.22025966644287,0.05687004327774048,-7.748603820800781e-07,-0.004649162292480469,-0.004649162292480469,-0.05310593394534635,-0.05310593394534635,-1.4244530794360488,-7.554173469543457
1143,59.2931085890159,,2026-06-30T15:12:29.632+07:00,0.05687415599822998,341.2449359893799,341.18093598937986,341.1810079112256,341.1810079112256,0.005589604377746582,-0.0966977735971957,33.53762626647949,341.2449359893799,0.05687415599822998,4.112720489501953e-06,0.02467632293701172,0.02467632293701172,-0.013963264744177195,-0.013963264744177195,-0.1400283289023723,29.18994426727295
1144,59.34469741489738,,2026-06-30T15:12:29.681+07:00,0.056967854499816895,341.80712699890137,341.74312699890135,341.4379398813798,341.4379398813798,0.16171663999557495,3.1970168256554894,970.2998399734497,341.80712699890137,0.056967854499816895,9.369850158691406e-05,0.5621910095214844,0.5621910095214844,0.25693197015419855,0.25693197015419855,3.2937145992526853,936.7622137069702
1145,59.39640900003724,,2026-06-30T15:12:29.731+07:00,0.056879401206970215,341.2764072418213,341.21240724182127,341.33169608236966,341.33169608236966,0.014374315738677979,0.0,86.24589443206787,341.2764072418213,0.056879401206970215,-8.845329284667969e-05,-0.5307197570800781,-0.5307197570800781,-0.10624379901014436,-0.10624379901014436,-3.1970168256554894,-884.0539455413818
1146,59.448338565882295,,2026-06-30T15:12:29.786+07:00,0.05652916431427002,339.1749858856201,339.1109858856201,340.5160815753462,340.5160815753462,0.5169087052345276,-10.822182231115658,3101.4522314071655,339.1749858856201,0.05652916431427002,-0.0003502368927001953,-2.101421356201172,-2.101421356201172,-0.8156145070234402,-0.8156145070234402,-10.822182231115658,3015.2063369750977
1147,59.49996218783781,,2026-06-30T15:12:29.833+07:00,0.056869566440582275,341.21739864349365,341.15339864349363,340.88413218220137,340.88413218220137,2.485513687133789e-05,-0.18170033031591037,0.14913082122802734,341.21739864349365,0.056869566440582275,0.00034040212631225586,2.042412757873535,2.042412757873535,0.36805060685514945,0.36805060685514945,10.640481900799747,-3101.3031005859375
1148,59.551950827939436,,2026-06-30T15:12:29.885+07:00,0.056869566440582275,341.21739864349365,341.15339864349363,341.15581612928673,341.15581612928673,-0.00022858382726553828,2.203332223029175,-1.3715029635932297,341.21739864349365,0.056869566440582275,0.0,0.0,0.0,0.27168394708536425,0.27168394708536425,2.3850325533450856,-1.520633784821257
1149,59.603846893878654,,2026-06-30T15:12:29.960+07:00,0.056869566440582275,341.21739864349365,341.15339864349363,341.1738412442123,341.1738412442123,-0.0002284050133312121,0.5633218075827905,-1.3704300799872726,341.21739864349365,0.056869566440582275,0.0,0.0,0.0,0.018025114925592334,0.018025114925592334,-1.6400104154463846,0.0010728836059570312
1150,59.65616512601264,,2026-06-30T15:12:30.011+07:00,0.056914329528808594,341.48597717285156,341.42197717285154,341.25603812757254,341.25603812757254,0.06725901365280151,1.504736377470577,403.5540819168091,341.48597717285156,0.056914329528808594,4.476308822631836e-05,0.26857852935791016,0.26857852935791016,0.08219688336021136,0.08219688336021136,0.9414145698877866,404.92451199679635
1151,59.70765543403104,,2026-06-30T15:12:30.061+07:00,0.05569487810134888,334.16926860809326,334.10526860809324,338.74342412958646,338.74342412958646,0.5656880140304565,-36.235042001763986,3394.1280841827393,334.16926860809326,0.05569487810134888,-0.0012194514274597168,-7.316708564758301,-7.316708564758301,-2.5126139979860795,-2.5126139979860795,-37.739778379234565,2990.57400226593
1152,59.759299870813265,,2026-06-30T15:12:30.113+07:00,0.056869566440582275,341.21739864349365,341.15339864349363,340.13518441136785,340.13518441136785,-0.00023573638463858515,-0.47955913074709855,-1.414418307831511,341.21739864349365,0.056869566440582275,0.0011746883392333984,7.048130035400391,7.048130035400391,1.3917602817813872,1.3917602817813872,35.75548287101689,-3395.5425024905708
1153,59.810857251985,,2026-06-30T15:12:30.163+07:00,0.05687159299850464,341.22955799102783,341.1655579910278,340.72745890205744,340.72745890205744,0.003064751625061035,6.363878446198884,18.38850975036621,341.22955799102783,0.05687159299850464,2.0265579223632812e-06,0.012159347534179688,0.012159347534179688,0.59227449068959,0.59227449068959,6.843437576945982,19.802928058197722
1154,59.862627466907725,,2026-06-30T15:12:30.215+07:00,0.056869566440582275,341.21739864349365,341.15339864349363,341.12631518181934,341.12631518181934,-0.00024330617452505976,6.320372343971443,-1.4598370471503586,341.21739864349365,0.056869566440582275,-2.0265579223632812e-06,-0.012159347534179688,-0.012159347534179688,0.3988562797619011,0.3988562797619011,-0.04350610222744056,-19.84834679751657
1155,59.91434551496059,,2026-06-30T15:12:30.262+07:00,0.056869566440582275,341.21739864349365,341.15339864349363,341.1419558809362,341.1419558809362,-0.00023579598928336054,2.85118434317257,-1.4147759357001632,341.21739864349365,0.056869566440582275,0.0,0.0,0.0,0.01564069911688648,0.01564069911688648,-3.4691880007988734,0.04506111145019531
1156,59.966119637014344,,2026-06-30T15:12:30.313+07:00,0.0569954514503479,341.9727087020874,341.9087087020874,341.0079921840516,341.0079921840516,0.22515952587127686,3.8069584076433642,1350.9571552276611,341.9727087020874,0.0569954514503479,0.000125885009765625,0.75531005859375,0.75531005859375,-0.13396369688462073,-0.13396369688462073,0.9557740644707944,1352.3719311633613
1157,60.01786112901755,,2026-06-30T15:12:30.367+07:00,0.05697464942932129,341.84789657592773,341.7838965759277,340.8253716137621,340.8253716137621,0.17570990324020386,3.0792124286901164,1054.2594194412231,341.84789657592773,0.05697464942932129,-2.0802021026611328e-05,-0.12481212615966797,-0.12481212615966797,-0.18262057028948675,-0.18262057028948675,-0.7277459789532479,-296.697735786438
1158,60.06952923187055,,2026-06-30T15:12:30.417+07:00,0.05675739049911499,340.54434299468994,340.4803429946899,334.4705569735694,334.4705569735694,0.5192711353302002,-44.209134517171904,3115.626811981201,340.54434299468994,0.05675739049911499,-0.00021725893020629883,-1.303553581237793,-1.303553581237793,-6.354814640192728,-6.354814640192728,-47.28834694586202,2061.367392539978
1159,60.1212459099479,,2026-06-30T15:12:30.466+07:00,0.056869566440582275,341.21739864349365,341.15339864349363,338.3306302810117,338.3306302810117,-0.00024276973272208124,24.795868933454006,-1.4566183963324875,341.21739864349365,0.056869566440582275,0.00011217594146728516,0.6730556488037109,0.6730556488037109,3.860073307442292,3.860073307442292,69.0050034506259,-3117.0834303775337
1160,60.17326401290484,,2026-06-30T15:12:30.517+07:00,0.055695950984954834,334.175705909729,334.111705909729,337.49618655352737,337.49618655352737,0.5672457218170166,-9.787378448459094,3403.4743309020996,334.175705909729,0.055695950984954834,-0.0011736154556274414,-7.041692733764648,-7.041692733764648,-0.8344437274843131,-0.8344437274843131,-34.5832473819131,3404.930949298432
1161,60.22491743089631,,2026-06-30T15:12:30.568+07:00,0.056870341300964355,341.22204780578613,341.1580478057861,339.6709553577142,339.6709553577142,0.0012769699096679688,19.32007171939623,7.6618194580078125,341.22204780578613,0.056870341300964355,0.0011743903160095215,7.046341896057129,7.046341896057129,2.17476880418684,2.17476880418684,29.107450167855323,-3395.812511444092
1162,60.2765559789259,,2026-06-30T15:12:30.618+07:00,0.05699533224105835,341.9719934463501,341.9079934463501,340.79117453625156,340.79117453625156,0.22485387325286865,21.42582338625408,1349.123239517212,341.9719934463501,0.05699533224105835,0.00012499094009399414,0.7499456405639648,0.7499456405639648,1.1202191785373543,1.1202191785373543,2.105751666857852,1341.461420059204
1163,60.328212508931756,,2026-06-30T15:12:30.668+07:00,0.056869566440582275,341.21739864349365,341.15339864349363,341.0983168076864,341.0983168076864,-0.0002430081513011828,11.873485597355803,-1.4580489078070968,341.21739864349365,0.056869566440582275,-0.00012576580047607422,-0.7545948028564453,-0.7545948028564453,0.3071422714348273,0.3071422714348273,-9.552337788898278,-1350.581288425019
1164,60.38083244394511,,2026-06-30T15:12:30.718+07:00,0.05615657567977905,336.9394540786743,336.8754540786743,339.63471725800105,339.63471725800105,0.4631156325340271,-17.338068356278963,2778.6937952041626,336.9394540786743,0.05615657567977905,-0.0007129907608032227,-4.277944564819336,-4.277944564819336,-1.4635995496853411,-1.4635995496853411,-29.211553953634766,2780.1518441119697
1165,60.43253460293636,,2026-06-30T15:12:30.769+07:00,0.05696624517440796,341.79747104644775,341.73347104644773,340.771163814859,340.771163814859,0.4501219391822815,5.571775591694154,2700.731635093689,341.79747104644775,0.05696624517440796,0.0008096694946289062,4.8580169677734375,4.8580169677734375,1.1364465568579476,1.1364465568579476,22.909843947973116,-77.96216011047363
1166,60.484136576997116,,2026-06-30T15:12:30.818+07:00,0.056869566440582275,341.21739864349365,341.15339864349363,340.9919044283955,340.9919044283955,-5.7041648688027635e-05,4.805793525673518,-0.3422498921281658,341.21739864349365,0.056869566440582275,-9.66787338256836e-05,-0.5800724029541016,-0.5800724029541016,0.2207406135365204,0.2207406135365204,-0.7659820660206362,-2701.073884985817
1167,60.535808329004794,,2026-06-30T15:12:30.868+07:00,0.056869566440582275,341.21739864349365,341.15339864349363,341.09606962319054,341.09606962319054,-0.0001692176010692492,3.1271451349187074,-1.0153056064154953,341.21739864349365,0.056869566440582275,0.0,0.0,0.0,0.10416519479502995,0.10416519479502995,-1.6786483907548102,-0.6730557142873295
1168,60.5878330799751,,2026-06-30T15:12:30.943+07:00,0.05687570571899414,341.25423431396484,341.1902343139648,341.1540375045489,341.1540375045489,0.008987605571746826,1.3940007459616142,53.92563343048096,341.25423431396484,0.05687570571899414,6.139278411865234e-06,0.036835670471191406,0.036835670471191406,0.0579678813583655,0.0579678813583655,-1.7331443889570932,54.94093903689645
1169,60.63960199803114,,2026-06-30T15:12:30.994+07:00,0.057029128074645996,342.174768447876,342.11076844787596,335.22904614579323,335.22904614579323,0.37206918001174927,-37.375342579110566,2232.4150800704956,342.174768447876,0.057029128074645996,0.00015342235565185547,0.9205341339111328,0.9205341339111328,-5.924991358755676,-5.924991358755676,-38.76934332507218,2178.4894466400146
1170,60.69145915703848,,2026-06-30T15:12:31.044+07:00,0.056869566440582275,341.21739864349365,341.15339864349363,338.6503597132152,338.6503597132152,-0.00022858382726553828,21.568332859865937,-1.3715029635932297,341.21739864349365,0.056869566440582275,-0.0001595616340637207,-0.9573698043823242,-0.9573698043823242,3.4213135674219757,3.4213135674219757,58.9436754389765,-2233.786583034089
1171,60.743336407933384,,2026-06-30T15:12:31.094+07:00,0.056869566440582275,341.21739864349365,341.15339864349363,340.1957751931164,340.1957751931164,-0.00023591519857291132,25.822410216138152,-1.415491191437468,341.21739864349365,0.056869566440582275,0.0,0.0,0.0,1.5454154799011803,1.5454154799011803,4.254077356272216,-0.04398822784423828
1172,60.79500182601623,,2026-06-30T15:12:31.143+07:00,0.05589330196380615,335.3598117828369,335.2958117828369,335.6468209766379,335.6468209766379,0.406371533870697,-29.534290486593406,2438.229203224182,335.3598117828369,0.05589330196380615,-0.000976264476776123,-5.857586860656738,-5.857586860656738,-4.548954216478478,-4.548954216478478,-55.35670070273156,2439.6446944156196
1173,60.84695383696817,,2026-06-30T15:12:31.193+07:00,0.056869566440582275,341.21739864349365,341.15339864349363,338.9589987715994,338.9589987715994,-0.00022858382726553828,23.63823099374629,-1.3715029635932297,341.21739864349365,0.056869566440582275,0.000976264476776123,5.857586860656738,5.857586860656738,3.3121777949614852,3.3121777949614852,53.1725214803397,-2439.6007061877754
1174,60.89882923592813,,2026-06-30T15:12:31.245+07:00,0.056869566440582275,341.21739864349365,341.15339864349363,340.252137285776,340.252137285776,0.00010633468627929688,23.750201524446627,0.6380081176757812,341.21739864349365,0.056869566440582275,0.0,0.0,0.0,1.2931385141765759,1.2931385141765759,0.11197053070033647,2.009511081269011
1175,60.95046293293126,,2026-06-30T15:12:31.294+07:00,0.056869566440582275,341.21739864349365,341.15339864349363,335.76903616291594,335.76903616291594,-0.000244379072682932,-8.633005480029041,-1.4662744360975921,341.21739864349365,0.056869566440582275,0.0,0.0,0.0,-4.483101122860035,-4.483101122860035,-32.383207004475665,-2.1042825537733734
1176,61.002259850967675,,2026-06-30T15:12:31.345+07:00,0.056869566440582275,341.21739864349365,341.15339864349363,338.87874957646994,338.87874957646994,-9.536743891658261e-05,30.603547315859718,-0.5722046334994957,341.21739864349365,0.056869566440582275,0.0,0.0,0.0,3.1097134135540045,3.1097134135540045,39.236552795888755,0.8940698025980964
1177,61.05419426900335,,2026-06-30T15:12:31.395+07:00,0.056869566440582275,341.21739864349365,341.15339864349363,340.20171585178974,340.20171585178974,-0.00023674967815168202,27.3849098073364,-1.4204980689100921,341.21739864349365,0.056869566440582275,0.0,0.0,0.0,1.3229662753198,1.3229662753198,-3.2186375085233188,-0.8482934354105964
1178,61.10585016803816,,2026-06-30T15:12:31.445+07:00,0.05700284242630005,342.0170545578003,341.9530545578003,341.031192234006,341.031192234006,0.40214723348617554,21.69815457718503,2412.883400917053,342.0170545578003,0.05700284242630005,0.00013327598571777344,0.7996559143066406,0.7996559143066406,0.829476382216285,0.829476382216285,-5.68675523015137,2414.3038989859633
1179,61.15759749384597,,2026-06-30T15:12:31.495+07:00,0.056896209716796875,341.37725830078125,341.31325830078123,341.15771731553576,341.15771731553576,0.039452552795410156,10.730742131000039,236.71531677246094,341.37725830078125,0.056896209716796875,-0.00010663270950317383,-0.639796257019043,-0.639796257019043,0.12652508152973496,0.12652508152973496,-10.96741244618499,-2176.1680841445923
1180,61.20927020884119,,2026-06-30T15:12:31.545+07:00,0.056869566440582275,341.21739864349365,341.15339864349363,341.1579895339954,341.1579895339954,-4.309416181058623e-05,4.52307034847154,-0.2585649708635174,341.21739864349365,0.056869566440582275,-2.664327621459961e-05,-0.15985965728759766,-0.15985965728759766,0.0002722184596564148,0.0002722184596564148,-6.207671782528498,-236.97388174332445
1181,61.26097907102667,,2026-06-30T15:12:31.594+07:00,0.05687093734741211,341.22562408447266,341.16162408447263,341.17961496852445,341.17961496852445,0.0021546483039855957,2.0480401927435676,12.927889823913574,341.22562408447266,0.05687093734741211,1.3709068298339844e-06,0.008225440979003906,0.008225440979003906,0.021625434529028098,0.021625434529028098,-2.4750301557279726,13.186454794777092
1182,61.312677507987246,,2026-06-30T15:12:31.650+07:00,0.05687141418457031,341.2284851074219,341.16448510742185,341.168355303194,341.168355303194,0.0028181076049804688,0.7653966212426684,16.908645629882812,341.2284851074219,0.05687141418457031,4.76837158203125e-07,0.00286102294921875,0.00286102294921875,-0.011259665330442203,-0.011259665330442203,-1.2826435715008992,3.9807558059692383
1183,61.3647036110051,,2026-06-30T15:12:31.703+07:00,0.05666530132293701,339.99180793762207,339.92780793762205,340.730761085162,340.730761085162,0.5339030623435974,-5.639708610092072,3203.4183740615845,339.99180793762207,0.05666530132293701,-0.00020611286163330078,-1.2366771697998047,-1.2366771697998047,-0.43759421803201803,-0.43759421803201803,-6.4051052313347405,3186.5097284317017
1184,61.41681658383459,,2026-06-30T15:12:31.765+07:00,0.056874752044677734,341.2485122680664,341.1845122680664,340.985724043699,340.985724043699,0.007661223411560059,-0.07790924630827889,45.96734046936035,341.2485122680664,0.056874752044677734,0.00020945072174072266,1.256704330444336,1.256704330444336,0.2549629585370212,0.2549629585370212,5.561799363783793,-3157.451033592224
1185,61.46867439104244,,2026-06-30T15:12:31.816+07:00,0.056869566440582275,341.21739864349365,341.15339864349363,341.08296292678097,341.08296292678097,-0.00024378301168326288,1.0130376090031161,-1.4626980700995773,341.21739864349365,0.056869566440582275,-5.185604095458984e-06,-0.031113624572753906,-0.031113624572753906,0.09723888308195683,0.09723888308195683,1.090946855311395,-47.43003853945993
1186,61.52050253096968,,2026-06-30T15:12:31.866+07:00,0.05615675449371338,336.9405269622803,336.87652696228025,339.6267344647578,339.6267344647578,0.498766154050827,-20.726359814167438,2992.596924304962,336.9405269622803,0.05615675449371338,-0.0007128119468688965,-4.276871681213379,-4.276871681213379,-1.456228462023148,-1.456228462023148,-21.739397423170555,2994.0596223750617
1187,61.57215939392336,,2026-06-30T15:12:31.915+07:00,0.056922733783721924,341.53640270233154,341.4724027023315,340.6349233908127,340.6349233908127,0.08072072267532349,3.0161839104014803,484.3243360519409,341.53640270233154,0.056922733783721924,0.0007659792900085449,4.5958757400512695,4.5958757400512695,1.0081889260548564,1.0081889260548564,23.742543724568918,-2508.2725882530212
1188,61.62388268299401,,2026-06-30T15:12:31.965+07:00,0.05468761920928955,328.1257152557373,328.0617152557373,336.3659222006611,336.3659222006611,0.277974933385849,-62.89675513019269,1667.849600315094,328.1257152557373,0.05468761920928955,-0.002235114574432373,-13.410687446594238,-13.410687446594238,-4.2690011901515845,-4.2690011901515845,-65.91293904059417,1183.525264263153
1189,61.675498137949035,,2026-06-30T15:12:32.016+07:00,0.056967735290527344,341.80641174316406,341.74241174316404,339.59109549415155,339.59109549415155,0.452512264251709,7.449460520282031,2715.073585510254,341.80641174316406,0.056967735290527344,0.002280116081237793,13.680696487426758,13.680696487426758,3.2251732934904567,3.2251732934904567,70.34621565047472,1047.22398519516
1190,61.72735705599189,,2026-06-30T15:12:32.064+07:00,0.05689692497253418,341.3815498352051,341.31754983520506,340.5508598403357,340.5508598403357,0.036486685276031494,14.392780428329193,218.92011165618896,341.3815498352051,0.05689692497253418,-7.081031799316406e-05,-0.4248619079589844,-0.4248619079589844,0.9597643461841585,0.9597643461841585,6.943319908047162,-2496.153473854065
1191,61.779696269892156,,2026-06-30T15:12:32.116+07:00,0.056914329528808594,341.48597717285156,341.42197717285154,341.0443295797296,341.0443295797296,0.067280113697052,11.411772209039016,403.680682182312,341.48597717285156,0.056914329528808594,1.7404556274414062e-05,0.10442733764648438,0.10442733764648438,0.4934697393939018,0.4934697393939018,-2.9810082192901763,184.76057052612305
1192,61.83135489188135,,2026-06-30T15:12:32.170+07:00,0.056869566440582275,341.21739864349365,341.15339864349363,341.30136137523573,341.30136137523573,-0.00022953750158194453,6.004581960070837,-1.3772250094916672,341.21739864349365,0.056869566440582275,-4.476308822631836e-05,-0.26857852935791016,-0.26857852935791016,0.25703179550612276,0.25703179550612276,-5.407190248968179,-405.0579071918037
1193,61.88289921800606,,2026-06-30T15:12:32.220+07:00,0.05697202682495117,341.83216094970703,341.768160949707,341.43107970482936,341.43107970482936,0.16406315565109253,4.707303796883874,984.3789339065552,341.83216094970703,0.05697202682495117,0.00010246038436889648,0.6147623062133789,0.6147623062133789,0.12971832959362928,0.12971832959362928,-1.297278163186963,985.7561589160468
1194,61.93444471084513,,2026-06-30T15:12:32.274+07:00,0.05696779489517212,341.8067693710327,341.7427693710327,341.68739648609284,341.68739648609284,0.1614922285079956,4.160439403761555,968.9533710479736,341.8067693710327,0.05696779489517212,-4.231929779052734e-06,-0.025391578674316406,-0.025391578674316406,0.2563167812634788,0.2563167812634788,-0.5468643931223189,-15.425562858581543
1195,61.98606112902053,,2026-06-30T15:12:32.322+07:00,0.05631446838378906,337.8868103027344,337.82281030273435,340.41849759050467,340.41849759050467,0.7285333871841431,-18.7838651939497,4371.200323104858,337.8868103027344,0.05631446838378906,-0.0006533265113830566,-3.91995906829834,-3.91995906829834,-1.2688988955881655,-1.2688988955881655,-22.944304597711255,3402.2469520568848
1196,62.037883640034124,,2026-06-30T15:12:32.374+07:00,0.05687028169631958,341.2216901779175,341.15769017791746,340.84440498565414,340.84440498565414,0.0011702775955200195,-3.3039932455972467,7.021665573120117,341.2216901779175,0.05687028169631958,0.0005558133125305176,3.3348798751831055,3.3348798751831055,0.42590739514946563,0.42590739514946563,15.479871948352454,-4364.178657531738
1197,62.08954066899605,,2026-06-30T15:12:32.425+07:00,0.0568697452545166,341.2184715270996,341.1544715270996,341.06309089897655,341.06309089897655,0.0003580451011657715,0.6961140864866049,2.148270606994629,341.2184715270996,0.0568697452545166,-5.364418029785156e-07,-0.0032186508178710938,-0.0032186508178710938,0.2186859133224175,0.2186859133224175,4.000107332083852,-4.873394966125488
1198,62.14132666098885,,2026-06-30T15:12:32.475+07:00,0.05687528848648071,341.2517309188843,341.18773091888426,341.212525554266,341.212525554266,0.008397340774536133,1.49444784174398,50.3840446472168,341.2517309188843,0.05687528848648071,5.543231964111328e-06,0.03325939178466797,0.03325939178466797,0.1494346552894399,0.1494346552894399,0.798333755257375,48.23577404022217
1199,62.194004447897896,,2026-06-30T15:12:32.525+07:00,0.056869566440582275,341.21739864349365,341.15339864349363,340.68720739000014,340.68720739000014,-0.0002450347237754613,-2.49230119541376,-1.470208342652768,341.21739864349365,0.056869566440582275,-5.7220458984375e-06,-0.034332275390625,-0.034332275390625,-0.5253181642658546,-0.5253181642658546,-3.98674903715774,-51.854252989869565
1200,62.24612436583266,,2026-06-30T15:12:32.577+07:00,0.05693495273590088,341.6097164154053,341.54571641540525,341.0937440590617,341.0937440590617,0.47232282161712646,3.9805076279820635,2833.936929702759,341.6097164154053,0.05693495273590088,6.538629531860352e-05,0.3923177719116211,0.3923177719116211,0.40653666906155195,0.40653666906155195,6.472808823395823,2835.4071380454116
1201,62.297945987898856,,2026-06-30T15:12:32.632+07:00,0.05700796842575073,342.0478105545044,341.9838105545044,341.41883875042487,341.41883875042487,0.2642136812210083,6.4138515413613115,1585.2820873260498,342.0478105545044,0.05700796842575073,7.301568984985352e-05,0.4380941390991211,0.4380941390991211,0.3250946913631765,0.3250946913631765,2.433343913379248,-1248.654842376709
1202,62.34987879381515,,2026-06-30T15:12:32.681+07:00,0.05701720714569092,342.1032428741455,342.0392428741455,341.64784055142536,341.64784055142536,0.32932406663894653,6.15052908570313,1975.9443998336792,342.1032428741455,0.05701720714569092,9.238719940185547e-06,0.05543231964111328,0.05543231964111328,0.22900180100049283,0.22900180100049283,-0.2633224556581819,390.6623125076294
1203,62.40164019400254,,2026-06-30T15:12:32.739+07:00,0.056869566440582275,341.21739864349365,341.15339864349363,341.3676701320426,341.3676701320426,-0.0002375245385337621,-0.2404941884982632,-1.4251472312025726,341.21739864349365,0.056869566440582275,-0.00014764070510864258,-0.8858442306518555,-0.8858442306518555,-0.28017041938278453,-0.28017041938278453,-6.391023274201393,-1977.3695470648818
1204,62.45329937199131,,2026-06-30T15:12:32.789+07:00,0.05102956295013428,306.17737770080566,306.11337770080564,329.1704669340221,329.1704669340221,-1.2764108180999756,-188.33562078051065,-7658.4649085998535,306.17737770080566,0.05102956295013428,-0.005840003490447998,-35.04002094268799,-35.04002094268799,-12.197203198020475,-12.197203198020475,-188.09512659201238,-7657.039761368651
1205,62.50610712100752,,2026-06-30T15:12:32.840+07:00,0.05683392286300659,341.00353717803955,340.93953717803953,336.0177111314958,336.0177111314958,0.5082266926765442,-4.830167246744246,3049.360156059265,341.00353717803955,0.05683392286300659,0.0058043599128723145,34.82615947723389,34.82615947723389,6.847244197473685,6.847244197473685,183.5054535337664,10707.825064659119
1206,62.55765731795691,,2026-06-30T15:12:32.891+07:00,0.056893885135650635,341.3633108139038,341.2993108139038,339.0448099718329,339.0448099718329,0.0359119176864624,30.64536242486183,215.4715061187744,341.3633108139038,0.056893885135650635,5.996227264404297e-05,0.3597736358642578,0.3597736358642578,3.0270988403370893,3.0270988403370893,35.475529671606076,-2833.8886499404907
1207,62.60921138385311,,2026-06-30T15:12:32.965+07:00,0.056869566440582275,341.21739864349365,341.15339864349363,340.7204913305615,340.7204913305615,-0.0002385378029430285,21.925518718877715,-1.431226817658171,341.21739864349365,0.056869566440582275,-2.4318695068359375e-05,-0.14591217041015625,-0.14591217041015625,1.6756813587286388,1.6756813587286388,-8.719843705984115,-216.90273293643259
1208,62.66085774684325,,2026-06-30T15:12:33.016+07:00,0.056869566440582275,341.21739864349365,341.15339864349363,341.15241702428455,341.15241702428455,-0.00023841859365347773,13.004693591936036,-1.4305115619208664,341.21739864349365,0.056869566440582275,0.0,0.0,0.0,0.4319256937230307,0.4319256937230307,-8.92082512694168,0.0007152557373046875
1209,62.71238186885603,,2026-06-30T15:12:33.066+07:00,0.05687779188156128,341.2667512893677,341.20275128936765,340.881184046993,340.881184046993,0.011041343212127686,3.945796689266775,66.24805927276611,341.2667512893677,0.05687779188156128,8.225440979003906e-06,0.04935264587402344,0.04935264587402344,-0.27123297729156093,-0.27123297729156093,-9.058896902669261,67.67857083468698
1210,62.76399723184295,,2026-06-30T15:12:33.116+07:00,0.0522160530090332,313.2963180541992,313.2323180541992,331.4541148765728,331.4541148765728,-0.8366931676864624,-141.73219981030027,-5020.159006118774,313.2963180541992,0.0522160530090332,-0.004661738872528076,-27.970433235168457,-27.970433235168457,-9.427069170420168,-9.427069170420168,-145.67799649956706,-5086.4070653915405
1211,62.815805149963126,,2026-06-30T15:12:33.166+07:00,0.0569114089012146,341.4684534072876,341.4044534072876,337.1433204192975,337.1433204192975,0.06277817487716675,4.462664806313143,376.6690492630005,341.4684534072876,0.0569114089012146,0.0046953558921813965,28.17213535308838,28.17213535308838,5.689205542724665,5.689205542724665,146.19486461661342,5396.828055381775
1212,62.86763206892647,,2026-06-30T15:12:33.216+07:00,0.056876420974731445,341.2585258483887,341.19452584838865,339.473535115484,339.473535115484,0.00999075174331665,27.266794388597866,59.9445104598999,341.2585258483887,0.056876420974731445,-3.49879264831543e-05,-0.20992755889892578,-0.20992755889892578,2.3302146961865446,2.3302146961865446,22.804129582284723,-316.7245388031006
1213,62.91957659693435,,2026-06-30T15:12:33.267+07:00,0.05687284469604492,341.23706817626953,341.1730681762695,340.45054063938113,340.45054063938113,0.0048201680183410645,22.302058218822715,28.921008110046387,341.23706817626953,0.05687284469604492,-3.5762786865234375e-06,-0.021457672119140625,-0.021457672119140625,0.9770055238971054,0.9770055238971054,-4.964736169775151,-31.023502349853516
1214,62.97124481201172,,2026-06-30T15:12:33.316+07:00,0.056869566440582275,341.21739864349365,341.15339864349363,340.85766154185785,340.85766154185785,-0.00023907424474600703,13.96054944945228,-1.4344454684760422,341.21739864349365,0.056869566440582275,-3.2782554626464844e-06,-0.019669532775878906,-0.019669532775878906,0.40712090247671995,0.40712090247671995,-8.341508769370435,-30.35545357852243
1215,63.02286850800738,,2026-06-30T15:12:33.366+07:00,0.0568961501121521,341.3769006729126,341.3129006729126,341.08427542834914,341.08427542834914,0.03558337688446045,8.636483037889416,213.5002613067627,341.3769006729126,0.0568961501121521,2.658367156982422e-05,0.1595020294189453,0.1595020294189453,0.22661388649129321,0.22661388649129321,-5.324066411562864,214.93470677523874
1216,63.07466563000344,,2026-06-30T15:12:33.416+07:00,0.05463379621505737,327.80277729034424,327.7387772903442,336.49017822692167,336.49017822692167,0.20317679643630981,-70.36712399768535,1219.060778617859,327.80277729034424,0.05463379621505737,-0.0022623538970947266,-13.57412338256836,-13.57412338256836,-4.5940972014274735,-4.5940972014274735,-79.00360703557477,1005.5605173110962
1217,63.126311918953434,,2026-06-30T15:12:33.466+07:00,0.05722475051879883,343.34850311279297,343.28450311279295,339.9544590078637,339.9544590078637,0.6322406530380249,10.740227974165208,3793.4439182281494,343.34850311279297,0.05722475051879883,0.002590954303741455,15.54572582244873,15.54572582244873,3.4642807809420333,3.4642807809420333,81.10735197185056,2574.3831396102905
1218,63.178068725857884,,2026-06-30T15:12:33.517+07:00,0.05693715810775757,341.6229486465454,341.5589486465454,334.43682467478374,334.43682467478374,-1.8317114114761353,-22.75653097726712,-10990.268468856812,341.6229486465454,0.05693715810775757,-0.00028759241104125977,-1.7255544662475586,-1.7255544662475586,-5.517634333079968,-5.517634333079968,-33.49675895143233,-14783.712387084961
1219,63.23011675500311,,2026-06-30T15:12:33.566+07:00,0.0568697452545166,341.2184715270996,341.1544715270996,338.06795397395473,338.06795397395473,0.00026726722717285156,32.488683519258984,1.6036033630371094,341.2184715270996,0.0568697452545166,-6.74128532409668e-05,-0.4044771194458008,-0.4044771194458008,3.6311292991709934,3.6311292991709934,55.2452144965261,10991.872072219849
1220,63.281871005892754,,2026-06-30T15:12:33.616+07:00,0.05687093734741211,341.22562408447266,341.16162408447263,339.8648812259739,339.8648812259739,0.0021596550941467285,33.61989499121425,12.957930564880371,341.22562408447266,0.05687093734741211,1.1920928955078125e-06,0.007152557373046875,0.007152557373046875,1.7969272520191453,1.7969272520191453,1.1312114719552682,11.354327201843262
1221,63.333526053931564,,2026-06-30T15:12:33.666+07:00,0.05687958002090454,341.27748012542725,341.2134801254272,340.6300285532683,340.6300285532683,0.014654397964477539,22.765978811547715,87.92638778686523,341.27748012542725,0.05687958002090454,8.64267349243164e-06,0.051856040954589844,0.051856040954589844,0.7651473272944145,0.7651473272944145,-10.853916179666538,74.96845722198486
1222,63.38542628684081,,2026-06-30T15:12:33.717+07:00,0.056954920291900635,341.7295217514038,341.6655217514038,341.2115910864876,341.2115910864876,0.13638204336166382,16.131993087466313,818.2922601699829,341.7295217514038,0.056954920291900635,7.534027099609375e-05,0.4520416259765625,0.4520416259765625,0.5815625332193122,0.5815625332193122,-6.633985724081402,730.3658723831177
1223,63.437305074883625,,2026-06-30T15:12:33.792+07:00,0.05689668655395508,341.38011932373047,341.31611932373045,341.49055375378526,341.49055375378526,0.039800167083740234,6.3244477999246875,238.8010025024414,341.38011932373047,0.05689668655395508,-5.823373794555664e-05,-0.34940242767333984,-0.34940242767333984,0.2789626672976624,0.2789626672976624,-9.807545287541625,-579.4912576675415
1224,63.48883130890317,,2026-06-30T15:12:33.842+07:00,0.056869566440582275,341.21739864349365,341.15339864349363,341.29584667759184,341.29584667759184,-9.042025340022519e-05,0.5237862217443168,-0.5425215204013512,341.21739864349365,0.056869566440582275,-2.7120113372802734e-05,-0.1627206802368164,-0.1627206802368164,-0.1947070761934242,-0.1947070761934242,-5.800661578180371,-239.34352402284276
1225,63.540516171837226,,2026-06-30T15:12:33.892+07:00,0.056870460510253906,341.22276306152344,341.1587630615234,341.2586628248134,341.2586628248134,-3.6798131465911865,-0.45501693887656625,-22078.87887954712,341.22276306152344,0.056870460510253906,8.940696716308594e-07,0.005364418029785156,0.005364418029785156,-0.037183852778412074,-0.037183852778412074,-0.978803160620883,-22078.336358026718
1226,63.59217723784968,,2026-06-30T15:12:33.942+07:00,0.05686992406845093,341.21954441070557,341.15554441070555,341.2432906053504,341.2432906053504,0.0006545782089233398,-0.6365475837024944,3.927469253540039,341.21954441070557,0.05686992406845093,-5.364418029785156e-07,-0.0032186508178710938,-0.0032186508178710938,-0.0153722194630177,-0.0153722194630177,-0.18153064482592818,22082.80634880066
1227,63.64380676788278,,2026-06-30T15:12:33.993+07:00,0.053237199783325195,319.4231986999512,319.35919869995115,333.6888656616008,333.6888656616008,-0.14644287526607513,-115.35038376955835,-878.6572515964508,319.4231986999512,0.053237199783325195,-0.0036327242851257324,-21.796345710754395,-21.796345710754395,-7.554424943749609,-7.554424943749609,-114.71383618585585,-882.5847208499908
1228,63.69543177890591,,2026-06-30T15:12:34.043+07:00,0.056961119174957275,341.76671504974365,341.70271504974363,338.19189420083137,338.19189420083137,0.13611286878585815,1.8591355944059629,816.6772127151489,341.76671504974365,0.056961119174957275,0.00372391939163208,22.34351634979248,22.34351634979248,4.50302853923057,4.50302853923057,117.20951936396432,1695.3344643115997
1229,63.747030696831644,,2026-06-30T15:12:34.093+07:00,0.056869566440582275,341.21739864349365,341.15339864349363,340.01012818780595,340.01012818780595,-9.86456943792291e-05,20.122453581720052,-0.5918741662753746,341.21739864349365,0.056869566440582275,-9.1552734375e-05,-0.54931640625,-0.54931640625,1.818233986974576,1.818233986974576,18.26331798731409,-817.2690868814243
1230,63.79863902297802,,2026-06-30T15:12:34.143+07:00,0.056869566440582275,341.21739864349365,341.15339864349363,340.85269539817097,340.85269539817097,-3.8802627386758104e-05,16.741038504311035,-0.23281576432054862,341.21739864349365,0.056869566440582275,0.0,0.0,0.0,0.8425672103650186,0.8425672103650186,-3.3814150774090166,0.35905840195482597
1231,63.850466237869114,,2026-06-30T15:12:34.193+07:00,0.056869566440582275,341.21739864349365,341.15339864349363,341.02635152234484,341.02635152234484,4.32133674621582e-05,9.011046267872986,0.2592802047729492,341.21739864349365,0.056869566440582275,0.0,0.0,0.0,0.1736561241738741,0.1736561241738741,-7.729992236438049,0.49209596909349784
1232,63.902333952020854,,2026-06-30T15:12:34.243+07:00,0.056869566440582275,341.21739864349365,341.15339864349363,341.28172431565315,341.28172431565315,6.1392779571178835e-06,5.451673092984996,0.0368356677427073,341.21739864349365,0.056869566440582275,0.0,0.0,0.0,0.255372793308311,0.255372793308311,-3.55937317488799,-0.22244453703024192
1233,63.95417198096402,,2026-06-30T15:12:34.293+07:00,0.0570073127746582,342.0438766479492,341.9798766479492,341.64357623477395,341.64357623477395,0.24351346492767334,6.617988429246835,1461.08078956604,342.0438766479492,0.0570073127746582,0.00013774633407592773,0.8264780044555664,0.8264780044555664,0.3618519191207952,0.3618519191207952,1.1663153362618388,1461.0439538982973
1234,64.0060071949847,,2026-06-30T15:12:34.344+07:00,0.056869566440582275,341.21739864349365,341.15339864349363,341.6048237771852,341.6048237771852,1.329183578491211e-05,0.9428225621673665,0.07975101470947266,341.21739864349365,0.056869566440582275,-0.00013774633407592773,-0.8264780044555664,-0.8264780044555664,-0.038752457588770994,-0.038752457588770994,-5.6751658670794685,-1461.0010385513306
1235,64.05757135502063,,2026-06-30T15:12:34.394+07:00,0.056869566440582275,341.21739864349365,341.15339864349363,331.29449655105253,331.29449655105253,-0.00022536517644766718,-44.54615859668942,-1.352191058686003,341.21739864349365,0.056869566440582275,0.0,0.0,0.0,-10.310327226132642,-10.310327226132642,-45.48898115885679,-1.4319420733954757
1236,64.1092974578496,,2026-06-30T15:12:34.444+07:00,0.05687075853347778,341.2245512008667,341.1605512008667,333.0641472507436,333.0641472507436,0.0018534064292907715,21.837269055940872,11.120438575744629,341.2245512008667,0.05687075853347778,1.1920928955078125e-06,0.007152557373046875,0.007152557373046875,1.7696506996910557,1.7696506996910557,66.3834276526303,12.472629634430632
1237,64.1612086170353,,2026-06-30T15:12:34.495+07:00,0.056874752044677734,341.2485122680664,341.1845122680664,337.7468237796776,337.7468237796776,0.007597804069519043,60.436135537015744,45.58682441711426,341.2485122680664,0.056874752044677734,3.993511199951172e-06,0.02396106719970703,0.02396106719970703,4.682676528933996,4.682676528933996,38.59886648107487,34.46638584136963
1238,64.21334681194276,,2026-06-30T15:12:34.570+07:00,0.05615818500518799,336.94911003112793,336.8851100311279,338.72412565985337,338.72412565985337,0.46559277176856995,16.99399614112849,2793.5566306114197,336.94911003112793,0.05615818500518799,-0.0007165670394897461,-4.299402236938477,-4.299402236938477,0.9773018801757871,0.9773018801757871,-43.44213939588725,2747.9698061943054
1239,64.26535885897465,,2026-06-30T15:12:34.599+07:00,0.056869566440582275,341.21739864349365,341.15339864349363,339.5743712041275,339.5743712041275,-0.00022494794393423945,21.54877346858763,-1.3496876636054367,341.21739864349365,0.056869566440582275,0.0007113814353942871,4.268288612365723,4.268288612365723,0.8502455442741166,0.8502455442741166,4.5547773274591385,-2794.906318275025
1240,64.3170572409872,,2026-06-30T15:12:34.671+07:00,0.056869566440582275,341.21739864349365,341.15339864349363,335.73982605887113,335.73982605887113,-0.00022500754857901484,-18.87840353011549,-1.350045291474089,341.21739864349365,0.056869566440582275,0.0,0.0,0.0,-3.8345451452563566,-3.8345451452563566,-40.42717699870312,-0.00035762786865234375
1241,64.3689768249169,,2026-06-30T15:12:34.722+07:00,0.057017624378204346,342.1057462692261,342.04174626922605,339.177085895497,339.177085895497,0.35527193546295166,29.787011059165877,2131.63161277771,342.1057462692261,0.057017624378204346,0.0001480579376220703,0.8883476257324219,0.8883476257324219,3.4372598366258558,3.4372598366258558,48.66541458928137,2132.981658069184
1242,64.42060020682402,,2026-06-30T15:12:34.772+07:00,0.056869566440582275,341.21739864349365,341.15339864349363,340.31840650746506,340.31840650746506,-3.8802627386758104e-05,25.321201424242155,-0.23281576432054862,341.21739864349365,0.056869566440582275,-0.0001480579376220703,-0.8883476257324219,-0.8883476257324219,1.1413206119680694,1.1413206119680694,-4.465809634923723,-2131.8644285420305
1243,64.4722176620271,,2026-06-30T15:12:34.821+07:00,0.0568697452545166,341.2184715270996,341.1544715270996,339.82775758678724,339.82775758678724,0.00025910139083862305,10.82230616003395,1.5546083450317383,341.2184715270996,0.0568697452545166,1.7881393432617188e-07,0.0010728836059570312,0.0010728836059570312,-0.4906489206778133,-0.4906489206778133,-14.498895264208205,1.787424109352287
1244,64.52379208081402,,2026-06-30T15:12:34.872+07:00,0.05696624517440796,341.79747104644775,341.73347104644773,340.7963406380691,340.7963406380691,0.45011764764785767,15.976341825902255,2700.705885887146,341.79747104644775,0.05696624517440796,9.649991989135742e-05,0.5789995193481445,0.5789995193481445,0.9685830512818825,0.9685830512818825,5.154035665868305,2699.1512775421143
1245,64.57540846196935,,2026-06-30T15:12:34.922+07:00,0.05689185857772827,341.35115146636963,341.2871514663696,341.0493551242084,341.0493551242084,0.49210911989212036,9.73980281803169,2952.654719352722,341.35115146636963,0.05689185857772827,-7.43865966796875e-05,-0.446319580078125,-0.446319580078125,0.25301448613925004,0.25301448613925004,-6.236539007870565,251.94883346557617
1246,64.62702573183924,,2026-06-30T15:12:34.972+07:00,0.05687069892883301,341.22419357299805,341.160193572998,341.11263208532336,341.11263208532336,0.00180894136428833,4.819894346637177,10.85364818572998,341.22419357299805,0.05687069892883301,-2.1159648895263672e-05,-0.12695789337158203,-0.12695789337158203,0.06327696111497971,0.06327696111497971,-4.919908471394512,-2941.801071166992
1247,64.67881581699476,,2026-06-30T15:12:35.022+07:00,0.056869566440582275,341.21739864349365,341.15339864349363,340.8541798338163,340.8541798338163,-0.00023263694311026484,1.0235438721394319,-1.395821658661589,341.21739864349365,0.056869566440582275,-1.1324882507324219e-06,-0.006794929504394531,-0.006794929504394531,-0.25845225150703754,-0.25845225150703754,-3.7963504744977454,-12.24946984439157
1248,64.73078016098589,,2026-06-30T15:12:35.073+07:00,0.05701613426208496,342.09680557250977,342.03280557250974,341.3347711215606,341.3347711215606,0.3293212056159973,6.719233445777663,1975.927233695984,342.09680557250977,0.05701613426208496,0.00014656782150268555,0.8794069290161133,0.8794069290161133,0.4805912877442893,0.4805912877442893,5.695689573638231,1977.3230553546455
1249,64.78243613499217,,2026-06-30T15:12:35.123+07:00,0.056869566440582275,341.21739864349365,341.15339864349363,336.21937060894464,336.21937060894464,-0.00022548438573721796,-29.548729371541214,-1.3529063144233078,341.21739864349365,0.056869566440582275,-0.00014656782150268555,-0.8794069290161133,-0.8794069290161133,-5.115400512615963,-5.115400512615963,-36.267962817318875,-1977.2801400104072
1250,64.83401388698258,,2026-06-30T15:12:35.173+07:00,0.056869566440582275,341.21739864349365,341.15339864349363,339.0699922039985,339.0699922039985,-0.00022554399038199335,19.424181870213577,-1.3532639422919601,341.21739864349365,0.056869566440582275,0.0,0.0,0.0,2.8506215950538376,2.8506215950538376,48.97291124175479,-0.00035762786865234375
1251,64.8856335459277,,2026-06-30T15:12:35.223+07:00,0.056869566440582275,341.21739864349365,341.15339864349363,340.3035068296711,340.3035068296711,-0.0002329349663341418,21.709833039640014,-1.3976097980048507,341.21739864349365,0.056869566440582275,0.0,0.0,0.0,1.2335146256726262,1.2335146256726262,2.285651169426437,-0.044345855712890625
1252,64.9372301499825,,2026-06-30T15:12:35.273+07:00,0.056869566440582275,341.21739864349365,341.15339864349363,340.79553975725537,340.79553975725537,-0.00023257733846548945,14.591777915142767,-1.3954640307929367,341.21739864349365,0.056869566440582275,0.0,0.0,0.0,0.49203292758426187,0.49203292758426187,-7.118055124497246,0.0021457672119140625
1253,64.98900929000229,,2026-06-30T15:12:35.324+07:00,0.05687224864959717,341.233491897583,341.169491897583,341.05103824359213,341.05103824359213,0.0035971999168395996,8.729830929881693,21.583199501037598,341.233491897583,0.05687224864959717,2.682209014892578e-06,0.01609325408935547,0.01609325408935547,0.2554984863367622,0.2554984863367622,-5.861946985261074,22.978663531830534
1254,65.04059226391837,,2026-06-30T15:12:35.375+07:00,0.0568699836730957,341.2199020385742,341.1559020385742,341.11102756281343,341.11102756281343,0.0007063746452331543,4.343175787263538,4.238247871398926,341.2199020385742,0.0568699836730957,-2.2649765014648438e-06,-0.013589859008789062,-0.013589859008789062,0.059989319221301685,0.059989319221301685,-4.386655142618155,-17.344951629638672
1255,65.09256162587553,,2026-06-30T15:12:35.423+07:00,0.056869566440582275,341.21739864349365,341.15339864349363,341.14485330101985,341.14485330101985,-0.00018739701772574335,2.1708146508104136,-1.1243821063544601,341.21739864349365,0.056869566440582275,-4.172325134277344e-07,-0.0025033950805664062,-0.0025033950805664062,0.0338257382064171,0.0338257382064171,-2.172361136453125,-5.362629977753386
1256,65.1442244888749,,2026-06-30T15:12:35.500+07:00,0.056870102882385254,341.2206172943115,341.1566172943115,341.25258927036015,341.25258927036015,0.0007888674736022949,1.486457677845249,4.7332048416137695,341.2206172943115,0.056870102882385254,5.364418029785156e-07,0.0032186508178710938,0.0032186508178710938,0.10773596934029683,0.10773596934029683,-0.6843569729651646,5.85758694796823
1257,65.19585344498046,,2026-06-30T15:12:35.549+07:00,0.05688661336898804,341.3196802139282,341.2556802139282,340.76686313228123,340.76686313228123,-2.678469657897949,-2.3053429021296195,-16070.817947387695,341.3196802139282,0.05688661336898804,1.6510486602783203e-05,0.09906291961669922,0.09906291961669922,-0.48572613807891685,-0.48572613807891685,-3.7918005799748684,-16075.551152229309
1258,65.24762941803783,,2026-06-30T15:12:35.599+07:00,0.056869566440582275,341.21739864349365,341.15339864349363,341.16167634731613,341.16167634731613,-0.0002391934540355578,2.2435149439974493,-1.4351607242133468,341.21739864349365,0.056869566440582275,-1.704692840576172e-05,-0.10228157043457031,-0.10228157043457031,0.3948132150349011,0.3948132150349011,4.548857846127069,16069.382786663482
1259,65.29927192884497,,2026-06-30T15:12:35.650+07:00,0.05455523729324341,327.33142375946045,327.2674237594604,336.3860570570569,336.3860570570569,1.011512279510498,-69.53912371287983,6069.073677062988,327.33142375946045,0.05455523729324341,-0.002314329147338867,-13.885974884033203,-13.885974884033203,-4.775619290259215,-4.775619290259215,-71.78263865687728,6070.508837787202
1260,65.35102984681726,,2026-06-30T15:12:35.700+07:00,0.056981563568115234,341.8893814086914,341.8253814086914,339.3745535117236,339.3745535117236,0.190942645072937,4.462511500887491,1145.655870437622,341.8893814086914,0.056981563568115234,0.002426326274871826,14.557957649230957,14.557957649230957,2.988496454666688,2.988496454666688,74.00163521376732,-4923.417806625366
1261,65.40266182087362,,2026-06-30T15:12:35.750+07:00,0.05701559782028198,342.0935869216919,342.0295869216919,340.7085024726902,340.7085024726902,0.3062848448753357,17.54533853347307,1837.7090692520142,342.0935869216919,0.05701559782028198,3.403425216674805e-05,0.20420551300048828,0.20420551300048828,1.3339489609666089,1.3339489609666089,13.08282703258558,692.0531988143921
1262,65.4554044038523,,2026-06-30T15:12:35.800+07:00,0.0568697452545166,341.2184715270996,341.1544715270996,340.97800957160905,340.97800957160905,0.0004086494445800781,10.34847279386981,2.4518966674804688,341.2184715270996,0.0568697452545166,-0.00014585256576538086,-0.8751153945922852,-0.8751153945922852,0.2695070989188366,0.2695070989188366,-7.196865739603261,-1835.2571725845337
1263,65.50696784094907,,2026-06-30T15:12:35.850+07:00,0.05688440799713135,341.3064479827881,341.24244798278806,341.19971632248536,341.19971632248536,0.02163529396057129,6.410421475317069,129.81176376342773,341.3064479827881,0.05688440799713135,1.4662742614746094e-05,0.08797645568847656,0.08797645568847656,0.22170675087630798,0.22170675087630798,-3.9380513185527413,127.35986709594727
1264,65.55853703804314,,2026-06-30T15:12:35.900+07:00,0.056869566440582275,341.21739864349365,341.15339864349363,341.1729678628676,341.1729678628676,-8.881092981027905e-06,2.4102811966576594,-0.05328655788616743,341.21739864349365,0.056869566440582275,-1.4841556549072266e-05,-0.0890493392944336,-0.0890493392944336,-0.02674845961774963,-0.02674845961774963,-4.000140278659409,-129.8650503213139
1265,65.61017140094191,,2026-06-30T15:12:35.951+07:00,0.056869566440582275,341.21739864349365,341.15339864349363,341.3562805722424,341.3562805722424,-2.703556537628174,1.7695179731468542,-16221.339225769043,341.21739864349365,0.056869566440582275,0.0,0.0,0.0,0.18331270937477484,0.18331270937477484,-0.6407632235108052,-16221.285939211157
1266,65.66194931883365,,2026-06-30T15:12:36.000+07:00,0.05636638402938843,338.19830417633057,338.13430417633055,338.3986077377868,338.3986077377868,0.500491201877594,-26.216965067741945,3002.947211265564,338.19830417633057,0.05636638402938843,-0.0005031824111938477,-3.019094467163086,-3.019094467163086,-2.957672834455593,-2.957672834455593,-27.9864830408888,19224.286437034607
1267,65.7138195890002,,2026-06-30T15:12:36.051+07:00,0.056896984577178955,341.38190746307373,341.3179074630737,340.06180379424694,340.06180379424694,0.03994882106781006,7.2061389261226925,239.69292640686035,341.38190746307373,0.056896984577178955,0.0005306005477905273,3.183603286743164,3.183603286743164,1.6631960564601513,1.6631960564601513,33.423103993864636,-2763.2542848587036
1268,65.76563089597039,,2026-06-30T15:12:36.101+07:00,0.056967854499816895,341.80712699890137,341.74312699890135,341.08760481417465,341.08760481417465,0.16151994466781616,14.023737782269002,969.119668006897,341.80712699890137,0.056967854499816895,7.086992263793945e-05,0.4252195358276367,0.4252195358276367,1.0258010199277123,1.0258010199277123,6.81759885614631,729.4267416000366
1269,65.8175265728496,,2026-06-30T15:12:36.151+07:00,0.05221611261367798,313.29667568206787,313.23267568206785,327.4269790603331,327.4269790603331,-0.17702683806419373,-158.9659375768772,-1062.1610283851624,313.29667568206787,0.05221611261367798,-0.004751741886138916,-28.510451316833496,-28.510451316833496,-13.660625753841543,-13.660625753841543,-172.9896753591462,-2031.2806963920593
1270,65.86969623086043,,2026-06-30T15:12:36.201+07:00,0.05698782205581665,341.9269323348999,341.8629323348999,335.6023231616005,335.6023231616005,0.18231528997421265,24.411536791752525,1093.8917398452759,341.9269323348999,0.05698782205581665,0.004771709442138672,28.63025665283203,28.63025665283203,8.175344101267399,8.175344101267399,183.37747436862972,2156.0527682304382
1271,65.92147448193282,,2026-06-30T15:12:36.277+07:00,0.056929171085357666,341.575026512146,341.511026512146,339.88964655192734,339.88964655192734,0.08322256803512573,42.4827826257041,499.3354082107544,341.575026512146,0.056929171085357666,-5.8650970458984375e-05,-0.35190582275390625,-0.35190582275390625,4.287323390326833,4.287323390326833,18.071245833951572,-594.5563316345215
1272,65.9732100488618,,2026-06-30T15:12:36.328+07:00,0.056869566440582275,341.21739864349365,341.15339864349363,340.61946338480686,340.61946338480686,-0.00018662215734366328,25.731543405183977,-1.1197329440619797,341.21739864349365,0.056869566440582275,-5.9604644775390625e-05,-0.35762786865234375,-0.35762786865234375,0.7298168328795214,0.7298168328795214,-16.75123922052012,-500.4551411548164
1273,66.02517720684409,,2026-06-30T15:12:36.377+07:00,0.05686980485916138,341.21882915496826,341.15482915496824,334.57634720199025,334.57634720199025,-3.680669069290161,-23.309624411059914,-22084.014415740967,341.21882915496826,0.05686980485916138,2.384185791015625e-07,0.001430511474609375,0.001430511474609375,-6.043116182816618,-6.043116182816618,-49.04116781624389,-22082.894682796905
1274,66.07680756994523,,2026-06-30T15:12:36.427+07:00,0.056869566440582275,341.21739864349365,341.15339864349363,338.37459440945844,338.37459440945844,-0.00022363664174918085,32.70561189764007,-1.3418198504950851,341.21739864349365,0.056869566440582275,-2.384185791015625e-07,-0.001430511474609375,-0.001430511474609375,3.7982472074681937,3.7982472074681937,56.01523630869998,22082.67259589047
1275,66.12874324689619,,2026-06-30T15:12:36.478+07:00,0.0495074987411499,297.0449924468994,296.9809924468994,324.51901168580576,324.51901168580576,-1.9271670579910278,-201.73867867389794,-11563.002347946167,297.0449924468994,0.0495074987411499,-0.007362067699432373,-44.17240619659424,-44.17240619659424,-13.855582723652674,-13.855582723652674,-234.444290571538,-11561.660528095672
1276,66.18123979400843,,2026-06-30T15:12:36.528+07:00,0.05687427520751953,341.2456512451172,341.18165124511717,334.1630024404191,334.1630024404191,0.006914317607879639,21.23236978217801,41.48590564727783,341.2456512451172,0.05687427520751953,0.007366776466369629,44.20065879821777,44.20065879821777,9.643990754613355,9.643990754613355,222.97104845607595,11604.488253593445
1277,66.23294460098259,,2026-06-30T15:12:36.582+07:00,0.056927263736724854,341.5635824203491,341.4995824203491,338.710673878081,338.710673878081,0.08820760250091553,54.66547512753854,529.2456150054932,341.5635824203491,0.056927263736724854,5.2988529205322266e-05,0.3179311752319336,0.3179311752319336,4.547671437661904,4.547671437661904,33.43310534536053,487.75970935821533
1278,66.28450242686085,,2026-06-30T15:12:36.629+07:00,0.0568697452545166,341.2184715270996,341.1544715270996,340.12172293936885,340.12172293936885,0.0003578662872314453,39.46565177332509,2.147197723388672,341.2184715270996,0.0568697452545166,-5.751848220825195e-05,-0.3451108932495117,-0.3451108932495117,1.4110490612878266,1.4110490612878266,-15.19982335421345,-527.0984172821045
1279,66.33625043788925,,2026-06-30T15:12:36.680+07:00,0.05688142776489258,341.28856658935547,341.22456658935545,340.7424244395525,340.7424244395525,0.017233669757843018,23.570276265786532,103.4020185470581,341.28856658935547,0.05688142776489258,1.1682510375976562e-05,0.07009506225585938,0.07009506225585938,0.6207015001836567,0.6207015001836567,-15.89537550753856,101.25482082366943
1280,66.38784213387407,,2026-06-30T15:12:36.730+07:00,0.056869566440582275,341.21739864349365,341.15339864349363,341.1047315247504,341.1047315247504,-1.4603138879465405e-05,13.230437153257787,-0.08761883327679243,341.21739864349365,0.056869566440582275,-1.1861324310302734e-05,-0.0711679458618164,-0.0711679458618164,0.3623070851978696,0.3623070851978696,-10.339839112528745,-103.4896373803349
1281,66.4395482740365,,2026-06-30T15:12:36.780+07:00,0.056873857975006104,341.2431478500366,341.1791478500366,341.14184900811466,341.14184900811466,0.005774497985839844,6.035733210445102,34.64698791503906,341.2431478500366,0.056873857975006104,4.291534423828125e-06,0.02574920654296875,0.02574920654296875,0.037117483364284,0.037117483364284,-7.194703942812685,34.734606748315855
1282,66.49124219291843,,2026-06-30T15:12:36.831+07:00,0.05687350034713745,341.2410020828247,341.1770020828247,341.3449665930058,341.3449665930058,0.005759537220001221,3.8932019213106175,34.557223320007324,341.2410020828247,0.05687350034713745,-3.5762786865234375e-07,-0.0021457672119140625,-0.0021457672119140625,0.20311758489111753,0.20311758489111753,-2.1425312891344843,-0.08976459503173828
1283,66.54310331400484,,2026-06-30T15:12:36.888+07:00,0.05687582492828369,341.25494956970215,341.1909495697021,341.3730179311382,341.3730179311382,0.0090903639793396,1.2404042819059447,54.5421838760376,341.25494956970215,0.05687582492828369,2.3245811462402344e-06,0.013947486877441406,0.013947486877441406,0.028051338132399906,0.028051338132399906,-2.652797639404673,19.984960556030273
1284,66.59505691681989,,2026-06-30T15:12:36.940+07:00,0.05514925718307495,330.8955430984497,330.8315430984497,337.63508419822034,337.63508419822034,0.2032601237297058,-49.4326052155499,1219.5607423782349,330.8955430984497,0.05514925718307495,-0.0017265677452087402,-10.359406471252441,-10.359406471252441,-3.7379337329178384,-3.7379337329178384,-50.673009497455844,1165.0185585021973
1285,66.64727437193505,,2026-06-30T15:12:36.991+07:00,0.0569954514503479,341.9727087020874,341.9087087020874,339.93126931087346,339.93126931087346,0.2251347303390503,5.224086499970095,1350.8083820343018,341.9727087020874,0.0569954514503479,0.0018461942672729492,11.077165603637695,11.077165603637695,2.29618511265312,2.29618511265312,54.65669171552,131.2476396560669
1286,66.69912141887471,,2026-06-30T15:12:37.042+07:00,0.05687153339385986,341.2292003631592,341.16520036315916,340.67429326077274,340.67429326077274,0.0029808878898620605,10.07951639951725,17.885327339172363,341.2292003631592,0.05687153339385986,-0.0001239180564880371,-0.7435083389282227,-0.7435083389282227,0.7430239498992819,0.7430239498992819,4.855429899547154,-1332.9230546951294
1287,66.75103139295243,,2026-06-30T15:12:37.093+07:00,0.05687582492828369,341.25494956970215,341.1909495697021,340.964119443467,340.964119443467,0.009105026721954346,7.414191981093432,54.630160331726074,341.25494956970215,0.05687582492828369,4.291534423828125e-06,0.02574920654296875,0.02574920654296875,0.28982618269424165,0.28982618269424165,-2.6653244184238174,36.74483299255371
1288,66.80304834782146,,2026-06-30T15:12:37.144+07:00,0.05691075325012207,341.4645195007324,341.4005195007324,341.16699883110624,341.16699883110624,0.06160914897918701,5.587844491691421,369.65489387512207,341.4645195007324,0.05691075325012207,3.4928321838378906e-05,0.20956993103027344,0.20956993103027344,0.20287938763925695,0.20287938763925695,-1.8263474894020106,315.024733543396
1289,66.8564896879252,,2026-06-30T15:12:37.195+07:00,0.05687016248703003,341.2209749221802,341.15697492218015,341.342318140805,341.342318140805,0.0009908080101013184,3.2607421872877365,5.94484806060791,341.2209749221802,0.05687016248703003,-4.0590763092041016e-05,-0.2435445785522461,-0.2435445785522461,0.1753193096987502,0.1753193096987502,-2.327102304403685,-363.71004581451416
1290,66.90822938387282,,2026-06-30T15:12:37.249+07:00,0.056869566440582275,341.21739864349365,341.15339864349363,341.2338680138286,341.2338680138286,0.0001189112663269043,0.2571454542155358,0.7134675979614258,341.21739864349365,0.056869566440582275,-5.960464477539062e-07,-0.0035762786865234375,-0.0035762786865234375,-0.10845012697637912,-0.10845012697637912,-3.0035967330722007,-5.231380462646484
1291,66.96014391281642,,2026-06-30T15:12:37.299+07:00,0.05687159299850464,341.22955799102783,341.1655579910278,341.2001955598096,341.2001955598096,0.0028085708618164062,-0.27065289256134045,16.851425170898438,341.22955799102783,0.05687159299850464,2.0265579223632812e-06,0.012159347534179688,0.012159347534179688,-0.03367245401904029,-0.03367245401904029,-0.5277983467768763,16.13795757293701
1292,67.01187070203014,,2026-06-30T15:12:37.352+07:00,0.05687069892883301,341.22419357299805,341.160193572998,341.17554856596365,341.17554856596365,0.001646578311920166,-0.3623792511582594,9.879469871520996,341.22419357299805,0.05687069892883301,-8.940696716308594e-07,-0.005364418029785156,-0.005364418029785156,-0.02464699384591995,-0.02464699384591995,-0.09172635859691897,-6.971955299377441
1293,67.06384495296516,,2026-06-30T15:12:37.402+07:00,0.05687433481216431,341.24600887298584,341.1820088729858,341.5171688857807,341.5171688857807,0.0070626139640808105,1.7036548394032085,42.37568378448486,341.24600887298584,0.05687433481216431,3.635883331298828e-06,0.02181529998779297,0.02181529998779297,0.3416203198170251,0.3416203198170251,2.066034090561468,32.49621391296387
1294,67.11568548181094,,2026-06-30T15:12:37.454+07:00,0.05697256326675415,341.8353796005249,341.7713796005249,341.5631701121387,341.5631701121387,0.16000080108642578,1.75045927895669,960.0048065185547,341.8353796005249,0.05697256326675415,9.822845458984375e-05,0.5893707275390625,0.5893707275390625,0.04600122635804382,0.04600122635804382,0.04680443955348146,917.6291227340698
1295,67.1676216039341,,2026-06-30T15:12:37.506+07:00,0.05694854259490967,341.691255569458,341.627255569458,341.49237701308374,341.49237701308374,0.12484157085418701,0.5773815051605053,749.0494251251221,341.691255569458,0.05694854259490967,-2.4020671844482422e-05,-0.14412403106689453,-0.14412403106689453,-0.07079309905498121,-0.07079309905498121,-1.1730777737961846,-210.95538139343262
1296,67.21956461388618,,2026-06-30T15:12:37.558+07:00,0.056869566440582275,341.21739864349365,341.15339864349363,341.5279244516021,341.5279244516021,-0.00023895503545645624,-0.6155974236834849,-1.4337302127387375,341.21739864349365,0.056869566440582275,-7.897615432739258e-05,-0.47385692596435547,-0.47385692596435547,0.03554743851833564,0.03554743851833564,-1.1929789288439903,-750.4831553378608
1297,67.27147973584943,,2026-06-30T15:12:37.611+07:00,0.05688506364822388,341.31038188934326,341.24638188934324,341.3445053748273,341.3445053748273,0.010832786560058594,-2.0783421076806388,64.99671936035156,341.31038188934326,0.05688506364822388,1.5497207641601562e-05,0.09298324584960938,0.09298324584960938,-0.18341907677478275,-0.18341907677478275,-1.4627446839971538,66.4304495730903
1298,67.32342546782456,,2026-06-30T15:12:37.663+07:00,0.056869566440582275,341.21739864349365,341.15339864349363,341.2341412374821,341.2341412374821,-0.00014162065053824335,-2.046854279279737,-0.8497239032294601,341.21739864349365,0.056869566440582275,-1.5497207641601562e-05,-0.09298324584960938,-0.09298324584960938,-0.11036413734518646,-0.11036413734518646,0.03148782840090192,-65.84644326358102
1299,67.37532744184136,,2026-06-30T15:12:37.713+07:00,0.0569072961807251,341.4437770843506,341.37977708435056,340.4934148109282,340.4934148109282,0.05135703086853027,-4.5891668879649465,308.14218521118164,341.4437770843506,0.0569072961807251,3.7729740142822266e-05,0.2263784408569336,0.2263784408569336,-0.7407264265539197,-0.7407264265539197,-2.5423126086852097,308.9919091144111
1300,67.42737052589655,,2026-06-30T15:12:37.768+07:00,0.054635703563690186,327.8142213821411,327.7502213821411,336.18344343276135,336.18344343276135,0.3245846629142761,-57.36482535335869,1947.5079774856567,327.8142213821411,0.054635703563690186,-0.002271592617034912,-13.629555702209473,-13.629555702209473,-4.309971378166836,-4.309971378166836,-52.77565846539375,1639.365792274475
1301,67.47984472103417,,2026-06-30T15:12:37.821+07:00,0.0568697452545166,341.2184715270996,341.1544715270996,331.04583251904666,331.04583251904666,0.0003655552864074707,-39.12839135894498,2.193331718444824,341.2184715270996,0.0568697452545166,0.002234041690826416,13.404250144958496,13.404250144958496,-5.1376109137146955,-5.1376109137146955,18.23643399441371,-1945.314645767212
1302,67.5317345650401,,2026-06-30T15:12:37.872+07:00,0.05688667297363281,341.3200378417969,341.25603784179685,336.9191197563413,336.9191197563413,0.025056958198547363,46.825628225016736,150.34174919128418,341.3200378417969,0.05688667297363281,1.6927719116210938e-05,0.10156631469726562,0.10156631469726562,5.873287237294619,5.873287237294619,85.95401958396172,148.14841747283936
1303,67.58346813102253,,2026-06-30T15:12:37.924+07:00,0.0569881796836853,341.9290781021118,341.8650781021118,339.6135036241881,339.6135036241881,0.4265611171722412,49.36332806505458,2559.3667030334473,341.9290781021118,0.0569881796836853,0.00010150671005249023,0.6090402603149414,0.6090402603149414,2.6943838678468524,2.6943838678468524,2.5376998400378454,2409.024953842163
1304,67.6351476230193,,2026-06-30T15:12:37.976+07:00,0.056529343128204346,339.1760587692261,339.11205876922605,339.79613463449476,339.79613463449476,0.5173166990280151,20.397196492140008,3103.900194168091,339.1760587692261,0.056529343128204346,-0.00045883655548095703,-2.753019332885742,-2.753019332885742,0.1826310103066362,0.1826310103066362,-28.966131572914573,544.5334911346436
1305,67.68706752290018,,2026-06-30T15:12:38.027+07:00,0.056869566440582275,341.21739864349365,341.15339864349363,340.5799545996916,340.5799545996916,-0.0002305507950950414,17.18741197474064,-1.3833047705702484,341.21739864349365,0.056869566440582275,0.0003402233123779297,2.041339874267578,2.041339874267578,0.7838199651968125,0.7838199651968125,-3.209784517399367,-3105.283498938661
1306,67.73913632892072,,2026-06-30T15:12:38.082+07:00,0.05692756175994873,341.5653705596924,341.50137055969236,341.03290870565684,341.03290870565684,0.08863228559494019,12.21723485045852,531.7937135696411,341.5653705596924,0.05692756175994873,5.799531936645508e-05,0.34797191619873047,0.34797191619873047,0.45295410596526153,0.45295410596526153,-4.97017712428212,533.1770183402114
1307,67.79102485789917,,2026-06-30T15:12:38.137+07:00,0.056869566440582275,341.21739864349365,341.15339864349363,341.13056096209846,341.13056096209846,-5.179643994779326e-05,5.99645800043697,-0.31077863968675956,341.21739864349365,0.056869566440582275,-5.799531936645508e-05,-0.34797191619873047,-0.34797191619873047,0.09765225644162001,0.09765225644162001,-6.220776850021551,-532.1044922093279
1308,67.84277740586549,,2026-06-30T15:12:38.183+07:00,0.056869566440582275,341.21739864349365,341.15339864349363,341.1437497231042,341.1437497231042,0.00013446807861328125,2.6906953561171267,0.8068084716796875,341.21739864349365,0.056869566440582275,0.0,0.0,0.0,0.013188761005721972,0.013188761005721972,-3.3057626443198433,1.117587111366447
1309,67.89428428793326,,2026-06-30T15:12:38.233+07:00,0.05689382553100586,341.36295318603516,341.29895318603513,341.5951891554534,341.5951891554534,0.032693445682525635,3.713794526083438,196.1606740951538,341.36295318603516,0.05689382553100586,2.4259090423583984e-05,0.1455545425415039,0.1455545425415039,0.45143943234921835,0.45143943234921835,1.0230991699663115,195.35386562347412
1310,67.94589035399258,,2026-06-30T15:12:38.285+07:00,0.0569881796836853,341.9290781021118,341.8650781021118,341.589142945313,341.589142945313,0.42660582065582275,2.5478116155553656,2559.6349239349365,341.9290781021118,0.0569881796836853,9.435415267944336e-05,0.5661249160766602,0.5661249160766602,-0.006046210140425501,-0.006046210140425501,-1.1659829105280726,2363.4742498397827
1311,67.9975924580358,,2026-06-30T15:12:38.334+07:00,0.05700814723968506,342.04888343811035,341.98488343811033,340.69482902592927,340.69482902592927,0.26451778411865234,-2.1235990157442295,1587.106704711914,342.04888343811035,0.05700814723968506,1.996755599975586e-05,0.11980533599853516,0.11980533599853516,-0.8943139193837055,-0.8943139193837055,-4.6714106312995956,-972.5282192230225
1312,68.0491686728783,,2026-06-30T15:12:38.384+07:00,0.056869566440582275,341.21739864349365,341.15339864349363,341.1431205470397,341.1431205470397,-0.0002386570122325793,2.863227972368939,-1.4319420733954757,341.21739864349365,0.056869566440582275,-0.0001385807991027832,-0.8314847946166992,-0.8314847946166992,0.44829152111043413,0.44829152111043413,4.986826988113169,-1588.5386467853095
1313,68.1007459978573,,2026-06-30T15:12:38.436+07:00,0.05696624517440796,341.79747104644775,341.73347104644773,341.35208148877575,341.35208148877575,0.4501267075538635,4.128056040438258,2700.760245323181,341.79747104644775,0.05696624517440796,9.66787338256836e-05,0.5800724029541016,0.5800724029541016,0.20896094173605206,0.20896094173605206,1.2648280680693191,2702.1921873965766
1314,68.1522606019862,,2026-06-30T15:12:38.484+07:00,0.056961119174957275,341.76671504974365,341.70271504974363,339.7351924445069,339.7351924445069,0.14831113815307617,-6.433388033872539,889.866828918457,341.76671504974365,0.056961119174957275,-5.125999450683594e-06,-0.030755996704101562,-0.030755996704101562,-1.6168890442688735,-1.6168890442688735,-10.561444074310797,-1810.8934164047241
1315,68.20377429900691,,2026-06-30T15:12:38.537+07:00,0.056869566440582275,341.21739864349365,341.15339864349363,340.646469150116,340.646469150116,-0.00023108722234610468,6.324802818223022,-1.386523334076628,341.21739864349365,0.056869566440582275,-9.1552734375e-05,-0.54931640625,-0.54931640625,0.9112767056091116,0.9112767056091116,12.758190852095561,-891.2533522525337
1316,68.25527631002478,,2026-06-30T15:12:38.611+07:00,0.05686980485916138,341.21882915496826,341.15482915496824,341.146650282063,341.146650282063,0.0005214214324951172,5.631865682288405,3.128528594970703,341.21882915496826,0.05686980485916138,2.384185791015625e-07,0.001430511474609375,0.001430511474609375,0.500181131946988,0.500181131946988,-0.692937135934617,4.515051929047331
1317,68.306719932938,,2026-06-30T15:12:38.661+07:00,0.056869566440582275,341.21739864349365,341.15339864349363,341.1505474607892,341.1505474607892,-0.00022363664174918085,2.4221901931629404,-1.3418198504950851,341.21739864349365,0.056869566440582275,-2.384185791015625e-07,-0.001430511474609375,-0.001430511474609375,0.003897178726219863,0.003897178726219863,-3.2096754891254644,-4.470348445465788
1318,68.35816916590557,,2026-06-30T15:12:38.712+07:00,0.056869566440582275,341.21739864349365,341.15339864349363,341.19954573674994,341.19954573674994,4.482269287109375e-05,1.3029000072409,0.2689361572265625,341.21739864349365,0.056869566440582275,0.0,0.0,0.0,0.048998275960741466,0.048998275960741466,-1.1192901859220403,1.6107560077216476
1319,68.40993851004168,,2026-06-30T15:12:38.762+07:00,0.056869566440582275,341.21739864349365,341.15339864349363,340.50525283938276,340.50525283938276,-0.0002458095841575414,-3.526555795945397,-1.4748575049452484,341.21739864349365,0.056869566440582275,0.0,0.0,0.0,-0.6942928973671769,-0.6942928973671769,-4.829455803186297,-1.7437936621718109
1320,68.46154005802236,,2026-06-30T15:12:38.813+07:00,0.056869566440582275,341.21739864349365,341.15339864349363,340.9406586566857,340.9406586566857,-0.00022369624639395624,2.9056319347547204,-1.3421774783637375,341.21739864349365,0.056869566440582275,0.0,0.0,0.0,0.4354058173029216,0.4354058173029216,6.432187730700117,0.1326800265815109
1321,68.5131037728861,,2026-06-30T15:12:38.861+07:00,0.056869566440582275,341.21739864349365,341.15339864349363,341.06351599906725,341.06351599906725,-0.00023871661687735468,2.6200759253209878,-1.432299701264128,341.21739864349365,0.056869566440582275,0.0,0.0,0.0,0.12285734238156465,0.12285734238156465,-0.2855560094337326,-0.09012222290039062
1322,68.5647716538515,,2026-06-30T15:12:38.912+07:00,0.056877732276916504,341.266393661499,341.202393661499,341.21108421073967,341.21108421073967,0.012009739875793457,2.373101079234875,72.05843925476074,341.266393661499,0.056877732276916504,8.165836334228516e-06,0.048995018005371094,0.048995018005371094,0.1475682116724215,0.1475682116724215,-0.24697484608611298,73.49073895602487
1323,68.61650575790554,,2026-06-30T15:12:38.962+07:00,0.05687505006790161,341.25030040740967,341.18630040740965,341.191564502549,341.191564502549,0.008112967014312744,0.8198499802882889,48.677802085876465,341.25030040740967,0.05687505006790161,-2.682209014892578e-06,-0.01609325408935547,-0.01609325408935547,-0.01951970819067128,-0.01951970819067128,-1.553251098946586,-23.380637168884277
1324,68.66815645387396,,2026-06-30T15:12:39.012+07:00,0.056970834732055664,341.825008392334,341.76100839233396,341.3821871310387,341.3821871310387,0.617056131362915,3.2320692830913225,3702.3367881774902,341.825008392334,0.056970834732055664,9.578466415405273e-05,0.5747079849243164,0.5747079849243164,0.19062262848967748,0.19062262848967748,2.4122193028030336,3653.6589860916138
1325,68.71996248303913,,2026-06-30T15:12:39.063+07:00,0.05405092239379883,324.30553436279297,324.24153436279295,335.3704504065337,335.3704504065337,-0.08880467712879181,-83.56031980778329,-532.8280627727509,324.30553436279297,0.05405092239379883,-0.002919912338256836,-17.519474029541016,-17.519474029541016,-6.011736724504999,-6.011736724504999,-86.79238909087461,-4235.164850950241
1326,68.77155138296075,,2026-06-30T15:12:39.113+07:00,0.05687016248703003,341.2209749221802,341.15697492218015,338.71135471091833,338.71135471091833,-2.7023491859436035,2.4076565819047744,-16214.095115661621,341.2209749221802,0.05687016248703003,0.002819240093231201,16.915440559387207,16.915440559387207,3.340904304384651,3.340904304384651,85.96797638968806,-15681.26705288887
1327,68.82326446799561,,2026-06-30T15:12:39.163+07:00,0.056869566440582275,341.21739864349365,341.15339864349363,340.12163508198057,340.12163508198057,-0.0002245903160655871,16.624442666195513,-1.3475418963935226,341.21739864349365,0.056869566440582275,-5.960464477539062e-07,-0.0035762786865234375,-0.0035762786865234375,1.4102803710622425,1.4102803710622425,14.216786084290739,16212.747573765228
1328,68.87511842302047,,2026-06-30T15:12:39.213+07:00,0.05100315809249878,306.0189485549927,305.95494855499265,328.398021007779,328.398021007779,-1.3152965307235718,-161.76288250540273,-7891.779184341431,306.0189485549927,0.05100315809249878,-0.005866408348083496,-35.19845008850098,-35.19845008850098,-11.723614074201578,-11.723614074201578,-178.38732517159823,-7890.431642445037
1329,68.92679982283153,,2026-06-30T15:12:39.263+07:00,0.05690127611160278,341.4076566696167,341.3436566696167,335.86395555997547,335.86395555997547,0.04705733060836792,15.87616347353238,282.3439836502075,341.4076566696167,0.05690127611160278,0.005898118019104004,35.38870811462402,35.38870811462402,7.465934552196472,7.465934552196472,177.63904597893512,8174.123167991638
1330,68.97882909188047,,2026-06-30T15:12:39.313+07:00,0.0568731427192688,341.2388563156128,341.1748563156128,338.9261191259489,338.9261191259489,0.005378901958465576,40.18054204404136,32.27341175079346,341.2388563156128,0.0568731427192688,-2.8133392333984375e-05,-0.16880035400390625,-0.16880035400390625,3.062163565973435,3.062163565973435,24.30437857050898,-250.07057189941406
1331,69.03155273082666,,2026-06-30T15:12:39.363+07:00,0.057001590728759766,342.0095443725586,341.9455443725586,340.69221129939854,340.69221129939854,0.2435070276260376,36.63246016411577,1461.0421657562256,342.0095443725586,0.057001590728759766,0.0001284480094909668,0.7706880569458008,0.7706880569458008,1.7660921734496355,1.7660921734496355,-3.54808187992559,1428.7687540054321
1332,69.08311681589112,,2026-06-30T15:12:39.438+07:00,0.056869566440582275,341.21739864349365,341.15339864349363,341.02809971878446,341.02809971878446,-8.40425582282478e-06,12.907968486907983,-0.05042553493694868,341.21739864349365,0.056869566440582275,-0.00013202428817749023,-0.7921457290649414,-0.7921457290649414,0.33588841938592395,0.33588841938592395,-23.724491677207787,-1461.0925912911625
1333,69.13478508591652,,2026-06-30T15:12:39.488+07:00,0.055893778800964355,335.36267280578613,335.2986728057861,339.0513058046064,339.0513058046064,0.4070989191532135,-24.07099072260577,2442.593514919281,335.36267280578613,0.055893778800964355,-0.0009757876396179199,-5.8547258377075195,-5.8547258377075195,-1.9767939141780744,-1.9767939141780744,-36.978959209513754,2442.643940454218
1334,69.1865670599509,,2026-06-30T15:12:39.538+07:00,0.056869566440582275,341.21739864349365,341.15339864349363,330.215635207638,330.215635207638,-0.0002391934540355578,-53.87110141839071,-1.4351607242133468,341.21739864349365,0.056869566440582275,0.0009757876396179199,5.8547258377075195,5.8547258377075195,-8.835670596968384,-8.835670596968384,-29.800110695784937,-2444.0286756434944
1335,69.23821251583286,,2026-06-30T15:12:39.589+07:00,0.05686992406845093,341.21954441070557,341.15554441070555,336.5329446103688,336.5329446103688,0.0005730390548706055,45.459478785338305,3.438234329223633,341.21954441070557,0.05686992406845093,3.5762786865234375e-07,0.0021457672119140625,0.0021457672119140625,6.317309402730814,6.317309402730814,99.33058020372901,4.87339505343698
1336,69.2898801008705,,2026-06-30T15:12:39.639+07:00,0.056869566440582275,341.21739864349365,341.15339864349363,339.46763056804605,339.46763056804605,-0.00019389392400626093,50.651520021863305,-1.1633635440375656,341.21739864349365,0.056869566440582275,-3.5762786865234375e-07,-0.0021457672119140625,-0.0021457672119140625,2.9346859576772317,2.9346859576772317,5.192041236525,-4.601597873261198
1337,69.34194816602394,,2026-06-30T15:12:39.688+07:00,0.056869566440582275,341.21739864349365,341.15339864349363,340.4419752350182,340.4419752350182,-0.0002386570122325793,32.25559523857652,-1.4319420733954757,341.21739864349365,0.056869566440582275,0.0,0.0,0.0,0.974344666972172,0.974344666972172,-18.395924783286787,-0.26857852935791016
1338,69.39370300993323,,2026-06-30T15:12:39.739+07:00,0.056869566440582275,341.21739864349365,341.15339864349363,340.8531476947732,340.8531476947732,-0.00022369624639395624,18.139338553073536,-1.3421774783637375,341.21739864349365,0.056869566440582275,0.0,0.0,0.0,0.4111724597549937,0.4111724597549937,-14.116256685502982,0.08976459503173828
1339,69.44548844685778,,2026-06-30T15:12:39.789+07:00,0.0539931058883667,323.9586353302002,323.8946353302002,334.9859754580066,334.9859754580066,-0.1771302968263626,-78.5019920084272,-1062.7817809581757,323.9586353302002,0.0539931058883667,-0.002876460552215576,-17.258763313293457,-17.258763313293457,-5.867172236766635,-5.867172236766635,-96.64133056150072,-1061.439603479812
1340,69.49723995802924,,2026-06-30T15:12:39.841+07:00,0.056869566440582275,341.21739864349365,341.15339864349363,338.6440743506657,338.6440743506657,-0.00023835900356061757,5.26692470064026,-1.4301540213637054,341.21739864349365,0.056869566440582275,0.002876460552215576,17.258763313293457,17.258763313293457,3.6580988926590976,3.6580988926590976,83.76891670906745,1061.351626936812
1341,69.54896841291338,,2026-06-30T15:12:39.889+07:00,0.056886255741119385,341.3175344467163,341.2535344467163,340.1276871385209,340.1276871385209,0.024393022060394287,19.2462458070511,146.35813236236572,341.3175344467163,0.056886255741119385,1.6689300537109375e-05,0.10013580322265625,0.10013580322265625,1.483612787855236,1.483612787855236,13.97932110641084,147.78828638372943
1342,69.6007163869217,,2026-06-30T15:12:39.940+07:00,0.04951918125152588,297.1150875091553,297.05108750915525,325.28422663562424,325.28422663562424,-1.910172700881958,-206.69952607861754,-11461.036205291748,297.1150875091553,0.04951918125152588,-0.007367074489593506,-44.202446937561035,-44.202446937561035,-14.843460502896676,-14.843460502896676,-225.94577188566865,-11607.394337654114
1343,69.6527451009024,,2026-06-30T15:12:39.989+07:00,0.056869566440582275,341.21739864349365,341.15339864349363,334.7238341404493,334.7238341404493,-0.00022369624639395624,16.27596839793621,-1.3421774783637375,341.21739864349365,0.056869566440582275,0.0073503851890563965,44.10231113433838,44.10231113433838,9.439607504825062,9.439607504825062,222.97549447655376,11459.694027813384
1344,69.70524796191603,,2026-06-30T15:12:40.040+07:00,0.056869566440582275,341.21739864349365,341.15339864349363,338.6625198641057,338.6625198641057,0.0001481771469116211,48.44919055262233,0.8890628814697266,341.21739864349365,0.056869566440582275,0.0,0.0,0.0,3.9386857236564197,3.9386857236564197,32.17322215468612,2.231240359833464
1345,69.75702926889062,,2026-06-30T15:12:40.091+07:00,0.0569881796836853,341.9290781021118,341.8650781021118,340.37140657882964,340.37140657882964,0.42649972438812256,39.71513394237259,2558.9983463287354,341.9290781021118,0.0569881796836853,0.00011861324310302734,0.7116794586181641,0.7116794586181641,1.708886714723917,1.708886714723917,-8.734056610249745,2558.1092834472656
1346,69.80875887186266,,2026-06-30T15:12:40.144+07:00,0.056869566440582275,341.21739864349365,341.15339864349363,340.9561125126068,340.9561125126068,-1.132489046540286e-06,22.26029293414623,-0.0067949342792417156,341.21739864349365,0.056869566440582275,-0.00011861324310302734,-0.7116794586181641,-0.7116794586181641,0.5847059337771725,0.5847059337771725,-17.45484100822636,-2559.0051412630146
1347,69.86072534602135,,2026-06-30T15:12:40.216+07:00,0.056869566440582275,341.21739864349365,341.15339864349363,341.29863313342906,341.29863313342906,-0.00023239852453116328,8.665594613084231,-1.3943911471869797,341.21739864349365,0.056869566440582275,0.0,0.0,0.0,0.3425206208222562,0.3425206208222562,-13.594698321061998,-1.387596212907738
1348,69.91243331995793,,2026-06-30T15:12:40.266+07:00,0.056889891624450684,341.3393497467041,341.2753497467041,338.91955372831256,338.91955372831256,0.02983790636062622,-11.437610125890906,179.02743816375732,341.3393497467041,0.056889891624450684,2.0325183868408203e-05,0.12195110321044922,0.12195110321044922,-2.3790794051164994,-2.3790794051164994,-20.103204738975137,180.4218293109443
1349,69.96428882982582,,2026-06-30T15:12:40.317+07:00,0.05687224864959717,341.233491897583,341.169491897583,340.2152318057609,340.2152318057609,0.004066288471221924,9.473789583067415,24.397730827331543,341.233491897583,0.05687224864959717,-1.7642974853515625e-05,-0.10585784912109375,-0.10585784912109375,1.295678077448315,1.295678077448315,20.91139970895832,-154.62970733642578
1350,70.01653058081865,,2026-06-30T15:12:40.366+07:00,0.056928396224975586,341.5703773498535,341.5063773498535,340.88382011538226,340.88382011538226,0.08972573280334473,11.890808799349088,538.3543968200684,341.5703773498535,0.056928396224975586,5.614757537841797e-05,0.3368854522705078,0.3368854522705078,0.6685883096213843,0.6685883096213843,2.4170192162816733,513.9566659927368
1351,70.06833014683798,,2026-06-30T15:12:40.417+07:00,0.05701714754104614,342.10288524627686,342.03888524627683,341.44925116366596,341.44925116366596,0.3292694091796875,11.815879514904474,1975.616455078125,342.10288524627686,0.05701714754104614,8.875131607055664e-05,0.5325078964233398,0.5325078964233398,0.5654310482836991,0.5654310482836991,-0.07492928444461455,1437.2620582580566
1352,70.12012117588893,,2026-06-30T15:12:40.467+07:00,0.056869566440582275,341.21739864349365,341.15339864349363,341.2793726573479,341.2793726573479,-0.00023245812917593867,3.136784628422832,-1.394748775055632,341.21739864349365,0.056869566440582275,-0.0001475811004638672,-0.8854866027832031,-0.8854866027832031,-0.16987850631807078,-0.16987850631807078,-8.679094886481641,-1977.0112038531806
1353,70.17195774195716,,2026-06-30T15:12:40.517+07:00,0.056869566440582275,341.21739864349365,341.15339864349363,341.2112602037338,341.2112602037338,-0.00023961068654898554,0.5458754199507175,-1.4376641192939132,341.21739864349365,0.056869566440582275,0.0,0.0,0.0,-0.06811245361410556,-0.06811245361410556,-2.5909092084721146,-0.04291534423828125
1354,70.22378808585927,,2026-06-30T15:12:40.567+07:00,0.056869566440582275,341.21739864349365,341.15339864349363,341.1778451526951,341.1778451526951,8.809566497802734e-05,-0.14040442768729883,0.5285739898681641,341.21739864349365,0.056869566440582275,0.0,0.0,0.0,-0.03341505103867348,-0.03341505103867348,-0.6862798476380163,1.9662381091620773
1355,70.275598855922,,2026-06-30T15:12:40.617+07:00,0.0568697452545166,341.2184715270996,341.1544715270996,341.18175799669905,341.18175799669905,0.00043827295303344727,-0.1261783147942933,2.6296377182006836,341.2184715270996,0.0568697452545166,1.7881393432617188e-07,0.0010728836059570312,0.0010728836059570312,0.003912844003934879,0.003912844003934879,0.014226112893005516,2.1010637283325195
1356,70.32755816285498,,2026-06-30T15:12:40.668+07:00,0.056869566440582275,341.21739864349365,341.15339864349363,341.3547873420186,341.3547873420186,-0.00023239852453116328,0.737774156777264,-1.3943911471869797,341.21739864349365,0.056869566440582275,-1.7881393432617188e-07,-0.0010728836059570312,-0.0010728836059570312,0.1730293453195486,0.1730293453195486,0.8639524715715573,-4.024028865387663
1357,70.37938763597049,,2026-06-30T15:12:40.717+07:00,0.056869566440582275,341.21739864349365,341.15339864349363,341.23848536862045,341.23848536862045,-4.619360333890654e-05,-1.0017756458428047,-0.27716162003343925,341.21739864349365,0.056869566440582275,0.0,0.0,0.0,-0.1163019733981514,-0.1163019733981514,-1.7395498026200686,1.1172295271535404
1358,70.43122929497622,,2026-06-30T15:12:40.767+07:00,0.05463379621505737,327.80277729034424,327.7387772903442,333.59552411351876,333.59552411351876,0.040455155074596405,-85.22784972896079,242.73093044757843,327.80277729034424,0.05463379621505737,-0.0022357702255249023,-13.414621353149414,-13.414621353149414,-7.642961255101682,-7.642961255101682,-84.226074083118,243.00809206761187
1359,70.48280952800997,,2026-06-30T15:12:40.817+07:00,0.05694270133972168,341.6562080383301,341.59220803833006,338.1809022233697,338.1809022233697,0.11442476511001587,15.022492453980803,686.5485906600952,341.6562080383301,0.05694270133972168,0.0023089051246643066,13.85343074798584,13.85343074798584,4.585378109850922,4.585378109850922,100.2503421829416,443.8176602125168
1360,70.53494824189693,,2026-06-30T15:12:40.867+07:00,0.05701714754104614,342.10288524627686,342.03888524627683,340.216795656079,340.216795656079,0.3292696475982666,29.912623445685618,1975.6178855895996,342.10288524627686,0.05701714754104614,7.444620132446289e-05,0.44667720794677734,0.44667720794677734,2.035893432709315,2.035893432709315,14.890130991704815,1289.0692949295044
1361,70.58661962393671,,2026-06-30T15:12:40.918+07:00,0.056870460510253906,341.22276306152344,341.1587630615234,340.7732299647613,340.7732299647613,0.0014366507530212402,18.592538163673733,8.619904518127441,341.22276306152344,0.056870460510253906,-0.00014668703079223633,-0.880122184753418,-0.880122184753418,0.5564343086822987,0.5564343086822987,-11.320085282011885,-1966.9979810714722
1362,70.63854144886136,,2026-06-30T15:12:40.993+07:00,0.056869566440582275,341.21739864349365,341.15339864349363,340.8971764254358,340.8971764254358,-1.3709076256418484e-06,6.284384468407062,-0.00822544575385109,341.21739864349365,0.056869566440582275,-8.940696716308594e-07,-0.005364418029785156,-0.005364418029785156,0.12394646067451731,0.12394646067451731,-12.308153695266672,-8.628129963881292
1363,70.6903418849688,,2026-06-30T15:12:41.044+07:00,0.05696779489517212,341.8067693710327,341.7427693710327,341.2514245110029,341.2514245110029,0.161482572555542,7.077393888121987,968.895435333252,341.8067693710327,0.05696779489517212,9.822845458984375e-05,0.5893707275390625,0.5893707275390625,0.35424808556706466,0.35424808556706466,0.7930094197149256,968.9036607790058
1364,70.7420777848456,,2026-06-30T15:12:41.093+07:00,0.05689382553100586,341.36295318603516,341.29895318603513,341.2457586624058,341.2457586624058,0.03578382730484009,3.1334494064410388,214.70296382904053,341.36295318603516,0.05689382553100586,-7.396936416625977e-05,-0.4438161849975586,-0.4438161849975586,-0.00566584859706154,-0.00566584859706154,-3.9439444816809486,-754.1924715042114
1365,70.7940974808298,,2026-06-30T15:12:41.144+07:00,0.056869566440582275,341.21739864349365,341.15339864349363,341.1926648325044,341.1926648325044,0.00011813640594482422,0.7389768996328028,0.7088184356689453,341.21739864349365,0.056869566440582275,-2.4259090423583984e-05,-0.1455545425415039,-0.1455545425415039,-0.05309382990139966,-0.05309382990139966,-2.3944725068082358,-213.99414539337158
1366,70.84589074994437,,2026-06-30T15:12:41.194+07:00,0.05692148208618164,341.52889251708984,341.4648925170898,341.2790114641093,341.2790114641093,0.07726162672042847,1.6542087424109417,463.5697603225708,341.52889251708984,0.05692148208618164,5.1915645599365234e-05,0.3114938735961914,0.3114938735961914,0.08634663160489708,0.08634663160489708,0.915231842778139,462.86094188690186
1367,70.89790514996275,,2026-06-30T15:12:41.244+07:00,0.056869566440582275,341.21739864349365,341.15339864349363,341.20647006020374,341.20647006020374,-0.00022441150213126093,-0.11100720632897265,-1.3464690127875656,341.21739864349365,0.056869566440582275,-5.1915645599365234e-05,-0.3114938735961914,-0.3114938735961914,-0.07254140390557495,-0.07254140390557495,-1.7652159487399144,-464.91622933535837
1368,70.9496188829653,,2026-06-30T15:12:41.303+07:00,0.05319875478744507,319.1925287246704,319.1285287246704,333.46736092648587,333.46736092648587,-0.46395596861839294,-95.76426370332224,-2783.7358117103577,319.1925287246704,0.05319875478744507,-0.003670811653137207,-22.024869918823242,-22.024869918823242,-7.739109133717875,-7.739109133717875,-95.65325649699327,-2782.38934269757
1369,71.00147252297029,,2026-06-30T15:12:41.355+07:00,0.050498008728027344,302.98805236816406,302.92405236816404,324.53114629414034,324.53114629414034,-0.8176722526550293,-181.30970527159903,-4906.033515930176,302.98805236816406,0.050498008728027344,-0.0027007460594177246,-16.204476356506348,-16.204476356506348,-8.936214632345525,-8.936214632345525,-85.54544156827679,-2122.297704219818
1370,71.0533372189384,,2026-06-30T15:12:41.403+07:00,0.05688035488128662,341.2821292877197,341.2181292877197,333.6885038489548,333.6885038489548,0.015756845474243164,31.49426687566111,94.54107284545898,341.2821292877197,0.05688035488128662,0.006382346153259277,38.294076919555664,38.294076919555664,9.157357554814439,9.157357554814439,212.80397214726014,5000.574588775635
1371,71.10487037803978,,2026-06-30T15:12:41.454+07:00,0.057036519050598145,342.21911430358887,342.15511430358885,338.3501624341744,338.3501624341744,0.28277069330215454,65.03414743149712,1696.6241598129272,342.21911430358887,0.057036519050598145,0.00015616416931152344,0.9369850158691406,0.9369850158691406,4.661658585219641,4.661658585219641,33.53988055583601,1602.0830869674683
1372,71.15658372198232,,2026-06-30T15:12:41.504+07:00,0.05688512325286865,341.3107395172119,341.2467395172119,340.00227017323846,340.00227017323846,0.022685706615447998,46.07001941306567,136.114239692688,341.3107395172119,0.05688512325286865,-0.0001513957977294922,-0.9083747863769531,-0.9083747863769531,1.6521077390640357,1.6521077390640357,-18.964128018431445,-1560.5099201202393
1373,71.2082123439759,,2026-06-30T15:12:41.554+07:00,0.056869566440582275,341.21739864349365,341.15339864349363,340.86369480687705,340.86369480687705,-0.00022482873464468867,27.78137061504289,-1.348972407868132,341.21739864349365,0.056869566440582275,-1.5556812286376953e-05,-0.09334087371826172,-0.09334087371826172,0.8614246336385918,0.8614246336385918,-18.288648798022784,-137.46321210055612
1374,71.25974837387912,,2026-06-30T15:12:41.603+07:00,0.05687081813812256,341.22490882873535,341.16090882873533,341.1259713233921,341.1259713233921,0.001995384693145752,14.150177858131208,11.972308158874512,341.22490882873535,0.05687081813812256,1.2516975402832031e-06,0.007510185241699219,0.007510185241699219,0.262276516515044,0.262276516515044,-13.63119275691168,13.321280566742644
1375,71.31137851485983,,2026-06-30T15:12:41.654+07:00,0.056869566440582275,341.21739864349365,341.15339864349363,331.09755117177275,331.09755117177275,-0.00023996831441763788,-37.97997858068692,-1.4398098865058273,341.21739864349365,0.056869566440582275,-1.2516975402832031e-06,-0.007510185241699219,-0.007510185241699219,-10.028420151619343,-10.028420151619343,-52.130156438818126,-13.412118045380339
1376,71.36318096984178,,2026-06-30T15:12:41.703+07:00,0.056869566440582275,341.21739864349365,341.15339864349363,332.9784344329173,332.9784344329173,-0.00022500754857901484,28.15357114180037,-1.350045291474089,341.21739864349365,0.056869566440582275,0.0,0.0,0.0,1.880883261144561,1.880883261144561,66.13354972248729,0.08976459503173828
1377,71.41481851786375,,2026-06-30T15:12:41.755+07:00,0.05686980485916138,341.21882915496826,341.15482915496824,337.7002210245616,337.7002210245616,0.0005125999450683594,62.377422432731095,3.0755996704101562,341.21882915496826,0.05686980485916138,2.384185791015625e-07,0.001430511474609375,0.001430511474609375,4.721786591644275,4.721786591644275,34.223851290930725,4.425644961884245
1378,71.4664396578446,,2026-06-30T15:12:41.804+07:00,0.056997597217559814,341.9855833053589,341.92158330535887,340.2542403074111,340.2542403074111,0.2204899787902832,54.45114367424292,1322.9398727416992,341.9855833053589,0.056997597217559814,0.0001277923583984375,0.766754150390625,0.766754150390625,2.554019282849538,2.554019282849538,-7.9262787584881735,1319.864273071289
1379,71.5182218910195,,2026-06-30T15:12:41.855+07:00,0.0522160530090332,313.2963180541992,313.2323180541992,326.00291626575154,326.00291626575154,-0.8367104530334473,-139.2133313724523,-5020.262718200684,313.2963180541992,0.0522160530090332,-0.004781544208526611,-28.689265251159668,-28.689265251159668,-14.251324041659586,-14.251324041659586,-193.66447504669523,-6343.202590942383
1380,71.56981277302839,,2026-06-30T15:12:41.904+07:00,0.056869566440582275,341.21739864349365,341.15339864349363,334.78860655059043,334.78860655059043,-0.0002411008026683703,39.08329910995797,-1.4466048160102218,341.21739864349365,0.056869566440582275,0.004653513431549072,27.921080589294434,27.921080589294434,8.785690284838893,8.785690284838893,178.29663048241028,5018.816113384673
1381,71.62164713488892,,2026-06-30T15:12:41.955+07:00,0.05687129497528076,341.22776985168457,341.16376985168455,338.4681479881292,338.4681479881292,0.0025899410247802734,56.92414856382223,15.53964614868164,341.22776985168457,0.05687129497528076,1.7285346984863281e-06,0.010371208190917969,0.010371208190917969,3.6795414375387736,3.6795414375387736,17.84084945386426,16.986250964691862
1382,71.67330716503784,,2026-06-30T15:12:42.005+07:00,0.05687105655670166,341.22633934020996,341.16233934020994,340.0220094854528,340.0220094854528,0.0023590922355651855,41.17995391960381,14.154553413391113,341.22633934020996,0.05687105655670166,-2.384185791015625e-07,-0.001430511474609375,-0.001430511474609375,1.5538614973236236,1.5538614973236236,-15.744194644218418,-1.3850927352905273
1383,71.72495893482119,,2026-06-30T15:12:42.081+07:00,0.05696934461593628,341.8160676956177,341.75206769561765,341.05222506421006,341.05222506421006,0.16380637884140015,21.200430304716306,982.8382730484009,341.8160676956177,0.05696934461593628,9.828805923461914e-05,0.5897283554077148,0.5897283554077148,1.030215578757236,1.030215578757236,-19.979523614887505,968.6837196350098
1384,71.77644990896806,,2026-06-30T15:12:42.131+07:00,0.05221611261367798,313.29667568206787,313.23267568206785,331.5398479718805,331.5398479718805,-0.836560845375061,-125.64385208334757,-5019.365072250366,313.29667568206787,0.05221611261367798,-0.004753232002258301,-28.519392013549805,-28.519392013549805,-9.512377092329587,-9.512377092329587,-146.84428238806387,-6002.203345298767
1385,71.82844475284219,,2026-06-30T15:12:42.181+07:00,0.056869566440582275,341.21739864349365,341.15339864349363,337.0919989260976,337.0919989260976,0.00010204315185546875,8.790320731426505,0.6122589111328125,341.21739864349365,0.056869566440582275,0.004653453826904297,27.92072296142578,27.92072296142578,5.5521509542170975,5.5521509542170975,134.43417281477406,5019.977331161499
1386,71.88091835496016,,2026-06-30T15:12:42.232+07:00,0.05698132514953613,341.8879508972168,341.8239508972168,339.20766436996087,339.20766436996087,0.1851816177368164,30.4372792180575,1111.0897064208984,341.8879508972168,0.05698132514953613,0.00011175870895385742,0.6705522537231445,0.6705522537231445,2.1156654438632927,2.1156654438632927,21.646958486630997,1110.4774475097656
1387,71.93264469900168,,2026-06-30T15:12:42.283+07:00,0.05687224864959717,341.233491897583,341.169491897583,340.3369585518573,340.3369585518573,0.0037006139755249023,24.991711103445635,22.203683853149414,341.233491897583,0.05687224864959717,-0.00010907649993896484,-0.6544589996337891,-0.6544589996337891,1.129294181896455,1.129294181896455,-5.445568114611866,-1088.886022567749
1388,71.98416656185873,,2026-06-30T15:12:42.332+07:00,0.05686980485916138,341.21882915496826,341.15482915496824,337.7650189789434,337.7650189789434,0.0005266070365905762,-0.35915241954730703,3.159642219543457,341.21882915496826,0.05686980485916138,-2.4437904357910156e-06,-0.014662742614746094,-0.014662742614746094,-2.571939572913948,-2.571939572913948,-25.35086352299294,-19.044041633605957
1389,72.03565509198233,,2026-06-30T15:12:42.383+07:00,0.056870996952056885,341.2259817123413,341.1619817123413,339.72847352462315,339.72847352462315,0.0021724700927734375,21.466506825660574,13.034820556640625,341.2259817123413,0.056870996952056885,1.1920928955078125e-06,0.007152557373046875,0.007152557373046875,1.963454545679781,1.963454545679781,21.82565924520788,9.875178337097168
1390,72.08716817689128,,2026-06-30T15:12:42.435+07:00,0.057039618492126465,342.2377109527588,342.17371095275877,340.90961613377533,340.90961613377533,0.36202752590179443,23.14903831443102,2172.1651554107666,342.2377109527588,0.057039618492126465,0.00016862154006958008,1.0117292404174805,1.0117292404174805,1.1811426091521753,1.1811426091521753,1.6825314887704472,2159.130334854126
1391,72.13887981791049,,2026-06-30T15:12:42.483+07:00,0.056869566440582275,341.21739864349365,341.15339864349363,341.1171160120348,341.1171160120348,0.00015234947204589844,11.722663257296995,0.9140968322753906,341.21739864349365,0.056869566440582275,-0.00017005205154418945,-1.0203123092651367,-1.0203123092651367,0.20749987825945482,0.20749987825945482,-11.426375057134026,-2171.251058578491
1392,72.19040392083116,,2026-06-30T15:12:42.539+07:00,0.056869566440582275,341.21739864349365,341.15339864349363,341.34618898172516,341.34618898172516,-0.0002431273605907336,6.422225089177855,-1.4587641635444015,341.21739864349365,0.056869566440582275,0.0,0.0,0.0,0.22907296969037816,0.22907296969037816,-5.30043816811914,-2.372860995819792
1393,72.24217098788358,,2026-06-30T15:12:42.588+07:00,0.056869566440582275,341.21739864349365,341.15339864349363,341.2350966424168,341.2350966424168,-0.00023561717534903437,1.4446933967480682,-1.4137030520942062,341.21739864349365,0.056869566440582275,0.0,0.0,0.0,-0.11109233930835671,-0.11109233930835671,-4.977531692429787,0.04506111145019531
1394,72.29396516503766,,2026-06-30T15:12:42.642+07:00,0.056675851345062256,340.05510807037354,339.9911080703735,340.7987695412523,340.7987695412523,0.8702378273010254,-5.623921217671613,5221.426963806152,340.05510807037354,0.056675851345062256,-0.00019371509552001953,-1.1622905731201172,-1.1622905731201172,-0.43632710116452245,-0.43632710116452245,-7.0686146144196815,5222.840666858247
1395,72.34612184204161,,2026-06-30T15:12:42.691+07:00,0.056910693645477295,341.46416187286377,341.40016187286375,341.0900163384163,341.0900163384163,0.061492204666137695,1.20111235126944,368.9532279968262,341.46416187286377,0.056910693645477295,0.00023484230041503906,1.4090538024902344,1.4090538024902344,0.29124679716403534,0.29124679716403534,6.825033568941054,-4852.473735809326
1396,72.39822553703561,,2026-06-30T15:12:42.741+07:00,0.056870996952056885,341.2259817123413,341.1619817123413,341.1296236936951,341.1296236936951,0.002282381057739258,0.9576095892886928,13.694286346435547,341.2259817123413,0.056870996952056885,-3.9696693420410156e-05,-0.23818016052246094,-0.23818016052246094,0.03960735527880388,0.03960735527880388,-0.24350276198074716,-355.2589416503906
1397,72.45002186181955,,2026-06-30T15:12:42.790+07:00,0.05691826343536377,341.5095806121826,341.4455806121826,333.2374004987301,333.2374004987301,0.07357680797576904,-36.70949053914164,441.46084785461426,341.5095806121826,0.05691826343536377,4.7266483306884766e-05,0.2835988998413086,0.2835988998413086,-7.892223194965027,-7.892223194965027,-37.667100128430334,427.7665615081787
1398,72.50224685389549,,2026-06-30T15:12:42.842+07:00,0.0568852424621582,341.3114547729492,341.2474547729492,338.03658572688397,338.03658572688397,0.02262932062149048,35.27944187871804,135.77592372894287,341.3114547729492,0.0568852424621582,-3.3020973205566406e-05,-0.19812583923339844,-0.19812583923339844,4.799185228153874,4.799185228153874,71.98893241785967,-305.6849241256714
1399,72.55419560498558,,2026-06-30T15:12:42.891+07:00,0.05696779489517212,341.8067693710327,341.7427693710327,340.04770656127187,340.04770656127187,0.16147899627685547,38.065968827627245,968.8739776611328,341.8067693710327,0.05696779489517212,8.255243301391602e-05,0.4953145980834961,0.4953145980834961,2.0111208343878957,2.0111208343878957,2.7865269489092057,833.0980539321899
1400,72.60574854188599,,2026-06-30T15:12:42.942+07:00,0.05693614482879639,341.6168689727783,341.5528689727783,340.82605835400454,340.82605835400454,0.45184338092803955,24.935717320009587,2711.0602855682373,341.6168689727783,0.05693614482879639,-3.165006637573242e-05,-0.18990039825439453,-0.18990039825439453,0.7783517927326784,0.7783517927326784,-13.130251507617658,1742.1863079071045
1401,72.6572363129817,,2026-06-30T15:12:42.992+07:00,0.05687063932418823,341.2238359451294,341.1598359451294,341.1340211544868,341.1340211544868,0.0015151500701904297,13.344597574270692,9.090900421142578,341.2238359451294,0.05687063932418823,-6.55055046081543e-05,-0.3930330276489258,-0.3930330276489258,0.3079628004822439,0.3079628004822439,-11.591119745738895,-2701.9693851470947
1402,72.70900847087614,,2026-06-30T15:12:43.042+07:00,0.05690544843673706,341.43269062042236,341.36869062042234,341.2283744389647,341.2283744389647,0.05253666639328003,6.925758094738571,315.2199983596802,341.43269062042236,0.05690544843673706,3.4809112548828125e-05,0.20885467529296875,0.20885467529296875,0.09435328447790425,0.09435328447790425,-6.418839479532121,306.1290979385376
1403,72.76096155587584,,2026-06-30T15:12:43.117+07:00,0.056948840618133545,341.69304370880127,341.62904370880125,341.3526076749452,341.3526076749452,0.09967690706253052,5.697058414212636,598.0614423751831,341.69304370880127,0.056948840618133545,4.3392181396484375e-05,0.26035308837890625,0.26035308837890625,0.12423323598051184,0.12423323598051184,-1.228699680525935,282.84144401550293
1404,72.81255238200538,,2026-06-30T15:12:43.144+07:00,0.0570102334022522,342.0614004135132,341.99740041351316,341.578285133444,341.578285133444,0.25592315196990967,6.583988913746893,1535.538911819458,342.0614004135132,0.0570102334022522,6.139278411865234e-05,0.36835670471191406,0.36835670471191406,0.22567745849880794,0.22567745849880794,0.8869304995342571,937.4774694442749
1405,72.86513716890477,,2026-06-30T15:12:43.203+07:00,0.056869566440582275,341.21739864349365,341.15339864349363,341.3369812025036,341.3369812025036,0.00013679265975952148,0.4783526177889583,0.8207559585571289,341.21739864349365,0.056869566440582275,-0.00014066696166992188,-0.8440017700195312,-0.8440017700195312,-0.24130393094043256,-0.24130393094043256,-6.105636295957934,-1534.7181558609009
1406,72.91735254903324,,2026-06-30T15:12:43.260+07:00,0.056869566440582275,341.21739864349365,341.15339864349363,341.42500668585774,341.42500668585774,-0.00024336577916983515,0.13570308620444438,-1.460194675019011,341.21739864349365,0.056869566440582275,0.0,0.0,0.0,0.0880254833541585,0.0880254833541585,-0.34264953158451394,-2.28095063357614
1407,72.96929726283997,,2026-06-30T15:12:43.314+07:00,0.0568697452545166,341.2184715270996,341.1544715270996,341.51838615515817,341.51838615515817,-3.6809725761413574,-0.10606041280038125,-22085.835456848145,341.2184715270996,0.0568697452545166,1.7881393432617188e-07,0.0010728836059570312,0.0010728836059570312,0.09337946930043017,0.09337946930043017,-0.24176349900482563,-22084.375262173126
1408,73.0212470330298,,2026-06-30T15:12:43.366+07:00,0.056869566440582275,341.21739864349365,341.15339864349363,341.3076058671719,341.3076058671719,-0.00023657084966544062,-2.2860678765155007,-1.4194250979926437,341.21739864349365,0.056869566440582275,-1.7881393432617188e-07,-0.0010728836059570312,-0.0010728836059570312,-0.21078028798626747,-0.21078028798626747,-2.1800074637151194,22084.416031750152
1409,73.07317522796802,,2026-06-30T15:12:43.421+07:00,0.056871116161346436,341.2266969680786,341.1626969680786,341.22180560910243,341.22180560910243,0.002408325672149658,-1.8111505138631154,14.44995403289795,341.2266969680786,0.056871116161346436,1.5497207641601562e-06,0.009298324584960938,0.009298324584960938,-0.08580025806946878,-0.08580025806946878,0.47491736265238527,15.869379130890593
1410,73.12507731281221,,2026-06-30T15:12:43.470+07:00,0.05694097280502319,341.64583683013916,341.58183683013914,341.3383559772982,341.3383559772982,0.09989947080612183,1.096582214527314,599.396824836731,341.64583683013916,0.05694097280502319,6.985664367675781e-05,0.4191398620605469,0.4191398620605469,0.11655036819576026,0.11655036819576026,2.9077327283904295,584.946870803833
1411,73.17665173090063,,2026-06-30T15:12:43.522+07:00,0.056869566440582275,341.21739864349365,341.15339864349363,341.35041057393903,341.35041057393903,-0.00015425683523062617,0.0,-0.925541011383757,341.21739864349365,0.056869566440582275,-7.140636444091797e-05,-0.4284381866455078,-0.4284381866455078,0.01205459664083719,0.01205459664083719,-1.096582214527314,-600.3223658481147
1412,73.22885129693896,,2026-06-30T15:12:43.571+07:00,0.056869566440582275,341.21739864349365,341.15339864349363,336.22597827757454,336.22597827757454,6.198883056640625e-05,-28.680269594519416,0.3719329833984375,341.21739864349365,0.056869566440582275,0.0,0.0,0.0,-5.124432296364489,-5.124432296364489,-28.680269594519416,1.2974739947821945
1413,73.28166645392776,,2026-06-30T15:12:43.621+07:00,0.05686962604522705,341.2177562713623,341.1537562713623,339.0716887086469,339.0716887086469,0.00013685226440429688,19.728585598749454,0.8211135864257812,341.2177562713623,0.05686962604522705,5.960464477539063e-08,0.00035762786865234375,0.00035762786865234375,2.845710431072348,2.845710431072348,48.40885519326887,0.44918060302734375
1414,73.33311807597056,,2026-06-30T15:12:43.673+07:00,0.056869566440582275,341.21739864349365,341.15339864349363,340.2741202770413,340.2741202770413,-0.00024324656988028437,21.201686841222905,-1.4594794192817062,341.21739864349365,0.056869566440582275,-5.960464477539063e-08,-0.00035762786865234375,-0.00035762786865234375,1.2024315683943883,1.2024315683943883,1.4731012424734509,-2.2805930057074875
1415,73.3846833279822,,2026-06-30T15:12:43.722+07:00,0.057016730308532715,342.1003818511963,342.03638185119627,341.1509102270307,341.1509102270307,0.2768585681915283,19.46375309435902,1661.15140914917,342.1003818511963,0.057016730308532715,0.00014716386795043945,0.8829832077026367,0.8829832077026367,0.8767899499894156,0.8767899499894156,-1.7379337468638845,1662.6108885684516
1416,73.43622657982633,,2026-06-30T15:12:43.774+07:00,0.05687391757965088,341.2435054779053,341.17950547790525,341.36154975593325,341.36154975593325,0.00637209415435791,9.506018970055557,38.23256492614746,341.2435054779053,0.05687391757965088,-0.00014281272888183594,-0.8568763732910156,-0.8568763732910156,0.21063952890256132,0.21063952890256132,-9.957734124303464,-1622.9188442230225
1417,73.48782855388708,,2026-06-30T15:12:43.822+07:00,0.0569881796836853,341.9290781021118,341.8650781021118,341.65233737585135,341.65233737585135,0.42641329765319824,7.360693818003498,2558.4797859191895,341.9290781021118,0.0569881796836853,0.00011426210403442383,0.685572624206543,0.685572624206543,0.2907876199180919,0.2907876199180919,-2.1453251520520586,2520.247220993042
1418,73.5395684868563,,2026-06-30T15:12:43.873+07:00,0.05705541372299194,342.33248233795166,342.26848233795164,341.9093082782204,341.9093082782204,0.4417240023612976,6.429012694844441,2650.3440141677856,342.33248233795166,0.05705541372299194,6.723403930664062e-05,0.40340423583984375,0.40340423583984375,0.25697090236906206,0.25697090236906206,-0.9316811231590574,91.86422824859619
1419,73.59120058501139,,2026-06-30T15:12:43.947+07:00,0.056870102882385254,341.2206172943115,341.1566172943115,341.48840030663155,341.48840030663155,0.0008210539817810059,-2.15098754916618,4.926323890686035,341.2206172943115,0.056870102882385254,-0.00018531084060668945,-1.1118650436401367,-1.1118650436401367,-0.4209079715888606,-0.4209079715888606,-8.58000024401062,-2645.4176902770996
1420,73.64269959088415,,2026-06-30T15:12:43.997+07:00,0.056988537311553955,341.93122386932373,341.8672238693237,341.5447756752099,341.5447756752099,0.20736616849899292,0.4757164026706677,1244.1970109939575,341.93122386932373,0.056988537311553955,0.00011843442916870117,0.710606575012207,0.710606575012207,0.05637536857835812,0.05637536857835812,2.6267039518368476,1239.2706871032715
1421,73.69439422502182,,2026-06-30T15:12:44.048+07:00,0.05702853202819824,342.17119216918945,342.10719216918943,341.6525831733873,341.6525831733873,0.24631762504577637,2.343801367640959,1477.9057502746582,342.17119216918945,0.05702853202819824,3.999471664428711e-05,0.23996829986572266,0.23996829986572266,0.10780749817740798,0.10780749817740798,1.8680849649702913,233.70873928070068
1422,73.74620706797577,,2026-06-30T15:12:44.097+07:00,0.056954920291900635,341.7295217514038,341.6655217514038,341.6327994882522,341.6327994882522,0.13405203819274902,0.9141291089976622,804.3122291564941,341.7295217514038,0.056954920291900635,-7.361173629760742e-05,-0.44167041778564453,-0.44167041778564453,-0.019783685135109863,-0.019783685135109863,-1.4296722586432968,-673.5935211181641
1423,73.79793420992792,,2026-06-30T15:12:44.147+07:00,0.056869566440582275,341.21739864349365,341.15339864349363,341.3561895814245,341.3561895814245,-4.351139432401396e-05,-2.660543788799773,-0.2610683659440838,341.21739864349365,0.056869566440582275,-8.535385131835938e-05,-0.5121231079101562,-0.5121231079101562,-0.2766099068277299,-0.2766099068277299,-3.574672897797435,-804.5732975224382
1424,73.84979820088483,,2026-06-30T15:12:44.197+07:00,0.05700045824050903,342.0027494430542,341.9387494430542,341.5139505946156,341.5139505946156,0.2245766520500183,1.8688690596920692,1347.4599123001099,342.0027494430542,0.05700045824050903,0.0001308917999267578,0.7853507995605469,0.7853507995605469,0.15776101319113423,0.15776101319113423,4.529412848491843,1347.720980666054
1425,73.90165672800504,,2026-06-30T15:12:44.248+07:00,0.056869566440582275,341.21739864349365,341.15339864349363,340.8267635205656,340.8267635205656,-0.00023734572459943593,-4.048118138513196,-1.4240743475966156,341.21739864349365,0.056869566440582275,-0.0001308917999267578,-0.7853507995605469,-0.7853507995605469,-0.6871870740500299,-0.6871870740500299,-5.916987198205265,-1348.8839866477065
1426,73.95369136403315,,2026-06-30T15:12:44.298+07:00,0.056869566440582275,341.21739864349365,341.15339864349363,341.01539530405654,341.01539530405654,0.00010544061660766602,0.3526038512054517,0.6326436996459961,341.21739864349365,0.056869566440582275,0.0,0.0,0.0,0.18863178349096188,0.18863178349096188,4.400721989718647,2.0567180472426116
1427,74.0053330808878,,2026-06-30T15:12:44.348+07:00,0.056869566440582275,341.21739864349365,341.15339864349363,333.08687531506666,333.08687531506666,-0.0002375245385337621,-42.229974283267055,-1.4251472312025726,341.21739864349365,0.056869566440582275,0.0,0.0,0.0,-7.928519988989876,-7.928519988989876,-42.582578134472506,-2.0577909308485687
1428,74.05697548296303,,2026-06-30T15:12:44.398+07:00,0.056869566440582275,341.21739864349365,341.15339864349363,336.0227314162463,336.0227314162463,-0.00022256375814322382,25.622251217297258,-1.335382548859343,341.21739864349365,0.056869566440582275,0.0,0.0,0.0,2.9358561011796382,2.9358561011796382,67.85222550056432,0.08976468234322965
1429,74.10884827002883,,2026-06-30T15:12:44.448+07:00,0.04950714111328125,297.0428466796875,296.9788466796875,323.5299683350973,323.5299683350973,0.3220452666282654,-181.05367125674414,1932.2715997695923,297.0428466796875,0.04950714111328125,-0.007362425327301025,-44.17455196380615,-44.17455196380615,-12.492763081149008,-12.492763081149008,-206.67592247404139,1933.6069823184516
1430,74.16050150594674,,2026-06-30T15:12:44.499+07:00,0.05687159299850464,341.22955799102783,341.1655579910278,333.72517956595266,333.72517956595266,0.0030635595321655273,33.88453750828546,18.381357192993164,341.22955799102783,0.05687159299850464,0.007364451885223389,44.18671131134033,44.18671131134033,10.195211230855364,10.195211230855364,214.9382087650296,-1913.8902425765991
1431,74.2122424619738,,2026-06-30T15:12:44.549+07:00,0.056869566440582275,341.21739864349365,341.15339864349363,338.01497608323257,338.01497608323257,5.352497100830078e-05,61.433133302315404,0.3211498260498047,341.21739864349365,0.056869566440582275,-2.0265579223632812e-06,-0.012159347534179688,-0.012159347534179688,4.28979651727991,4.28979651727991,27.548595794029943,-18.06020736694336
1432,74.2640523610171,,2026-06-30T15:12:44.599+07:00,0.05701172351837158,342.0703411102295,342.00634111022947,340.13245380235037,340.13245380235037,-3.4738693237304688,50.62159868916058,-20843.215942382812,342.0703411102295,0.05701172351837158,0.00014215707778930664,0.8529424667358398,0.8529424667358398,2.117477719117801,2.117477719117801,-10.811534613154826,-20843.537092208862
1433,74.31569989281707,,2026-06-30T15:12:44.649+07:00,0.05700337886810303,342.02027320861816,341.95627320861814,341.0030555459042,341.0030555459042,0.40288370847702026,32.142748006520165,2417.3022508621216,342.02027320861816,0.05700337886810303,-8.344650268554688e-06,-0.050067901611328125,-0.050067901611328125,0.8706017435538342,0.8706017435538342,-18.478850682640413,23260.518193244934
1434,74.36734044295736,,2026-06-30T15:12:44.699+07:00,0.05687016248703003,341.2209749221802,341.15697492218015,341.09113038230237,341.09113038230237,0.0009022951126098633,14.565707821577039,5.41377067565918,341.2209749221802,0.05687016248703003,-0.00013321638107299805,-0.7992982864379883,-0.7992982864379883,0.08807483639816382,0.08807483639816382,-17.577040184943126,-2411.8884801864624
1435,74.41888092202134,,2026-06-30T15:12:44.774+07:00,0.056870222091674805,341.2213325500488,341.1573325500488,340.99252417477004,340.99252417477004,0.0010588765144348145,3.494441434664255,6.353259086608887,341.2213325500488,0.056870222091674805,5.960464477539063e-08,0.00035762786865234375,0.00035762786865234375,-0.09860620753232752,-0.09860620753232752,-11.071266386912784,0.939488410949707
1436,74.47041208483279,,2026-06-30T15:12:44.824+07:00,0.056869566440582275,341.21739864349365,341.15339864349363,341.08542918045794,341.08542918045794,-0.0002449751191306859,2.5029011122818625,-1.4698507147841156,341.21739864349365,0.056869566440582275,-6.556510925292969e-07,-0.003933906555175781,-0.003933906555175781,0.09290500568789639,0.09290500568789639,-0.9915403223823924,-7.823109801393002
1437,74.5219325828366,,2026-06-30T15:12:44.875+07:00,0.0539931058883667,323.9586353302002,323.8946353302002,335.0905418525777,335.0905418525777,-3.85848331451416,-86.13634499740743,-23150.89988708496,323.9586353302002,0.0539931058883667,-0.002876460552215576,-17.258763313293457,-17.258763313293457,-5.994887327880235,-5.994887327880235,-88.6392461096893,-23149.430036370177
1438,74.57372257485986,,2026-06-30T15:12:44.925+07:00,0.056869566440582275,341.21739864349365,341.15339864349363,333.6326848380943,333.6326848380943,-0.00023710730602033436,-28.096041483104656,-1.4226438361220062,341.21739864349365,0.056869566440582275,0.002876460552215576,17.258763313293457,17.258763313293457,-1.4578570144834089,-1.4578570144834089,58.04030351430278,23149.47724324884
1439,74.6254167908337,,2026-06-30T15:12:44.975+07:00,0.05687081813812256,341.22490882873535,341.16090882873533,338.1848554480873,338.1848554480873,0.001982450485229492,37.95108965393165,11.894702911376953,341.22490882873535,0.05687081813812256,1.2516975402832031e-06,0.007510185241699219,0.007510185241699219,4.552170609993027,4.552170609993027,66.0471311370363,13.31734674749896
1440,74.67702993494458,,2026-06-30T15:12:45.025+07:00,0.05615639686584473,336.93838119506836,336.87438119506834,338.4015330364856,338.4015330364856,-3.182969808578491,12.672329448732427,-19097.818851470947,336.93838119506836,0.05615639686584473,-0.000714421272277832,-4.286527633666992,-4.286527633666992,0.21667758839828366,0.21667758839828366,-25.278760205199227,-19109.713554382324
1441,74.72876870795153,,2026-06-30T15:12:45.075+07:00,0.05691826343536377,341.5095806121826,341.4455806121826,340.2553129921101,340.2553129921101,0.07355988025665283,25.30753969700162,441.359281539917,341.5095806121826,0.05691826343536377,0.000761866569519043,4.571199417114258,4.571199417114258,1.853779955624475,1.853779955624475,12.635210248269193,19539.178133010864
1442,74.78061045985669,,2026-06-30T15:12:45.125+07:00,0.056869566440582275,341.21739864349365,341.15339864349363,340.77395745578406,340.77395745578406,-0.00023835900356061757,16.451317905372782,-1.4301540213637054,341.21739864349365,0.056869566440582275,-4.869699478149414e-05,-0.29218196868896484,-0.29218196868896484,0.5186444636739793,0.5186444636739793,-8.856221791628837,-442.7894355612807
1443,74.83245897083543,,2026-06-30T15:12:45.175+07:00,0.056869566440582275,341.21739864349365,341.15339864349363,341.0052887927041,341.0052887927041,-1.496076765761245e-05,9.43092277208401,-0.0897646059456747,341.21739864349365,0.056869566440582275,0.0,0.0,0.0,0.23133133692005003,0.23133133692005003,-7.020395133288773,1.3403894154180307
1444,74.88431162992492,,2026-06-30T15:12:45.225+07:00,0.0568697452545166,341.2184715270996,341.1544715270996,341.17027999139225,341.17027999139225,0.00020873546600341797,5.3449568176831015,1.2524127960205078,341.2184715270996,0.0568697452545166,1.7881393432617188e-07,0.0010728836059570312,0.0010728836059570312,0.16499119868814205,0.16499119868814205,-4.085965954400908,1.3421774019661825
1445,74.93602138385177,,2026-06-30T15:12:45.275+07:00,0.056923091411590576,341.53854846954346,341.47454846954344,341.2800118016885,341.2800118016885,0.08130848407745361,3.8495425076313063,487.8509044647217,341.53854846954346,0.056923091411590576,5.334615707397461e-05,0.32007694244384766,0.32007694244384766,0.10973181029623902,0.10973181029623902,-1.4954143100517951,486.5984916687012
1446,74.98756006802432,,2026-06-30T15:12:45.325+07:00,0.056898534297943115,341.3912057876587,341.32720578765867,341.3149142005574,341.3149142005574,0.04287081956863403,1.969863201816416,257.2249174118042,341.3912057876587,0.056898534297943115,-2.4557113647460938e-05,-0.14734268188476562,-0.14734268188476562,0.034902398868894124,0.034902398868894124,-1.8796793058148904,-230.62598705291748
1447,75.03926676698029,,2026-06-30T15:12:45.375+07:00,0.056869566440582275,341.21739864349365,341.15339864349363,341.2280664332224,341.2280664332224,-0.00023037198116071522,-0.17292355018959404,-1.3822318869642913,341.21739864349365,0.056869566440582275,-2.8967857360839844e-05,-0.17380714416503906,-0.17380714416503906,-0.08684776733497301,-0.08684776733497301,-2.14278675200601,-258.6071492987685
1448,75.09095987281762,,2026-06-30T15:12:45.425+07:00,0.057053327560424805,342.3199653625488,342.2559653625488,341.57491215332925,341.57491215332925,0.34580445289611816,5.074646042040612,2074.826717376709,342.3199653625488,0.057053327560424805,0.0001837611198425293,1.1025667190551758,1.1025667190551758,0.3468457201068418,0.3468457201068418,5.247569592230207,2076.2089492636733
1449,75.14278503297828,,2026-06-30T15:12:45.476+07:00,0.056875407695770264,341.2524461746216,341.18844617462156,341.343754737294,341.343754737294,0.008479595184326172,-0.32655227822370847,50.87757110595703,341.2524461746216,0.056875407695770264,-0.00017791986465454102,-1.067519187927246,-1.067519187927246,-0.2311574160352734,-0.2311574160352734,-5.401198320264321,-2023.949146270752
1450,75.194451140007,,2026-06-30T15:12:45.527+07:00,0.056876420974731445,341.2585258483887,341.19452584838865,341.3916568944663,341.3916568944663,0.010059177875518799,-0.3195978709675851,60.35506725311279,341.2585258483887,0.056876420974731445,1.0132789611816406e-06,0.006079673767089844,0.006079673767089844,0.047902157172302395,0.047902157172302395,0.006954407256123396,9.477496147155762
1451,75.24630829901434,,2026-06-30T15:12:45.601+07:00,0.056872546672821045,341.23528003692627,341.17128003692625,341.2307026668366,341.2307026668366,0.004381895065307617,-1.4562890896681746,26.291370391845703,341.23528003692627,0.056872546672821045,-3.874301910400391e-06,-0.023245811462402344,-0.023245811462402344,-0.16095422762970202,-0.16095422762970202,-1.1366912187005895,-34.06369686126709
1452,75.29786313092336,,2026-06-30T15:12:45.652+07:00,0.056903839111328125,341.42303466796875,341.35903466796873,341.25803220192233,341.25803220192233,0.05050086975097656,-0.09523226752052993,303.0052185058594,341.42303466796875,0.056903839111328125,3.129243850708008e-05,0.18775463104248047,0.18775463104248047,0.027329535085755197,0.027329535085755197,1.3610568221476447,276.7138481140137
1453,75.34948338684626,,2026-06-30T15:12:45.702+07:00,0.05699014663696289,341.94087982177734,341.8768798217773,341.45082473432905,341.45082473432905,0.18528151512145996,2.8562742674301815,1111.6890907287598,341.94087982177734,0.05699014663696289,8.630752563476562e-05,0.5178451538085938,0.5178451538085938,0.19279253240671324,0.19279253240671324,2.9515065349507115,808.6838722229004
1454,75.40108610596508,,2026-06-30T15:12:45.754+07:00,0.056869566440582275,341.21739864349365,341.15339864349363,341.4805907293449,341.4805907293449,-0.00023037198116071522,0.6683559238141417,-1.3822318869642913,341.21739864349365,0.056869566440582275,-0.00012058019638061523,-0.7234811782836914,-0.7234811782836914,0.02976599501585042,0.02976599501585042,-2.18791834361604,-1113.071322615724
1455,75.45284180389717,,2026-06-30T15:12:45.803+07:00,0.056869566440582275,341.21739864349365,341.15339864349363,341.2970070822136,341.2970070822136,-0.00023031237651593983,-1.8476150987868938,-1.381874259095639,341.21739864349365,0.056869566440582275,0.0,0.0,0.0,-0.18358364713128594,-0.18358364713128594,-2.5159710226010352,0.00035762786865234375
1456,75.5055463919416,,2026-06-30T15:12:45.853+07:00,0.056871235370635986,341.2274122238159,341.1634122238159,341.3858311453305,341.3858311453305,0.002668142318725586,-0.6853060012857453,16.008853912353516,341.2274122238159,0.056871235370635986,1.6689300537109375e-06,0.010013580322265625,0.010013580322265625,0.08882406311687419,0.08882406311687419,1.1623090975011485,17.390728171449155
1457,75.5572302758228,,2026-06-30T15:12:45.904+07:00,0.05111050605773926,306.66303634643555,306.5990363464355,329.1583881749506,329.1583881749506,-1.1500709056854248,-177.97039735523188,-6900.425434112549,306.66303634643555,0.05111050605773926,-0.0057607293128967285,-34.56437587738037,-34.56437587738037,-12.227442970379911,-12.227442970379911,-177.28509135394614,-6916.434288024902
1458,75.6088236249052,,2026-06-30T15:12:45.953+07:00,0.056869566440582275,341.21739864349365,341.15339864349363,333.0337617230328,333.0337617230328,-0.0002452731423545629,-15.280087007656334,-1.4716388541273773,341.21739864349365,0.056869566440582275,0.005759060382843018,34.554362297058105,34.554362297058105,3.875373548082223,3.875373548082223,162.69031034757555,6898.953795258421
1459,75.66037543886341,,2026-06-30T15:12:46.003+07:00,0.0568697452545166,341.2184715270996,341.1544715270996,337.9062069587873,337.9062069587873,0.00041735172271728516,46.13882246779268,2.504110336303711,341.2184715270996,0.0568697452545166,1.7881393432617188e-07,0.0010728836059570312,0.0010728836059570312,4.872445235754526,4.872445235754526,61.41890947544901,3.975749190431088
1460,75.71205878793262,,2026-06-30T15:12:46.054+07:00,0.056961119174957275,341.76671504974365,341.70271504974363,339.97648715045676,339.97648715045676,0.14831864833831787,42.940932641304954,889.9118900299072,341.76671504974365,0.056961119174957275,9.137392044067383e-05,0.548243522644043,0.548243522644043,2.0702801916694398,2.0702801916694398,-3.1978898264877245,887.4077796936035
1461,75.76356736198068,,2026-06-30T15:12:46.104+07:00,0.056869566440582275,341.21739864349365,341.15339864349363,340.8185487765619,340.8185487765619,-0.00022357703710440546,26.669532140670118,-1.3414622226264328,341.21739864349365,0.056869566440582275,-9.1552734375e-05,-0.54931640625,-0.54931640625,0.842061626105135,0.842061626105135,-16.271400500634837,-891.2533522525337
1462,75.81520871189423,,2026-06-30T15:12:46.155+07:00,0.05701613426208496,342.09680557250977,342.03280557250974,341.3241918185771,341.3241918185771,0.353038489818573,17.798435234192002,2118.230938911438,342.09680557250977,0.05701613426208496,0.00014656782150268555,0.8794069290161133,0.8794069290161133,0.5056430420152083,0.5056430420152083,-8.871096906478115,2119.5724011340644
1463,75.86689893086441,,2026-06-30T15:12:46.203+07:00,0.05687052011489868,341.2231206893921,341.15912068939207,341.257908882895,341.257908882895,0.0013859272003173828,6.59802517146849,8.315563201904297,341.2231206893921,0.05687052011489868,-0.0001456141471862793,-0.8736848831176758,-0.8736848831176758,-0.06628293568212484,-0.06628293568212484,-11.200410062723513,-2109.9153757095337
1464,75.91840944997966,,2026-06-30T15:12:46.255+07:00,0.056869566440582275,341.21739864349365,341.15339864349363,341.19820510236167,341.19820510236167,-0.0002380609803367406,2.151336327343861,-1.4283658820204437,341.21739864349365,0.056869566440582275,-9.5367431640625e-07,-0.0057220458984375,-0.0057220458984375,-0.0597037805333116,-0.0597037805333116,-4.446688844124629,-9.74392908392474
1465,75.96996554289944,,2026-06-30T15:12:46.304+07:00,0.056869566440582275,341.21739864349365,341.15339864349363,341.3641770543646,341.3641770543646,-0.00023847819829825312,1.6320536562574328,-1.4308691897895187,341.21739864349365,0.056869566440582275,0.0,0.0,0.0,0.1659719520029057,0.1659719520029057,-0.5192826710864282,-0.002503307769075036
1466,76.02161461487412,,2026-06-30T15:12:46.354+07:00,0.05686992406845093,341.21954441070557,341.15554441070555,341.44570942716547,341.44570942716547,0.0005364418029785156,0.5342857780561112,3.2186508178710938,341.21954441070557,0.05686992406845093,3.5762786865234375e-07,0.0021457672119140625,0.0021457672119140625,0.08153237280089343,0.08153237280089343,-1.0977678782013216,4.6495200076606125
1467,76.07319235499017,,2026-06-30T15:12:46.429+07:00,0.056870222091674805,341.2213325500488,341.1573325500488,341.33239087067153,341.33239087067153,0.001065373420715332,-1.1454977591193254,6.392240524291992,341.2213325500488,0.056870222091674805,2.980232238769531e-07,0.0017881393432617188,0.0017881393432617188,-0.11331855649393674,-0.11331855649393674,-1.6797835371754366,3.1735897064208984
1468,76.1247207808774,,2026-06-30T15:12:46.479+07:00,0.05694544315338135,341.6726589202881,341.60865892028806,341.38836395635434,341.38836395635434,0.11845678091049194,0.6634728393951126,710.7406854629517,341.6726589202881,0.05694544315338135,7.522106170654297e-05,0.4513263702392578,0.4513263702392578,0.05597308568280823,0.05597308568280823,1.808970598514438,704.3484449386597
1469,76.17624731804244,,2026-06-30T15:12:46.531+07:00,0.056871235370635986,341.2274122238159,341.1634122238159,340.96710295284936,340.96710295284936,0.002578139305114746,-2.9809067975451726,15.468835830688477,341.2274122238159,0.056871235370635986,-7.420778274536133e-05,-0.44524669647216797,-0.44524669647216797,-0.42126100350498064,-0.42126100350498064,-3.644379636940285,-695.2718496322632
1470,76.22806484997272,,2026-06-30T15:12:46.579+07:00,0.0568697452545166,341.2184715270996,341.1544715270996,341.17928681915015,341.17928681915015,0.00035816431045532227,0.6483025442298257,2.1489858627319336,341.2184715270996,0.0568697452545166,-1.4901161193847656e-06,-0.008940696716308594,-0.008940696716308594,0.21218386630079067,0.21218386630079067,3.6292093417749984,-13.319849967956543
1471,76.28027441096492,,2026-06-30T15:12:46.632+07:00,0.057016193866729736,342.0971632003784,342.0331632003784,341.47225399261816,341.47225399261816,0.35320258140563965,4.245441667971091,2119.215488433838,342.0971632003784,0.057016193866729736,0.00014644861221313477,0.8786916732788086,0.8786916732788086,0.29296717346801415,0.29296717346801415,3.5971391237412655,2117.066502571106
1472,76.3321483489126,,2026-06-30T15:12:46.679+07:00,0.056937336921691895,341.62402153015137,341.56002153015135,341.4617567697745,341.4617567697745,0.10293698310852051,2.0689249689258107,617.621898651123,341.62402153015137,0.056937336921691895,-7.88569450378418e-05,-0.4731416702270508,-0.4731416702270508,-0.01049722284363952,-0.01049722284363952,-2.1765166990452807,-1501.5935897827148
1473,76.38366045989096,,2026-06-30T15:12:46.731+07:00,0.05697977542877197,341.87865257263184,341.8146525726318,341.69704054755044,341.69704054755044,0.18312698602676392,3.218628398019519,1098.7619161605835,341.87865257263184,0.05697977542877197,4.2438507080078125e-05,0.25463104248046875,0.25463104248046875,0.23528377777591913,0.23528377777591913,1.1497034290937083,481.14001750946045
1474,76.43531564297155,,2026-06-30T15:12:46.781+07:00,0.056869566440582275,341.21739864349365,341.15339864349363,341.38357550999837,341.38357550999837,-0.00023180247808340937,-2.1206607697180737,-1.3908148685004562,341.21739864349365,0.056869566440582275,-0.00011020898818969727,-0.6612539291381836,-0.6612539291381836,-0.3134650375520778,-0.3134650375520778,-5.339289167737593,-1100.152731029084
1475,76.4869783448521,,2026-06-30T15:12:46.830+07:00,0.057021379470825195,342.1282768249512,342.06427682495115,341.7360003493244,341.7360003493244,0.33535677194595337,3.3065681697583678,2012.1406316757202,342.1282768249512,0.057021379470825195,0.00015181303024291992,0.9108781814575195,0.9108781814575195,0.35242483932603363,0.35242483932603363,5.427228939476441,2013.5314465442207
1476,76.53865069383755,,2026-06-30T15:12:46.880+07:00,0.05690878629684448,341.4527177810669,341.3887177810669,341.4889879119481,341.4889879119481,0.057547152042388916,-1.030656264644571,345.2829122543335,341.4527177810669,0.05690878629684448,-0.00011259317398071289,-0.6755590438842773,-0.6755590438842773,-0.24701243737632694,-0.24701243737632694,-4.3372244344029385,-1666.8577194213867
1477,76.59054696490057,,2026-06-30T15:12:46.930+07:00,0.05694293975830078,341.6576385498047,341.59363854980467,335.0973046029001,335.0973046029001,0.11476027965545654,-26.3441256088271,688.5616779327393,341.6576385498047,0.05694293975830078,3.415346145629883e-05,0.20492076873779297,0.20492076873779297,-6.391683309047949,-6.391683309047949,-25.31346934418253,343.27876567840576
1478,76.64224890596233,,2026-06-30T15:12:46.981+07:00,0.055151164531707764,330.9069871902466,330.84298719024656,334.99622494522123,334.99622494522123,0.2060224711894989,-23.617812131251277,1236.1348271369934,330.9069871902466,0.055151164531707764,-0.0017917752265930176,-10.750651359558105,-10.750651359558105,-0.10107965767889482,-0.10107965767889482,2.7263134775758218,547.5731492042542
1479,76.69386364682578,,2026-06-30T15:12:47.032+07:00,0.056869566440582275,341.21739864349365,341.15339864349363,328.5023635445478,328.5023635445478,9.614229202270508e-05,-36.33832118616718,0.5768537521362305,341.21739864349365,0.056869566440582275,0.0017184019088745117,10.31041145324707,10.31041145324707,-6.493861400673438,-6.493861400673438,-12.720509054915901,-1235.5579733848572
1480,76.74555918201804,,2026-06-30T15:12:47.081+07:00,0.056869566440582275,341.21739864349365,341.15339864349363,335.80858039520933,335.80858039520933,-0.00023895503545645624,66.61526781574007,-1.4337302127387375,341.21739864349365,0.056869566440582275,0.0,0.0,0.0,7.306216850661542,7.306216850661542,102.95358900190725,-2.010583964874968
1481,76.79740723385476,,2026-06-30T15:12:47.131+07:00,0.05693632364273071,341.6179418563843,341.55394185638426,339.0354030581052,339.0354030581052,0.09913724660873413,64.90360094065312,594.8234796524048,341.6179418563843,0.05693632364273071,6.67572021484375e-05,0.400543212890625,0.400543212890625,3.22682266289587,3.22682266289587,-1.711666875086948,596.2572098651435
1482,76.84912880603224,,2026-06-30T15:12:47.181+07:00,0.056869566440582275,341.21739864349365,341.15339864349363,340.3927087095223,340.3927087095223,-0.00022369624639395624,41.57993416823332,-1.3421774783637375,341.21739864349365,0.056869566440582275,-6.67572021484375e-05,-0.400543212890625,-0.400543212890625,1.3573056514171071,1.3573056514171071,-23.3236667724198,-596.1656571307685
1483,76.90089267282747,,2026-06-30T15:12:47.257+07:00,0.05695468187332153,341.7280912399292,341.6640912399292,341.2386299495191,341.2386299495191,0.1361214518547058,18.241355919361354,816.7287111282349,341.7280912399292,0.05695468187332153,8.511543273925781e-05,0.5106925964355469,0.5106925964355469,0.8459212399968123,0.8459212399968123,-23.33857824887197,818.0708886065986
1484,76.95238171285018,,2026-06-30T15:12:47.306+07:00,0.056869566440582275,341.21739864349365,341.15339864349363,337.4483790713049,337.4483790713049,-0.0002393126633251086,-18.491283662535338,-1.4358759799506515,341.21739864349365,0.056869566440582275,-8.511543273925781e-05,-0.5106925964355469,-0.5106925964355469,-3.7902508782142377,-3.7902508782142377,-36.73263958189669,-818.1645871081855
1485,77.00407756282948,,2026-06-30T15:12:47.357+07:00,0.05691641569137573,341.4984941482544,341.4344941482544,339.68641130091015,339.68641130091015,0.06983357667922974,17.063597076597922,419.0014600753784,341.4984941482544,0.05691641569137573,4.684925079345703e-05,0.2810955047607422,0.2810955047607422,2.238032229605267,2.238032229605267,35.55488073913326,420.43733605532907
1486,77.05568474787287,,2026-06-30T15:12:47.406+07:00,0.0568731427192688,341.2388563156128,341.1748563156128,340.54289660397643,340.54289660397643,0.005303442478179932,16.756965038164157,31.82065486907959,341.2388563156128,0.0568731427192688,-4.3272972106933594e-05,-0.25963783264160156,-0.25963783264160156,0.8564853030662789,0.8564853030662789,-0.3066320384337651,-387.1808052062988
1487,77.1075617428869,,2026-06-30T15:12:47.456+07:00,0.0568731427192688,341.2388563156128,341.1748563156128,340.99393257729173,340.99393257729173,0.005378425121307373,11.531585083678342,32.27055072784424,341.2388563156128,0.0568731427192688,0.0,0.0,0.0,0.45103597331529954,0.45103597331529954,-5.225379954485815,0.44989585876464844
1488,77.15969101083465,,2026-06-30T15:12:47.507+07:00,0.056872546672821045,341.23528003692627,341.17128003692625,341.09228271822474,341.09228271822474,0.004387557506561279,5.961531101603434,26.325345039367676,341.23528003692627,0.056872546672821045,-5.960464477539062e-07,-0.0035762786865234375,-0.0035762786865234375,0.09835014093300742,0.09835014093300742,-5.570053982074908,-5.9452056884765625
1489,77.21128369681537,,2026-06-30T15:12:47.558+07:00,0.056869566440582275,341.21739864349365,341.15339864349363,331.07794795364174,331.07794795364174,8.100271224975586e-05,-45.56538751984007,0.48601627349853516,341.21739864349365,0.056869566440582275,-2.9802322387695312e-06,-0.017881393432617188,-0.017881393432617188,-10.014334764582998,-10.014334764582998,-51.52691862144351,-25.83932876586914
1490,77.26288945693523,,2026-06-30T15:12:47.609+07:00,0.056869566440582275,341.21739864349365,341.15339864349363,337.0927618673968,337.0927618673968,3.5703182220458984e-05,45.29717428968443,0.2142190933227539,341.21739864349365,0.056869566440582275,0.0,0.0,0.0,6.014813913755063,6.014813913755063,90.8625618095245,-0.27179718017578125
1491,77.31455928902142,,2026-06-30T15:12:47.658+07:00,0.05687427520751953,341.2456512451172,341.18165124511717,339.5399306418552,339.5399306418552,0.006920278072357178,46.076153539116405,41.521668434143066,341.2456512451172,0.05687427520751953,4.708766937255859e-06,0.028252601623535156,0.028252601623535156,2.4471687744584187,2.4471687744584187,0.7789792494319769,41.30744934082031
1492,77.36612608586438,,2026-06-30T15:12:47.711+07:00,0.056966304779052734,341.7978286743164,341.7338286743164,340.67485892358934,340.67485892358934,0.45031172037124634,31.912855828870647,2701.870322227478,341.7978286743164,0.056966304779052734,9.202957153320312e-05,0.5521774291992188,0.5521774291992188,1.134928281734119,1.134928281734119,-14.163297710245757,2660.348653793335
1493,77.4178022518754,,2026-06-30T15:12:47.761+07:00,0.05701059103012085,342.0635461807251,341.9995461807251,341.24761133088543,341.24761133088543,0.9188117384910583,20.94433119289334,5512.87043094635,342.0635461807251,0.05701059103012085,4.4286251068115234e-05,0.2657175064086914,0.2657175064086914,0.5727524072960932,0.5727524072960932,-10.968524635977307,2811.000108718872
1494,77.46944910287857,,2026-06-30T15:12:47.811+07:00,0.05696666240692139,341.7999744415283,341.7359744415283,341.7768951009015,341.7768951009015,-2.2525203227996826,13.264953682470448,-13515.121936798096,341.7999744415283,0.05696666240692139,-4.392862319946289e-05,-0.26357173919677734,-0.26357173919677734,0.5292837700160931,0.5292837700160931,-7.679377510422892,-19027.992367744446
1495,77.52130222786218,,2026-06-30T15:12:47.863+07:00,0.05691099166870117,341.46595001220703,341.401950012207,341.5038188757982,341.5038188757982,0.06204766035079956,2.9826993708878695,372.28596210479736,341.46595001220703,0.05691099166870117,-5.5670738220214844e-05,-0.33402442932128906,-0.33402442932128906,-0.2730762251033525,-0.2730762251033525,-10.282254311582578,13887.407898902893
1496,77.5729275608901,,2026-06-30T15:12:47.912+07:00,0.056869566440582275,341.21739864349365,341.15339864349363,341.6678981635356,341.6678981635356,-0.00023150445485953242,0.8966580571765101,-1.3890267291571945,341.21739864349365,0.056869566440582275,-4.1425228118896484e-05,-0.2485513687133789,-0.2485513687133789,0.16407928773742242,0.16407928773742242,-2.0860413137113594,-373.67498883395456
1497,77.62448324798606,,2026-06-30T15:12:47.963+07:00,0.05700814723968506,342.04888343811035,341.98488343811033,341.6895382448076,341.6895382448076,0.23011082410812378,1.6227212572532599,1380.6649446487427,342.04888343811035,0.05700814723968506,0.0001385807991027832,0.8314847946166992,0.8314847946166992,0.02164008127198258,0.02164008127198258,0.7260632000767497,1382.0539713778999
1498,77.67617133981548,,2026-06-30T15:12:48.014+07:00,0.056871771812438965,341.2306308746338,341.16663087463377,341.3883728419334,341.3883728419334,0.003359973430633545,-2.5439339648854027,20.15984058380127,341.2306308746338,0.056871771812438965,-0.00013637542724609375,-0.8182525634765625,-0.8182525634765625,-0.3011654028741759,-0.3011654028741759,-4.166655222138663,-1360.5051040649414
1499,77.72783258091658,,2026-06-30T15:12:48.064+07:00,0.056869566440582275,341.21739864349365,341.15339864349363,341.40400547495466,341.40400547495466,-1.4662743524240796e-05,-1.7536778945334865,-0.08797646114544477,341.21739864349365,0.056869566440582275,-2.205371856689453e-06,-0.013232231140136719,-0.013232231140136719,0.01563263302125506,0.01563263302125506,0.7902560703519161,-20.247817044946714
1500,77.77940724999644,,2026-06-30T15:12:48.115+07:00,0.056869566440582275,341.21739864349365,341.15339864349363,341.25928002978594,341.25928002978594,-0.00023072960902936757,-2.306559563151859,-1.3843776541762054,341.21739864349365,0.056869566440582275,0.0,0.0,0.0,-0.14472544516871721,-0.14472544516871721,-0.5528816686183724,-1.2964011930307606
1501,77.83137556002475,,2026-06-30T15:12:48.164+07:00,0.0571744441986084,343.0466651916504,342.98266519165037,341.838376821057,341.838376821057,0.5890729427337646,8.028248134032351,3534.437656402588,343.0466651916504,0.0571744441986084,0.00030487775802612305,1.8292665481567383,1.8292665481567383,0.5790967912710698,0.5790967912710698,10.33480769718421,3535.822034056764
1502,77.88313296600245,,2026-06-30T15:12:48.215+07:00,0.056869566440582275,341.21739864349365,341.15339864349363,341.44280192351414,341.44280192351414,-7.0333489929907955e-06,-0.9632434341999447,-0.04220009395794477,341.21739864349365,0.056869566440582275,-0.00030487775802612305,-1.8292665481567383,-1.8292665481567383,-0.3955748975428719,-0.3955748975428719,-8.991491568232295,-3534.479856496546
1503,77.93486604001373,,2026-06-30T15:12:48.291+07:00,0.056869566440582275,341.21739864349365,341.15339864349363,339.4371719525158,339.4371719525158,1.52587890625e-05,-14.691431029452175,0.091552734375,341.21739864349365,0.056869566440582275,0.0,0.0,0.0,-2.0056299709983136,-2.0056299709983136,-13.72818759525223,0.13375282833294477
1504,77.98636017297395,,2026-06-30T15:12:48.341+07:00,0.056869566440582275,341.21739864349365,341.15339864349363,340.4282928665555,340.4282928665555,-0.00023800136114005,4.5387521312389625,-1.4280081668403,341.21739864349365,0.056869566440582275,0.0,0.0,0.0,0.9911209140396977,0.9911209140396977,19.230183160691137,-1.5195609012153
1505,78.03794435993768,,2026-06-30T15:12:48.392+07:00,0.056869566440582275,341.21739864349365,341.15339864349363,340.84728553375766,340.84728553375766,-0.0002381801896262914,6.483096737202721,-1.4290811377577484,341.21739864349365,0.056869566440582275,0.0,0.0,0.0,0.4189926672021329,0.4189926672021329,1.9443446059637584,-0.0010729709174484015
1506,78.08960769395344,,2026-06-30T15:12:48.443+07:00,0.056869566440582275,341.21739864349365,341.15339864349363,341.21933067091436,341.21933067091436,-0.000230491190450266,5.893407843568495,-1.382947142701596,341.21739864349365,0.056869566440582275,0.0,0.0,0.0,0.37204513715670373,0.37204513715670373,-0.5896888936342259,0.046133995056152344
1507,78.14141185884364,,2026-06-30T15:12:48.494+07:00,0.056869566440582275,341.21739864349365,341.15339864349363,341.18125492507886,341.18125492507886,-0.00011169911158503965,2.071345790026151,-0.6701946695102379,341.21739864349365,0.056869566440582275,0.0,0.0,0.0,-0.03807574583549922,-0.03807574583549922,-3.8220620535423437,0.7127524731913581
1508,78.19361218297854,,2026-06-30T15:12:48.548+07:00,0.05694234371185303,341.65406227111816,341.59006227111814,341.31800019213193,341.31800019213193,0.975608766078949,2.938963769882003,5853.652596473694,341.65406227111816,0.05694234371185303,7.277727127075195e-05,0.4366636276245117,0.4366636276245117,0.13674526705307244,0.13674526705307244,0.8676179798558517,5854.322791143204
1509,78.24546619784087,,2026-06-30T15:12:48.597+07:00,0.053881049156188965,323.2862949371338,323.22229493713377,334.9670711442365,334.9670711442365,0.3421902060508728,-96.3498959182425,2053.141236305237,323.2862949371338,0.053881049156188965,-0.0030612945556640625,-18.367767333984375,-18.367767333984375,-6.35092904789542,-6.35092904789542,-99.2888596881245,-3800.511360168457
1510,78.29759631981142,,2026-06-30T15:12:48.649+07:00,0.056869566440582275,341.21739864349365,341.15339864349363,334.85641131755705,334.85641131755705,-0.00021624566579703242,-21.43291004142216,-1.2974739947821945,341.21739864349365,0.056869566440582275,0.0029885172843933105,17.931103706359863,17.931103706359863,-0.11065982667946628,-0.11065982667946628,74.91698587682033,-2054.438710300019
1511,78.34995880699717,,2026-06-30T15:12:48.699+07:00,0.056869566440582275,341.21739864349365,341.15339864349363,333.48250767277347,333.48250767277347,-0.00023144485021475703,2.1936413935630554,-1.3886691012885422,341.21739864349365,0.056869566440582275,0.0,0.0,0.0,-1.3739036447835815,-1.3739036447835815,23.626551434985217,-0.09119510650634766
1512,78.40228681382723,,2026-06-30T15:12:48.751+07:00,0.05665767192840576,339.94603157043457,339.88203157043455,337.4687704982356,337.4687704982356,0.5228663086891174,41.53684652414495,3137.1978521347046,339.94603157043457,0.05665767192840576,-0.00021189451217651367,-1.271367073059082,-1.271367073059082,3.98626282546212,3.98626282546212,39.34320513058189,3138.586521235993
1513,78.45453817397356,,2026-06-30T15:12:48.800+07:00,0.0568731427192688,341.2388563156128,341.1748563156128,339.60431615804407,339.60431615804407,0.002361476421356201,41.4573755319514,14.168858528137207,341.2388563156128,0.0568731427192688,0.0002154707908630371,1.2928247451782227,1.2928247451782227,2.1355456598084857,2.1355456598084857,-0.07947099219354925,-3123.0289936065674
1514,78.50660786987282,,2026-06-30T15:12:48.852+07:00,0.05687171220779419,341.23027324676514,341.1662732467651,340.5034174045362,340.5034174045362,0.003158867359161377,27.168533675320823,18.95320415496826,341.23027324676514,0.05687171220779419,-1.430511474609375e-06,-0.00858306884765625,-0.00858306884765625,0.8991012464921369,0.8991012464921369,-14.288841856630576,4.784345626831055
1515,78.55900304182433,,2026-06-30T15:12:48.902+07:00,0.056869566440582275,341.21739864349365,341.15339864349363,340.87902565105446,340.87902565105446,-0.0002086758759105578,15.659587531281865,-1.2520552554633468,341.21739864349365,0.056869566440582275,-2.1457672119140625e-06,-0.012874603271484375,-0.012874603271484375,0.3756082465182544,0.3756082465182544,-11.508946144038958,-20.20525941043161
1516,78.61110264598392,,2026-06-30T15:12:48.953+07:00,0.0568697452545166,341.2184715270996,341.1544715270996,341.0450112733806,341.0450112733806,0.0002536177635192871,8.38327488512877,1.5217065811157227,341.2184715270996,0.0568697452545166,1.7881393432617188e-07,0.0010728836059570312,0.0010728836059570312,0.16598562232616132,0.16598562232616132,-7.2763126461530945,2.7737618365790695
1517,78.66339422692545,,2026-06-30T15:12:49.004+07:00,0.056869566440582275,341.21739864349365,341.15339864349363,341.1076049796209,341.1076049796209,-0.00019371511007193476,4.213448040932229,-1.1622906604316086,341.21739864349365,0.056869566440582275,-1.7881393432617188e-07,-0.0010728836059570312,-0.0010728836059570312,0.06259370624024996,0.06259370624024996,-4.169826844196542,-2.683997241547331
1518,78.71576354885474,,2026-06-30T15:12:49.054+07:00,0.05687171220779419,341.23027324676514,341.1662732467651,341.2648281795162,341.2648281795162,0.0031441450119018555,2.847508345671001,18.864870071411133,341.23027324676514,0.05687171220779419,2.1457672119140625e-06,0.012874603271484375,0.012874603271484375,0.15722319989532707,0.15722319989532707,-1.3659396952612277,20.02716073184274
1519,78.76817218586802,,2026-06-30T15:12:49.105+07:00,0.05696624517440796,341.79747104644775,341.73347104644773,341.4035029634971,341.4035029634971,0.4501118063926697,3.443362849535336,2700.670838356018,341.79747104644775,0.05696624517440796,9.453296661376953e-05,0.5671977996826172,0.5671977996826172,0.13867478398088906,0.13867478398088906,0.5958545038643348,2681.805968284607
1520,78.8203601220157,,2026-06-30T15:12:49.157+07:00,0.05683392286300659,341.00353717803955,340.93953717803953,335.47833419294204,335.47833419294204,0.4921107888221741,-30.296523880312137,2952.6647329330444,341.00353717803955,0.05683392286300659,-0.0001323223114013672,-0.7939338684082031,-0.7939338684082031,-5.925168770555047,-5.925168770555047,-33.73988672984747,251.99389457702637
1521,78.87265305686742,,2026-06-30T15:12:49.209+07:00,0.05687958002090454,341.27748012542725,341.2134801254272,338.7767124318123,338.7767124318123,0.01459580659866333,22.342917055067076,87.57483959197998,341.27748012542725,0.05687958002090454,4.565715789794922e-05,0.2739429473876953,0.2739429473876953,3.2983782388702707,3.2983782388702707,52.63944093537921,-2865.0898933410645
1522,78.92496584285982,,2026-06-30T15:12:49.260+07:00,0.05686962604522705,341.2177562713623,341.1537562713623,340.1493738888123,340.1493738888123,0.0001417398452758789,24.240620251534136,0.8504390716552734,341.2177562713623,0.05686962604522705,-9.953975677490234e-06,-0.059723854064941406,-0.059723854064941406,1.3726614569999924,1.3726614569999924,1.8977031964670594,-86.7244005203247
1523,78.97718127886765,,2026-06-30T15:12:49.309+07:00,0.05653148889541626,339.18893337249756,339.12493337249754,340.0194794208125,340.0194794208125,-3.160737991333008,5.556143792768124,-18964.427947998047,339.18893337249756,0.05653148889541626,-0.000338137149810791,-2.028822898864746,-2.028822898864746,-0.12989446799980442,-0.12989446799980442,-18.684476458766014,-18965.278387069702
1524,79.02935443795286,,2026-06-30T15:12:49.363+07:00,0.05686992406845093,341.21954441070557,341.15554441070555,340.67506879043503,340.67506879043503,0.0006997585296630859,9.136045305742208,4.198551177978516,341.21954441070557,0.05686992406845093,0.00033843517303466797,2.030611038208008,2.030611038208008,0.6555893696225326,0.6555893696225326,3.579901512974084,18968.626499176025
1525,79.08145811781287,,2026-06-30T15:12:49.414+07:00,0.05688142776489258,341.28856658935547,341.22456658935545,341.1631791232201,341.1631791232201,0.017247498035430908,8.12510053671068,103.48498821258545,341.28856658935547,0.05688142776489258,1.150369644165039e-05,0.06902217864990234,0.06902217864990234,0.48811033278508376,0.48811033278508376,-1.0109447690315285,99.28643703460693
1526,79.13347579794936,,2026-06-30T15:12:49.465+07:00,0.056874752044677734,341.2485122680664,341.1845122680664,341.1684206647785,341.1684206647785,0.007583975791931152,3.5344844463350635,45.503854751586914,341.2485122680664,0.056874752044677734,-6.67572021484375e-06,-0.0400543212890625,-0.0400543212890625,0.005241541558405061,0.005241541558405061,-4.590616090375615,-57.981133460998535
1527,79.18563821702264,,2026-06-30T15:12:49.541+07:00,0.05687206983566284,341.23241901397705,341.16841901397703,341.16278119575816,341.16278119575816,0.0037844181060791016,0.9535256550850191,22.70650863647461,341.23241901397705,0.05687206983566284,-2.682209014892578e-06,-0.01609325408935547,-0.01609325408935547,-0.00563946902036605,-0.00563946902036605,-2.5809587912500445,-22.797346115112305
1528,79.23757088091224,,2026-06-30T15:12:49.593+07:00,0.056869566440582275,341.21739864349365,341.15339864349363,341.24970675785977,341.24970675785977,-0.00023895503545645624,0.8873276513261996,-1.4337302127387375,341.21739864349365,0.056869566440582275,-2.5033950805664062e-06,-0.015020370483398438,-0.015020370483398438,0.08692556210161229,0.08692556210161229,-0.06619800375881946,-24.140238849213347
1529,79.28968494781293,,2026-06-30T15:12:49.645+07:00,0.056869566440582275,341.21739864349365,341.15339864349363,341.3889468363969,341.3889468363969,-0.00022375585103873163,0.8209503577845032,-1.3425351062323898,341.21739864349365,0.056869566440582275,0.0,0.0,0.0,0.13924007853711373,0.13924007853711373,-0.06637729354169641,0.09119510650634766
1530,79.34175346093252,,2026-06-30T15:12:49.697+07:00,0.05687946081161499,341.27676486968994,341.2127648696899,341.273695934164,341.273695934164,0.01314997673034668,-0.8053020279059362,78.89986038208008,341.27676486968994,0.05687946081161499,9.894371032714844e-06,0.05936622619628906,0.05936622619628906,-0.11525090223290135,-0.11525090223290135,-1.6262523856904394,80.24239548831247
1531,79.39393249084242,,2026-06-30T15:12:49.725+07:00,0.056886911392211914,341.3214683532715,341.25746835327146,341.2680162808516,341.2680162808516,0.025391340255737305,-0.5939052407700041,152.34804153442383,341.3214683532715,0.056886911392211914,7.450580596923828e-06,0.04470348358154297,0.04470348358154297,-0.005679653312370192,-0.005679653312370192,0.21139678713593213,73.44818115234375
1532,79.44597865198739,,2026-06-30T15:12:49.801+07:00,0.053221702575683594,319.33021545410156,319.26621545410154,333.5304634213747,333.5304634213747,-0.43016645312309265,-107.71722345344956,-2580.998718738556,319.33021545410156,0.053221702575683594,-0.0036652088165283203,-21.991252899169922,-21.991252899169922,-7.737552859476921,-7.737552859476921,-107.12331821267956,-2733.3467602729797
1533,79.49797786981799,,2026-06-30T15:12:49.853+07:00,0.056869566440582275,341.21739864349365,341.15339864349363,337.77958835204555,337.77958835204555,6.73532485961914e-05,0.5427433461956639,0.40411949157714844,341.21739864349365,0.056869566440582275,0.0036478638648986816,21.88718318939209,21.88718318939209,4.24912493067086,4.24912493067086,108.25996679964523,2581.402838230133
1534,79.54997388483025,,2026-06-30T15:12:49.903+07:00,0.056869566440582275,341.21739864349365,341.15339864349363,339.7279637953568,339.7279637953568,-0.00023823979427106678,21.498906172854372,-1.4294387656264007,341.21739864349365,0.056869566440582275,0.0,0.0,0.0,1.9483754433112495,1.9483754433112495,20.95616282665871,-1.8335582572035491
1535,79.60186380892992,,2026-06-30T15:12:49.953+07:00,0.0569881796836853,341.9290781021118,341.8650781021118,340.8012979150937,340.8012979150937,0.4264413118362427,21.64508952886292,2558.647871017456,341.9290781021118,0.0569881796836853,0.00011861324310302734,0.7116794586181641,0.7116794586181641,1.0733341197368986,1.0733341197368986,0.14618335600854593,2560.0773097830825
1536,79.65382330492139,,2026-06-30T15:12:50.004+07:00,0.05410522222518921,324.63133335113525,324.56733335113523,335.3235063917597,335.3235063917597,0.013887804001569748,-68.85467360650586,83.32682400941849,324.63133335113525,0.05410522222518921,-0.0028829574584960938,-17.297744750976562,-17.297744750976562,-5.4777915233340195,-5.4777915233340195,-90.49976313536877,-2475.3210470080376
1537,79.7068642268423,,2026-06-30T15:12:50.053+07:00,0.056869566440582275,341.21739864349365,341.15339864349363,338.690269167136,338.690269167136,-7.44462086004205e-05,8.735078981379111,-0.44667725160252303,341.21739864349365,0.056869566440582275,0.0027643442153930664,16.5860652923584,16.5860652923584,3.366762775376344,3.366762775376344,77.58975258788496,-83.77350126102101
1538,79.75863272882998,,2026-06-30T15:12:50.105+07:00,0.05615639686584473,336.93838119506836,336.87438119506834,338.6150703327837,338.6150703327837,0.4982127547264099,-2.870200802430965,2989.2765283584595,336.93838119506836,0.05615639686584473,-0.0007131695747375488,-4.279017448425293,-4.279017448425293,-0.07519883435230668,-0.07519883435230668,-11.605279783810076,2989.723205610062
1539,79.81070283590816,,2026-06-30T15:12:50.158+07:00,0.05697464942932129,341.84789657592773,341.7838965759277,340.3016292085706,340.3016292085706,0.1756766438484192,17.38679332214226,1054.0598630905151,341.84789657592773,0.05697464942932129,0.0008182525634765625,4.909515380859375,4.909515380859375,1.6865588757868863,1.6865588757868863,20.256994124573225,-1935.2166652679443
1540,79.86254600295797,,2026-06-30T15:12:50.208+07:00,0.05399465560913086,323.96793365478516,323.90393365478513,332.4079911746932,332.4079911746932,-0.17474651336669922,-89.85268382407034,-1048.4790802001953,323.96793365478516,0.05399465560913086,-0.0029799938201904297,-17.879962921142578,-17.879962921142578,-7.89363803387738,-7.89363803387738,-107.23947714621261,-2102.5389432907104
1541,79.91452757501975,,2026-06-30T15:12:50.261+07:00,0.056869566440582275,341.21739864349365,341.15339864349363,337.4588707896261,337.4588707896261,-0.0002316236641490832,15.179387893482016,-1.3897419848944992,341.21739864349365,0.056869566440582275,0.002874910831451416,17.249464988708496,17.249464988708496,5.050879614932853,5.050879614932853,105.03207171755236,1047.0893382153008
1542,79.96646657283418,,2026-06-30T15:12:50.311+07:00,0.0568697452545166,341.2184715270996,341.1544715270996,339.5933242965374,339.5933242965374,0.0002524852752685547,29.8879901048764,1.5149116516113281,341.2184715270996,0.0568697452545166,1.7881393432617188e-07,0.0010728836059570312,0.0010728836059570312,2.1344535069113135,2.1344535069113135,14.708602211394386,2.9046536365058273
1543,80.01833249884658,,2026-06-30T15:12:50.362+07:00,0.05688190460205078,341.2914276123047,341.22742761230467,340.5614270634285,340.5614270634285,0.018022596836090088,23.01548593625975,108.13558101654053,341.2914276123047,0.05688190460205078,1.2159347534179688e-05,0.07295608520507812,0.07295608520507812,0.9681027668910929,0.9681027668910929,-6.872504168616651,106.6206693649292
1544,80.07015557400882,,2026-06-30T15:12:50.412+07:00,0.056869566440582275,341.21739864349365,341.15339864349363,340.9032906509161,340.9032906509161,-0.00022387506032828242,13.487615602345823,-1.3432503619696945,341.21739864349365,0.056869566440582275,-1.233816146850586e-05,-0.07402896881103516,-0.07402896881103516,0.34186358748763723,0.34186358748763723,-9.527870333913928,-109.47883137851022
1545,80.12206499883905,,2026-06-30T15:12:50.463+07:00,0.05687284469604492,341.23706817626953,341.1730681762695,341.0546123531012,341.0546123531012,0.004812896251678467,7.371358834008048,28.8773775100708,341.23706817626953,0.05687284469604492,3.2782554626464844e-06,0.019669532775878906,0.019669532775878906,0.15132170218510055,0.15132170218510055,-6.116256768337775,30.220627872040495
1546,80.17405984783545,,2026-06-30T15:12:50.516+07:00,0.056869566440582275,341.21739864349365,341.15339864349363,341.11166143580283,341.11166143580283,8.165836334228516e-05,3.7115473622765927,0.48995018005371094,341.21739864349365,0.056869566440582275,-3.2782554626464844e-06,-0.019669532775878906,-0.019669532775878906,0.05704908270161013,0.05704908270161013,-3.6598114717314556,-28.38742733001709
1547,80.22599660581909,,2026-06-30T15:12:50.576+07:00,0.056872546672821045,341.23528003692627,341.17128003692625,340.4895132331961,340.4895132331961,0.004507601261138916,-1.1742224189336135,27.045607566833496,341.23528003692627,0.056872546672821045,2.9802322387695312e-06,0.017881393432617188,0.017881393432617188,-0.622148202606752,-0.622148202606752,-4.885769781210206,26.555657386779785
1548,80.27803656482138,,2026-06-30T15:12:50.606+07:00,0.056876420974731445,341.2585258483887,341.19452584838865,340.7362676485135,340.7362676485135,0.009089887142181396,2.0758811910212165,54.53932285308838,341.2585258483887,0.056876420974731445,3.874301910400391e-06,0.023245811462402344,0.023245811462402344,0.2467544153174117,0.2467544153174117,3.25010360995483,27.493715286254883
1549,80.33021468902007,,2026-06-30T15:12:50.676+07:00,0.056871235370635986,341.2274122238159,341.1634122238159,341.23532341579795,341.23532341579795,0.002384781837463379,3.353886863509221,14.308691024780273,341.2274122238159,0.056871235370635986,-5.185604095458984e-06,-0.031113624572753906,-0.031113624572753906,0.4990557672844602,0.4990557672844602,1.2780056724880047,-40.230631828308105
1550,80.38217224297114,,2026-06-30T15:12:50.733+07:00,0.056869566440582275,341.21739864349365,341.15339864349363,339.4042677630362,339.4042677630362,-0.000238120584981516,-8.414339535823334,-1.428723509889096,341.21739864349365,0.056869566440582275,-1.6689300537109375e-06,-0.010013580322265625,-0.010013580322265625,-1.8310556527617337,-1.8310556527617337,-11.768226399332555,-15.73741453466937
1551,80.4337960248813,,2026-06-30T15:12:50.781+07:00,0.056879401206970215,341.2764072418213,341.21240724182127,340.43504385591507,340.43504385591507,0.011973321437835693,8.366512403018316,71.83992862701416,341.2764072418213,0.056879401206970215,9.834766387939453e-06,0.05900859832763672,0.05900859832763672,1.0307760928788525,1.0307760928788525,16.78085193884165,73.26865213690326
1552,80.48550463886932,,2026-06-30T15:12:50.831+07:00,0.05691826343536377,341.5095806121826,341.4455806121826,340.95215743478286,340.95215743478286,0.07355213165283203,9.565570409742483,441.3127899169922,341.5095806121826,0.05691826343536377,3.886222839355469e-05,0.23317337036132812,0.23317337036132812,0.517113578867793,0.517113578867793,1.199058006724167,369.472861289978
1553,80.53706131083891,,2026-06-30T15:12:50.881+07:00,0.0568697452545166,341.2184715270996,341.1544715270996,341.0687497420754,341.0687497420754,0.00019359588623046875,5.327055820957572,1.1615753173828125,341.2184715270996,0.0568697452545166,-4.851818084716797e-05,-0.2911090850830078,-0.2911090850830078,0.11659230729253522,0.11659230729253522,-4.238514588784911,-440.1512145996094
1554,80.58870598184876,,2026-06-30T15:12:50.932+07:00,0.0565304160118103,339.1824960708618,339.1184960708618,340.1470995023474,340.1470995023474,0.5188139081001282,-8.957764162384802,3112.883448600769,339.1824960708618,0.0565304160118103,-0.00033932924270629883,-2.035975456237793,-2.035975456237793,-0.9216502397280237,-0.9216502397280237,-14.284819983342373,3111.7218732833862
1555,80.64024959900416,,2026-06-30T15:12:50.981+07:00,0.056890010833740234,341.3400650024414,341.2760650024414,335.7740183919184,335.7740183919184,0.02983224391937256,-21.26103792556661,178.99346351623535,341.3400650024414,0.056890010833740234,0.00035959482192993164,2.15756893157959,2.15756893157959,-4.373081110428984,-4.373081110428984,-12.30327376318181,-2933.8899850845337
1556,80.69184851204045,,2026-06-30T15:12:51.031+07:00,0.05689382553100586,341.36295318603516,341.29895318603513,331.3344514581961,331.3344514581961,0.03578561544418335,-15.74024211588781,214.7136926651001,341.36295318603516,0.05689382553100586,3.814697265625e-06,0.02288818359375,0.02288818359375,-4.43956693372229,-4.43956693372229,5.520795809678802,35.720229148864746
1557,80.74343335302547,,2026-06-30T15:12:51.083+07:00,0.05686962604522705,341.2177562713623,341.1537562713623,337.21598598938647,337.21598598938647,0.0001494884490966797,55.72974351886761,0.8969306945800781,341.2177562713623,0.05686962604522705,-2.4199485778808594e-05,-0.14519691467285156,-0.14519691467285156,5.881534531190368,5.881534531190368,71.46998563475542,-213.81676197052002
1558,80.79501815582626,,2026-06-30T15:12:51.132+07:00,0.0568697452545166,341.2184715270996,341.1544715270996,339.49021730639544,339.49021730639544,0.0002835988998413086,48.97230941259031,1.7015933990478516,341.2184715270996,0.0568697452545166,1.1920928955078125e-07,0.0007152557373046875,0.0007152557373046875,2.2742313170089687,2.2742313170089687,-6.7574341062772945,0.8046627044677734
1559,80.8466169948224,,2026-06-30T15:12:51.181+07:00,0.05703920125961304,342.2352075576782,342.1712075576782,339.4742552773947,339.4742552773947,0.3602064847946167,29.527292921846293,2161.2389087677,342.2352075576782,0.05703920125961304,0.00016945600509643555,1.0167360305786133,1.0167360305786133,-0.015962029000718303,-0.015962029000718303,-19.44501649074402,2159.5373153686523
1560,80.89821383496746,,2026-06-30T15:12:51.232+07:00,0.056869566440582275,341.21739864349365,341.15339864349363,340.44396057131684,340.44396057131684,0.00011247396469116211,23.206707433160457,0.6748437881469727,341.21739864349365,0.056869566440582275,-0.00016963481903076172,-1.0178089141845703,-1.0178089141845703,0.969705293922118,0.969705293922118,-6.320585488685836,-2160.564064979553
1561,80.95000939304009,,2026-06-30T15:12:51.282+07:00,0.0568697452545166,341.2184715270996,341.1544715270996,340.854036567261,340.854036567261,0.00023877620697021484,14.337129710211062,1.432657241821289,341.2184715270996,0.0568697452545166,1.7881393432617188e-07,0.0010728836059570312,0.0010728836059570312,0.4100759959441689,0.4100759959441689,-8.869577722949394,0.7578134536743164
1562,81.00163236190565,,2026-06-30T15:12:51.334+07:00,0.05688071250915527,341.28427505493164,341.2202750549316,341.05081307232933,341.05081307232933,-3.665036678314209,8.20920068427366,-21990.220069885254,341.28427505493164,0.05688071250915527,1.0967254638671875e-05,0.06580352783203125,0.06580352783203125,0.19677650506832833,0.19677650506832833,-6.127929025937403,-21991.652727127075
1563,81.05328986793756,,2026-06-30T15:12:51.407+07:00,0.056871771812438965,341.2306308746338,341.16663087463377,341.1936357325305,341.1936357325305,0.0033541321754455566,2.7706941104080833,20.12479305267334,341.2306308746338,0.056871771812438965,-8.940696716308594e-06,-0.05364418029785156,-0.05364418029785156,0.14282266020114776,0.14282266020114776,-5.438506573865576,22010.344862937927
1564,81.10483796801418,,2026-06-30T15:12:51.459+07:00,0.056869566440582275,341.21739864349365,341.15339864349363,341.1703988136117,341.1703988136117,-0.0002444386773277074,0.9229316991941118,-1.4666320639662445,341.21739864349365,0.056869566440582275,-2.205371856689453e-06,-0.013232231140136719,-0.013232231140136719,-0.023236918918769334,-0.023236918918769334,-1.8477624112139717,-21.591425116639584
1565,81.15684522595257,,2026-06-30T15:12:51.509+07:00,0.056870102882385254,341.2206172943115,341.1566172943115,341.16195182417516,341.16195182417516,0.000791013240814209,0.29855769755803363,4.746079444885254,341.2206172943115,0.056870102882385254,5.364418029785156e-07,0.0032186508178710938,0.0032186508178710938,-0.008446989436549757,-0.008446989436549757,-0.6243740016360781,6.212711508851498
1566,81.20847363886423,,2026-06-30T15:12:51.559+07:00,0.05688756704330444,341.32540225982666,341.26140225982664,341.1950577090685,341.1950577090685,0.026286661624908447,0.6224487367420563,157.71996974945068,341.32540225982666,0.05688756704330444,1.7464160919189453e-05,0.10478496551513672,0.10478496551513672,0.033105884893359416,0.033105884893359416,0.3238910391840226,152.97389030456543
1567,81.25994794396684,,2026-06-30T15:12:51.609+07:00,0.056935667991638184,341.6140079498291,341.5500079498291,341.02171589155716,341.02171589155716,0.47349292039871216,1.1787937836168538,2840.957522392273,341.6140079498291,0.056935667991638184,4.8100948333740234e-05,0.2886056900024414,0.2886056900024414,-0.17334181751135702,-0.17334181751135702,0.5563450468747976,2683.2375526428223
1568,81.31175279803574,,2026-06-30T15:12:51.658+07:00,0.056869566440582275,341.21739864349365,341.15339864349363,341.2779758341627,341.2779758341627,-0.0002299547486472875,2.068941009908744,-1.379728491883725,341.21739864349365,0.056869566440582275,-6.61015510559082e-05,-0.3966093063354492,-0.3966093063354492,0.2562599426055385,0.2562599426055385,0.8901472262918904,-2842.3372508841567
1569,81.36327306600288,,2026-06-30T15:12:51.710+07:00,0.056874752044677734,341.2485122680664,341.1845122680664,341.2381573239227,341.2381573239227,0.007712006568908691,0.34625615868422677,46.27203941345215,341.2485122680664,0.056874752044677734,5.185604095458984e-06,0.031113624572753906,0.031113624572753906,-0.03981851024002481,-0.03981851024002481,-1.7226848512245174,47.65176790533587
1570,81.4148960718885,,2026-06-30T15:12:51.761+07:00,0.056869566440582275,341.21739864349365,341.15339864349363,341.19164999617846,341.19164999617846,-5.877018338651396e-05,-0.37133820528496514,-0.3526211003190838,341.21739864349365,0.056869566440582275,-5.185604095458984e-06,-0.031113624572753906,-0.031113624572753906,-0.04650732774422295,-0.04650732774422295,-0.717594363969192,-46.62466051377123
1571,81.46660872385837,,2026-06-30T15:12:51.811+07:00,0.0568881630897522,341.3289785385132,341.26497853851316,341.22480351094333,341.22480351094333,0.027224838733673096,0.2607395027621975,163.34903240203857,341.3289785385132,0.0568881630897522,1.8596649169921875e-05,0.11157989501953125,0.11157989501953125,0.03315351476487649,0.03315351476487649,0.6320777080471627,163.70165350235766
1572,81.51833772799,,2026-06-30T15:12:51.862+07:00,0.056869566440582275,341.21739864349365,341.15339864349363,338.8425861337642,338.8425861337642,8.213520050048828e-05,-12.851317854878673,0.4928112030029297,341.21739864349365,0.056869566440582275,-1.8596649169921875e-05,-0.11157989501953125,-0.11157989501953125,-2.3822173771791313,-2.3822173771791313,-13.11205735764087,-162.85622119903564
1573,81.57003667694516,,2026-06-30T15:12:51.910+07:00,0.057001709938049316,342.0102596282959,341.9462596282959,340.4545817028137,340.4545817028137,-3.4376232624053955,13.866258934158557,-20625.739574432373,342.0102596282959,0.057001709938049316,0.00013214349746704102,0.7928609848022461,0.7928609848022461,1.6119955690494976,1.6119955690494976,26.71757678903723,-20626.232385635376
1574,81.62173445895314,,2026-06-30T15:12:51.961+07:00,0.0568881630897522,341.3289785385132,341.26497853851316,330.87808236543185,330.87808236543185,0.027277350425720215,-33.08164542325633,163.6641025543213,341.3289785385132,0.0568881630897522,-0.00011354684829711914,-0.6812810897827148,-0.6812810897827148,-9.576499337381847,-9.576499337381847,-46.94790435741489,20789.403676986694
1575,81.67395950993523,,2026-06-30T15:12:52.009+07:00,0.056869566440582275,341.21739864349365,341.15339864349363,336.81207751601255,336.81207751601255,-0.0002452135377097875,53.642197089969365,-1.471281226258725,341.21739864349365,0.056869566440582275,-1.8596649169921875e-05,-0.11157989501953125,-0.11157989501953125,5.933995150580699,5.933995150580699,86.72384251322569,-165.13538378058
1576,81.72567984904163,,2026-06-30T15:12:52.061+07:00,0.05687028169631958,341.2216901779175,341.15769017791746,339.3326524741786,339.3326524741786,0.0010885000228881836,49.843426536742925,6.531000137329102,341.2216901779175,0.05687028169631958,7.152557373046875e-07,0.004291534423828125,0.004291534423828125,2.520574958166037,2.520574958166037,-3.79877055322644,8.002281363587826
1577,81.77746957587078,,2026-06-30T15:12:52.113+07:00,0.056869566440582275,341.21739864349365,341.15339864349363,340.38437746797837,340.38437746797837,5.263090133666992e-05,32.28631266277799,0.31578540802001953,341.21739864349365,0.056869566440582275,-7.152557373046875e-07,-0.004291534423828125,-0.004291534423828125,1.0517249937997803,1.0517249937997803,-17.557113873964937,-6.215214729309082
1578,81.82920935889706,,2026-06-30T15:12:52.185+07:00,0.057009756565093994,342.05853939056396,341.99453939056394,341.23790723008426,341.23790723008426,0.2668723464012146,18.119579591953162,1601.2340784072876,342.05853939056396,0.057009756565093994,0.00014019012451171875,0.8411407470703125,0.8411407470703125,0.853529762105893,0.853529762105893,-14.166733070824826,1600.9182929992676
1579,81.88158527784981,,2026-06-30T15:12:52.238+07:00,0.056869566440582275,341.21739864349365,341.15339864349363,341.19447330377596,341.19447330377596,0.00013393163681030273,7.175204053891824,0.8035898208618164,341.21739864349365,0.056869566440582275,-0.00014019012451171875,-0.8411407470703125,-0.8411407470703125,-0.04343392630829612,-0.04343392630829612,-10.944375538061337,-1600.4304885864258
1580,81.93313226802275,,2026-06-30T15:12:52.286+07:00,0.056873857975006104,341.2431478500366,341.1791478500366,339.84716389895357,339.84716389895357,0.006310522556304932,-6.124929508029876,37.86313533782959,341.2431478500366,0.056873857975006104,4.291534423828125e-06,0.02574920654296875,0.02574920654296875,-1.347309404822397,-1.347309404822397,-13.300133561921701,37.05954551696777
1581,81.98476838693023,,2026-06-30T15:12:52.336+07:00,0.05694270133972168,341.6562080383301,341.59220803833006,341.0400216632129,341.0400216632129,0.11443310976028442,9.600693222903223,686.5986585617065,341.6562080383301,0.05694270133972168,6.884336471557617e-05,0.41306018829345703,0.41306018829345703,1.1928577642593154,1.1928577642593154,15.725622730933098,648.735523223877
1582,82.0365983529482,,2026-06-30T15:12:52.387+07:00,0.056869566440582275,341.21739864349365,341.15339864349363,341.1204671719068,341.1204671719068,-0.00023132564092520624,4.830031881792246,-1.3879538455512375,341.21739864349365,0.056869566440582275,-7.31348991394043e-05,-0.4388093948364258,-0.4388093948364258,0.08044550869391287,0.08044550869391287,-4.770661341110976,-687.9866124072578
1583,82.08830917393789,,2026-06-30T15:12:52.439+07:00,0.057032763957977295,342.19658374786377,342.13258374786375,341.4821998832777,341.4821998832777,0.352039635181427,6.941859180958453,2112.237811088562,342.19658374786377,0.057032763957977295,0.00016319751739501953,0.9791851043701172,0.9791851043701172,0.36173271137090524,0.36173271137090524,2.1118272991662064,2113.6257649341132
1584,82.13994699600153,,2026-06-30T15:12:52.488+07:00,0.05694180727005005,341.6508436203003,341.5868436203003,341.4440229091847,341.4440229091847,0.48243963718414307,2.929585787161308,2894.6378231048584,341.6508436203003,0.05694180727005005,-9.09566879272461e-05,-0.5457401275634766,-0.5457401275634766,-0.038176974093005356,-0.038176974093005356,-4.012273393797145,782.4000120162964
1585,82.19165914994664,,2026-06-30T15:12:52.540+07:00,0.056869566440582275,341.21739864349365,341.15339864349363,341.27700099914927,341.27700099914927,-0.00023871661687735468,-0.5249141774109083,-1.432299701264128,341.21739864349365,0.056869566440582275,-7.224082946777344e-05,-0.4334449768066406,-0.4334449768066406,-0.1670219100354302,-0.1670219100354302,-3.454499964572216,-2896.0701228061225
1586,82.24348659790121,,2026-06-30T15:12:52.588+07:00,0.056869566440582275,341.21739864349365,341.15339864349363,341.20562063875815,341.20562063875815,-0.00023120643163565546,-1.052469388593617,-1.3872385898139328,341.21739864349365,0.056869566440582275,0.0,0.0,0.0,-0.07138036039111739,-0.07138036039111739,-0.5275552111827086,0.04506111145019531
1587,82.29512219782919,,2026-06-30T15:12:52.639+07:00,0.056869566440582275,341.21739864349365,341.15339864349363,341.1754624364929,341.1754624364929,-0.00023120643163565546,-0.7696503075784805,-1.3872385898139328,341.21739864349365,0.056869566440582275,0.0,0.0,0.0,-0.03015820226522692,-0.03015820226522692,0.2828190810151364,0.0
1588,82.34684011084028,,2026-06-30T15:12:52.688+07:00,0.05692708492279053,341.56250953674316,341.49850953674314,341.2835094086732,341.2835094086732,0.08789414167404175,1.285178395905627,527.3648500442505,341.56250953674316,0.05692708492279053,5.751848220825195e-05,0.3451108932495117,0.3451108932495117,0.10804697218026149,0.10804697218026149,2.0548287034841075,528.7520886340644
1589,82.39877598290332,,2026-06-30T15:12:52.738+07:00,0.056896865367889404,341.3811922073364,341.3171922073364,341.26569818912697,341.26569818912697,0.04025501012802124,0.5607460868298226,241.53006076812744,341.3811922073364,0.056896865367889404,-3.0219554901123047e-05,-0.18131732940673828,-0.18131732940673828,-0.01781121954621767,-0.01781121954621767,-0.7244323090758045,-285.83478927612305
1590,82.45062183798291,,2026-06-30T15:12:52.788+07:00,0.056869566440582275,341.21739864349365,341.15339864349363,341.40091027787486,341.40091027787486,-0.00023132564092520624,0.5719263013732272,-1.3879538455512375,341.21739864349365,0.056869566440582275,-2.7298927307128906e-05,-0.16379356384277344,-0.16379356384277344,0.1352120887478918,0.1352120887478918,0.011180214543404565,-242.91801461367868
1591,82.5022288269829,,2026-06-30T15:12:52.838+07:00,0.056869566440582275,341.21739864349365,341.15339864349363,341.4992870778109,341.4992870778109,-0.00017905236745718867,0.0,-1.074314204743132,341.21739864349365,0.056869566440582275,0.0,0.0,0.0,0.09837679993603388,0.09837679993603388,-0.5719263013732272,0.31363964080810547
1592,82.55448758183047,,2026-06-30T15:12:52.888+07:00,0.056869566440582275,341.21739864349365,341.15339864349363,341.30287228093755,341.30287228093755,-0.00024557116557843983,-2.1888540008013413,-1.473426993470639,341.21739864349365,0.056869566440582275,0.0,0.0,0.0,-0.1964147968733414,-0.1964147968733414,-2.1888540008013413,-0.399112788727507
1593,82.60623547597788,,2026-06-30T15:12:52.938+07:00,0.05665779113769531,339.9467468261719,339.88274682617185,340.77182311925105,340.77182311925105,0.5230235457420349,-8.398105230565388,3138.1412744522095,339.9467468261719,0.05665779113769531,-0.0002117753028869629,-1.2706518173217773,-1.2706518173217773,-0.5310491616864965,-0.5310491616864965,-6.209251229764047,3139.61470144568
1594,82.65778687386774,,2026-06-30T15:12:53.014+07:00,0.05100280046463013,306.01680278778076,305.95280278778074,328.72904673035293,328.72904673035293,-1.316100001335144,-168.2981306871935,-7896.600008010864,306.01680278778076,0.05100280046463013,-0.0056549906730651855,-33.92994403839111,-33.92994403839111,-12.042776388898119,-12.042776388898119,-159.9000254566281,-11034.741282463074
1595,82.70937947602943,,2026-06-30T15:12:53.064+07:00,0.056869566440582275,341.21739864349365,341.15339864349363,335.94031531154434,335.94031531154434,-0.00024557116557843983,8.669170780372227,-1.473426993470639,341.21739864349365,0.056869566440582275,0.0058667659759521484,35.20059585571289,35.20059585571289,7.211268581191405,7.211268581191405,176.96730146756573,7895.126581017394
1596,82.76096605998464,,2026-06-30T15:12:53.114+07:00,0.05687016248703003,341.2209749221802,341.15697492218015,339.14576024276715,339.14576024276715,0.0009837150573730469,37.85174109732174,5.902290344238281,341.2209749221802,0.05687016248703003,5.960464477539062e-07,0.0035762786865234375,0.0035762786865234375,3.2054449312228144,3.2054449312228144,29.182570316949516,7.37571733770892
1597,82.81296033994295,,2026-06-30T15:12:53.164+07:00,0.05687159299850464,341.22955799102783,341.1655579910278,340.30942719082367,340.30942719082367,0.003062427043914795,28.82627657340222,18.37456226348877,341.22955799102783,0.05687159299850464,1.430511474609375e-06,0.00858306884765625,0.00858306884765625,1.163666948056516,1.163666948056516,-9.02546452391952,12.472271919250488
1598,82.86485308385454,,2026-06-30T15:12:53.214+07:00,0.056869566440582275,341.21739864349365,341.15339864349363,335.7893358514729,335.7893358514729,-0.0002380609803367406,-4.447890198588155,-1.4283658820204437,341.21739864349365,0.056869566440582275,-2.0265579223632812e-06,-0.012159347534179688,-0.012159347534179688,-4.520091339350756,-4.520091339350756,-33.27416677199038,-19.802928145509213
1599,82.91655462887138,,2026-06-30T15:12:53.264+07:00,0.05687159299850464,341.22955799102783,341.1655579910278,338.9578092833786,338.9578092833786,0.0030627846717834473,32.79387823307934,18.376708030700684,341.22955799102783,0.05687159299850464,2.0265579223632812e-06,0.012159347534179688,0.012159347534179688,3.1684734319056815,3.1684734319056815,37.241768431667495,19.805073912721127
