i,t,axis_pos,mapper_pos,estimator_pos,spi_raw,spi_errors,spi_status,axis_pos_d,mapper_pos_d,estimator_pos_d,spi_raw_d,dt
0,1.7401762306690216e-06,0.05749619007110596,0.057495951652526855,0.9970099925994873,0.99700927734375,0,0,0.0,0.0,0.0,0.0,0.0
1,0.011894592083990574,0.05750274658203125,0.05750089883804321,0.997014045715332,0.99700927734375,0,0,6.556510925292969e-06,4.947185516357422e-06,4.0531158447265625e-06,0.0,0.011892851907759905
2,0.023653426207602024,0.05761533975601196,0.0575944185256958,0.9970953464508057,0.99700927734375,0,0,0.00011259317398071289,9.351968765258789e-05,8.130073547363281e-05,0.0,0.01175883412361145
3,0.035383667098358274,0.0574985146522522,0.051570355892181396,0.9933028221130371,0.99700927734375,0,0,-0.00011682510375976562,-0.006024062633514404,-0.0037925243377685547,0.0,0.01173024089075625
4,0.0469974831212312,0.0576397180557251,0.05762898921966553,0.9971298575401306,0.99700927734375,0,0,0.0001412034034729004,0.006058633327484131,0.003827035427093506,0.0,0.011613816022872925
5,0.0586212610360235,0.05749523639678955,0.05749523639678955,0.9970093965530396,0.99700927734375,0,0,-0.00014448165893554688,-0.00013375282287597656,-0.00012046098709106445,0.0,0.0116237779147923
6,0.07025561411865056,0.05754035711288452,0.05753326416015625,0.9970413446426392,0.99700927734375,0,0,4.51207160949707e-05,3.802776336669922e-05,3.1948089599609375e-05,0.0,0.011634353082627058
7,0.08300849911756814,0.057495832443237305,0.057495713233947754,0.9970097541809082,0.99700927734375,0,0,-4.45246696472168e-05,-3.7550926208496094e-05,-3.159046173095703e-05,0.0,0.01275288499891758
8,0.09462537011131644,0.05750882625579834,0.057506561279296875,0.9970188140869141,0.99700927734375,0,0,1.2993812561035156e-05,1.0848045349121094e-05,9.059906005859375e-06,0.0,0.011616870993748307
9,0.10628305608406663,0.057499468326568604,0.057498812675476074,0.9970123171806335,0.99700927734375,0,0,-9.357929229736328e-06,-7.748603820800781e-06,-6.496906280517578e-06,0.0,0.011657685972750187
10,0.1178881130181253,0.057534873485565186,0.05752831697463989,0.9970369935035706,0.99700927734375,0,0,3.540515899658203e-05,2.950429916381836e-05,2.467632293701172e-05,0.0,0.011605056934058666
11,0.12951568816788495,0.05749911069869995,0.0574985146522522,0.9970120787620544,0.99700927734375,0,0,-3.5762786865234375e-05,-2.9802322387695312e-05,-2.491474151611328e-05,0.0,0.01162757514975965
12,0.14115507807582617,0.057495176792144775,0.0574951171875,0.99700927734375,0.99700927734375,0,0,-3.933906555175781e-06,-3.3974647521972656e-06,-2.8014183044433594e-06,0.0,0.011639389907941222
13,0.15289937402121723,0.052797794342041016,0.05459249019622803,0.9952742457389832,0.99700927734375,0,0,-0.00469738245010376,-0.0029026269912719727,-0.0017350316047668457,0.0,0.011744295945391059
14,0.16451835702173412,0.057637929916381836,0.05765795707702637,0.9971744418144226,0.99700927734375,0,0,0.00484013557434082,0.00306546688079834,0.0019001960754394531,0.0,0.011618983000516891
15,0.17613137606531382,0.05749523639678955,0.05749523639678955,0.9970093965530396,0.99700927734375,0,0,-0.00014269351959228516,-0.0001627206802368164,-0.00016504526138305664,0.0,0.011613019043579698
16,0.18774798815138638,0.057548701763153076,0.05754023790359497,0.9970471858978271,0.99700927734375,0,0,5.346536636352539e-05,4.500150680541992e-05,3.7789344787597656e-05,0.0,0.011616612086072564
17,0.19954704400151968,0.05749523639678955,0.05749523639678955,0.9970093965530396,0.99700927734375,0,0,-5.346536636352539e-05,-4.500150680541992e-05,-3.7789344787597656e-05,0.0,0.0117990558501333
18,0.21125626703724265,0.0574951171875,0.0574951171875,0.99700927734375,0.99700927734375,0,0,-1.1920928955078125e-07,-1.1920928955078125e-07,-1.1920928955078125e-07,0.0,0.011709223035722971
19,0.22288958309218287,0.0575140118598938,0.0575108528137207,0.9970224499702454,0.99700927734375,0,0,1.8894672393798828e-05,1.5735626220703125e-05,1.3172626495361328e-05,0.0,0.011633316054940224
20,0.234512769151479,0.05749523639678955,0.05749523639678955,0.9970093965530396,0.99700927734375,0,0,-1.8775463104248047e-05,-1.5616416931152344e-05,-1.3053417205810547e-05,0.0,0.011623186059296131
21,0.24612214020453393,0.0501362681388855,0.052861690521240234,0.9941611886024475,0.99700927734375,0,0,-0.007358968257904053,-0.004633545875549316,-0.002848207950592041,0.0,0.011609371053054929
22,0.257751438068226,0.05749553442001343,0.05749547481536865,0.9970095157623291,0.99700927734375,0,0,0.00735926628112793,0.004633784294128418,0.002848327159881592,0.0,0.011629297863692045
23,0.269519753055647,0.0574951171875,0.0574951171875,0.99700927734375,0.99700927734375,0,0,-4.172325134277344e-07,-3.5762786865234375e-07,-2.384185791015625e-07,0.0,0.011768314987421036
24,0.28112173499539495,0.05752450227737427,0.057519733905792236,0.9970299005508423,0.99700927734375,0,0,2.9385089874267578e-05,2.4616718292236328e-05,2.0623207092285156e-05,0.0,0.01160198193974793
25,0.2927567921578884,0.05749523639678955,0.05749523639678955,0.9970093965530396,0.99700927734375,0,0,-2.9265880584716797e-05,-2.4497509002685547e-05,-2.0503997802734375e-05,0.0,0.011635057162493467
26,0.30437199608422816,0.0574951171875,0.0574951171875,0.99700927734375,0.99700927734375,0,0,-1.1920928955078125e-07,-1.1920928955078125e-07,-1.1920928955078125e-07,0.0,0.011615203926339746
27,0.31600988609716296,0.0574951171875,0.0574951171875,0.99700927734375,0.99700927734375,0,0,0.0,0.0,0.0,0.0,0.011637890012934804
28,0.3277534241788089,0.05750149488449097,0.057500362396240234,0.9970136284828186,0.99700927734375,0,0,6.377696990966797e-06,5.245208740234375e-06,4.351139068603516e-06,0.0,0.011743538081645966
29,0.339377110125497,0.057581186294555664,0.057569026947021484,0.9896337389945984,0.99700927734375,0,0,7.969141006469727e-05,6.866455078125e-05,-0.007379889488220215,0.0,0.011623685946688056
30,0.3509990740567446,0.05749577283859253,0.0574955940246582,0.9970096945762634,0.99700927734375,0,0,-8.541345596313477e-05,-7.343292236328125e-05,0.007375955581665039,0.0,0.011621963931247592
31,0.3626316301524639,0.05764472484588623,0.05762594938278198,0.9971224665641785,0.99700927734375,0,0,0.00014895200729370117,0.0001303553581237793,0.00011277198791503906,0.0,0.011632556095719337
32,0.3742572241462767,0.057628631591796875,0.05761533975601196,0.9971155524253845,0.99700927734375,0,0,-1.609325408935547e-05,-1.0609626770019531e-05,-6.9141387939453125e-06,0.0,0.0116255939938128
33,0.3859098730608821,0.056527674198150635,0.05700105428695679,0.9968084692955017,0.99700927734375,0,0,-0.0011009573936462402,-0.0006142854690551758,-0.0003070831298828125,0.0,0.011652648914605379
34,0.39752015215344727,0.05751597881317139,0.057512521743774414,0.9970238208770752,0.99700927734375,0,0,0.000988304615020752,0.000511467456817627,0.00021535158157348633,0.0,0.011610279092565179
35,0.4091380601748824,0.057505130767822266,0.057503461837768555,0.9970162510871887,0.99700927734375,0,0,-1.0848045349121094e-05,-9.059906005859375e-06,-7.569789886474609e-06,0.0,0.011617908021435142
36,0.4211343191564083,0.05762660503387451,0.05760473012924194,0.9971046447753906,0.967254638671875,0,0,0.0001214742660522461,0.00010126829147338867,8.83936882019043e-05,-0.029754638671875,0.011996258981525898
37,0.4329104111529887,0.05758851766586304,0.05757564306259155,0.9970781207084656,0.99700927734375,0,0,-3.808736801147461e-05,-2.9087066650390625e-05,-2.6524066925048828e-05,0.029754638671875,0.011776091996580362
38,0.444525987142697,0.057505130767822266,0.057503461837768555,0.9970162510871887,0.99700927734375,0,0,-8.338689804077148e-05,-7.218122482299805e-05,-6.186962127685547e-05,0.0,0.011615575989708304
39,0.4561331910081208,0.057496607303619385,0.05749636888504028,0.997010350227356,0.99700927734375,0,0,-8.52346420288086e-06,-7.092952728271484e-06,-5.900859832763672e-06,0.0,0.011607203865423799
40,0.46775684016756713,0.0574951171875,0.0574951171875,0.9895706176757812,0.99700927734375,0,0,-1.4901161193847656e-06,-1.2516975402832031e-06,-0.007439732551574707,0.0,0.011623649159446359
41,0.47938545304350555,0.05756407976150513,0.05755358934402466,0.997058629989624,0.99700927734375,0,0,6.896257400512695e-05,5.84721565246582e-05,0.0074880123138427734,0.0,0.011628612875938416
42,0.491130453068763,0.057528018951416016,0.057522714138031006,0.9970324039459229,0.99700927734375,0,0,-3.606081008911133e-05,-3.0875205993652344e-05,-2.6226043701171875e-05,0.0,0.011745000025257468
43,0.5027608431410044,0.05753672122955322,0.057530105113983154,0.9970386624336243,0.99700927734375,0,0,8.702278137207031e-06,7.3909759521484375e-06,6.258487701416016e-06,0.0,0.011630390072241426
44,0.5144001031294465,0.05378633737564087,0.055756986141204834,0.9960229396820068,0.99700927734375,0,0,-0.0037503838539123535,-0.0017731189727783203,-0.0010157227516174316,0.0,0.011639259988442063
45,0.5261377152055502,0.0574953556060791,0.0574953556060791,0.9970095157623291,0.99700927734375,0,0,0.0037090182304382324,0.0017383694648742676,0.0009865760803222656,0.0,0.011737612076103687
46,0.5377526411321014,0.0574951171875,0.0574951171875,0.99700927734375,0.99700927734375,0,0,-2.384185791015625e-07,-2.384185791015625e-07,-2.384185791015625e-07,0.0,0.011614925926551223
47,0.5495686421636492,0.0574951171875,0.0574951171875,0.99700927734375,0.99700927734375,0,0,0.0,0.0,0.0,0.0,0.011816001031547785
48,0.5612638830207288,0.057496070861816406,0.05749589204788208,0.9970099329948425,0.99700927734375,0,0,9.5367431640625e-07,7.748603820800781e-07,6.556510925292969e-07,0.0,0.011695240857079625
49,0.5728956621605903,0.0574951171875,0.0574951171875,0.99700927734375,0.99700927734375,0,0,-9.5367431640625e-07,-7.748603820800781e-07,-6.556510925292969e-07,0.0,0.011631779139861465
50,0.5845208109822124,0.057619452476501465,0.057642459869384766,0.9971615076065063,0.99700927734375,0,0,0.00012433528900146484,0.00014734268188476562,0.00015223026275634766,0.0,0.011625148821622133
51,0.5968998270109296,0.05749523639678955,0.05749523639678955,0.9970093965530396,0.99700927734375,0,0,-0.00012421607971191406,-0.00014722347259521484,-0.00015211105346679688,0.0,0.01237901602871716
52,0.6092800090555102,0.0574951171875,0.05005645751953125,0.9933003783226013,0.99700927734375,0,0,-1.1920928955078125e-07,-0.007438778877258301,-0.0037090182304382324,0.0,0.012380182044580579
53,0.6212730640545487,0.05749553442001343,0.05749547481536865,0.9970095157623291,0.99700927734375,0,0,4.172325134277344e-07,0.007439017295837402,0.003709137439727783,0.0,0.011993054999038577
54,0.6329995831474662,0.0574951171875,0.0574951171875,0.99700927734375,0.99700927734375,0,0,-4.172325134277344e-07,-3.5762786865234375e-07,-2.384185791015625e-07,0.0,0.011726519092917442
55,0.6446390470955521,0.0575108528137207,0.05750828981399536,0.9970202445983887,0.99700927734375,0,0,1.5735626220703125e-05,1.3172626495361328e-05,1.0967254638671875e-05,0.0,0.011639463948085904
56,0.6563469180837274,0.0576176643371582,0.057640910148620605,0.9971602559089661,0.99700927734375,0,0,0.0001068115234375,0.00013262033462524414,0.00014001131057739258,0.0,0.011707870988175273
57,0.6681446221191436,0.05749523639678955,0.05749523639678955,0.9970093965530396,0.99700927734375,0,0,-0.00012242794036865234,-0.0001456737518310547,-0.00015085935592651367,0.0,0.011797704035416245
58,0.6799097890034318,0.05688345432281494,0.05724596977233887,0.9969776272773743,0.99700927734375,0,0,-0.0006117820739746094,-0.0002492666244506836,-3.17692756652832e-05,0.0,0.011765166884288192
59,0.6915318272076547,0.05622023344039917,0.057020366191864014,0.9968247413635254,0.99700927734375,0,0,-0.0006632208824157715,-0.00022560358047485352,-0.00015288591384887695,0.0,0.011622038204222918
60,0.7037972509860992,0.0574953556060791,0.05005669593811035,0.9933006167411804,0.99700927734375,0,0,0.0012751221656799316,-0.006963670253753662,-0.0035241246223449707,0.0,0.012265423778444529
61,0.7155303251929581,0.05749553442001343,0.05749541521072388,0.9970095157623291,0.99700927734375,0,0,1.7881393432617188e-07,0.007438719272613525,0.0037088990211486816,0.0,0.011733074206858873
62,0.7273926220368594,0.056775689125061035,0.0571521520614624,0.9968967437744141,0.99700927734375,0,0,-0.0007198452949523926,-0.0003432631492614746,-0.00011277198791503906,0.0,0.011862296843901277
63,0.7390149561688304,0.0574953556060791,0.0574953556060791,0.9970095157623291,0.99700927734375,0,0,0.0007196664810180664,0.0003432035446166992,0.00011277198791503906,0.0,0.011622334131971002
64,0.7506374751683325,0.0574951171875,0.0574951171875,0.99700927734375,0.99700927734375,0,0,-2.384185791015625e-07,-2.384185791015625e-07,-2.384185791015625e-07,0.0,0.011622518999502063
65,0.7623030690010637,0.05156749486923218,0.05378621816635132,0.9947503209114075,0.99700927734375,0,0,-0.005927622318267822,-0.0037088990211486816,-0.0022589564323425293,0.0,0.011665593832731247
66,0.7740169770549983,0.057498812675476074,0.05749821662902832,0.9970118403434753,0.99700927734375,0,0,0.0059313178062438965,0.003711998462677002,0.002261519432067871,0.0,0.011713908053934574
67,0.7856280151754618,0.05749523639678955,0.057495176792144775,0.99700927734375,0.99700927734375,0,0,-3.5762786865234375e-06,-3.039836883544922e-06,-2.562999725341797e-06,0.0,0.01161103812046349
68,0.7972856820560992,0.057530105113983154,0.05752450227737427,0.9970338940620422,0.99700927734375,0,0,3.4868717193603516e-05,2.9325485229492188e-05,2.4616718292236328e-05,0.0,0.011657666880637407
69,0.8088875350076705,0.05752485990524292,0.05752003192901611,0.9970301389694214,0.99700927734375,0,0,-5.245208740234375e-06,-4.470348358154297e-06,-3.7550926208496094e-06,0.0,0.011601852951571345
70,0.8208912380505353,0.05011957883834839,0.05284696817398071,0.994148313999176,0.99700927734375,0,0,-0.007405281066894531,-0.0046730637550354,-0.0028818249702453613,0.0,0.0120037030428648
71,0.8325357581488788,0.05749553442001343,0.05749547481536865,0.9970095157623291,0.99700927734375,0,0,0.007375955581665039,0.0046485066413879395,0.002861201763153076,0.0,0.011644520098343492
72,0.8441303879953921,0.0574951171875,0.0574951171875,0.9910816550254822,0.99700927734375,0,0,-4.172325134277344e-07,-3.5762786865234375e-07,-0.005927860736846924,0.0,0.011594629846513271
73,0.855792815098539,0.05750197172164917,0.05750083923339844,0.9970136284828186,0.99700927734375,0,0,6.854534149169922e-06,5.7220458984375e-06,0.005931973457336426,0.0,0.01166242710314691
74,0.8675337601453066,0.05749523639678955,0.05749523639678955,0.9970093965530396,0.99700927734375,0,0,-6.735324859619141e-06,-5.602836608886719e-06,-4.231929779052734e-06,0.0,0.011740945046767592
75,0.8791449831333011,0.0574951171875,0.0574951171875,0.99700927734375,0.99700927734375,0,0,-1.1920928955078125e-07,-1.1920928955078125e-07,-1.1920928955078125e-07,0.0,0.011611222987994552
76,0.8907760581932962,0.0574951171875,0.0574951171875,0.99700927734375,0.99700927734375,0,0,0.0,0.0,0.0,0.0,0.011631075059995055
77,0.9025355211924762,0.05751234292984009,0.05750948190689087,0.9970213174819946,0.99700927734375,0,0,1.722574234008789e-05,1.436471939086914e-05,1.2040138244628906e-05,0.0,0.01175946299917996
78,0.9141708561219275,0.05749523639678955,0.05749523639678955,0.9970093965530396,0.99700927734375,0,0,-1.710653305053711e-05,-1.424551010131836e-05,-1.1920928955078125e-05,0.0,0.011635334929451346
79,0.9259040970355272,0.0574951171875,0.0574951171875,0.99700927734375,0.99700927734375,0,0,-1.1920928955078125e-07,-1.1920928955078125e-07,-1.1920928955078125e-07,0.0,0.01173324091359973
80,0.9375357651151717,0.05752450227737427,0.057519733905792236,0.9970299005508423,0.99700927734375,0,0,2.9385089874267578e-05,2.4616718292236328e-05,2.0623207092285156e-05,0.0,0.011631668079644442
81,0.9491743771359324,0.05749523639678955,0.05749523639678955,0.9970093965530396,0.99700927734375,0,0,-2.9265880584716797e-05,-2.4497509002685547e-05,-2.0503997802734375e-05,0.0,0.011638612020760775
82,0.9608988401014358,0.0574951171875,0.0574951171875,0.99700927734375,0.99700927734375,0,0,-1.1920928955078125e-07,-1.1920928955078125e-07,-1.1920928955078125e-07,0.0,0.011724462965503335
83,0.9726445071864873,0.05763983726501465,0.057645201683044434,0.9971542358398438,0.99700927734375,0,0,0.00014472007751464844,0.0001500844955444336,0.00014495849609375,0.0,0.011745667085051537
84,0.9842739710584283,0.0552363395690918,0.0561748743057251,0.9962888360023499,0.99700927734375,0,0,-0.0024034976959228516,-0.001470327377319336,-0.0008653998374938965,0.0,0.01162946387194097
85,0.9958894541487098,0.057590484619140625,0.05757558345794678,0.9896383285522461,0.99700927734375,0,0,0.002354145050048828,0.0014007091522216797,-0.00665050745010376,0.0,0.011615483090281487
86,1.007542269071564,0.05752146244049072,0.05017918348312378,0.9924535751342773,0.99700927734375,0,0,-6.902217864990234e-05,-0.007396399974822998,0.00281524658203125,0.0,0.011652814922854304
87,1.0192773072049022,0.057540953159332275,0.05753374099731445,0.9970417618751526,0.99700927734375,0,0,1.9490718841552734e-05,0.007354557514190674,0.004588186740875244,0.0,0.011735038133338094
88,1.0310140661895275,0.05749523639678955,0.05749523639678955,0.9970093965530396,0.99700927734375,0,0,-4.571676254272461e-05,-3.8504600524902344e-05,-3.236532211303711e-05,0.0,0.01173675898462534
89,1.0427773261908442,0.0574951171875,0.0574951171875,0.99700927734375,0.99700927734375,0,0,-1.1920928955078125e-07,-1.1920928955078125e-07,-1.1920928955078125e-07,0.0,0.011763260001316667
90,1.0543895121663809,0.0574951171875,0.0574951171875,0.99700927734375,0.99700927734375,0,0,0.0,0.0,0.0,0.0,0.011612185975536704
91,1.0660225320607424,0.0574951171875,0.0574951171875,0.99700927734375,0.99700927734375,0,0,0.0,0.0,0.0,0.0,0.011633019894361496
92,1.0776495700702071,0.05755901336669922,0.057549357414245605,0.9970551133155823,0.99700927734375,0,0,6.389617919921875e-05,5.424022674560547e-05,4.583597183227539e-05,0.0,0.01162703800946474
93,1.0892654601484537,0.053824424743652344,0.055268287658691406,0.995715856552124,0.99700927734375,0,0,-0.003734588623046875,-0.0022810697555541992,-0.001339256763458252,0.0,0.011615890078246593
94,1.1008973680436611,0.057522356510162354,0.057517945766448975,0.9970283508300781,0.99700927734375,0,0,0.0036979317665100098,0.0022496581077575684,0.0013124942779541016,0.0,0.011631907895207405
95,1.112531925085932,0.056508779525756836,0.056985318660736084,0.9967952966690063,0.99700927734375,0,0,-0.0010135769844055176,-0.0005326271057128906,-0.00023305416107177734,0.0,0.011634557042270899
96,1.1241300741676241,0.05758136510848999,0.05756920576095581,0.9970725178718567,0.99700927734375,0,0,0.0010725855827331543,0.0005838871002197266,0.0002772212028503418,0.0,0.0115981490816921
97,1.1358177231159061,0.05749523639678955,0.05749523639678955,0.9970093965530396,0.99700927734375,0,0,-8.612871170043945e-05,-7.396936416625977e-05,-6.312131881713867e-05,0.0,0.011687648948282003
98,1.1475388531107455,0.05699014663696289,0.057285189628601074,0.9969767332077026,0.99700927734375,0,0,-0.0005050897598266602,-0.00021004676818847656,-3.266334533691406e-05,0.0,0.01172112999483943
99,1.1591400390025228,0.05749619007110596,0.057495951652526855,0.9970099925994873,0.99700927734375,0,0,0.0005060434341430664,0.00021076202392578125,3.325939178466797e-05,0.0,0.011601185891777277
100,1.1707778919953853,0.057724833488464355,0.05771821737289429,0.997216522693634,0.99700927734375,0,0,0.00022864341735839844,0.00022226572036743164,0.00020653009414672852,0.0,0.011637852992862463
101,1.1823969860561192,0.05749523639678955,0.05749523639678955,0.9970093965530396,0.99700927734375,0,0,-0.0002295970916748047,-0.00022298097610473633,-0.00020712614059448242,0.0,0.011619094060733914
102,1.1940498009789735,0.05750149488449097,0.05749988555908203,0.9970126152038574,0.99700927734375,0,0,6.258487701416016e-06,4.649162292480469e-06,3.2186508178710938e-06,0.0,0.011652814922854304
103,1.206953315064311,0.057500362396240234,0.05749911069869995,0.9970126152038574,0.99700927734375,0,0,-1.1324882507324219e-06,-7.748603820800781e-07,0.0,0.0,0.01290351408533752
104,1.218776630004868,0.05753737688064575,0.052825987339019775,0.9941303730010986,0.99700927734375,0,0,3.701448440551758e-05,-0.004673123359680176,-0.002882242202758789,0.0,0.011823314940556884
105,1.230561463162303,0.05749553442001343,0.05749541521072388,0.9970095157623291,0.99700927734375,0,0,-4.184246063232422e-05,0.0046694278717041016,0.0028791427612304688,0.0,0.01178483315743506
106,1.2424241851549596,0.0575219988822937,0.057515740394592285,0.9970265030860901,0.99700927734375,0,0,2.6464462280273438e-05,2.0325183868408203e-05,1.6987323760986328e-05,0.0,0.011862721992656589
107,1.254174852045253,0.05750882625579834,0.057506561279296875,0.9970188140869141,0.99700927734375,0,0,-1.3172626495361328e-05,-9.179115295410156e-06,-7.68899917602539e-06,0.0,0.01175066689029336
108,1.2657830021344125,0.05753672122955322,0.05752718448638916,0.9970361590385437,0.99700927734375,0,0,2.7894973754882812e-05,2.0623207092285156e-05,1.7344951629638672e-05,0.0,0.011608150089159608
109,1.2777823901269585,0.057495832443237305,0.057495713233947754,0.9970097541809082,0.99700927734375,0,0,-4.088878631591797e-05,-3.147125244140625e-05,-2.6404857635498047e-05,0.0,0.011999387992545962
110,1.2893976690247655,0.0574951171875,0.0574951171875,0.99700927734375,0.99700927734375,0,0,-7.152557373046875e-07,-5.960464477539062e-07,-4.76837158203125e-07,0.0,0.011615278897807002
111,1.3011176690924913,0.057624995708465576,0.057650864124298096,0.9971593022346497,0.99700927734375,0,0,0.00012987852096557617,0.0001557469367980957,0.0001500248908996582,0.0,0.011720000067725778
112,1.3131583160720766,0.05749523639678955,0.05749523639678955,0.9970093965530396,0.99700927734375,0,0,-0.0001297593116760254,-0.00015562772750854492,-0.00014990568161010742,0.0,0.01204064697958529
113,1.3249225202016532,0.05749720335006714,0.057496845722198486,0.9970107674598694,0.99700927734375,0,0,1.9669532775878906e-06,1.6093254089355469e-06,1.3709068298339844e-06,0.0,0.011764204129576683
114,1.3365480401553214,0.05749577283859253,0.05749565362930298,0.9970096945762634,0.99700927734375,0,0,-1.430511474609375e-06,-1.1920928955078125e-06,-1.0728836059570312e-06,0.0,0.011625519953668118
115,1.3481523930095136,0.05765044689178467,0.057630836963653564,0.9971265196800232,0.99700927734375,0,0,0.00015467405319213867,0.00013518333435058594,0.00011682510375976562,0.0,0.011604352854192257
116,1.3600549481343478,0.05715125799179077,0.05738186836242676,0.9970319271087646,0.99700927734375,0,0,-0.0004991888999938965,-0.00024896860122680664,-9.459257125854492e-05,0.0,0.01190255512483418
117,1.3716458010021597,0.0574953556060791,0.0574953556060791,0.9970093965530396,0.99700927734375,0,0,0.0003440976142883301,0.00011348724365234375,-2.2530555725097656e-05,0.0,0.011590852867811918
118,1.3832786541897804,0.057497382164001465,0.05749702453613281,0.9970108866691589,0.99700927734375,0,0,2.0265579223632812e-06,1.6689300537109375e-06,1.4901161193847656e-06,0.0,0.01163285318762064
119,1.3949114510323852,0.05749630928039551,0.057496070861816406,0.9970100522041321,0.99700927734375,0,0,-1.0728836059570312e-06,-9.5367431640625e-07,-8.344650268554688e-07,0.0,0.011632796842604876
120,1.4067873212043196,0.0574951171875,0.0574951171875,0.99700927734375,0.99700927734375,0,0,-1.1920928955078125e-06,-9.5367431640625e-07,-7.748603820800781e-07,0.0,0.011875870171934366
121,1.4185687471181154,0.057628631591796875,0.05760836601257324,0.9971085786819458,0.99700927734375,0,0,0.000133514404296875,0.00011324882507324219,9.930133819580078e-05,0.0,0.011781425913795829
122,1.4302823410835117,0.057536303997039795,0.0575295090675354,0.997037947177887,0.99700927734375,0,0,-9.232759475708008e-05,-7.88569450378418e-05,-7.063150405883789e-05,0.0,0.011713593965396285
123,1.4419069529976696,0.05749523639678955,0.05749523639678955,0.9970093965530396,0.99700927734375,0,0,-4.106760025024414e-05,-3.427267074584961e-05,-2.855062484741211e-05,0.0,0.011624611914157867
124,1.4536710460670292,0.052796006202697754,0.055238187313079834,0.9956905841827393,0.99700927734375,0,0,-0.004699230194091797,-0.002257049083709717,-0.001318812370300293,0.0,0.01176409306935966
125,1.46540462016128,0.05749541521072388,0.0574953556060791,0.9970095157623291,0.99700927734375,0,0,0.004699409008026123,0.0022571682929992676,0.0013189315795898438,0.0,0.011733574094250798
126,1.4771602691616863,0.057509005069732666,0.0575067400932312,0.9970189929008484,0.99700927734375,0,0,1.3589859008789062e-05,1.138448715209961e-05,9.47713851928711e-06,0.0,0.011755649000406265
127,1.488780140178278,0.05761533975601196,0.05760139226913452,0.9971018433570862,0.99700927734375,0,0,0.00010633468627929688,9.465217590332031e-05,8.285045623779297e-05,0.0,0.011619871016591787
128,1.5003993820864707,0.05758774280548096,0.05757492780685425,0.9970776438713074,0.99700927734375,0,0,-2.759695053100586e-05,-2.6464462280273438e-05,-2.4199485778808594e-05,0.0,0.011619241908192635
129,1.512089272029698,0.05538445711135864,0.05632251501083374,0.9964281916618347,0.99700927734375,0,0,-0.0022032856941223145,-0.0012524127960205078,-0.0006494522094726562,0.0,0.011689889943227172
130,1.5239129750989377,0.05749636888504028,0.057496070861816406,0.9970100522041321,0.99700927734375,0,0,0.0021119117736816406,0.001173555850982666,0.0005818605422973633,0.0,0.011823703069239855
131,1.53568158717826,0.0574951171875,0.0574951171875,0.99700927734375,0.99700927734375,0,0,-1.2516975402832031e-06,-9.5367431640625e-07,-7.748603820800781e-07,0.0,0.011768612079322338
132,1.5472715510986745,0.0574951171875,0.0574951171875,0.99700927734375,0.99700927734375,0,0,0.0,0.0,0.0,0.0,0.011589963920414448
133,1.558911681175232,0.0574951171875,0.0574951171875,0.99700927734375,0.99700927734375,0,0,0.0,0.0,0.0,0.0,0.011640130076557398
134,1.5717826390173286,0.05749630928039551,0.057496070861816406,0.9970100522041321,0.99700927734375,0,0,1.1920928955078125e-06,9.5367431640625e-07,7.748603820800781e-07,0.0,0.012870957842096686
135,1.5834008811507374,0.05751234292984009,0.05750948190689087,0.9970213174819946,0.99700927734375,0,0,1.6033649444580078e-05,1.341104507446289e-05,1.1265277862548828e-05,0.0,0.011618242133408785
136,1.5952692511491477,0.05749523639678955,0.05749523639678955,0.9970093965530396,0.99700927734375,0,0,-1.710653305053711e-05,-1.424551010131836e-05,-1.1920928955078125e-05,0.0,0.011868369998410344
137,1.6071813812013716,0.057569026947021484,0.05755817890167236,0.9970628023147583,0.99700927734375,0,0,7.37905502319336e-05,6.29425048828125e-05,5.340576171875e-05,0.0,0.011912130052223802
138,1.6187788450624794,0.0575140118598938,0.05007219314575195,0.992320716381073,0.99700927734375,0,0,-5.501508712768555e-05,-0.00748598575592041,-0.004742085933685303,0.0,0.011597463861107826
139,1.6303937351331115,0.0575297474861145,0.05752420425415039,0.9970335960388184,0.99700927734375,0,0,1.5735626220703125e-05,0.0074520111083984375,0.004712879657745361,0.0,0.0116148900706321
140,1.642026939196512,0.05751776695251465,0.05759286880493164,0.9971439838409424,0.99700927734375,0,0,-1.1980533599853516e-05,6.866455078125e-05,0.00011038780212402344,0.0,0.011633204063400626
141,1.6539207540918142,0.05751240253448486,0.057509541511535645,0.9970213174819946,0.99700927734375,0,0,-5.364418029785156e-06,-8.33272933959961e-05,-0.0001226663589477539,0.0,0.011893814895302057
142,1.6655227551236749,0.05749523639678955,0.05749523639678955,0.9970093965530396,0.99700927734375,0,0,-1.71661376953125e-05,-1.430511474609375e-05,-1.1920928955078125e-05,0.0,0.01160200103186071
143,1.6773974590469152,0.0574951171875,0.0574951171875,0.99700927734375,0.99700927734375,0,0,-1.1920928955078125e-07,-1.1920928955078125e-07,-1.1920928955078125e-07,0.0,0.011874703923240304
144,1.6890264779794961,0.05156749486923218,0.05378621816635132,0.9947503209114075,0.99700927734375,0,0,-0.005927622318267822,-0.0037088990211486816,-0.0022589564323425293,0.0,0.011629018932580948
145,1.7010576070751995,0.05749541521072388,0.0574953556060791,0.9970095157623291,0.99700927734375,0,0,0.005927920341491699,0.003709137439727783,0.002259194850921631,0.0,0.012031129095703363
146,1.7127802930772305,0.05698525905609131,0.05728113651275635,0.9969733357429504,0.99700927734375,0,0,-0.0005101561546325684,-0.0002142190933227539,-3.618001937866211e-05,0.0,0.011722686002030969
147,1.7245447000022978,0.0574953556060791,0.0574953556060791,0.9970094561576843,0.99700927734375,0,0,0.000510096549987793,0.0002142190933227539,3.612041473388672e-05,0.0,0.011764406925067306
148,1.736149090109393,0.05528616905212402,0.0562167763710022,0.9963240027427673,0.99700927734375,0,0,-0.002209186553955078,-0.0012785792350769043,-0.0006854534149169922,0.0,0.011604390107095242
149,1.747948702191934,0.0575636625289917,0.05755341053009033,0.9970586895942688,0.99700927734375,0,0,0.0022774934768676758,0.0013366341590881348,0.0007346868515014648,0.0,0.011799612082540989
150,1.7598797942046076,0.05738186836242676,0.05751776695251465,0.9971070289611816,0.99700927734375,0,0,-0.0001817941665649414,-3.5643577575683594e-05,4.83393669128418e-05,0.0,0.011931092012673616
151,1.7715518691111356,0.057495296001434326,0.05749523639678955,0.9970093965530396,0.99700927734375,0,0,0.00011342763900756836,-2.2530555725097656e-05,-9.763240814208984e-05,0.0,0.011672074906527996
152,1.7833978871349245,0.0574951171875,0.0574951171875,0.99700927734375,0.99700927734375,0,0,-1.7881393432617188e-07,-1.1920928955078125e-07,-1.1920928955078125e-07,0.0,0.011846018023788929
153,1.7954101641662419,0.0574951171875,0.0574951171875,0.99700927734375,0.99700927734375,0,0,0.0,0.0,0.0,0.0,0.012012277031317353
154,1.8070201841183007,0.05753326416015625,0.05752450227737427,0.9970338940620422,0.99700927734375,0,0,3.814697265625e-05,2.9385089874267578e-05,2.4616718292236328e-05,0.0,0.011610019952058792
155,1.819787068059668,0.057499468326568604,0.05749845504760742,0.9970120191574097,0.99700927734375,0,0,-3.3795833587646484e-05,-2.6047229766845703e-05,-2.187490463256836e-05,0.0,0.012766883941367269
156,1.8323390090372413,0.05758768320083618,0.057569026947021484,0.9970723390579224,0.99700927734375,0,0,8.821487426757812e-05,7.05718994140625e-05,6.031990051269531e-05,0.0,0.012551940977573395
157,1.8441633430775255,0.057505130767822266,0.057503461837768555,0.9970162510871887,0.99700927734375,0,0,-8.255243301391602e-05,-6.556510925292969e-05,-5.608797073364258e-05,0.0,0.011824334040284157
158,1.8558192690834403,0.05751770734786987,0.057592809200286865,0.9971529245376587,0.99700927734375,0,0,1.2576580047607422e-05,8.934736251831055e-05,0.0001366734504699707,0.0,0.011655926005914807
159,1.8675254001282156,0.05749523639678955,0.05749523639678955,0.9970093965530396,0.99700927734375,0,0,-2.2470951080322266e-05,-9.757280349731445e-05,-0.00014352798461914062,0.0,0.011706131044775248
160,1.8792756220791489,0.05751824378967285,0.05751442909240723,0.9970253705978394,0.99700927734375,0,0,2.300739288330078e-05,1.919269561767578e-05,1.5974044799804688e-05,0.0,0.011750221950933337
161,1.8909015860408545,0.05755823850631714,0.057548701763153076,0.9970545768737793,0.99700927734375,0,0,3.999471664428711e-05,3.427267074584961e-05,2.9206275939941406e-05,0.0,0.011625963961705565
162,1.902551680104807,0.05749523639678955,0.05749523639678955,0.9970093965530396,0.99700927734375,0,0,-6.300210952758789e-05,-5.346536636352539e-05,-4.5180320739746094e-05,0.0,0.011650094063952565
163,1.915404582163319,0.0574951171875,0.0574951171875,0.99700927734375,0.99700927734375,0,0,-1.1920928955078125e-07,-1.1920928955078125e-07,-1.1920928955078125e-07,0.0,0.012852902058511972
164,1.9271535270381719,0.05750870704650879,0.057506442070007324,0.9970186948776245,0.99700927734375,0,0,1.3589859008789062e-05,1.1324882507324219e-05,9.417533874511719e-06,0.0,0.011748944874852896
165,1.938921453198418,0.0575261116027832,0.05752098560333252,0.9970309138298035,0.99700927734375,0,0,1.7404556274414062e-05,1.4543533325195312e-05,1.2218952178955078e-05,0.0,0.011767926160246134
166,1.9505528430454433,0.05749523639678955,0.05156761407852173,0.9933004975318909,0.99700927734375,0,0,-3.0875205993652344e-05,-0.005953371524810791,-0.0037304162979125977,0.0,0.011631389847025275
167,1.9623041211161762,0.057499468326568604,0.057498812675476074,0.9970120787620544,0.99700927734375,0,0,4.231929779052734e-06,0.005931198596954346,0.0037115812301635742,0.0,0.011751278070732951
168,1.9740416591521353,0.057647705078125,0.05764645338058472,0.9971516728401184,0.99700927734375,0,0,0.00014823675155639648,0.00014764070510864258,0.00013959407806396484,0.0,0.011737538035959005
169,1.985654567135498,0.05749619007110596,0.05749589204788208,0.9970099329948425,0.99700927734375,0,0,-0.00015151500701904297,-0.00015056133270263672,-0.0001417398452758789,0.0,0.011612907983362675
170,1.997406290145591,0.05757176876068115,0.057560503482818604,0.9970647692680359,0.99700927734375,0,0,7.557868957519531e-05,6.461143493652344e-05,5.4836273193359375e-05,0.0,0.011751723010092974
171,2.009039550088346,0.05749523639678955,0.05749523639678955,0.9970093965530396,0.99700927734375,0,0,-7.653236389160156e-05,-6.526708602905273e-05,-5.537271499633789e-05,0.0,0.011633259942755103
172,2.0230430960655212,0.0574951171875,0.0574951171875,0.99700927734375,0.967254638671875,0,0,-1.1920928955078125e-07,-1.1920928955078125e-07,-1.1920928955078125e-07,-0.029754638671875,0.014003545977175236
173,2.0346621521748602,0.05738258361816406,0.05756175518035889,0.9971296787261963,0.99700927734375,0,0,-0.0001125335693359375,6.663799285888672e-05,0.00012040138244628906,0.029754638671875,0.011619056109338999
174,2.046403893036768,0.057495296001434326,0.05749523639678955,0.9970093965530396,0.99700927734375,0,0,0.00011271238327026367,-6.651878356933594e-05,-0.00012028217315673828,0.0,0.011741740861907601
175,2.0580397280864418,0.05763930082321167,0.057628631591796875,0.997129499912262,0.99700927734375,0,0,0.00014400482177734375,0.00013339519500732422,0.00012010335922241211,0.0,0.011635835049673915
176,2.0697725620120764,0.05749523639678955,0.05749523639678955,0.9970093965530396,0.99700927734375,0,0,-0.00014406442642211914,-0.00013339519500732422,-0.00012010335922241211,0.0,0.011732833925634623
177,2.0814043399877846,0.05765378475189209,0.05764365196228027,0.9971364736557007,0.99700927734375,0,0,0.00015854835510253906,0.00014841556549072266,0.0001270771026611328,0.0,0.011631777975708246
178,2.0931838960386813,0.05749523639678955,0.05749523639678955,0.9970093965530396,0.99700927734375,0,0,-0.00015854835510253906,-0.00014841556549072266,-0.0001270771026611328,0.0,0.011779556050896645
179,2.1050314330495894,0.053793907165527344,0.05524259805679321,0.9956942796707153,0.99700927734375,0,0,-0.003701329231262207,-0.002252638339996338,-0.0013151168823242188,0.0,0.011847537010908127
180,2.1166647491045296,0.057496607303619385,0.05749636888504028,0.997010350227356,0.99700927734375,0,0,0.003702700138092041,0.0022537708282470703,0.001316070556640625,0.0,0.011633316054940224
181,2.1285537669900805,0.05750274658203125,0.05750149488449097,0.9970145225524902,0.99700927734375,0,0,6.139278411865234e-06,5.125999450683594e-06,4.172325134277344e-06,0.0,0.011889017885550857
182,2.140152509091422,0.05760836601257324,0.0575944185256958,0.9970953464508057,0.99700927734375,0,0,0.00010561943054199219,9.292364120483398e-05,8.082389831542969e-05,0.0,0.011598742101341486
183,2.151820825180039,0.05156761407852173,0.05378633737564087,0.994750440120697,0.99700927734375,0,0,-0.006040751934051514,-0.0038080811500549316,-0.0023449063301086426,0.0,0.011668316088616848
184,2.163551270030439,0.05749553442001343,0.05749541521072388,0.9970095157623291,0.99700927734375,0,0,0.005927920341491699,0.003709077835083008,0.00225907564163208,0.0,0.01173044485040009
185,2.1751467341091484,0.0500640869140625,0.052799761295318604,0.9941083788871765,0.99700927734375,0,0,-0.007431447505950928,-0.0046956539154052734,-0.002901136875152588,0.0,0.011595464078709483
186,2.186781123979017,0.05617523193359375,0.05677497386932373,0.9966657161712646,0.99700927734375,0,0,0.00611114501953125,0.003975212574005127,0.0025573372840881348,0.0,0.011634389869868755
187,2.1984002171084285,0.0574953556060791,0.0574953556060791,0.9970095157623291,0.99700927734375,0,0,0.0013201236724853516,0.0007203817367553711,0.0003437995910644531,0.0,0.01161909312941134
188,2.210040311096236,0.05762392282485962,0.057606518268585205,0.997104823589325,0.99700927734375,0,0,0.00012856721878051758,0.00011116266250610352,9.530782699584961e-05,0.0,0.011640093987807631
189,2.2219126261770725,0.05699014663696289,0.057285189628601074,0.9969767332077026,0.99700927734375,0,0,-0.0006337761878967285,-0.00032132863998413086,-0.00012809038162231445,0.0,0.011872315080836415
190,2.2335544780362397,0.0574953556060791,0.0574953556060791,0.9970094561576843,0.99700927734375,0,0,0.0005052089691162109,0.00021016597747802734,3.272294998168945e-05,0.0,0.011641851859167218
191,2.2451687201391906,0.0574951171875,0.0574951171875,0.99700927734375,0.99700927734375,0,0,-2.384185791015625e-07,-2.384185791015625e-07,-1.7881393432617188e-07,0.0,0.011614242102950811
192,2.2567769621964544,0.05378711223602295,0.055236876010894775,0.9956895112991333,0.99700927734375,0,0,-0.0037080049514770508,-0.0022582411766052246,-0.0013197660446166992,0.0,0.011608242057263851
193,2.2684114810544997,0.05749541521072388,0.0574953556060791,0.9970095157623291,0.99700927734375,0,0,0.0037083029747009277,0.002258479595184326,0.0013200044631958008,0.0,0.01163451885804534
194,2.280157056171447,0.05765467882156372,0.05765753984451294,0.9971644878387451,0.99700927734375,0,0,0.00015926361083984375,0.0001621842384338379,0.00015497207641601562,0.0,0.011745575116947293
195,2.2917815940454602,0.05749523639678955,0.05749523639678955,0.9970093965530396,0.99700927734375,0,0,-0.00015944242477416992,-0.00016230344772338867,-0.0001550912857055664,0.0,0.011624537874013186
196,2.3033961141481996,0.0574951171875,0.0574951171875,0.99700927734375,0.99700927734375,0,0,-1.1920928955078125e-07,-1.1920928955078125e-07,-1.1920928955078125e-07,0.0,0.011614520102739334
197,2.315789759159088,0.0574951171875,0.0574951171875,0.99700927734375,0.99700927734375,0,0,0.0,0.0,0.0,0.0,0.012393645010888577
198,2.3273976310156286,0.0574951171875,0.0574951171875,0.99700927734375,0.99700927734375,0,0,0.0,0.0,0.0,0.0,0.011607871856540442
199,2.339168298058212,0.0575825572013855,0.05756878852844238,0.9970711469650269,0.99700927734375,0,0,8.744001388549805e-05,7.367134094238281e-05,6.186962127685547e-05,0.0,0.011770667042583227
200,2.3507755210157484,0.05749619007110596,0.057495951652526855,0.9970099329948425,0.99700927734375,0,0,-8.636713027954102e-05,-7.283687591552734e-05,-6.121397018432617e-05,0.0,0.011607222957536578
201,2.362563743023202,0.057497620582580566,0.05749720335006714,0.9970110058784485,0.99700927734375,0,0,1.430511474609375e-06,1.2516975402832031e-06,1.0728836059570312e-06,0.0,0.011788222007453442
202,2.3741491711698472,0.057581186294555664,0.057569026947021484,0.9896337389945984,0.99700927734375,0,0,8.356571197509766e-05,7.18235969543457e-05,-0.007377266883850098,0.0,0.011585428146645427
203,2.385778801050037,0.05750483274459839,0.05750322341918945,0.9970160126686096,0.99700927734375,0,0,-7.635354995727539e-05,-6.580352783203125e-05,0.0073822736740112305,0.0,0.011629629880189896
204,2.39765989407897,0.05749523639678955,0.05749523639678955,0.9970093965530396,0.99700927734375,0,0,-9.59634780883789e-06,-7.987022399902344e-06,-6.616115570068359e-06,0.0,0.01188109302893281
205,2.4094080610666424,0.05755329132080078,0.05754435062408447,0.9970442652702332,0.99700927734375,0,0,5.805492401123047e-05,4.9114227294921875e-05,3.4868717193603516e-05,0.0,0.011748166987672448
206,2.4212855601217598,0.05749911069869995,0.0574985146522522,0.9970120787620544,0.99700927734375,0,0,-5.418062210083008e-05,-4.583597183227539e-05,-3.218650817871094e-05,0.0,0.011877499055117369
207,2.4329070991370827,0.057730019092559814,0.0576968789100647,0.9971814751625061,0.99700927734375,0,0,0.00023090839385986328,0.0001983642578125,0.00016939640045166016,0.0,0.011621539015322924
208,2.4445356181822717,0.056508779525756836,0.056985318660736084,0.9968960285186768,0.99700927734375,0,0,-0.0012212395668029785,-0.0007115602493286133,-0.0002854466438293457,0.0,0.011628519045189023
209,2.456570469075814,0.05753684043884277,0.057530224323272705,0.9970387816429138,0.99700927734375,0,0,0.0010280609130859375,0.0005449056625366211,0.00014275312423706055,0.0,0.01203485089354217
210,2.4681515630800277,0.05749523639678955,0.05749523639678955,0.9970093965530396,0.99700927734375,0,0,-4.1604042053222656e-05,-3.49879264831543e-05,-2.9385089874267578e-05,0.0,0.01158109400421381
211,2.4798195820767432,0.0574951171875,0.0574951171875,0.99700927734375,0.99700927734375,0,0,-1.1920928955078125e-07,-1.1920928955078125e-07,-1.1920928955078125e-07,0.0,0.011668018996715546
212,2.4915600831154734,0.0574951171875,0.0574951171875,0.99700927734375,0.99700927734375,0,0,0.0,0.0,0.0,0.0,0.011740501038730145
213,2.503294176189229,0.0574951171875,0.0574951171875,0.99700927734375,0.99700927734375,0,0,0.0,0.0,0.0,0.0,0.011734093073755503
214,2.5149078061804175,0.0574951171875,0.0574951171875,0.99700927734375,0.99700927734375,0,0,0.0,0.0,0.0,0.0,0.011613629991188645
215,2.526655251160264,0.0574951171875,0.0574951171875,0.99700927734375,0.99700927734375,0,0,0.0,0.0,0.0,0.0,0.011747444979846478
216,2.5383207711856812,0.057496607303619385,0.05749636888504028,0.9970102310180664,0.99700927734375,0,0,1.4901161193847656e-06,1.2516975402832031e-06,9.5367431640625e-07,0.0,0.011665520025417209
217,2.5501752521377057,0.0574951171875,0.0574951171875,0.99700927734375,0.99700927734375,0,0,-1.4901161193847656e-06,-1.2516975402832031e-06,-9.5367431640625e-07,0.0,0.01185448095202446
218,2.563069506082684,0.05762982368469238,0.057643234729766846,0.9971569180488586,0.99700927734375,0,0,0.0001347064971923828,0.0001481175422668457,0.00014764070510864258,0.0,0.012894253944978118
219,2.574662471190095,0.057633042335510254,0.05761319398880005,0.9971097111701965,0.99700927734375,0,0,3.2186508178710938e-06,-3.0040740966796875e-05,-4.7206878662109375e-05,0.0,0.011592965107411146
220,2.58632693416439,0.05750209093093872,0.057500362396240234,0.9970136284828186,0.99700927734375,0,0,-0.0001309514045715332,-0.00011283159255981445,-9.608268737792969e-05,0.0,0.01166446297429502
221,2.598050176165998,0.05749523639678955,0.05749523639678955,0.9970093965530396,0.99700927734375,0,0,-6.854534149169922e-06,-5.125999450683594e-06,-4.231929779052734e-06,0.0,0.011723242001608014
222,2.6099447121378034,0.05749720335006714,0.057496726512908936,0.9970106482505798,0.99700927734375,0,0,1.9669532775878906e-06,1.4901161193847656e-06,1.2516975402832031e-06,0.0,0.011894535971805453
223,2.6218108790926635,0.0574951171875,0.0574951171875,0.99700927734375,0.99700927734375,0,0,-2.086162567138672e-06,-1.6093254089355469e-06,-1.3709068298339844e-06,0.0,0.011866166954860091
224,2.633417250122875,0.0574951171875,0.0574951171875,0.99700927734375,0.99700927734375,0,0,0.0,0.0,0.0,0.0,0.011606371030211449
225,2.6454462131951004,0.0574951171875,0.0574951171875,0.99700927734375,0.99700927734375,0,0,0.0,0.0,0.0,0.0,0.012028963072225451
226,2.6570517881773412,0.0574951171875,0.0574951171875,0.99700927734375,0.99700927734375,0,0,0.0,0.0,0.0,0.0,0.011605574982240796
227,2.6686995290219784,0.057497620582580566,0.05749720335006714,0.9970108866691589,0.99700927734375,0,0,2.5033950805664062e-06,2.086162567138672e-06,1.6093254089355469e-06,0.0,0.011647740844637156
228,2.6805845291819423,0.05756121873855591,0.057615041732788086,0.9971569180488586,0.99700927734375,0,0,6.35981559753418e-05,0.00011783838272094727,0.00014603137969970703,0.0,0.011885000159963965
229,2.6925897321198136,0.05754053592681885,0.0575333833694458,0.9970414638519287,0.99700927734375,0,0,-2.0682811737060547e-05,-8.165836334228516e-05,-0.00011545419692993164,0.0,0.012005202937871218
230,2.704316696152091,0.05749523639678955,0.05749523639678955,0.9970093965530396,0.99700927734375,0,0,-4.5299530029296875e-05,-3.814697265625e-05,-3.2067298889160156e-05,0.0,0.011726964032277465
231,2.7160615290049464,0.05758768320083618,0.057569026947021484,0.9970723390579224,0.99700927734375,0,0,9.244680404663086e-05,7.37905502319336e-05,6.29425048828125e-05,0.0,0.011744832852855325
232,2.727930918103084,0.05749523639678955,0.05749523639678955,0.9970093965530396,0.99700927734375,0,0,-9.244680404663086e-05,-7.37905502319336e-05,-6.29425048828125e-05,0.0,0.011869389098137617
233,2.7400885832030326,0.057505130767822266,0.057503461837768555,0.9970162510871887,0.99700927734375,0,0,9.894371032714844e-06,8.225440979003906e-06,6.854534149169922e-06,0.0,0.012157665099948645
234,2.7517337321769446,0.0576443076133728,0.05763447284698486,0.9971362948417664,0.99700927734375,0,0,0.0001391768455505371,0.0001310110092163086,0.00012004375457763672,0.0,0.011645148973912
235,2.763444214127958,0.05758124589920044,0.05756908655166626,0.9970723986625671,0.99700927734375,0,0,-6.306171417236328e-05,-6.538629531860352e-05,-6.389617919921875e-05,0.0,0.011710481951013207
236,2.775086141191423,0.05378633737564087,0.05617481470108032,0.9964994788169861,0.967254638671875,0,0,-0.0037949085235595703,-0.0013942718505859375,-0.0005729198455810547,-0.029754638671875,0.011641927063465118
237,2.7871479741297662,0.05753755569458008,0.057527780532836914,0.9970366954803467,0.99700927734375,0,0,0.003751218318939209,0.0013529658317565918,0.0005372166633605957,0.029754638671875,0.012061832938343287
238,2.798930789111182,0.05750983953475952,0.05750638246536255,0.9970186352729797,0.99700927734375,0,0,-2.771615982055664e-05,-2.1398067474365234e-05,-1.806020736694336e-05,0.0,0.011782814981415868
239,2.811823950149119,0.05749523639678955,0.05749523639678955,0.9970093965530396,0.99700927734375,0,0,-1.4603137969970703e-05,-1.1146068572998047e-05,-9.238719940185547e-06,0.0,0.012893161037936807
240,2.82361119100824,0.05750429630279541,0.05750209093093872,0.9970150589942932,0.99700927734375,0,0,9.059906005859375e-06,6.854534149169922e-06,5.662441253662109e-06,0.0,0.011787240859121084
241,2.835552358068526,0.05749523639678955,0.05749523639678955,0.9970093965530396,0.99700927734375,0,0,-9.059906005859375e-06,-6.854534149169922e-06,-5.662441253662109e-06,0.0,0.011941167060285807
242,2.847286821110174,0.0574951171875,0.0574951171875,0.99700927734375,0.99700927734375,0,0,-1.1920928955078125e-07,-1.1920928955078125e-07,-1.1920928955078125e-07,0.0,0.011734463041648269
243,2.8589080441743135,0.055236876010894775,0.0561753511428833,0.9962892532348633,0.99700927734375,0,0,-0.0022582411766052246,-0.0013197660446166992,-0.0007200241088867188,0.0,0.011621223064139485
244,2.8705714161042124,0.0574953556060791,0.0574953556060791,0.9970095157623291,0.99700927734375,0,0,0.002258479595184326,0.0013200044631958008,0.0007202625274658203,0.0,0.011663371929898858
245,2.882199380081147,0.05756264925003052,0.057551801204681396,0.9970527291297913,0.99700927734375,0,0,6.729364395141602e-05,5.644559860229492e-05,4.32133674621582e-05,0.0,0.011627963976934552
246,2.893963510170579,0.05749523639678955,0.05749523639678955,0.9970093965530396,0.99700927734375,0,0,-6.74128532409668e-05,-5.65648078918457e-05,-4.3332576751708984e-05,0.0,0.011764130089432001
247,2.9055767331738025,0.05749845504760742,0.057497620582580566,0.9910838007926941,0.99700927734375,0,0,3.2186508178710938e-06,2.384185791015625e-06,-0.005925595760345459,0.0,0.011613223003223538
248,2.9174142701085657,0.05758166313171387,0.05756944417953491,0.997072696685791,0.99700927734375,0,0,8.320808410644531e-05,7.18235969543457e-05,0.005988895893096924,0.0,0.011837536934763193
249,2.9290379560552537,0.05760139226913452,0.05758774280548096,0.9896504282951355,0.99700927734375,0,0,1.9729137420654297e-05,1.8298625946044922e-05,-0.007422268390655518,0.0,0.011623685946688056
250,2.940656883176416,0.057615697383880615,0.05763930082321167,0.997158944606781,0.99700927734375,0,0,1.430511474609375e-05,5.155801773071289e-05,0.007508516311645508,0.0,0.011618927121162415
251,2.9522835509851575,0.05764651298522949,0.057632267475128174,0.9971309304237366,0.99700927734375,0,0,3.081560134887695e-05,-7.033348083496094e-06,-2.8014183044433594e-05,0.0,0.011626667808741331
252,2.963913422077894,0.05156850814819336,0.054589688777923584,0.9952718615531921,0.99700927734375,0,0,-0.006078004837036133,-0.00304257869720459,-0.0018590688705444336,0.0,0.011629871092736721
253,2.975703570060432,0.05749547481536865,0.0574953556060791,0.9970095157623291,0.99700927734375,0,0,0.005926966667175293,0.0029056668281555176,0.0017376542091369629,0.0,0.011790147982537746
254,2.9874158860184252,0.057496070861816406,0.05749589204788208,0.9970099329948425,0.99700927734375,0,0,5.960464477539062e-07,5.364418029785156e-07,4.172325134277344e-07,0.0,0.011712315957993269
255,2.9990687200333923,0.05755537748336792,0.057546138763427734,0.9970523118972778,0.99700927734375,0,0,5.930662155151367e-05,5.02467155456543e-05,4.2378902435302734e-05,0.0,0.011652834014967084
256,3.010690647177398,0.05749708414077759,0.05749678611755371,0.9970106482505798,0.99700927734375,0,0,-5.829334259033203e-05,-4.935264587402344e-05,-4.166364669799805e-05,0.0,0.011621927144005895
257,3.0224266110453755,0.057496845722198486,0.057496607303619385,0.9970105290412903,0.99700927734375,0,0,-2.384185791015625e-07,-1.7881393432617188e-07,-1.1920928955078125e-07,0.0,0.011735963867977262
258,3.0340430561918765,0.0574951171875,0.0574951171875,0.99700927734375,0.99700927734375,0,0,-1.7285346984863281e-06,-1.4901161193847656e-06,-1.2516975402832031e-06,0.0,0.011616445146501064
259,3.045663946075365,0.05749785900115967,0.057497382164001465,0.9970111846923828,0.99700927734375,0,0,2.7418136596679688e-06,2.2649765014648438e-06,1.9073486328125e-06,0.0,0.011620889883488417
260,3.0584884230047464,0.0574951171875,0.0574951171875,0.99700927734375,0.99700927734375,0,0,-2.7418136596679688e-06,-2.2649765014648438e-06,-1.9073486328125e-06,0.0,0.01282447692938149
261,3.0702986270189285,0.05749720335006714,0.057496845722198486,0.9970107674598694,0.99700927734375,0,0,2.086162567138672e-06,1.7285346984863281e-06,1.4901161193847656e-06,0.0,0.01181020401418209
262,3.081932387081906,0.0574951171875,0.0574951171875,0.99700927734375,0.99700927734375,0,0,-2.086162567138672e-06,-1.7285346984863281e-06,-1.4901161193847656e-06,0.0,0.011633760062977672
263,3.0936648692004383,0.057499468326568604,0.057498812675476074,0.9970123171806335,0.99700927734375,0,0,4.351139068603516e-06,3.6954879760742188e-06,3.039836883544922e-06,0.0,0.011732482118532062
264,3.1052984811831266,0.053786277770996094,0.05523616075515747,0.9960228204727173,0.99700927734375,0,0,-0.0037131905555725098,-0.0022626519203186035,-0.0009894967079162598,0.0,0.011633611982688308
265,3.117160869995132,0.05763953924179077,0.0576288104057312,0.9971296787261963,0.99700927734375,0,0,0.0038532614707946777,0.0023926496505737305,0.001106858253479004,0.0,0.01186238881200552
266,3.128796130185947,0.05749523639678955,0.05749523639678955,0.9970093965530396,0.99700927734375,0,0,-0.0001443028450012207,-0.0001335740089416504,-0.00012028217315673828,0.0,0.011635260190814734
267,3.140578279038891,0.057633399963378906,0.05761462450027466,0.9971116781234741,0.99700927734375,0,0,0.00013816356658935547,0.00011938810348510742,0.00010228157043457031,0.0,0.011782148852944374
268,3.1521786500234157,0.057674407958984375,0.05764961242675781,0.997141420841217,0.99700927734375,0,0,4.100799560546875e-05,3.49879264831543e-05,2.9742717742919922e-05,0.0,0.011600370984524488
269,3.1639137621968985,0.053786396980285645,0.0552363395690918,0.9956890344619751,0.99700927734375,0,0,-0.0038880109786987305,-0.0024132728576660156,-0.0014523863792419434,0.0,0.011735112173482776
270,3.175577966030687,0.057648658752441406,0.05764293670654297,0.9971458315849304,0.99700927734375,0,0,0.0038622617721557617,0.002406597137451172,0.0014567971229553223,0.0,0.011664203833788633
271,3.187171097146347,0.05749523639678955,0.05749523639678955,0.9970093965530396,0.99700927734375,0,0,-0.00015342235565185547,-0.00014770030975341797,-0.00013643503189086914,0.0,0.011593131115660071
272,3.198932560160756,0.0574951171875,0.0574951171875,0.99700927734375,0.99700927734375,0,0,-1.1920928955078125e-07,-1.1920928955078125e-07,-1.1920928955078125e-07,0.0,0.011761463014408946
273,3.2108185230754316,0.0574951171875,0.0574951171875,0.99700927734375,0.99700927734375,0,0,0.0,0.0,0.0,0.0,0.011885962914675474
274,3.2225433201529086,0.0575219988822937,0.0575176477432251,0.9970281720161438,0.99700927734375,0,0,2.6881694793701172e-05,2.2530555725097656e-05,1.8894672393798828e-05,0.0,0.011724797077476978
275,3.234202210092917,0.05749523639678955,0.05749523639678955,0.9970093965530396,0.967254638671875,0,0,-2.676248550415039e-05,-2.2411346435546875e-05,-1.8775463104248047e-05,-0.029754638671875,0.011658889940008521
276,3.245930951088667,0.056525230407714844,0.0569990873336792,0.9968067407608032,0.99700927734375,0,0,-0.000970005989074707,-0.0004961490631103516,-0.00020265579223632812,0.029754638671875,0.011728740995749831
277,3.2578269140794873,0.0574953556060791,0.0574953556060791,0.9970094561576843,0.99700927734375,0,0,0.0009701251983642578,0.0004962682723999023,0.00020271539688110352,0.0,0.011895962990820408
278,3.269429952139035,0.056508660316467285,0.05698525905609131,0.9967952966690063,0.99700927734375,0,0,-0.0009866952896118164,-0.000510096549987793,-0.00021415948867797852,0.0,0.011603038059547544
279,3.281039230991155,0.05749964714050293,0.057498931884765625,0.9970124363899231,0.99700927734375,0,0,0.0009909868240356445,0.0005136728286743164,0.00021713972091674805,0.0,0.011609278852120042
280,3.2928556380793452,0.05749523639678955,0.05749523639678955,0.9970093369483948,0.99700927734375,0,0,-4.410743713378906e-06,-3.6954879760742188e-06,-3.0994415283203125e-06,0.0,0.011816407088190317
281,3.3045845460146666,0.0574951171875,0.0574951171875,0.99700927734375,0.99700927734375,0,0,-1.1920928955078125e-07,-1.1920928955078125e-07,-5.960464477539063e-08,0.0,0.011728907935321331
282,3.3162985101807863,0.05754667520523071,0.057538628578186035,0.9970427751541138,0.99700927734375,0,0,5.155801773071289e-05,4.3511390686035156e-05,3.349781036376953e-05,0.0,0.011713964166119695
283,3.328061843989417,0.05749523639678955,0.05749523639678955,0.9970093965530396,0.99700927734375,0,0,-5.143880844116211e-05,-4.3392181396484375e-05,-3.337860107421875e-05,0.0,0.011763333808630705
284,3.339671011082828,0.0574951171875,0.0574951171875,0.99700927734375,0.99700927734375,0,0,-1.1920928955078125e-07,-1.1920928955078125e-07,-1.1920928955078125e-07,0.0,0.011609167093411088
285,3.3512946981936693,0.05751234292984009,0.05750948190689087,0.9970213174819946,0.99700927734375,0,0,1.722574234008789e-05,1.436471939086914e-05,1.2040138244628906e-05,0.0,0.011623687110841274
286,3.3629260880406946,0.057497382164001465,0.05749702453613281,0.9910833239555359,0.99700927734375,0,0,-1.4960765838623047e-05,-1.245737075805664e-05,-0.00593799352645874,0.0,0.011631389847025275
287,3.3745422922074795,0.05749565362930298,0.05749553442001343,0.9970096945762634,0.99700927734375,0,0,-1.7285346984863281e-06,-1.4901161193847656e-06,0.005926370620727539,0.0,0.011616204166784883
288,3.386216275161132,0.057503461837768555,0.05750209093093872,0.9970145225524902,0.99700927734375,0,0,7.808208465576172e-06,6.556510925292969e-06,4.827976226806641e-06,0.0,0.01167398295365274
289,3.3979230341501534,0.05751776695251465,0.05759286880493164,0.9971439838409424,0.99700927734375,0,0,1.430511474609375e-05,9.077787399291992e-05,0.00012946128845214844,0.0,0.011706758989021182
290,3.409543999005109,0.05769294500350952,0.05764979124069214,0.9971433281898499,0.99700927734375,0,0,0.00017517805099487305,5.692243576049805e-05,-6.556510925292969e-07,0.0,0.011620964854955673
291,3.4214248689822853,0.057499587535858154,0.057498812675476074,0.9970123767852783,0.99700927734375,0,0,-0.0001933574676513672,-0.00015097856521606445,-0.0001309514045715332,0.0,0.01188086997717619
292,3.4330436661839485,0.05754798650741577,0.057539403438568115,0.9970463514328003,0.99700927734375,0,0,4.839897155761719e-05,4.0590763092041016e-05,3.3974647521972656e-05,0.0,0.011618797201663256
293,3.444670149125159,0.05749523639678955,0.05749523639678955,0.9970093965530396,0.99700927734375,0,0,-5.27501106262207e-05,-4.416704177856445e-05,-3.695487976074219e-05,0.0,0.01162648294121027
294,3.456300575984642,0.0574951171875,0.0574951171875,0.99700927734375,0.99700927734375,0,0,-1.1920928955078125e-07,-1.1920928955078125e-07,-1.1920928955078125e-07,0.0,0.011630426859483123
295,3.4680519090034068,0.05378621816635132,0.05523616075515747,0.9956888556480408,0.99700927734375,0,0,-0.0037088990211486816,-0.0022589564323425293,-0.0013204216957092285,0.0,0.011751333018764853
296,3.4798010759986937,0.05749732255935669,0.05749696493148804,0.9970107674598694,0.99700927734375,0,0,0.003711104393005371,0.0022608041763305664,0.0013219118118286133,0.0,0.011749166995286942
297,3.4914273000322282,0.0574951171875,0.0574951171875,0.99700927734375,0.99700927734375,0,0,-2.205371856689453e-06,-1.8477439880371094e-06,-1.4901161193847656e-06,0.0,0.011626224033534527
298,3.503046004101634,0.05749589204788208,0.05749577283859253,0.997009813785553,0.99700927734375,0,0,7.748603820800781e-07,6.556510925292969e-07,5.364418029785156e-07,0.0,0.011618704069405794
299,3.5146770421415567,0.05755823850631714,0.05754441022872925,0.9970508813858032,0.99700927734375,0,0,6.23464584350586e-05,4.863739013671875e-05,4.106760025024414e-05,0.0,0.011631038039922714
300,3.5264204870909452,0.057496607303619385,0.05749636888504028,0.997010350227356,0.99700927734375,0,0,-6.16312026977539e-05,-4.8041343688964844e-05,-4.0531158447265625e-05,0.0,0.011743444949388504
301,3.5380495621357113,0.0574951171875,0.0574951171875,0.99700927734375,0.99700927734375,0,0,-1.4901161193847656e-06,-1.2516975402832031e-06,-1.0728836059570312e-06,0.0,0.011629075044766068
302,3.549802526133135,0.0574951171875,0.0574951171875,0.99700927734375,0.99700927734375,0,0,0.0,0.0,0.0,0.0,0.011752963997423649
303,3.5614243601448834,0.0574951171875,0.0574951171875,0.99700927734375,0.99700927734375,0,0,0.0,0.0,0.0,0.0,0.011621834011748433
304,3.5733014901634306,0.05698692798614502,0.05728250741958618,0.9969744682312012,0.99700927734375,0,0,-0.0005081892013549805,-0.00021260976791381836,-3.4809112548828125e-05,0.0,0.011877130018547177
305,3.584929935168475,0.05752730369567871,0.05752211809158325,0.9970319271087646,0.99700927734375,0,0,0.0005403757095336914,0.0002396106719970703,5.745887756347656e-05,0.0,0.011628445005044341
306,3.5965497330762446,0.05749523639678955,0.05749523639678955,0.9970093965530396,0.99700927734375,0,0,-3.2067298889160156e-05,-2.6881694793701172e-05,-2.2530555725097656e-05,0.0,0.01161979790776968
307,3.608299289131537,0.05698525905609131,0.05728113651275635,0.9970318675041199,0.99700927734375,0,0,-0.0005099773406982422,-0.00021409988403320312,2.2470951080322266e-05,0.0,0.011749556055292487
308,3.6203179731965065,0.0574953556060791,0.05749523639678955,0.9970093965530396,0.99700927734375,0,0,0.000510096549987793,0.00021409988403320312,-2.2470951080322266e-05,0.0,0.01201868406496942
309,3.631946844048798,0.0574951171875,0.0574951171875,0.99700927734375,0.99700927734375,0,0,-2.384185791015625e-07,-1.1920928955078125e-07,-1.1920928955078125e-07,0.0,0.011628870852291584
310,3.6435464571695775,0.0574951171875,0.0574951171875,0.99700927734375,0.99700927734375,0,0,0.0,0.0,0.0,0.0,0.011599613120779395
311,3.6551744581665844,0.057496607303619385,0.05749636888504028,0.997010350227356,0.99700927734375,0,0,1.4901161193847656e-06,1.2516975402832031e-06,1.0728836059570312e-06,0.0,0.011628000997006893
312,3.667181809199974,0.05762982368469238,0.0576443076133728,0.9971534609794617,0.99700927734375,0,0,0.00013321638107299805,0.00014793872833251953,0.0001431107521057129,0.0,0.012007351033389568
313,3.67982004606165,0.05749523639678955,0.05749523639678955,0.9970093965530396,0.99700927734375,0,0,-0.00013458728790283203,-0.00014907121658325195,-0.00014406442642211914,0.0,0.012638236861675978
314,3.6914296390023082,0.05762362480163574,0.057609617710113525,0.9971096515655518,0.99700927734375,0,0,0.0001283884048461914,0.00011438131332397461,0.00010025501251220703,0.0,0.011609592940658331
315,3.703062992077321,0.05749523639678955,0.05749523639678955,0.9970093965530396,0.99700927734375,0,0,-0.0001283884048461914,-0.00011438131332397461,-0.00010025501251220703,0.0,0.011633353075012565
316,3.714812215184793,0.05458879470825195,0.05575692653656006,0.9960228204727173,0.99700927734375,0,0,-0.0029064416885375977,-0.0017383098602294922,-0.0009865760803222656,0.0,0.011749223107472062
317,3.726428196998313,0.0574953556060791,0.0574953556060791,0.9970095157623291,0.99700927734375,0,0,0.0029065608978271484,0.001738429069519043,0.0009866952896118164,0.0,0.011615981813520193
318,3.7380596611183137,0.05763930082321167,0.057628631591796875,0.997129499912262,0.99700927734375,0,0,0.00014394521713256836,0.00013327598571777344,0.00011998414993286133,0.0,0.0116314641200006
319,3.749680014094338,0.05764275789260864,0.05763447284698486,0.9971363544464111,0.99700927734375,0,0,3.4570693969726562e-06,5.841255187988281e-06,6.854534149169922e-06,0.0,0.01162035297602415
320,3.7614316809922457,0.05750429630279541,0.057502150535583496,0.997015118598938,0.99700927734375,0,0,-0.00013846158981323242,-0.0001323223114013672,-0.00012123584747314453,0.0,0.011751666897907853
321,3.773204756202176,0.057654738426208496,0.057686686515808105,0.997198760509491,0.99700927734375,0,0,0.00015044212341308594,0.00018453598022460938,0.00018364191055297852,0.0,0.011773075209930539
322,3.7849185711238533,0.05749523639678955,0.05749523639678955,0.9970093965530396,0.99700927734375,0,0,-0.0001595020294189453,-0.0001914501190185547,-0.00018936395645141602,0.0,0.011713814921677113
323,3.7965515539981425,0.0574951171875,0.0574951171875,0.99700927734375,0.99700927734375,0,0,-1.1920928955078125e-07,-1.1920928955078125e-07,-1.1920928955078125e-07,0.0,0.011632982874289155
324,3.8084337571635842,0.057496488094329834,0.05749630928039551,0.9970102310180664,0.99700927734375,0,0,1.3709068298339844e-06,1.1920928955078125e-06,9.5367431640625e-07,0.0,0.011882203165441751
325,3.820326313143596,0.0574951171875,0.0574951171875,0.99700927734375,0.99700927734375,0,0,-1.3709068298339844e-06,-1.1920928955078125e-06,-9.5367431640625e-07,0.0,0.01189255598001182
326,3.8323188121430576,0.0574951171875,0.0574951171875,0.99700927734375,0.99700927734375,0,0,0.0,0.0,0.0,0.0,0.011992498999461532
327,3.8439212581142783,0.0574951171875,0.0574951171875,0.99700927734375,0.99700927734375,0,0,0.0,0.0,0.0,0.0,0.011602445971220732
328,3.855808572145179,0.05763876438140869,0.0576443076133728,0.9971534609794617,0.99700927734375,0,0,0.0001436471939086914,0.00014919042587280273,0.00014418363571166992,0.0,0.011887314030900598
329,3.8674175729975104,0.05756348371505737,0.05755335092544556,0.9970585703849792,0.99700927734375,0,0,-7.528066635131836e-05,-9.09566879272461e-05,-9.489059448242188e-05,0.0,0.011609000852331519
330,3.879046685062349,0.05580711364746094,0.05655103921890259,0.996535062789917,0.99700927734375,0,0,-0.0017563700675964355,-0.0010023117065429688,-0.0005235075950622559,0.0,0.01162911206483841
331,3.890705649042502,0.05156773328781128,0.04634779691696167,0.9900489449501038,0.99700927734375,0,0,-0.004239380359649658,-0.010203242301940918,-0.006486117839813232,0.0,0.011658963980153203
332,3.9024644831661135,0.05776715278625488,0.057742536067962646,0.9972293972969055,0.99700927734375,0,0,0.0061994194984436035,0.011394739151000977,0.007180452346801758,0.0,0.01175883412361145
333,3.914054688066244,0.05758780241012573,0.0575750470161438,0.9970723986625671,0.99700927734375,0,0,-0.0001793503761291504,-0.00016748905181884766,-0.0001569986343383789,0.0,0.01159020490013063
334,3.926924664992839,0.05749523639678955,0.05749523639678955,0.9970093965530396,0.99700927734375,0,0,-9.256601333618164e-05,-7.981061935424805e-05,-6.300210952758789e-05,0.0,0.012869976926594973
335,3.938677609199658,0.05751770734786987,0.057615041732788086,0.9971573948860168,0.99700927734375,0,0,2.2470951080322266e-05,0.00011980533599853516,0.00014799833297729492,0.0,0.011752944206818938
336,3.950558517128229,0.05749523639678955,0.05749523639678955,0.9970093965530396,0.99700927734375,0,0,-2.2470951080322266e-05,-0.00011980533599853516,-0.00014799833297729492,0.0,0.011880907928571105
337,3.9622419429942966,0.056804001331329346,0.057303667068481445,0.9969921708106995,0.99700927734375,0,0,-0.0006912350654602051,-0.00019156932830810547,-1.722574234008789e-05,0.0,0.01168342586606741
338,3.9740519621409476,0.05749636888504028,0.05749619007110596,0.9970101118087769,0.99700927734375,0,0,0.0006923675537109375,0.00019252300262451172,1.7940998077392578e-05,0.0,0.01181001914665103
339,3.9856849261559546,0.0574951171875,0.0574951171875,0.99700927734375,0.99700927734375,0,0,-1.2516975402832031e-06,-1.0728836059570312e-06,-8.344650268554688e-07,0.0,0.011632964015007019
340,3.997596111148596,0.0574951171875,0.0574951171875,0.99700927734375,0.99700927734375,0,0,0.0,0.0,0.0,0.0,0.01191118499264121
341,4.009301574202254,0.0574951171875,0.0574951171875,0.99700927734375,0.99700927734375,0,0,0.0,0.0,0.0,0.0,0.011705463053658605
342,4.021211000159383,0.0574951171875,0.0574951171875,0.99700927734375,0.99700927734375,0,0,0.0,0.0,0.0,0.0,0.011909425957128406
343,4.032932945061475,0.0574951171875,0.0574951171875,0.99700927734375,0.99700927734375,0,0,0.0,0.0,0.0,0.0,0.011721944902092218
344,4.04487737105228,0.0574951171875,0.0574951171875,0.99700927734375,0.99700927734375,0,0,0.0,0.0,0.0,0.0,0.01194442599080503
345,4.056685000192374,0.0574951171875,0.0574951171875,0.99700927734375,0.99700927734375,0,0,0.0,0.0,0.0,0.0,0.011807629140093923
346,4.068319816142321,0.05751460790634155,0.05751138925552368,0.9970229268074036,0.99700927734375,0,0,1.9490718841552734e-05,1.627206802368164e-05,1.3649463653564453e-05,0.0,0.011634815949946642
347,4.080082280095667,0.05378633737564087,0.05523616075515747,0.9956888556480408,0.99700927734375,0,0,-0.0037282705307006836,-0.002275228500366211,-0.001334071159362793,0.0,0.011762463953346014
348,4.091934650205076,0.05750560760498047,0.05750381946563721,0.9910889267921448,0.99700927734375,0,0,0.0037192702293395996,0.0022676587104797363,-0.004599928855895996,0.0,0.011852370109409094
349,4.103593947133049,0.05749565362930298,0.05749553442001343,0.9970096945762634,0.99700927734375,0,0,-9.953975677490234e-06,-8.285045623779297e-06,0.005920767784118652,0.0,0.011659296927973628
350,4.11517641111277,0.0574951171875,0.0574951171875,0.99700927734375,0.99700927734375,0,0,-5.364418029785156e-07,-4.172325134277344e-07,-4.172325134277344e-07,0.0,0.01158246397972107
351,4.126924375072122,0.057496070861816406,0.05749589204788208,0.9970099329948425,0.99700927734375,0,0,9.5367431640625e-07,7.748603820800781e-07,6.556510925292969e-07,0.0,0.011747963959351182
352,4.138838708167896,0.05756711959838867,0.057556331157684326,0.9970610737800598,0.99700927734375,0,0,7.104873657226562e-05,6.0439109802246094e-05,5.1140785217285156e-05,0.0,0.011914333095774055
353,4.150428876047954,0.056813597679138184,0.057184040546417236,0.9969234466552734,0.99700927734375,0,0,-0.0007535219192504883,-0.00037229061126708984,-0.00013762712478637695,0.0,0.011590167880058289
354,4.162055414170027,0.05749630928039551,0.057496070861816406,0.9970100522041321,0.99700927734375,0,0,0.0006827116012573242,0.0003120303153991699,8.660554885864258e-05,0.0,0.011626538122072816
355,4.175066631054506,0.05764275789260864,0.05763447284698486,0.997129499912262,0.99700927734375,0,0,0.00014644861221313477,0.00013840198516845703,0.00011944770812988281,0.0,0.013011216884478927
356,4.186936667189002,0.05749523639678955,0.05749523639678955,0.9970093965530396,0.99700927734375,0,0,-0.0001475214958190918,-0.0001392364501953125,-0.00012010335922241211,0.0,0.011870036134496331
357,4.198604131117463,0.0574951171875,0.0574951171875,0.99700927734375,0.99700927734375,0,0,-1.1920928955078125e-07,-1.1920928955078125e-07,-1.1920928955078125e-07,0.0,0.011667463928461075
358,4.210228058043867,0.05750149488449097,0.057500362396240234,0.99701327085495,0.99700927734375,0,0,6.377696990966797e-06,5.245208740234375e-06,3.993511199951172e-06,0.0,0.011623926926404238
359,4.2220735950395465,0.05750608444213867,0.057502686977386475,0.9970155954360962,0.99700927734375,0,0,4.589557647705078e-06,2.3245811462402344e-06,2.3245811462402344e-06,0.0,0.01184553699567914
360,4.233942743157968,0.05575692653656006,0.056508660316467285,0.9964994192123413,0.99700927734375,0,0,-0.0017491579055786133,-0.0009940266609191895,-0.0005161762237548828,0.0,0.011869148118421435
361,4.245689429109916,0.0574953556060791,0.0574953556060791,0.9970095157623291,0.99700927734375,0,0,0.001738429069519043,0.0009866952896118164,0.000510096549987793,0.0,0.011746685951948166
362,4.257313559995964,0.05749601125717163,0.057495832443237305,0.9970098733901978,0.99700927734375,0,0,6.556510925292969e-07,4.76837158203125e-07,3.5762786865234375e-07,0.0,0.011624130886048079
363,4.268969190074131,0.0574951171875,0.0574951171875,0.99700927734375,0.99700927734375,0,0,-8.940696716308594e-07,-7.152557373046875e-07,-5.960464477539062e-07,0.0,0.011655630078166723
364,4.280690858140588,0.0574951171875,0.0574951171875,0.99700927734375,0.99700927734375,0,0,0.0,0.0,0.0,0.0,0.011721668066456914
365,4.292442006058991,0.0574951171875,0.0574951171875,0.99700927734375,0.99700927734375,0,0,0.0,0.0,0.0,0.0,0.011751147918403149
366,4.304055878194049,0.04866260290145874,0.052049338817596436,0.9937649369239807,0.99700927734375,0,0,-0.00883251428604126,-0.0054457783699035645,-0.003244340419769287,0.0,0.011613872135058045
367,4.315680916188285,0.05759352445602417,0.05763036012649536,0.9971579313278198,0.99700927734375,0,0,0.00893092155456543,0.005581021308898926,0.0033929944038391113,0.0,0.011625037994235754
368,4.327582230092958,0.05751579999923706,0.05751240253448486,0.9970237016677856,0.99700927734375,0,0,-7.772445678710938e-05,-0.00011795759201049805,-0.0001342296600341797,0.0,0.011901313904672861
369,4.339180139126256,0.05750632286071777,0.05750364065170288,0.9970163106918335,0.99700927734375,0,0,-9.47713851928711e-06,-8.761882781982422e-06,-7.3909759521484375e-06,0.0,0.011597909033298492
370,4.350935565074906,0.05749845504760742,0.05749785900115967,0.9970115423202515,0.99700927734375,0,0,-7.867813110351562e-06,-5.781650543212891e-06,-4.76837158203125e-06,0.0,0.011755425948649645
371,4.36268886202015,0.05738556385040283,0.05752074718475342,0.9971095323562622,0.99700927734375,0,0,-0.00011289119720458984,2.288818359375e-05,9.799003601074219e-05,0.0,0.011753296945244074
372,4.374346789205447,0.055472612380981445,0.0564039945602417,0.9965014457702637,0.99700927734375,0,0,-0.0019129514694213867,-0.0011167526245117188,-0.0006080865859985352,0.0,0.011657927185297012
373,4.385944957146421,0.05750131607055664,0.057500243186950684,0.9970135688781738,0.99700927734375,0,0,0.0020287036895751953,0.0010962486267089844,0.0005121231079101562,0.0,0.011598167940974236
374,4.397688216064125,0.057499468326568604,0.057498812675476074,0.9970123171806335,0.99700927734375,0,0,-1.8477439880371094e-06,-1.430511474609375e-06,-1.2516975402832031e-06,0.0,0.011743258917704225
375,4.409435661043972,0.05749523639678955,0.0574951171875,0.99700927734375,0.99700927734375,0,0,-4.231929779052734e-06,-3.6954879760742188e-06,-3.039836883544922e-06,0.0,0.011747444979846478
376,4.422605896135792,0.0574951171875,0.0574951171875,0.99700927734375,0.99700927734375,0,0,-1.1920928955078125e-07,0.0,0.0,0.0,0.01317023509182036
377,4.434205729980022,0.05750828981399536,0.057505130767822266,0.9970169067382812,0.99700927734375,0,0,1.3172626495361328e-05,1.0013580322265625e-05,7.62939453125e-06,0.0,0.011599833844229579
378,4.446063360199332,0.05749523639678955,0.05749523639678955,0.9970093965530396,0.99700927734375,0,0,-1.3053417205810547e-05,-9.894371032714844e-06,-7.510185241699219e-06,0.0,0.011857630219310522
379,4.457682101987302,0.0574951171875,0.0574951171875,0.99700927734375,0.99700927734375,0,0,-1.1920928955078125e-07,-1.1920928955078125e-07,-1.1920928955078125e-07,0.0,0.011618741787970066
380,4.469563472084701,0.057530105113983154,0.05752450227737427,0.9970338940620422,0.99700927734375,0,0,3.49879264831543e-05,2.9385089874267578e-05,2.4616718292236328e-05,0.0,0.011881370097398758
381,4.481181084178388,0.05749523639678955,0.05749523639678955,0.9970093965530396,0.99700927734375,0,0,-3.4868717193603516e-05,-2.9265880584716797e-05,-2.4497509002685547e-05,0.0,0.011617612093687057
382,4.492969844024628,0.0575108528137207,0.05750828981399536,0.9970192909240723,0.99700927734375,0,0,1.5616416931152344e-05,1.3053417205810547e-05,9.894371032714844e-06,0.0,0.011788759846240282
383,4.504680993035436,0.05751204490661621,0.05750924348831177,0.9970210790634155,0.99700927734375,0,0,1.1920928955078125e-06,9.5367431640625e-07,1.7881393432617188e-06,0.0,0.011711149010807276
384,4.516318234149367,0.05749619007110596,0.057495951652526855,0.9970099925994873,0.99700927734375,0,0,-1.5854835510253906e-05,-1.329183578491211e-05,-1.1086463928222656e-05,0.0,0.01163724111393094
385,4.528075012145564,0.0574951171875,0.0574951171875,0.99700927734375,0.99700927734375,0,0,-1.0728836059570312e-06,-8.344650268554688e-07,-7.152557373046875e-07,0.0,0.011756777996197343
386,4.539687643060461,0.0574951171875,0.0574951171875,0.99700927734375,0.99700927734375,0,0,0.0,0.0,0.0,0.0,0.011612630914896727
387,4.551307755056769,0.057495951652526855,0.057495832443237305,0.9970098733901978,0.99700927734375,0,0,8.344650268554688e-07,7.152557373046875e-07,5.960464477539062e-07,0.0,0.011620111996307969
388,4.563061497174203,0.0574951171875,0.0574951171875,0.99700927734375,0.99700927734375,0,0,-8.344650268554688e-07,-7.152557373046875e-07,-5.960464477539062e-07,0.0,0.01175374211743474
389,4.5746840899810195,0.057496070861816406,0.05749589204788208,0.9970099329948425,0.99700927734375,0,0,9.5367431640625e-07,7.748603820800781e-07,6.556510925292969e-07,0.0,0.011622592806816101
390,4.586462571984157,0.0574951171875,0.0574951171875,0.99700927734375,0.99700927734375,0,0,-9.5367431640625e-07,-7.748603820800781e-07,-6.556510925292969e-07,0.0,0.01177848200313747
391,4.598187573021278,0.05758768320083618,0.05757492780685425,0.9970775842666626,0.99700927734375,0,0,9.256601333618164e-05,7.981061935424805e-05,6.830692291259766e-05,0.0,0.011725001037120819
392,4.609816833166406,0.057495832443237305,0.05749565362930298,0.9970096945762634,0.99700927734375,0,0,-9.185075759887695e-05,-7.927417755126953e-05,-6.788969039916992e-05,0.0,0.011629260145127773
393,4.62218992318958,0.0574951171875,0.0574951171875,0.99700927734375,0.99700927734375,0,0,-7.152557373046875e-07,-5.364418029785156e-07,-4.172325134277344e-07,0.0,0.012373090023174882
394,4.633952368050814,0.0574951171875,0.0574951171875,0.99700927734375,0.99700927734375,0,0,0.0,0.0,0.0,0.0,0.011762444861233234
395,4.6456954050809145,0.05291330814361572,0.05473250150680542,0.9954203367233276,0.99700927734375,0,0,-0.004581809043884277,-0.00276261568069458,-0.0015889406204223633,0.0,0.011743037030100822
396,4.657317999051884,0.05749553442001343,0.05749547481536865,0.9970095157623291,0.99700927734375,0,0,0.004582226276397705,0.0027629733085632324,0.0015891790390014648,0.0,0.01162259397096932
397,4.66898505599238,0.0574951171875,0.0574951171875,0.99700927734375,0.99700927734375,0,0,-4.172325134277344e-07,-3.5762786865234375e-07,-2.384185791015625e-07,0.0,0.011667056940495968
398,4.680819648085162,0.0574951171875,0.0574951171875,0.99700927734375,0.99700927734375,0,0,0.0,0.0,0.0,0.0,0.011834592092782259
399,4.692899777088314,0.0574951171875,0.0574951171875,0.99700927734375,0.99700927734375,0,0,0.0,0.0,0.0,0.0,0.012080129003152251
400,4.704687277087942,0.0574951171875,0.0574951171875,0.99700927734375,0.99700927734375,0,0,0.0,0.0,0.0,0.0,0.011787499999627471
401,4.716315852012485,0.05458879470825195,0.05575692653656006,0.9962887167930603,0.99700927734375,0,0,-0.002906322479248047,-0.0017381906509399414,-0.0007205605506896973,0.0,0.0116285749245435
402,4.728187352186069,0.05005669593811035,0.05279362201690674,0.9941032528877258,0.99700927734375,0,0,-0.0045320987701416016,-0.0029633045196533203,-0.0021854639053344727,0.0,0.011871500173583627
403,4.739947241032496,0.05764317512512207,0.05763477087020874,0.9971297979354858,0.99700927734375,0,0,0.007586479187011719,0.004841148853302002,0.0030265450477600098,0.0,0.011759888846427202
404,4.751823612023145,0.05749523639678955,0.05749523639678955,0.9970093965530396,0.99700927734375,0,0,-0.00014793872833251953,-0.00013953447341918945,-0.00012040138244628906,0.0,0.011876370990648866
405,4.763564649038017,0.057557523250579834,0.05754762887954712,0.9970533847808838,0.99700927734375,0,0,6.22868537902832e-05,5.239248275756836e-05,4.398822784423828e-05,0.0,0.011741037014871836
406,4.775189521024004,0.05749523639678955,0.05749523639678955,0.9970093965530396,0.99700927734375,0,0,-6.22868537902832e-05,-5.239248275756836e-05,-4.398822784423828e-05,0.0,0.011624871985986829
407,4.786939447047189,0.0574951171875,0.0574951171875,0.99700927734375,0.99700927734375,0,0,-1.1920928955078125e-07,-1.1920928955078125e-07,-1.1920928955078125e-07,0.0,0.011749926023185253
408,4.798694503027946,0.0574951171875,0.0574951171875,0.99700927734375,0.99700927734375,0,0,0.0,0.0,0.0,0.0,0.011755055980756879
409,4.8104850221425295,0.0574951171875,0.0574951171875,0.99700927734375,0.99700927734375,0,0,0.0,0.0,0.0,0.0,0.01179051911458373
410,4.822188893100247,0.0574951171875,0.0574951171875,0.99700927734375,0.99700927734375,0,0,0.0,0.0,0.0,0.0,0.0117038709577173
411,4.834069504169747,0.0574951171875,0.0574951171875,0.99700927734375,0.99700927734375,0,0,0.0,0.0,0.0,0.0,0.011880611069500446
412,4.845696190139279,0.057496845722198486,0.057496607303619385,0.9970105290412903,0.99700927734375,0,0,1.7285346984863281e-06,1.4901161193847656e-06,1.2516975402832031e-06,0.0,0.011626685969531536
413,4.857327913166955,0.05750715732574463,0.057505130767822266,0.9970169067382812,0.99700927734375,0,0,1.0311603546142578e-05,8.52346420288086e-06,6.377696990966797e-06,0.0,0.011631723027676344
414,4.869203098118305,0.05749523639678955,0.05749523639678955,0.9970093965530396,0.99700927734375,0,0,-1.1920928955078125e-05,-9.894371032714844e-06,-7.510185241699219e-06,0.0,0.011875184951350093
415,4.881065543042496,0.0574951171875,0.0574951171875,0.99700927734375,0.99700927734375,0,0,-1.1920928955078125e-07,-1.1920928955078125e-07,-1.1920928955078125e-07,0.0,0.01186244492419064
416,4.892902154009789,0.05750948190689087,0.05750715732574463,0.9970184564590454,0.99700927734375,0,0,1.436471939086914e-05,1.2040138244628906e-05,9.179115295410156e-06,0.0,0.011836610967293382
417,4.904692358104512,0.05749523639678955,0.05749523639678955,0.9970093965530396,0.99700927734375,0,0,-1.424551010131836e-05,-1.1920928955078125e-05,-9.059906005859375e-06,0.0,0.011790204094722867
418,4.917002356145531,0.0574951171875,0.0574951171875,0.99700927734375,0.99700927734375,0,0,-1.1920928955078125e-07,-1.1920928955078125e-07,-1.1920928955078125e-07,0.0,0.012309998041018844
419,4.929198594996706,0.0574951171875,0.0574951171875,0.99700927734375,0.99700927734375,0,0,0.0,0.0,0.0,0.0,0.012196238851174712
420,4.9409753361251205,0.0574951171875,0.0574951171875,0.99700927734375,0.99700927734375,0,0,0.0,0.0,0.0,0.0,0.01177674112841487
421,4.95269772503525,0.05766582489013672,0.05774050951004028,0.9972833395004272,0.99700927734375,0,0,0.00017070770263671875,0.0002453923225402832,0.0002740621566772461,0.0,0.011722388910129666
422,4.964332818984985,0.05156773328781128,0.05523639917373657,0.9960230588912964,0.99700927734375,0,0,-0.0060980916023254395,-0.002504110336303711,-0.0012602806091308594,0.0,0.011635093949735165
423,4.976913575083017,0.0574953556060791,0.0574953556060791,0.9970095157623291,0.99700927734375,0,0,0.005927622318267822,0.0022589564323425293,0.0009864568710327148,0.0,0.012580756098031998
424,4.98925994313322,0.05751234292984009,0.05750828981399536,0.9970192909240723,0.99700927734375,0,0,1.6987323760986328e-05,1.2934207916259766e-05,9.775161743164062e-06,0.0,0.012346368050202727
425,5.00136486813426,0.05755758285522461,0.05754363536834717,0.9970501661300659,0.99700927734375,0,0,4.5239925384521484e-05,3.534555435180664e-05,3.0875205993652344e-05,0.0,0.012104925001040101
426,5.013610477093607,0.05750209093093872,0.057500362396240234,0.9970120191574097,0.99700927734375,0,0,-5.549192428588867e-05,-4.3272972106933594e-05,-3.814697265625e-05,0.0,0.01224560895934701
427,5.027253117179498,0.0574951171875,0.0574951171875,0.99700927734375,0.99700927734375,0,0,-6.973743438720703e-06,-5.245208740234375e-06,-2.7418136596679688e-06,0.0,0.01364264008589089
428,5.0398078539874405,0.05750089883804321,0.057499468326568604,0.9970123171806335,0.99700927734375,0,0,5.781650543212891e-06,4.351139068603516e-06,3.039836883544922e-06,0.0,0.01255473680794239
429,5.052116722101346,0.05749619007110596,0.05749589204788208,0.9970099329948425,0.99700927734375,0,0,-4.708766937255859e-06,-3.5762786865234375e-06,-2.384185791015625e-06,0.0,0.012308868113905191
430,5.0644826830830425,0.0574951171875,0.0574951171875,0.99700927734375,0.99700927734375,0,0,-1.0728836059570312e-06,-7.748603820800781e-07,-6.556510925292969e-07,0.0,0.012365960981696844
431,5.0767624960280955,0.0574951171875,0.0574951171875,0.99700927734375,0.99700927734375,0,0,0.0,0.0,0.0,0.0,0.012279812945052981
432,5.089233548147604,0.05750632286071777,0.05750364065170288,0.9970163106918335,0.99700927734375,0,0,1.1205673217773438e-05,8.52346420288086e-06,7.033348083496094e-06,0.0,0.012471052119508386
433,5.101492139045149,0.05752354860305786,0.057633817195892334,0.997160792350769,0.99700927734375,0,0,1.722574234008789e-05,0.00013017654418945312,0.00014448165893554688,0.0,0.012258590897545218
434,5.113955062115565,0.05765032768249512,0.057651519775390625,0.9971494674682617,0.99700927734375,0,0,0.00012677907943725586,1.7702579498291016e-05,-1.1324882507324219e-05,0.0,0.012462923070415854
435,5.12649354012683,0.0537877082824707,0.055758118629455566,0.9960238337516785,0.99700927734375,0,0,-0.003862619400024414,-0.0018934011459350586,-0.001125633716583252,0.0,0.012538478011265397
436,5.138813944999129,0.0574953556060791,0.0574953556060791,0.9970094561576843,0.99700927734375,0,0,0.0037076473236083984,0.0017372369766235352,0.0009856224060058594,0.0,0.01232040487229824
437,5.150983759202063,0.0574951171875,0.0574951171875,0.99700927734375,0.99700927734375,0,0,-2.384185791015625e-07,-2.384185791015625e-07,-1.7881393432617188e-07,0.0,0.012169814202934504
438,5.16335812699981,0.05762982368469238,0.05764275789260864,0.9971427917480469,0.99700927734375,0,0,0.0001347064971923828,0.00014764070510864258,0.000133514404296875,0.0,0.012374367797747254
439,5.1756057541351765,0.05749523639678955,0.05749523639678955,0.9970093965530396,0.99700927734375,0,0,-0.00013458728790283203,-0.0001475214958190918,-0.00013339519500732422,0.0,0.012247627135366201
440,5.1878865491598845,0.0574951171875,0.0574951171875,0.99700927734375,0.99700927734375,0,0,-1.1920928955078125e-07,-1.1920928955078125e-07,-1.1920928955078125e-07,0.0,0.012280795024707913
441,5.2002473240718246,0.0574951171875,0.0574951171875,0.99700927734375,0.99700927734375,0,0,0.0,0.0,0.0,0.0,0.012360774911940098
442,5.212493656203151,0.0565112829208374,0.057153165340423584,0.9922730326652527,0.99700927734375,0,0,-0.0009838342666625977,-0.000341951847076416,-0.0047362446784973145,0.0,0.012246332131326199
443,5.224734783172607,0.0574955940246582,0.051567912101745605,0.9933007955551147,0.99700927734375,0,0,0.0009843111038208008,-0.0055852532386779785,0.0010277628898620605,0.0,0.012241126969456673
444,5.237170743988827,0.0574953556060791,0.0574953556060791,0.9970095157623291,0.99700927734375,0,0,-2.384185791015625e-07,0.005927443504333496,0.0037087202072143555,0.0,0.012435960816219449
445,5.249389853095636,0.057503461837768555,0.051573872566223145,0.9933057427406311,0.99700927734375,0,0,8.106231689453125e-06,-0.005921483039855957,-0.003703773021697998,0.0,0.0122191091068089
446,5.261635611066595,0.05749541521072388,0.0574953556060791,0.9970095157623291,0.99700927734375,0,0,-8.046627044677734e-06,0.005921483039855957,0.003703773021697998,0.0,0.012245757970958948
447,5.273739646188915,0.0574951171875,0.0574951171875,0.99700927734375,0.967254638671875,0,0,-2.980232238769531e-07,-2.384185791015625e-07,-2.384185791015625e-07,-0.029754638671875,0.012104035122320056
448,5.28590607107617,0.05575764179229736,0.05677509307861328,0.9966658353805542,0.99700927734375,0,0,-0.0017374753952026367,-0.0007200241088867188,-0.0003434419631958008,0.029754638671875,0.012166424887254834
449,5.298037273110822,0.0574953556060791,0.05156773328781128,0.9941031336784363,0.99700927734375,0,0,0.0017377138137817383,-0.005207359790802002,-0.00256270170211792,0.0,0.012131202034652233
450,5.310262679122388,0.05164182186126709,0.05464732646942139,0.9953206777572632,0.99700927734375,0,0,-0.005853533744812012,0.0030795931816101074,0.0012175440788269043,0.0,0.01222540601156652
451,5.322964434046298,0.0574953556060791,0.0574953556060791,0.9970093965530396,0.99700927734375,0,0,0.005853533744812012,0.002848029136657715,0.0016887187957763672,0.0,0.012701754923909903
452,5.335242728004232,0.0574951171875,0.0574951171875,0.99700927734375,0.99700927734375,0,0,-2.384185791015625e-07,-2.384185791015625e-07,-1.1920928955078125e-07,0.0,0.012278293957933784
453,5.347614837111905,0.05752003192901611,0.05751413106918335,0.9970250725746155,0.99700927734375,0,0,2.491474151611328e-05,1.901388168334961e-05,1.5795230865478516e-05,0.0,0.012372109107673168
454,5.359998149098828,0.05749636888504028,0.057496070861816406,0.9970100522041321,0.99700927734375,0,0,-2.3663043975830078e-05,-1.806020736694336e-05,-1.5020370483398438e-05,0.0,0.012383311986923218
455,5.372123833047226,0.0574951171875,0.05005645751953125,0.9923075437545776,0.99700927734375,0,0,-1.2516975402832031e-06,-0.007439613342285156,-0.004702508449554443,0.0,0.012125683948397636
456,5.384627423016354,0.05751115083694458,0.057507336139678955,0.9970195293426514,0.99700927734375,0,0,1.6033649444580078e-05,0.007450878620147705,0.0047119855880737305,0.0,0.01250358996912837
457,5.39679697714746,0.05728113651275635,0.05751776695251465,0.9971292018890381,0.99700927734375,0,0,-0.00023001432418823242,1.043081283569336e-05,0.00010967254638671875,0.0,0.012169554131105542
458,5.409025790169835,0.05749964714050293,0.05749857425689697,0.9970114231109619,0.99700927734375,0,0,0.00021851062774658203,-1.919269561767578e-05,-0.00011777877807617188,0.0,0.012228813022375107
459,5.421738582197577,0.05749619007110596,0.05749589204788208,0.9970099329948425,0.99700927734375,0,0,-3.4570693969726562e-06,-2.682209014892578e-06,-1.4901161193847656e-06,0.0,0.01271279202774167
460,5.434034764999524,0.05279427766799927,0.055236876010894775,0.996023416519165,0.99700927734375,0,0,-0.0047019124031066895,-0.0022590160369873047,-0.0009865164756774902,0.0,0.012296182801946998
461,5.446240190183744,0.05762511491775513,0.057663559913635254,0.9971792101860046,0.99700927734375,0,0,0.004830837249755859,0.0024266839027404785,0.0011557936668395996,0.0,0.012205425184220076
462,5.458524817135185,0.05525517463684082,0.056523263454437256,0.9965115785598755,0.99700927734375,0,0,-0.0023699402809143066,-0.001140296459197998,-0.0006676316261291504,0.0,0.012284626951441169
463,5.470751112094149,0.0574953556060791,0.0574953556060791,0.9970093965530396,0.99700927734375,0,0,0.0022401809692382812,0.0009720921516418457,0.0004978179931640625,0.0,0.01222629495896399
464,5.4830347581300884,0.0574951171875,0.0574951171875,0.99700927734375,0.99700927734375,0,0,-2.384185791015625e-07,-2.384185791015625e-07,-1.1920928955078125e-07,0.0,0.012283646035939455
465,5.495147368172184,0.05752718448638916,0.0575176477432251,0.9970250129699707,0.99700927734375,0,0,3.2067298889160156e-05,2.2530555725097656e-05,1.5735626220703125e-05,0.0,0.012112610042095184
466,5.50762179098092,0.05749523639678955,0.05749523639678955,0.9970093965530396,0.99700927734375,0,0,-3.1948089599609375e-05,-2.2411346435546875e-05,-1.5616416931152344e-05,0.0,0.012474422808736563
467,5.520450768060982,0.0574951171875,0.0574951171875,0.99700927734375,0.99700927734375,0,0,-1.1920928955078125e-07,-1.1920928955078125e-07,-1.1920928955078125e-07,0.0,0.012828977080062032
468,5.532541433116421,0.0574951171875,0.0574951171875,0.99700927734375,0.99700927734375,0,0,0.0,0.0,0.0,0.0,0.012090665055438876
469,5.544787987135351,0.05749577283859253,0.0574955940246582,0.9970096945762634,0.99700927734375,0,0,6.556510925292969e-07,4.76837158203125e-07,4.172325134277344e-07,0.0,0.0122465540189296
470,5.557260558009148,0.0574951171875,0.0574951171875,0.99700927734375,0.99700927734375,0,0,-6.556510925292969e-07,-4.76837158203125e-07,-4.172325134277344e-07,0.0,0.01247257087379694
471,5.569272613152862,0.057528674602508545,0.05752068758010864,0.9970288276672363,0.99700927734375,0,0,3.355741500854492e-05,2.5570392608642578e-05,1.9550323486328125e-05,0.0,0.012012055143713951
472,5.581502908142284,0.05749523639678955,0.05749523639678955,0.9970093965530396,0.99700927734375,0,0,-3.343820571899414e-05,-2.5451183319091797e-05,-1.9431114196777344e-05,0.0,0.012230294989421964
473,5.59386718319729,0.0574951171875,0.0574951171875,0.99700927734375,0.99700927734375,0,0,-1.1920928955078125e-07,-1.1920928955078125e-07,-1.1920928955078125e-07,0.0,0.012364275055006146
474,5.606137551134452,0.0574951171875,0.0574951171875,0.99700927734375,0.99700927734375,0,0,0.0,0.0,0.0,0.0,0.012270367937162519
475,5.618786696111783,0.0574951171875,0.0574951171875,0.99700927734375,0.99700927734375,0,0,0.0,0.0,0.0,0.0,0.012649144977331161
476,5.630872510140762,0.0574951171875,0.0574951171875,0.99700927734375,0.99700927734375,0,0,0.0,0.0,0.0,0.0,0.012085814028978348
477,5.643374229082838,0.0575944185256958,0.05757492780685425,0.9970775842666626,0.99700927734375,0,0,9.930133819580078e-05,7.981061935424805e-05,6.830692291259766e-05,0.0,0.012501718942075968
478,5.655602949205786,0.05749523639678955,0.05749523639678955,0.9970093965530396,0.99700927734375,0,0,-9.918212890625e-05,-7.969141006469727e-05,-6.818771362304688e-05,0.0,0.012228720122948289
479,5.668033521156758,0.05763930082321167,0.05762213468551636,0.9971225261688232,0.99700927734375,0,0,0.00014406442642211914,0.00012689828872680664,0.0001131296157836914,0.0,0.01243057195097208
480,5.6803734072018415,0.05749523639678955,0.05749523639678955,0.9970093965530396,0.99700927734375,0,0,-0.00014406442642211914,-0.00012689828872680664,-0.0001131296157836914,0.0,0.012339886045083404
481,5.692630572011694,0.057404398918151855,0.05757838487625122,0.997157096862793,0.99700927734375,0,0,-9.083747863769531e-05,8.314847946166992e-05,0.00014770030975341797,0.0,0.012257164809852839
482,5.704865626059473,0.057495713233947754,0.05749553442001343,0.9970096945762634,0.99700927734375,0,0,9.131431579589844e-05,-8.285045623779297e-05,-0.00014740228652954102,0.0,0.012235054047778249
483,5.717209012014791,0.0575634241104126,0.0575486421585083,0.9970508217811584,0.99700927734375,0,0,6.771087646484375e-05,5.310773849487305e-05,4.112720489501953e-05,0.0,0.012343385955318809
484,5.729504714021459,0.05749523639678955,0.05749523639678955,0.9910817742347717,0.99700927734375,0,0,-6.818771362304688e-05,-5.340576171875e-05,-0.005969047546386719,0.0,0.012295702006667852
485,5.741886193165556,0.05749553442001343,0.0574953556060791,0.9970095157623291,0.99700927734375,0,0,2.980232238769531e-07,1.1920928955078125e-07,0.005927741527557373,0.0,0.012381479144096375
486,5.754116784082726,0.057554006576538086,0.057517945766448975,0.9970266819000244,0.99700927734375,0,0,5.84721565246582e-05,2.2590160369873047e-05,1.71661376953125e-05,0.0,0.012230590917170048
487,5.768045978154987,0.05749911069869995,0.057498157024383545,0.9970117807388306,0.99700927734375,0,0,-5.4895877838134766e-05,-1.9788742065429688e-05,-1.4901161193847656e-05,0.0,0.013929194072261453
488,5.780245698057115,0.05750089883804321,0.057499468326568604,0.9970129728317261,0.99700927734375,0,0,1.7881393432617188e-06,1.3113021850585938e-06,1.1920928955078125e-06,0.0,0.012199719902127981
489,5.792501030024141,0.05749523639678955,0.057495176792144775,0.99700927734375,0.99700927734375,0,0,-5.662441253662109e-06,-4.291534423828125e-06,-3.6954879760742188e-06,0.0,0.012255331967025995
490,5.804237808100879,0.05279338359832764,0.05523616075515747,0.9956888556480408,0.99700927734375,0,0,-0.004701852798461914,-0.0022590160369873047,-0.0013204216957092285,0.0,0.011736778076738119
491,5.816377714043483,0.0575946569442749,0.057575106620788574,0.9970777630805969,0.99700927734375,0,0,0.004801273345947266,0.0023389458656311035,0.0013889074325561523,0.0,0.012139905942603946
492,5.828239992028102,0.057643234729766846,0.05763930082321167,0.9971427917480469,0.99700927734375,0,0,4.857778549194336e-05,6.41942024230957e-05,6.502866744995117e-05,0.0,0.01186227798461914
493,5.840634193038568,0.05749964714050293,0.05749857425689697,0.9970118999481201,0.99700927734375,0,0,-0.00014358758926391602,-0.00014072656631469727,-0.0001308917999267578,0.0,0.012394201010465622
494,5.852731618098915,0.0574951171875,0.0574951171875,0.99700927734375,0.99700927734375,0,0,-4.5299530029296875e-06,-3.4570693969726562e-06,-2.6226043701171875e-06,0.0,0.012097425060346723
495,5.864732728106901,0.05760836601257324,0.05758768320083618,0.9896504282951355,0.99700927734375,0,0,0.00011324882507324219,9.256601333618164e-05,-0.007358849048614502,0.0,0.012001110007986426
496,5.876744857057929,0.05752521753311157,0.0575181245803833,0.997026801109314,0.99700927734375,0,0,-8.314847946166992e-05,-6.955862045288086e-05,0.007376372814178467,0.0,0.01201212895102799
497,5.8890202071052045,0.05749523639678955,0.05749523639678955,0.9970093965530396,0.99700927734375,0,0,-2.9981136322021484e-05,-2.288818359375e-05,-1.7404556274414062e-05,0.0,0.012275350047275424
498,5.90113048418425,0.0574951171875,0.0574951171875,0.99700927734375,0.99700927734375,0,0,-1.1920928955078125e-07,-1.1920928955078125e-07,-1.1920928955078125e-07,0.0,0.012110277079045773
499,5.913156261201948,0.0574951171875,0.0574951171875,0.99700927734375,0.99700927734375,0,0,0.0,0.0,0.0,0.0,0.012025777017697692
500,5.926911196205765,0.057496488094329834,0.05749619007110596,0.9970100522041321,0.99700927734375,0,0,1.3709068298339844e-06,1.0728836059570312e-06,7.748603820800781e-07,0.0,0.013754935003817081
501,5.939285175176337,0.05757492780685425,0.05755817890167236,0.9970585703849792,0.99700927734375,0,0,7.843971252441406e-05,6.198883056640625e-05,4.851818084716797e-05,0.0,0.012373978970572352
502,5.951665006112307,0.05750948190689087,0.05280256271362305,0.994757354259491,0.99700927734375,0,0,-6.54458999633789e-05,-0.004755616188049316,-0.0023012161254882812,0.0,0.012379830935969949
503,5.964277688181028,0.0574953556060791,0.0574953556060791,0.9970095157623291,0.99700927734375,0,0,-1.4126300811767578e-05,0.004692792892456055,0.0022521615028381348,0.0,0.01261268206872046
504,5.976654111174867,0.05750828981399536,0.057505130767822266,0.9970169067382812,0.99700927734375,0,0,1.2934207916259766e-05,9.775161743164062e-06,7.3909759521484375e-06,0.0,0.012376422993838787
505,5.989034349098802,0.05761533975601196,0.0575944185256958,0.9970890879631042,0.99700927734375,0,0,0.00010704994201660156,8.928775787353516e-05,7.218122482299805e-05,0.0,0.012380237923935056
506,6.001404384151101,0.05766171216964722,0.05761706829071045,0.9971044659614563,0.99700927734375,0,0,4.6372413635253906e-05,2.2649765014648438e-05,1.537799835205078e-05,0.0,0.0123700350522995
507,6.014166565146297,0.057519733905792236,0.0575140118598938,0.9970224499702454,0.99700927734375,0,0,-0.00014197826385498047,-0.00010305643081665039,-8.20159912109375e-05,0.0,0.012762180995196104
508,6.026781135005876,0.05749523639678955,0.05749523639678955,0.9895707368850708,0.99700927734375,0,0,-2.4497509002685547e-05,-1.8775463104248047e-05,-0.0074517130851745605,0.0,0.012614569859579206
509,6.039149689022452,0.057558536529541016,0.057544708251953125,0.9970476031303406,0.99700927734375,0,0,6.330013275146484e-05,4.947185516357422e-05,0.007476866245269775,0.0,0.012368554016575217
510,6.0515336121898144,0.05749523639678955,0.05156761407852173,0.9941030740737915,0.99700927734375,0,0,-6.330013275146484e-05,-0.0059770941734313965,-0.0029445290565490723,0.0,0.01238392316736281
511,6.0638962760567665,0.0574953556060791,0.0574953556060791,0.9970095157623291,0.967254638671875,0,0,1.1920928955078125e-07,0.005927741527557373,0.0029064416885375977,-0.029754638671875,0.012362663866952062
512,6.076531995087862,0.05617612600326538,0.05698627233505249,0.9968967437744141,0.99700927734375,0,0,-0.0013192296028137207,-0.0005090832710266113,-0.00011277198791503906,0.029754638671875,0.012635719031095505
513,6.088890493148938,0.0574953556060791,0.05749523639678955,0.9970093965530396,0.99700927734375,0,0,0.0013192296028137207,0.0005089640617370605,0.00011265277862548828,0.0,0.012358498061075807
514,6.101282509043813,0.0574951171875,0.0574951171875,0.99700927734375,0.99700927734375,0,0,-2.384185791015625e-07,-1.1920928955078125e-07,-1.1920928955078125e-07,0.0,0.01239201589487493
515,6.113651876104996,0.0575486421585083,0.052834928035736084,0.9947823882102966,0.99700927734375,0,0,5.352497100830078e-05,-0.004660189151763916,-0.002226889133453369,0.0,0.012369367061182857
516,6.126411039149389,0.057504475116729736,0.057502150535583496,0.997014582157135,0.99700927734375,0,0,-4.416704177856445e-05,0.004667222499847412,0.002232193946838379,0.0,0.012759163044393063
517,6.138770388206467,0.05750089883804321,0.057499468326568604,0.9970126152038574,0.99700927734375,0,0,-3.5762786865234375e-06,-2.682209014892578e-06,-1.9669532775878906e-06,0.0,0.012359349057078362
518,6.151151516009122,0.057495176792144775,0.0574951171875,0.99700927734375,0.99700927734375,0,0,-5.7220458984375e-06,-4.351139068603516e-06,-3.337860107421875e-06,0.0,0.0123811278026551
519,6.16352901305072,0.057496488094329834,0.05749619007110596,0.9970100522041321,0.99700927734375,0,0,1.3113021850585938e-06,1.0728836059570312e-06,7.748603820800781e-07,0.0,0.012377497041597962
520,6.17604099214077,0.05715125799179077,0.05756121873855591,0.9971439838409424,0.99700927734375,0,0,-0.0003452301025390625,6.502866744995117e-05,0.00013393163681030273,0.0,0.012511979090049863
521,6.188660284038633,0.05750739574432373,0.057504475116729736,0.9970163702964783,0.99700927734375,0,0,0.000356137752532959,-5.6743621826171875e-05,-0.00012761354446411133,0.0,0.01261929189786315
522,6.20102300401777,0.057648301124572754,0.05763751268386841,0.997131884098053,0.99700927734375,0,0,0.00014090538024902344,0.00013303756713867188,0.00011551380157470703,0.0,0.012362719979137182
523,6.213276484049857,0.05762982368469238,0.0576443076133728,0.9971486330032349,0.99700927734375,0,0,-1.8477439880371094e-05,6.794929504394531e-06,1.6748905181884766e-05,0.0,0.012253480032086372
524,6.225646204082295,0.057495832443237305,0.05749565362930298,0.9970096945762634,0.99700927734375,0,0,-0.00013399124145507812,-0.00014865398406982422,-0.00013893842697143555,0.0,0.012369720032438636
525,6.238043627003208,0.057569026947021484,0.05755329132080078,0.9970545172691345,0.99700927734375,0,0,7.319450378417969e-05,5.7637691497802734e-05,4.482269287109375e-05,0.0,0.012397422920912504
526,6.250443438999355,0.05749523639678955,0.05749523639678955,0.9970093965530396,0.99700927734375,0,0,-7.37905502319336e-05,-5.805492401123047e-05,-4.51207160949707e-05,0.0,0.012399811996147037
527,6.262777307070792,0.05749553442001343,0.05749547481536865,0.9970095157623291,0.99700927734375,0,0,2.980232238769531e-07,2.384185791015625e-07,1.1920928955078125e-07,0.0,0.012333868071436882
528,6.275152490008622,0.05756121873855591,0.05762982368469238,0.9971584677696228,0.99700927734375,0,0,6.568431854248047e-05,0.00013434886932373047,0.00014895200729370117,0.0,0.012375182937830687
529,6.287564191035926,0.05532240867614746,0.05657714605331421,0.996941328048706,0.99700927734375,0,0,-0.0022388100624084473,-0.0010526776313781738,-0.00021713972091674805,0.0,0.012411701027303934
530,6.3002657981123775,0.057518601417541504,0.05751305818557739,0.9970229268074036,0.99700927734375,0,0,0.002196192741394043,0.0009359121322631836,8.159875869750977e-05,0.0,0.012701607076451182
531,6.312649796018377,0.057587385177612305,0.057566165924072266,0.9970637559890747,0.99700927734375,0,0,6.878376007080078e-05,5.310773849487305e-05,4.082918167114258e-05,0.0,0.012383997905999422
532,6.32503586797975,0.05749988555908203,0.057498812675476074,0.9970120191574097,0.99700927734375,0,0,-8.749961853027344e-05,-6.73532485961914e-05,-5.173683166503906e-05,0.0,0.01238607196137309
533,6.337386754108593,0.057581186294555664,0.05756348371505737,0.9970628619194031,0.99700927734375,0,0,8.130073547363281e-05,6.467103958129883e-05,5.08427619934082e-05,0.0,0.01235088612884283
534,6.349785678088665,0.05762803554534912,0.0576058030128479,0.9970987439155579,0.99700927734375,0,0,4.684925079345703e-05,4.2319297790527344e-05,3.5881996154785156e-05,0.0,0.01239892398007214
535,6.3622192670591176,0.057569026947021484,0.05755335092544556,0.9970545768737793,0.99700927734375,0,0,-5.900859832763672e-05,-5.245208740234375e-05,-4.416704177856445e-05,0.0,0.012433588970452547
536,6.374642598209903,0.05752837657928467,0.05752056837081909,0.997028648853302,0.99700927734375,0,0,-4.0650367736816406e-05,-3.2782554626464844e-05,-2.5928020477294922e-05,0.0,0.012423331150785089
537,6.3871354651637375,0.054588913917541504,0.05617475509643555,0.9964994788169861,0.99700927734375,0,0,-0.002939462661743164,-0.001345813274383545,-0.000529170036315918,0.0,0.012492866953834891
538,6.399264261126518,0.05749630928039551,0.05749601125717163,0.9970099329948425,0.99700927734375,0,0,0.002907395362854004,0.001321256160736084,0.0005104541778564453,0.0,0.012128795962780714
539,6.411433444125578,0.0574951171875,0.0574951171875,0.99700927734375,0.99700927734375,0,0,-1.1920928955078125e-06,-8.940696716308594e-07,-6.556510925292969e-07,0.0,0.012169182999059558
540,6.423677794169635,0.057505130767822266,0.05750274658203125,0.9970150589942932,0.99700927734375,0,0,1.0013580322265625e-05,7.62939453125e-06,5.781650543212891e-06,0.0,0.012244350044056773
541,6.435892811045051,0.05749523639678955,0.05749523639678955,0.9970093965530396,0.99700927734375,0,0,-9.894371032714844e-06,-7.510185241699219e-06,-5.662441253662109e-06,0.0,0.01221501687541604
542,6.448262198129669,0.0574951171875,0.0574951171875,0.99700927734375,0.99700927734375,0,0,-1.1920928955078125e-07,-1.1920928955078125e-07,-1.1920928955078125e-07,0.0,0.01236938708461821
543,6.46039136312902,0.05617469549179077,0.05698525905609131,0.9967952966690063,0.99700927734375,0,0,-0.0013204216957092285,-0.0005098581314086914,-0.00021398067474365234,0.0,0.012129164999350905
544,6.472798657137901,0.0574953556060791,0.05749523639678955,0.9970093965530396,0.99700927734375,0,0,0.00132066011428833,0.0005099773406982422,0.00021409988403320312,0.0,0.012407294008880854
545,6.484939748188481,0.057733774185180664,0.057711005210876465,0.9971925020217896,0.99700927734375,0,0,0.0002384185791015625,0.00021576881408691406,0.00018310546875,0.0,0.012141091050580144
546,6.497143450193107,0.05749523639678955,0.05749523639678955,0.9970093965530396,0.99700927734375,0,0,-0.00023853778839111328,-0.00021576881408691406,-0.00018310546875,0.0,0.012203702004626393
547,6.509192171040922,0.057496607303619385,0.05749630928039551,0.9970099329948425,0.99700927734375,0,0,1.3709068298339844e-06,1.0728836059570312e-06,5.364418029785156e-07,0.0,0.012048720847815275
548,6.521761205047369,0.0574951171875,0.0574951171875,0.99700927734375,0.99700927734375,0,0,-1.4901161193847656e-06,-1.1920928955078125e-06,-6.556510925292969e-07,0.0,0.0125690340064466
549,6.533939481014386,0.0575176477432251,0.05751234292984009,0.9970236420631409,0.99700927734375,0,0,2.2530555725097656e-05,1.722574234008789e-05,1.436471939086914e-05,0.0,0.012178275967016816
550,6.546052221208811,0.05756765604019165,0.05755132436752319,0.9970526099205017,0.99700927734375,0,0,5.0008296966552734e-05,3.898143768310547e-05,2.8967857360839844e-05,0.0,0.012112740194424987
551,6.55826668208465,0.0575219988822937,0.057515740394592285,0.9970265030860901,0.99700927734375,0,0,-4.565715789794922e-05,-3.55839729309082e-05,-2.6106834411621094e-05,0.0,0.012214460875838995
552,6.57042934698984,0.05279350280761719,0.055236220359802246,0.9956889152526855,0.99700927734375,0,0,-0.004728496074676514,-0.002279520034790039,-0.001337587833404541,0.0,0.012162664905190468
553,6.582513401983306,0.048661649227142334,0.05326884984970093,0.995179295539856,0.99700927734375,0,0,-0.0041318535804748535,-0.0019673705101013184,-0.0005096197128295898,0.0,0.012084054993465543
554,6.594767585163936,0.057514488697052,0.052808165550231934,0.9960314035415649,0.99700927734375,0,0,0.008852839469909668,-0.00046068429946899414,0.0008521080017089844,0.0,0.012254183180630207
555,6.607518748147413,0.05749565362930298,0.05749553442001343,0.9970095157623291,0.99700927734375,0,0,-1.8835067749023438e-05,0.004687368869781494,0.0009781122207641602,0.0,0.012751162983477116
556,6.620461835060269,0.0574951171875,0.0574951171875,0.99700927734375,0.99700927734375,0,0,-5.364418029785156e-07,-4.172325134277344e-07,-2.384185791015625e-07,0.0,0.012943086912855506
557,6.632798277074471,0.0574951171875,0.0574951171875,0.99700927734375,0.99700927734375,0,0,0.0,0.0,0.0,0.0,0.012336442014202476
558,6.645350404083729,0.05758768320083618,0.057569026947021484,0.9970674514770508,0.99700927734375,0,0,9.256601333618164e-05,7.390975952148438e-05,5.817413330078125e-05,0.0,0.012552127009257674
559,6.6576591790653765,0.05749523639678955,0.0500565767288208,0.9933004975318909,0.99700927734375,0,0,-9.244680404663086e-05,-0.007512450218200684,-0.003766953945159912,0.0,0.01230877498164773
560,6.670032159192488,0.057540714740753174,0.05753040313720703,0.997036337852478,0.99700927734375,0,0,4.547834396362305e-05,0.0074738264083862305,0.003735840320587158,0.0,0.012372980127111077
561,6.6823190450668335,0.05750209093093872,0.057500362396240234,0.99701327085495,0.99700927734375,0,0,-3.8623809814453125e-05,-3.0040740966796875e-05,-2.3066997528076172e-05,0.0,0.012286885874345899
562,6.694658599095419,0.057496488094329834,0.05749619007110596,0.9970100522041321,0.99700927734375,0,0,-5.602836608886719e-06,-4.172325134277344e-06,-3.2186508178710938e-06,0.0,0.012339554028585553
563,6.7070368740241975,0.0574951171875,0.0574951171875,0.99700927734375,0.99700927734375,0,0,-1.3709068298339844e-06,-1.0728836059570312e-06,-7.748603820800781e-07,0.0,0.01237827492877841
564,6.7194620941299945,0.057503461837768555,0.05750149488449097,0.997014045715332,0.99700927734375,0,0,8.344650268554688e-06,6.377696990966797e-06,4.76837158203125e-06,0.0,0.012425220105797052
565,6.731772480066866,0.05715125799179077,0.05745917558670044,0.9971069693565369,0.99700927734375,0,0,-0.0003522038459777832,-4.2319297790527344e-05,9.292364120483398e-05,0.0,0.012310385936871171
566,6.744068311993033,0.05751579999923706,0.05751091241836548,0.9970213174819946,0.99700927734375,0,0,0.00036454200744628906,5.173683166503906e-05,-8.565187454223633e-05,0.0,0.012295831926167011
567,6.756286977091804,0.05749523639678955,0.05749523639678955,0.9970093965530396,0.99700927734375,0,0,-2.0563602447509766e-05,-1.5676021575927734e-05,-1.1920928955078125e-05,0.0,0.012218665098771453
568,6.768657641019672,0.05755329132080078,0.05754035711288452,0.9970442652702332,0.99700927734375,0,0,5.805492401123047e-05,4.51207160949707e-05,3.4868717193603516e-05,0.0,0.012370663927868009
569,6.780940972035751,0.057597994804382324,0.057677388191223145,0.9972056150436401,0.99700927734375,0,0,4.470348358154297e-05,0.00013703107833862305,0.00016134977340698242,0.0,0.012283331016078591
570,6.793527672998607,0.05749523639678955,0.05749523639678955,0.9970093965530396,0.99700927734375,0,0,-0.00010275840759277344,-0.00018215179443359375,-0.00019621849060058594,0.0,0.012586700962856412
571,6.805731467204168,0.0574951171875,0.0574951171875,0.99700927734375,0.99700927734375,0,0,-1.1920928955078125e-07,-1.1920928955078125e-07,-1.1920928955078125e-07,0.0,0.01220379420556128
572,6.8182724642101675,0.0574951171875,0.0574951171875,0.99700927734375,0.99700927734375,0,0,0.0,0.0,0.0,0.0,0.012540997005999088
573,6.831158904125914,0.0574951171875,0.0574951171875,0.99700927734375,0.99700927734375,0,0,0.0,0.0,0.0,0.0,0.01288643991574645
574,6.843528975034133,0.05750948190689087,0.05750608444213867,0.9970175623893738,0.99700927734375,0,0,1.436471939086914e-05,1.0967254638671875e-05,8.285045623779297e-06,0.0,0.012370070908218622
575,6.8556937330868095,0.05749523639678955,0.0500565767288208,0.9933004975318909,0.99700927734375,0,0,-1.424551010131836e-05,-0.007449507713317871,-0.00371706485748291,0.0,0.012164758052676916
576,6.867893639020622,0.05749547481536865,0.0574953556060791,0.9970095157623291,0.99700927734375,0,0,2.384185791015625e-07,0.007438778877258301,0.0037090182304382324,0.0,0.01219990593381226
577,6.880396173102781,0.05749619007110596,0.05749589204788208,0.9970099329948425,0.99700927734375,0,0,7.152557373046875e-07,5.364418029785156e-07,4.172325134277344e-07,0.0,0.0125025340821594
578,6.892869022209197,0.0574951171875,0.0574951171875,0.99700927734375,0.99700927734375,0,0,-1.0728836059570312e-06,-7.748603820800781e-07,-6.556510925292969e-07,0.0,0.012472849106416106
579,6.9051494831219316,0.04995918273925781,0.05386453866958618,0.9954151511192322,0.99700927734375,0,0,-0.0075359344482421875,-0.0036305785179138184,-0.0015941262245178223,0.0,0.01228046091273427
580,6.91729409317486,0.05755293369293213,0.05753970146179199,0.9970434904098511,0.99700927734375,0,0,0.007593750953674316,0.0036751627922058105,0.0016283392906188965,0.0,0.012144610052928329
581,6.929782701190561,0.05749523639678955,0.05749523639678955,0.9970093965530396,0.99700927734375,0,0,-5.7697296142578125e-05,-4.4465065002441406e-05,-3.409385681152344e-05,0.0,0.012488608015701175
582,6.942172032082453,0.05156821012496948,0.05458945035934448,0.9956893920898438,0.99700927734375,0,0,-0.005927026271820068,-0.0029057860374450684,-0.0013200044631958008,0.0,0.012389330891892314
583,6.954565418185666,0.0574953556060791,0.0574953556060791,0.9970095157623291,0.99700927734375,0,0,0.005927145481109619,0.002905905246734619,0.0013201236724853516,0.0,0.012393386103212833
584,6.9668173980899155,0.05458879470825195,0.05617469549179077,0.9964994192123413,0.99700927734375,0,0,-0.0029065608978271484,-0.00132066011428833,-0.000510096549987793,0.0,0.01225197990424931
585,6.979176395107061,0.05751413106918335,0.057509660720825195,0.9970203638076782,0.99700927734375,0,0,0.0029253363609313965,0.0013349652290344238,0.0005209445953369141,0.0,0.012358997017145157
586,6.99158398504369,0.051578521728515625,0.055243849754333496,0.99602872133255,0.99700927734375,0,0,-0.005935609340667725,-0.0022658109664916992,-0.0009916424751281738,0.0,0.012407589936628938
587,7.003906557103619,0.057498395442962646,0.057497382164001465,0.9970109462738037,0.99700927734375,0,0,0.0059198737144470215,0.0022535324096679688,0.0009822249412536621,0.0,0.012322572059929371
588,7.016301814001054,0.0574951171875,0.0574951171875,0.99700927734375,0.99700927734375,0,0,-3.2782554626464844e-06,-2.2649765014648438e-06,-1.6689300537109375e-06,0.0,0.012395256897434592
589,7.028444478986785,0.057495832443237305,0.05749565362930298,0.9970096945762634,0.99700927734375,0,0,7.152557373046875e-07,5.364418029785156e-07,4.172325134277344e-07,0.0,0.012142664985731244
590,7.040793162072077,0.0574951171875,0.0574951171875,0.99700927734375,0.99700927734375,0,0,-7.152557373046875e-07,-5.364418029785156e-07,-4.172325134277344e-07,0.0,0.012348683085292578
591,7.053210308076814,0.0574951171875,0.0574951171875,0.99700927734375,0.99700927734375,0,0,0.0,0.0,0.0,0.0,0.012417146004736423
592,7.06552804610692,0.0574951171875,0.0574951171875,0.99700927734375,0.99700927734375,0,0,0.0,0.0,0.0,0.0,0.01231773803010583
593,7.077789230039343,0.0574951171875,0.0574951171875,0.99700927734375,0.99700927734375,0,0,0.0,0.0,0.0,0.0,0.012261183932423592
594,7.090225912164897,0.05523616075515747,0.056508660316467285,0.9966654181480408,0.99700927734375,0,0,-0.0022589564323425293,-0.0009864568710327148,-0.0003438591957092285,0.0,0.012436682125553489
595,7.102679965086281,0.05307912826538086,0.055553138256073,0.9959954023361206,0.99700927734375,0,0,-0.0021570324897766113,-0.0009555220603942871,-0.000670015811920166,0.0,0.012454052921384573
596,7.1149272040929645,0.05749541521072388,0.0574953556060791,0.9923077821731567,0.99700927734375,0,0,0.004416286945343018,0.0019422173500061035,-0.003687620162963867,0.0,0.01224723900668323
597,7.1271730910521,0.05650913715362549,0.05715155601501465,0.9969735741615295,0.99700927734375,0,0,-0.0009862780570983887,-0.0003437995910644531,0.004665791988372803,0.0,0.012245886959135532
598,7.139543533092365,0.05749523639678955,0.05749523639678955,0.9970093965530396,0.99700927734375,0,0,0.0009860992431640625,0.00034368038177490234,3.5822391510009766e-05,0.0,0.012370442040264606
599,7.152403732063249,0.05757319927215576,0.05763894319534302,0.9971654415130615,0.99700927734375,0,0,7.796287536621094e-05,0.0001437067985534668,0.00015604496002197266,0.0,0.012860198970884085
600,7.164878414012492,0.05751979351043701,0.05380362272262573,0.995284378528595,0.99700927734375,0,0,-5.340576171875e-05,-0.003835320472717285,-0.0018810629844665527,0.0,0.01247468194924295
601,7.177286375081167,0.0574953556060791,0.0574953556060791,0.9970095157623291,0.99700927734375,0,0,-2.4437904357910156e-05,0.003691732883453369,0.0017251372337341309,0.0,0.012407961068674922
602,7.1896748170256615,0.05749619007110596,0.05749589204788208,0.9970098733901978,0.99700927734375,0,0,8.344650268554688e-07,5.364418029785156e-07,3.5762786865234375e-07,0.0,0.012388441944494843
603,7.201917444122955,0.057495832443237305,0.0574955940246582,0.9970096945762634,0.99700927734375,0,0,-3.5762786865234375e-07,-2.980232238769531e-07,-1.7881393432617188e-07,0.0,0.012242627097293735
604,7.214169832179323,0.0574951171875,0.0574951171875,0.99700927734375,0.99700927734375,0,0,-7.152557373046875e-07,-4.76837158203125e-07,-4.172325134277344e-07,0.0,0.012252388056367636
605,7.226559551199898,0.05750948190689087,0.05750608444213867,0.9970176219940186,0.99700927734375,0,0,1.436471939086914e-05,1.0967254638671875e-05,8.344650268554688e-06,0.0,0.012389719020575285
606,7.238920604111627,0.05749523639678955,0.05749523639678955,0.9970093965530396,0.99700927734375,0,0,-1.424551010131836e-05,-1.0848045349121094e-05,-8.225440979003906e-06,0.0,0.01236105291172862
607,7.251290583983064,0.0574951171875,0.0574951171875,0.99700927734375,0.99700927734375,0,0,-1.1920928955078125e-07,-1.1920928955078125e-07,-1.1920928955078125e-07,0.0,0.012369979871436954
608,7.263589099980891,0.05715125799179077,0.05745917558670044,0.9971069693565369,0.99700927734375,0,0,-0.0003438591957092285,-3.594160079956055e-05,9.769201278686523e-05,0.0,0.012298515997827053
609,7.276189930038527,0.05749523639678955,0.05749523639678955,0.9970093965530396,0.99700927734375,0,0,0.0003439784049987793,3.606081008911133e-05,-9.757280349731445e-05,0.0,0.012600830057635903
610,7.288549131015316,0.0574951171875,0.0574951171875,0.99700927734375,0.99700927734375,0,0,-1.1920928955078125e-07,-1.1920928955078125e-07,-1.1920928955078125e-07,0.0,0.012359200976788998
611,7.300874277018011,0.0574951171875,0.0574951171875,0.99700927734375,0.99700927734375,0,0,0.0,0.0,0.0,0.0,0.012325146002694964
612,7.313038628082722,0.0574951171875,0.0574951171875,0.99700927734375,0.99700927734375,0,0,0.0,0.0,0.0,0.0,0.01216435106471181
613,7.325578847201541,0.05738186836242676,0.057615041732788086,0.9971573948860168,0.99700927734375,0,0,-0.00011324882507324219,0.00011992454528808594,0.0001481175422668457,0.0,0.01254021911881864
614,7.338250417029485,0.05148118734359741,0.055352866649627686,0.9961810111999512,0.99700927734375,0,0,-0.005900681018829346,-0.0022621750831604004,-0.0009763836860656738,0.0,0.01267156982794404
615,7.350791395176202,0.05160278081893921,0.05461603403091431,0.995293915271759,0.99700927734375,0,0,0.00012159347534179688,-0.0007368326187133789,-0.0008870959281921387,0.0,0.012540978146716952
616,7.362924894085154,0.05763053894042969,0.05760270357131958,0.9896548986434937,0.99700927734375,0,0,0.0060277581214904785,0.0029866695404052734,-0.005639016628265381,0.0,0.012133498908951879
617,7.375171559164301,0.053803980350494385,0.05577051639556885,0.9962990880012512,0.99700927734375,0,0,-0.0038265585899353027,-0.0018321871757507324,0.006644189357757568,0.0,0.012246665079146624
618,7.387549631064758,0.05698949098587036,0.057385027408599854,0.9970778226852417,0.99700927734375,0,0,0.0031855106353759766,0.0016145110130310059,0.0007787346839904785,0.0,0.012378071900457144
619,7.400295460131019,0.05738431215286255,0.057563066482543945,0.997145414352417,0.99700927734375,0,0,0.0003948211669921875,0.0001780390739440918,6.759166717529297e-05,0.0,0.012745829066261649
620,7.4125338471494615,0.057496488094329834,0.05749619007110596,0.9970100522041321,0.99700927734375,0,0,0.00011217594146728516,-6.687641143798828e-05,-0.0001353621482849121,0.0,0.012238387018442154
621,7.424786049174145,0.057496070861816406,0.057495832443237305,0.9970098733901978,0.99700927734375,0,0,-4.172325134277344e-07,-3.5762786865234375e-07,-1.7881393432617188e-07,0.0,0.012252202024683356
622,7.436869696015492,0.057643234729766846,0.05763930082321167,0.9971362948417664,0.99700927734375,0,0,0.00014716386795043945,0.00014346837997436523,0.00012642145156860352,0.0,0.012083646841347218
623,7.449164305115119,0.05749523639678955,0.05749523639678955,0.9970093965530396,0.99700927734375,0,0,-0.00014799833297729492,-0.00014406442642211914,-0.00012689828872680664,0.0,0.012294609099626541
624,7.461564728058875,0.05390286445617676,0.05585002899169922,0.9963618516921997,0.99700927734375,0,0,-0.003592371940612793,-0.001645207405090332,-0.0006475448608398438,0.0,0.012400422943755984
625,7.473770912038162,0.0574953556060791,0.0574953556060791,0.9970095157623291,0.99700927734375,0,0,0.0035924911499023438,0.0016453266143798828,0.0006476640701293945,0.0,0.012206183979287744
626,7.486059095012024,0.057496607303619385,0.05749630928039551,0.9970101118087769,0.99700927734375,0,0,1.2516975402832031e-06,9.5367431640625e-07,5.960464477539062e-07,0.0,0.012288182973861694
627,7.498244371032342,0.057569026947021484,0.057548701763153076,0.9970508813858032,0.99700927734375,0,0,7.241964340209961e-05,5.239248275756836e-05,4.076957702636719e-05,0.0,0.01218527602031827
628,7.5108092201408,0.05750322341918945,0.057498395442962646,0.9970117807388306,0.99700927734375,0,0,-6.580352783203125e-05,-5.030632019042969e-05,-3.910064697265625e-05,0.0,0.012564849108457565
629,7.523913010023534,0.057495951652526855,0.057495713233947754,0.9970096945762634,0.99700927734375,0,0,-7.271766662597656e-06,-2.682209014892578e-06,-2.086162567138672e-06,0.0,0.013103789882734418
630,7.536291545024142,0.05760908126831055,0.05758821964263916,0.9970836043357849,0.99700927734375,0,0,0.0001131296157836914,9.250640869140625e-05,7.390975952148438e-05,0.0,0.012378535000607371
631,7.548448081128299,0.05378633737564087,0.05575704574584961,0.9960229396820068,0.99700927734375,0,0,-0.0038227438926696777,-0.0018311738967895508,-0.0010606646537780762,0.0,0.012156536104157567
632,7.560671023093164,0.05750536918640137,0.0575028657913208,0.9970151782035828,0.99700927734375,0,0,0.003719031810760498,0.0017458200454711914,0.0009922385215759277,0.0,0.01222294196486473
633,7.573088558157906,0.05749523639678955,0.05749523639678955,0.9970093369483948,0.99700927734375,0,0,-1.0132789611816406e-05,-7.62939453125e-06,-5.841255187988281e-06,0.0,0.012417535064741969
634,7.585264889989048,0.05749577283859253,0.0574955940246582,0.9970096945762634,0.99700927734375,0,0,5.364418029785156e-07,3.5762786865234375e-07,3.5762786865234375e-07,0.0,0.012176331831142306
635,7.597499684197828,0.0575944185256958,0.05757492780685425,0.9970775842666626,0.99700927734375,0,0,9.864568710327148e-05,7.933378219604492e-05,6.788969039916992e-05,0.0,0.012234794208779931
636,7.609680145978928,0.05749768018722534,0.057496607303619385,0.9970104694366455,0.99700927734375,0,0,-9.673833847045898e-05,-7.832050323486328e-05,-6.711483001708984e-05,0.0,0.012180461781099439
637,7.622296772198752,0.05752718448638916,0.057519733905792236,0.9970299005508423,0.99700927734375,0,0,2.950429916381836e-05,2.3126602172851562e-05,1.9431114196777344e-05,0.0,0.012616626219823956
638,7.634543696185574,0.05749577283859253,0.054589152336120605,0.9956891536712646,0.99700927734375,0,0,-3.141164779663086e-05,-0.002930581569671631,-0.0013407468795776367,0.0,0.012246923986822367
639,7.648015337064862,0.0574953556060791,0.0574953556060791,0.9970095157623291,0.99700927734375,0,0,-4.172325134277344e-07,0.002906203269958496,0.0013203620910644531,0.0,0.013471640879288316
640,7.660171317169443,0.05762284994125366,0.05388599634170532,0.9953513741493225,0.967254638671875,0,0,0.00012749433517456055,-0.0036093592643737793,-0.0016581416130065918,-0.029754638671875,0.012155980104580522
641,7.672557555139065,0.05760723352432251,0.05758470296859741,0.9970797896385193,0.99700927734375,0,0,-1.5616416931152344e-05,0.00369870662689209,0.0017284154891967773,0.029754638671875,0.012386237969622016
642,7.6849572190549225,0.05749523639678955,0.05749523639678955,0.9970093965530396,0.967254638671875,0,0,-0.00011199712753295898,-8.946657180786133e-05,-7.039308547973633e-05,-0.029754638671875,0.012399663915857673
643,7.697267421055585,0.05749565362930298,0.05749553442001343,0.9970095753669739,0.967254638671875,0,0,4.172325134277344e-07,2.980232238769531e-07,1.7881393432617188e-07,0.0,0.012310202000662684
644,7.709552104119211,0.057516276836395264,0.05750739574432373,0.9970186352729797,0.99700927734375,0,0,2.0623207092285156e-05,1.1861324310302734e-05,9.059906005859375e-06,0.029754638671875,0.01228468306362629
645,7.722320248140022,0.05749720335006714,0.057496726512908936,0.9970105290412903,0.99700927734375,0,0,-1.9073486328125e-05,-1.0669231414794922e-05,-8.106231689453125e-06,0.0,0.012768144020810723
646,7.734692431055009,0.05749601125717163,0.05749577283859253,0.9970097541809082,0.99700927734375,0,0,-1.1920928955078125e-06,-9.5367431640625e-07,-7.748603820800781e-07,0.0,0.012372182914987206
647,7.7470632621552795,0.0574951171875,0.0574951171875,0.99700927734375,0.99700927734375,0,0,-8.940696716308594e-07,-6.556510925292969e-07,-4.76837158203125e-07,0.0,0.012370831100270152
648,7.759460685076192,0.054057538509368896,0.055990397930145264,0.9964811205863953,0.99700927734375,0,0,-0.0034375786781311035,-0.0015047192573547363,-0.0005281567573547363,0.0,0.012397422920912504
649,7.772543216124177,0.057517945766448975,0.05761522054672241,0.9971575736999512,0.99700927734375,0,0,0.003460407257080078,0.0016248226165771484,0.0006764531135559082,0.0,0.013082531047984958
650,7.7847924921661615,0.05749523639678955,0.05749523639678955,0.9970093965530396,0.99700927734375,0,0,-2.2709369659423828e-05,-0.00011998414993286133,-0.0001481771469116211,0.0,0.012249276041984558
651,7.797084916150197,0.0574951171875,0.0574951171875,0.99700927734375,0.99700927734375,0,0,-1.1920928955078125e-07,-1.1920928955078125e-07,-1.1920928955078125e-07,0.0,0.01229242398403585
652,7.80942956218496,0.05751007795333862,0.05750232934951782,0.9970147013664246,0.99700927734375,0,0,1.4960765838623047e-05,7.212162017822266e-06,5.424022674560547e-06,0.0,0.012344646034762263
653,7.822307446040213,0.057497620582580566,0.05749702453613281,0.9970107674598694,0.99700927734375,0,0,-1.245737075805664e-05,-5.304813385009766e-06,-3.933906555175781e-06,0.0,0.012877883855253458
654,7.834679073188454,0.05755960941314697,0.05161762237548828,0.994141697883606,0.99700927734375,0,0,6.198883056640625e-05,-0.005879402160644531,-0.0028690695762634277,0.0,0.012371627148240805
655,7.847068182192743,0.057501792907714844,0.05750018358230591,0.9970130920410156,0.99700927734375,0,0,-5.7816505432128906e-05,0.005882561206817627,0.002871394157409668,0.0,0.012389109004288912
656,7.859430568991229,0.05749523639678955,0.0574951171875,0.99700927734375,0.99700927734375,0,0,-6.556510925292969e-06,-5.066394805908203e-06,-3.814697265625e-06,0.0,0.012362386798486114
657,7.8718226961791515,0.05750089883804321,0.057499468326568604,0.9970126152038574,0.99700927734375,0,0,5.662441253662109e-06,4.351139068603516e-06,3.337860107421875e-06,0.0,0.012392127187922597
658,7.884182323003188,0.05763810873031616,0.05760753154754639,0.9970967173576355,0.99700927734375,0,0,0.00013720989227294922,0.0001080632209777832,8.410215377807617e-05,0.0,0.01235962682403624
659,7.89654046902433,0.05762219429016113,0.05760139226913452,0.997101902961731,0.99700927734375,0,0,-1.5914440155029297e-05,-6.139278411865234e-06,5.185604095458984e-06,0.0,0.012358146021142602
660,7.908797226147726,0.05758106708526611,0.057562828063964844,0.9970620274543762,0.99700927734375,0,0,-4.112720489501953e-05,-3.8564205169677734e-05,-3.987550735473633e-05,0.0,0.0122567571233958
661,7.9215464810840786,0.05762219429016113,0.05760139226913452,0.9970953464508057,0.99700927734375,0,0,4.112720489501953e-05,3.8564205169677734e-05,3.331899642944336e-05,0.0,0.012749254936352372
662,7.93381166504696,0.05757904052734375,0.05756133794784546,0.9970608949661255,0.99700927734375,0,0,-4.315376281738281e-05,-4.00543212890625e-05,-3.445148468017578e-05,0.0,0.012265183962881565
663,7.9461714590433985,0.05749523639678955,0.05749523639678955,0.9970093965530396,0.99700927734375,0,0,-8.380413055419922e-05,-6.61015510559082e-05,-5.14984130859375e-05,0.0,0.012359793996438384
664,7.958564604166895,0.0574951171875,0.0574951171875,0.99700927734375,0.99700927734375,0,0,-1.1920928955078125e-07,-1.1920928955078125e-07,-1.1920928955078125e-07,0.0,0.012393145123496652
665,7.970960712991655,0.05753666162490845,0.05752718448638916,0.9970338940620422,0.99700927734375,0,0,4.1544437408447266e-05,3.2067298889160156e-05,2.4616718292236328e-05,0.0,0.012396108824759722
666,7.983308655209839,0.05749553442001343,0.05749547481536865,0.9970095157623291,0.99700927734375,0,0,-4.112720489501953e-05,-3.170967102050781e-05,-2.4378299713134766e-05,0.0,0.012347942218184471
667,7.995698060141876,0.0574951171875,0.0574951171875,0.99700927734375,0.99700927734375,0,0,-4.172325134277344e-07,-3.5762786865234375e-07,-2.384185791015625e-07,0.0,0.012389404932036996
668,8.008065187139437,0.05005645751953125,0.04866129159927368,0.992782711982727,0.99700927734375,0,0,-0.00743865966796875,-0.008833825588226318,-0.004226565361022949,0.0,0.012367126997560263
669,8.021207589190453,0.0574953556060791,0.0574953556060791,0.9970095157623291,0.99700927734375,0,0,0.0074388980865478516,0.00883406400680542,0.004226803779602051,0.0,0.013142402051016688
670,8.03371214098297,0.05750828981399536,0.057505130767822266,0.9970169067382812,0.99700927734375,0,0,1.2934207916259766e-05,9.775161743164062e-06,7.3909759521484375e-06,0.0,0.012504551792517304
671,8.046065250178799,0.05749523639678955,0.05749523639678955,0.9970093965530396,0.99700927734375,0,0,-1.3053417205810547e-05,-9.894371032714844e-06,-7.510185241699219e-06,0.0,0.012353109195828438
672,8.058447655057535,0.05757492780685425,0.05755817890167236,0.9970585107803345,0.99700927734375,0,0,7.969141006469727e-05,6.29425048828125e-05,4.9114227294921875e-05,0.0,0.012382404878735542
673,8.070824929978698,0.057622671127319336,0.057595908641815186,0.9970880150794983,0.99700927734375,0,0,4.774332046508789e-05,3.7729740142822266e-05,2.950429916381836e-05,0.0,0.012377274921163917
674,8.083191724028438,0.0575140118598938,0.05750948190689087,0.9970202445983887,0.99700927734375,0,0,-0.00010865926742553711,-8.64267349243164e-05,-6.777048110961914e-05,0.0,0.012366794049739838
675,8.095572388032451,0.05458885431289673,0.05617469549179077,0.9964994192123413,0.99700927734375,0,0,-0.0029251575469970703,-0.0013347864151000977,-0.0005208253860473633,0.0,0.012380664004012942
676,8.10794427501969,0.05750107765197754,0.05749964714050293,0.997012734413147,0.99700927734375,0,0,0.0029122233390808105,0.0013249516487121582,0.0005133152008056641,0.0,0.012371886987239122
677,8.120811159024015,0.057495832443237305,0.05749565362930298,0.9970096945762634,0.99700927734375,0,0,-5.245208740234375e-06,-3.993511199951172e-06,-3.039836883544922e-06,0.0,0.012866884004324675
678,8.132918565068394,0.0574951171875,0.0574951171875,0.99700927734375,0.99700927734375,0,0,-7.152557373046875e-07,-5.364418029785156e-07,-4.172325134277344e-07,0.0,0.012107406044378877
679,8.145186582114547,0.05752718448638916,0.0575176477432251,0.9970265030860901,0.99700927734375,0,0,3.2067298889160156e-05,2.2530555725097656e-05,1.722574234008789e-05,0.0,0.012268017046153545
680,8.157564820023254,0.05749911069869995,0.057498157024383545,0.9970115423202515,0.99700927734375,0,0,-2.8073787689208984e-05,-1.9490718841552734e-05,-1.4960765838623047e-05,0.0,0.012378237908706069
681,8.16994954016991,0.0574951171875,0.0574951171875,0.99700927734375,0.99700927734375,0,0,-3.993511199951172e-06,-3.039836883544922e-06,-2.2649765014648438e-06,0.0,0.012384720146656036
682,8.182318075094372,0.057515740394592285,0.0575108528137207,0.9970213174819946,0.99700927734375,0,0,2.0623207092285156e-05,1.5735626220703125e-05,1.2040138244628906e-05,0.0,0.012368534924462438
683,8.194681998109445,0.05348241329193115,0.055840134620666504,0.9965262413024902,0.99700927734375,0,0,-0.004033327102661133,-0.0016707181930541992,-0.0004950761795043945,0.0,0.012363923015072942
684,8.207043496193364,0.05749547481536865,0.0574953556060791,0.9970095157623291,0.99700927734375,0,0,0.0040130615234375,0.0016552209854125977,0.0004832744598388672,0.0,0.012361498083919287
685,8.219441957073286,0.0574951171875,0.0574951171875,0.99700927734375,0.99700927734375,0,0,-3.5762786865234375e-07,-2.384185791015625e-07,-2.384185791015625e-07,0.0,0.012398460879921913
686,8.231824435992166,0.0574951171875,0.0574951171875,0.99700927734375,0.99700927734375,0,0,0.0,0.0,0.0,0.0,0.012382478918880224
687,8.244175415020436,0.05758565664291382,0.05756562948226929,0.9970637559890747,0.99700927734375,0,0,9.053945541381836e-05,7.051229476928711e-05,5.447864532470703e-05,0.0,0.012350979028269649
688,8.25644563511014,0.0558704137802124,0.05686384439468384,0.9968646764755249,0.99700927734375,0,0,-0.001715242862701416,-0.0007017850875854492,-0.0001990795135498047,0.0,0.012270220089703798
689,8.268820318160579,0.05749630928039551,0.05749601125717163,0.9970099329948425,0.99700927734375,0,0,0.0016258955001831055,0.000632166862487793,0.00014525651931762695,0.0,0.012374683050438762
690,8.281114167999476,0.05749619007110596,0.05749589204788208,0.9970098733901978,0.99700927734375,0,0,-1.1920928955078125e-07,-1.1920928955078125e-07,-5.960464477539063e-08,0.0,0.012293849838897586
691,8.293427758151665,0.05738186836242676,0.05012255907058716,0.9934350848197937,0.99700927734375,0,0,-0.00011432170867919922,-0.007373332977294922,-0.0035747885704040527,0.0,0.012313590152189136
692,8.305701181991026,0.05749553442001343,0.0574953556060791,0.9970095157623291,0.99700927734375,0,0,0.00011366605758666992,0.007372796535491943,0.0035744309425354004,0.0,0.012273423839360476
693,8.318075032206252,0.0574951171875,0.0574951171875,0.99700927734375,0.99700927734375,0,0,-4.172325134277344e-07,-2.384185791015625e-07,-2.384185791015625e-07,0.0,0.012373850215226412
694,8.330457417992875,0.05771380662918091,0.05769449472427368,0.9971791505813599,0.99700927734375,0,0,0.0002186894416809082,0.00019937753677368164,0.00016987323760986328,0.0,0.012382385786622763
695,8.34281778614968,0.05749523639678955,0.05749523639678955,0.9970093965530396,0.99700927734375,0,0,-0.00021857023239135742,-0.00019925832748413086,-0.0001697540283203125,0.0,0.012360368156805634
696,8.355191803071648,0.0574951171875,0.0574951171875,0.99700927734375,0.99700927734375,0,0,-1.1920928955078125e-07,-1.1920928955078125e-07,-1.1920928955078125e-07,0.0,0.012374016921967268
697,8.367482523201033,0.057495832443237305,0.05749565362930298,0.9970096945762634,0.99700927734375,0,0,7.152557373046875e-07,5.364418029785156e-07,4.172325134277344e-07,0.0,0.01229072012938559
698,8.379820743110031,0.05749619007110596,0.057495832443237305,0.997009813785553,0.99700927734375,0,0,3.5762786865234375e-07,1.7881393432617188e-07,1.1920928955078125e-07,0.0,0.012338219908997416
699,8.39270986802876,0.0567745566368103,0.05728113651275635,0.9970318675041199,0.99700927734375,0,0,-0.0007216334342956543,-0.00021469593048095703,2.205371856689453e-05,0.0,0.012889124918729067
700,8.405080754077062,0.05749523639678955,0.05749523639678955,0.9970093965530396,0.99700927734375,0,0,0.000720679759979248,0.00021409988403320312,-2.2470951080322266e-05,0.0,0.012370886048302054
701,8.417448807042092,0.05617845058441162,0.05698812007904053,0.9968980550765991,0.99700927734375,0,0,-0.0013167858123779297,-0.0005071163177490234,-0.00011134147644042969,0.0,0.012368052965030074
702,8.42980919405818,0.057496845722198486,0.05749636888504028,0.9970102310180664,0.99700927734375,0,0,0.0013183951377868652,0.0005082488059997559,0.00011217594146728516,0.0,0.01236038701608777
703,8.442188340006396,0.057499468326568604,0.05749845504760742,0.9970117807388306,0.99700927734375,0,0,2.6226043701171875e-06,2.086162567138672e-06,1.5497207641601562e-06,0.0,0.012379145948216319
704,8.454549171030521,0.0574951171875,0.0574951171875,0.99700927734375,0.99700927734375,0,0,-4.351139068603516e-06,-3.337860107421875e-06,-2.5033950805664062e-06,0.0,0.012360831024125218
705,8.466927261091769,0.05279338359832764,0.05575692653656006,0.9962887167930603,0.99700927734375,0,0,-0.004701733589172363,-0.0017381906509399414,-0.0007205605506896973,0.0,0.012378090061247349
706,8.47930805501528,0.05677485466003418,0.0572812557220459,0.9970319867134094,0.99700927734375,0,0,0.003981471061706543,0.0015243291854858398,0.0007432699203491211,0.0,0.012380793923512101
707,8.491709719179198,0.05749523639678955,0.05749523639678955,0.9970093965530396,0.967254638671875,0,0,0.0007203817367553711,0.00021398067474365234,-2.2590160369873047e-05,-0.029754638671875,0.012401664163917303
708,8.504069698043168,0.05749565362930298,0.05749553442001343,0.9970095157623291,0.99700927734375,0,0,4.172325134277344e-07,2.980232238769531e-07,1.1920928955078125e-07,0.029754638671875,0.012359978863969445
709,8.516574195120484,0.0574951171875,0.0574951171875,0.99700927734375,0.99700927734375,0,0,-5.364418029785156e-07,-4.172325134277344e-07,-2.384185791015625e-07,0.0,0.012504497077316046
710,8.528928137151524,0.05715125799179077,0.05751770734786987,0.9971292018890381,0.99700927734375,0,0,-0.0003438591957092285,2.2590160369873047e-05,0.00011992454528808594,0.0,0.012353942031040788
711,8.541324264137074,0.05749523639678955,0.05749523639678955,0.9970093965530396,0.99700927734375,0,0,0.0003439784049987793,-2.2470951080322266e-05,-0.00011980533599853516,0.0,0.012396126985549927
712,8.553698355099186,0.05738186836242676,0.05756121873855591,0.9971439838409424,0.99700927734375,0,0,-0.00011336803436279297,6.598234176635742e-05,0.00013458728790283203,0.0,0.01237409096211195
713,8.566058686003089,0.05760139226913452,0.057581186294555664,0.9970776438713074,0.99700927734375,0,0,0.00021952390670776367,1.996755599975586e-05,-6.633996963500977e-05,0.0,0.01236033090390265
714,8.578460516175255,0.057607173919677734,0.05758565664291382,0.9970810413360596,0.99700927734375,0,0,5.781650543212891e-06,4.470348358154297e-06,3.3974647521972656e-06,0.0,0.012401830172166228
715,8.590836347080767,0.05749523639678955,0.05749523639678955,0.9970093965530396,0.99700927734375,0,0,-0.0001119375228881836,-9.042024612426758e-05,-7.164478302001953e-05,0.0,0.012375830905511975
716,8.603191641159356,0.05751770734786987,0.057643234729766846,0.9971534609794617,0.99700927734375,0,0,2.2470951080322266e-05,0.00014799833297729492,0.00014406442642211914,0.0,0.012355294078588486
717,8.616290228208527,0.0573500394821167,0.05757063627243042,0.9971697330474854,0.99700927734375,0,0,-0.00016766786575317383,-7.259845733642578e-05,1.627206802368164e-05,0.0,0.013098587049171329
718,8.628702613990754,0.05749523639678955,0.05749523639678955,0.9970093965530396,0.99700927734375,0,0,0.00014519691467285156,-7.539987564086914e-05,-0.00016033649444580078,0.0,0.01241238578222692
719,8.641071130987257,0.0574951171875,0.05156749486923218,0.994102954864502,0.99700927734375,0,0,-1.1920928955078125e-07,-0.005927741527557373,-0.0029064416885375977,0.0,0.012368516996502876
720,8.653449258068576,0.0574953556060791,0.0574953556060791,0.9970095157623291,0.99700927734375,0,0,2.384185791015625e-07,0.005927860736846924,0.0029065608978271484,0.0,0.01237812708131969
721,8.665823718067259,0.0574951171875,0.0574951171875,0.99700927734375,0.99700927734375,0,0,-2.384185791015625e-07,-2.384185791015625e-07,-2.384185791015625e-07,0.0,0.012374459998682141
722,8.678208086173981,0.0574951171875,0.0574951171875,0.99700927734375,0.99700927734375,0,0,0.0,0.0,0.0,0.0,0.012384368106722832
723,8.690567936049774,0.0576399564743042,0.05764365196228027,0.9971435070037842,0.99700927734375,0,0,0.00014483928680419922,0.00014853477478027344,0.0001342296600341797,0.0,0.012359849875792861
724,8.702799027087167,0.05749523639678955,0.05749523639678955,0.9970093965530396,0.99700927734375,0,0,-0.00014472007751464844,-0.00014841556549072266,-0.0001341104507446289,0.0,0.012231091037392616
725,8.715055340202525,0.0574951171875,0.0574951171875,0.99700927734375,0.99700927734375,0,0,-1.1920928955078125e-07,-1.1920928955078125e-07,-1.1920928955078125e-07,0.0,0.012256313115358353
726,8.72745048510842,0.0574951171875,0.0574951171875,0.99700927734375,0.99700927734375,0,0,0.0,0.0,0.0,0.0,0.012395144905894995
727,8.739820650080219,0.05765146017074585,0.05767941474914551,0.9971922039985657,0.99700927734375,0,0,0.0001563429832458496,0.0001842975616455078,0.00018292665481567383,0.0,0.012370164971798658
728,8.752197721041739,0.05749523639678955,0.05749523639678955,0.9970093965530396,0.99700927734375,0,0,-0.00015622377395629883,-0.00018417835235595703,-0.00018280744552612305,0.0,0.012377070961520076
729,8.764543256023899,0.057581186294555664,0.0575634241104126,0.9923611283302307,0.99700927734375,0,0,8.594989776611328e-05,6.818771362304688e-05,-0.004648268222808838,0.0,0.012345534982159734
730,8.776842939201742,0.05749553442001343,0.0574953556060791,0.9970095157623291,0.99700927734375,0,0,-8.565187454223633e-05,-6.80685043334961e-05,0.004648387432098389,0.0,0.01229968317784369
731,8.789191770134494,0.0574951171875,0.0574951171875,0.99700927734375,0.99700927734375,0,0,-4.172325134277344e-07,-2.384185791015625e-07,-2.384185791015625e-07,0.0,0.012348830932751298
732,8.801576361060143,0.0574951171875,0.0574951171875,0.99700927734375,0.99700927734375,0,0,0.0,0.0,0.0,0.0,0.012384590925648808
733,8.813969562062994,0.05751156806945801,0.05750763416290283,0.9970188140869141,0.99700927734375,0,0,1.6450881958007812e-05,1.2516975402832031e-05,9.5367431640625e-06,0.0,0.012393201002851129
734,8.826332504162565,0.05279350280761719,0.05523616075515747,0.9962887167930603,0.99700927734375,0,0,-0.00471806526184082,-0.0022714734077453613,-0.0007300972938537598,0.0,0.012362942099571228
735,8.839245906099677,0.05755341053009033,0.05753684043884277,0.997038722038269,0.99700927734375,0,0,0.0047599077224731445,0.0023006796836853027,0.0007500052452087402,0.0,0.012913401937112212
736,8.851944847032428,0.057676076889038086,0.05772364139556885,0.9972333908081055,0.99700927734375,0,0,0.0001226663589477539,0.00018680095672607422,0.00019466876983642578,0.0,0.012698940932750702
737,8.864318215055391,0.05750155448913574,0.05749994516372681,0.9970129728317261,0.99700927734375,0,0,-0.00017452239990234375,-0.00022369623184204102,-0.00022041797637939453,0.0,0.012373368022963405
738,8.87670500902459,0.05765199661254883,0.05761784315109253,0.9971044659614563,0.99700927734375,0,0,0.00015044212341308594,0.00011789798736572266,9.149312973022461e-05,0.0,0.012386793969199061
739,8.889082858106121,0.05757540464401245,0.057558536529541016,0.9970588684082031,0.99700927734375,0,0,-7.659196853637695e-05,-5.930662155151367e-05,-4.559755325317383e-05,0.0,0.012377849081531167
740,8.901436245068908,0.057534873485565186,0.05752551555633545,0.9970324635505676,0.99700927734375,0,0,-4.0531158447265625e-05,-3.3020973205566406e-05,-2.6404857635498047e-05,0.0,0.012353386962786317
741,8.91356248408556,0.05752307176589966,0.057516515254974365,0.9970256090164185,0.99700927734375,0,0,-1.1801719665527344e-05,-9.000301361083984e-06,-6.854534149169922e-06,0.0,0.012126239016652107
742,8.92597350012511,0.05749523639678955,0.05749523639678955,0.9970093965530396,0.99700927734375,0,0,-2.7835369110107422e-05,-2.1278858184814453e-05,-1.621246337890625e-05,0.0,0.012411016039550304
743,8.938218387076631,0.05749702453613281,0.057496488094329834,0.997010350227356,0.99700927734375,0,0,1.7881393432617188e-06,1.2516975402832031e-06,9.5367431640625e-07,0.0,0.012244886951521039
744,8.950722718145698,0.05754441022872925,0.05753326416015625,0.9970386624336243,0.99700927734375,0,0,4.738569259643555e-05,3.6776065826416016e-05,2.8312206268310547e-05,0.0,0.01250433106906712
745,8.963059567147866,0.05749523639678955,0.05749523639678955,0.9970093965530396,0.99700927734375,0,0,-4.9173831939697266e-05,-3.802776336669922e-05,-2.9265880584716797e-05,0.0,0.012336849002167583
746,8.975458750035614,0.057500362396240234,0.05749911069869995,0.9970123171806335,0.99700927734375,0,0,5.125999450683594e-06,3.874301910400391e-06,2.9206275939941406e-06,0.0,0.012399182887747884
747,8.98769919318147,0.05749523639678955,0.0574951171875,0.99700927734375,0.99700927734375,0,0,-5.125999450683594e-06,-3.993511199951172e-06,-3.039836883544922e-06,0.0,0.012240443145856261
748,8.999912691069767,0.0575370192527771,0.057527244091033936,0.9970361590385437,0.99700927734375,0,0,4.178285598754883e-05,3.212690353393555e-05,2.6881694793701172e-05,0.0,0.012213497888296843
749,9.012183430138975,0.05759286880493164,0.05763876438140869,0.9971584677696228,0.99700927734375,0,0,5.5849552154541016e-05,0.00011152029037475586,0.00012230873107910156,0.0,0.012270739069208503
750,9.02432379918173,0.05749523639678955,0.05749523639678955,0.9970093965530396,0.99700927734375,0,0,-9.763240814208984e-05,-0.00014352798461914062,-0.00014907121658325195,0.0,0.012140369042754173
751,9.036436705151573,0.057498157024383545,0.057497382164001465,0.9970111846923828,0.99700927734375,0,0,2.9206275939941406e-06,2.1457672119140625e-06,1.7881393432617188e-06,0.0,0.012112905969843268
752,9.048428371082991,0.05764275789260864,0.05762213468551636,0.9971225261688232,0.99700927734375,0,0,0.00014460086822509766,0.00012475252151489258,0.00011134147644042969,0.0,0.011991665931418538
753,9.060447926167399,0.05749523639678955,0.05279350280761719,0.994750440120697,0.99700927734375,0,0,-0.0001475214958190918,-0.00482863187789917,-0.0023720860481262207,0.0,0.01201955508440733
754,9.072598017985001,0.0574953556060791,0.0574953556060791,0.9970095157623291,0.99700927734375,0,0,1.1920928955078125e-07,0.004701852798461914,0.00225907564163208,0.0,0.012150091817602515
755,9.084880849113688,0.05761533975601196,0.0575944185256958,0.9970890879631042,0.99700927734375,0,0,0.00011998414993286133,9.906291961669922e-05,7.957220077514648e-05,0.0,0.012282831128686666
756,9.097089477116242,0.055237412452697754,0.05650967359542847,0.9966661334037781,0.99700927734375,0,0,-0.002377927303314209,-0.001084744930267334,-0.0004229545593261719,0.0,0.012208628002554178
757,9.109185531036928,0.05752730369567871,0.05751985311508179,0.9970237612724304,0.99700927734375,0,0,0.002289891242980957,0.0010101795196533203,0.00035762786865234375,0.0,0.012096053920686245
758,9.121818935032934,0.0500565767288208,0.05378633737564087,0.9947503209114075,0.99700927734375,0,0,-0.00747072696685791,-0.003733515739440918,-0.0022734403610229492,0.0,0.012633403996005654
759,9.134939948096871,0.05156773328781128,0.05458897352218628,0.9952713251113892,0.99700927734375,0,0,0.0015111565589904785,0.0008026361465454102,0.0005210041999816895,0.0,0.013121013063937426
760,9.147077836096287,0.05765354633331299,0.05764716863632202,0.9971423149108887,0.99700927734375,0,0,0.006085813045501709,0.003058195114135742,0.0018709897994995117,0.0,0.012137887999415398
761,9.159074891125783,0.05749523639678955,0.05749523639678955,0.9895707368850708,0.99700927734375,0,0,-0.0001583099365234375,-0.0001519322395324707,-0.007571578025817871,0.0,0.01199705502949655
762,9.171192797133699,0.0576397180557251,0.057622551918029785,0.9971157908439636,0.99700927734375,0,0,0.00014448165893554688,0.00012731552124023438,0.007545053958892822,0.0,0.012117906007915735
763,9.183460517087951,0.05749523639678955,0.05749523639678955,0.9970093965530396,0.99700927734375,0,0,-0.00014448165893554688,-0.00012731552124023438,-0.00010639429092407227,0.0,0.012267719954252243
764,9.195707756094635,0.05470210313796997,0.05626732110977173,0.9963685870170593,0.99700927734375,0,0,-0.00279313325881958,-0.0012279152870178223,-0.0006408095359802246,0.0,0.01224723900668323
765,9.207821977091953,0.0574953556060791,0.0574953556060791,0.9970094561576843,0.99700927734375,0,0,0.002793252468109131,0.001228034496307373,0.000640869140625,0.0,0.012114220997318625
766,9.220592066179961,0.05757492780685425,0.05755817890167236,0.9970585107803345,0.99700927734375,0,0,7.957220077514648e-05,6.282329559326172e-05,4.9054622650146484e-05,0.0,0.012770089088007808
767,9.232918285997584,0.05753326416015625,0.0575219988822937,0.9970318078994751,0.99700927734375,0,0,-4.166364669799805e-05,-3.618001937866211e-05,-2.6702880859375e-05,0.0,0.012326219817623496
768,9.245199154131114,0.05749523639678955,0.05749523639678955,0.9970093965530396,0.99700927734375,0,0,-3.802776336669922e-05,-2.676248550415039e-05,-2.2411346435546875e-05,0.0,0.01228086813353002
769,9.25860931398347,0.05753779411315918,0.057528018951416016,0.9970345497131348,0.99700927734375,0,0,4.2557716369628906e-05,3.2782554626464844e-05,2.5153160095214844e-05,0.0,0.013410159852355719
770,9.27079849713482,0.0575404167175293,0.057530105113983154,0.9970361590385437,0.99700927734375,0,0,2.6226043701171875e-06,2.086162567138672e-06,1.6093254089355469e-06,0.0,0.012189183151349425
771,9.283049051184207,0.057530105113983154,0.0575219988822937,0.9970299005508423,0.99700927734375,0,0,-1.0311603546142578e-05,-8.106231689453125e-06,-6.258487701416016e-06,0.0,0.012250554049387574
772,9.295461382018402,0.057496845722198486,0.057496488094329834,0.997010350227356,0.99700927734375,0,0,-3.325939178466797e-05,-2.5510787963867188e-05,-1.9550323486328125e-05,0.0,0.012412330834195018
773,9.307551677105948,0.057519733905792236,0.0575140118598938,0.9970250129699707,0.99700927734375,0,0,2.288818359375e-05,1.7523765563964844e-05,1.4662742614746094e-05,0.0,0.01209029508754611
774,9.319469344103709,0.05756598711013794,0.05755060911178589,0.9970523118972778,0.99700927734375,0,0,4.6253204345703125e-05,3.6597251892089844e-05,2.7298927307128906e-05,0.0,0.011917666997760534
775,9.331714731175452,0.05279350280761719,0.055236220359802246,0.9956889748573303,0.99700927734375,0,0,-0.004772484302520752,-0.0023143887519836426,-0.0013633370399475098,0.0,0.012245387071743608
776,9.343827118165791,0.0574953556060791,0.0574953556060791,0.9970095157623291,0.99700927734375,0,0,0.004701852798461914,0.0022591352462768555,0.0013205409049987793,0.0,0.012112386990338564
777,9.356047376058996,0.05745917558670044,0.057592809200286865,0.9971439838409424,0.99700927734375,0,0,-3.618001937866211e-05,9.745359420776367e-05,0.00013446807861328125,0.0,0.012220257893204689
778,9.368164190091193,0.05749523639678955,0.05749523639678955,0.9970093965530396,0.99700927734375,0,0,3.606081008911133e-05,-9.757280349731445e-05,-0.00013458728790283203,0.0,0.012116814032196999
779,9.380439521046355,0.0574951171875,0.0574951171875,0.99700927734375,0.99700927734375,0,0,-1.1920928955078125e-07,-1.1920928955078125e-07,-1.1920928955078125e-07,0.0,0.012275330955162644
780,9.392575075151399,0.0574951171875,0.0574951171875,0.99700927734375,0.99700927734375,0,0,0.0,0.0,0.0,0.0,0.012135554105043411
781,9.404572797007859,0.055758118629455566,0.056775450706481934,0.9967959523200989,0.99700927734375,0,0,-0.0017369985580444336,-0.0007196664810180664,-0.00021332502365112305,0.0,0.011997721856459975
782,9.41680279513821,0.0574953556060791,0.057495296001434326,0.9970093965530396,0.99700927734375,0,0,0.0017372369766235352,0.0007198452949523926,0.00021344423294067383,0.0,0.012229998130351305
783,9.428981424076483,0.0575219988822937,0.057515740394592285,0.9970250129699707,0.99700927734375,0,0,2.664327621459961e-05,2.0444393157958984e-05,1.5616416931152344e-05,0.0,0.012178628938272595
784,9.441086422186345,0.05729109048843384,0.05752533674240112,0.9971350431442261,0.99700927734375,0,0,-0.00023090839385986328,9.59634780883789e-06,0.0001100301742553711,0.0,0.012104998109862208
785,9.453306421171874,0.05757427215576172,0.057551026344299316,0.9970521926879883,0.99700927734375,0,0,0.00028318166732788086,2.568960189819336e-05,-8.285045623779297e-05,0.0,0.012219998985528946
786,9.465824584010988,0.05749523639678955,0.05749523639678955,0.9970093965530396,0.99700927734375,0,0,-7.903575897216797e-05,-5.5789947509765625e-05,-4.279613494873047e-05,0.0,0.012518162839114666
787,9.47829285915941,0.05768084526062012,0.05764126777648926,0.9971230030059814,0.99700927734375,0,0,0.0001856088638305664,0.00014603137969970703,0.00011360645294189453,0.0,0.012468275148421526
788,9.490689245983958,0.057515740394592285,0.0575108528137207,0.9970213174819946,0.99700927734375,0,0,-0.00016510486602783203,-0.0001304149627685547,-0.0001016855239868164,0.0,0.012396386824548244
789,9.502886726055294,0.05749523639678955,0.05749523639678955,0.9970093965530396,0.99700927734375,0,0,-2.0503997802734375e-05,-1.5616416931152344e-05,-1.1920928955078125e-05,0.0,0.012197480071336031
790,9.515240723034367,0.057562410831451416,0.057630717754364014,0.9971591830253601,0.99700927734375,0,0,6.717443466186523e-05,0.0001354813575744629,0.00014978647232055664,0.0,0.01235399697907269
791,9.527475259033963,0.05749773979187012,0.05749696493148804,0.9970106482505798,0.99700927734375,0,0,-6.467103958129883e-05,-0.00013375282287597656,-0.00014853477478027344,0.0,0.012234535999596119
792,9.539828627137467,0.057495713233947754,0.05749553442001343,0.9923079609870911,0.99700927734375,0,0,-2.0265579223632812e-06,-1.430511474609375e-06,-0.0047026872634887695,0.0,0.012353368103504181
793,9.55217625410296,0.057496607303619385,0.05749630928039551,0.9970102310180664,0.99700927734375,0,0,8.940696716308594e-07,7.748603820800781e-07,0.004702270030975342,0.0,0.012347626965492964
794,9.564172493992373,0.05715888738632202,0.05746495723724365,0.9970802068710327,0.99700927734375,0,0,-0.0003377199172973633,-3.135204315185547e-05,6.99758529663086e-05,0.0,0.011996239889413118
795,9.57647264120169,0.0572812557220459,0.057517826557159424,0.9971070885658264,0.99700927734375,0,0,0.00012236833572387695,5.2869319915771484e-05,2.6881694793701172e-05,0.0,0.012300147209316492
796,9.588465547189116,0.05749523639678955,0.05749523639678955,0.9970093965530396,0.99700927734375,0,0,0.00021398067474365234,-2.2590160369873047e-05,-9.769201278686523e-05,0.0,0.011992905987426639
797,9.60080537898466,0.0574951171875,0.0574951171875,0.99700927734375,0.99700927734375,0,0,-1.1920928955078125e-07,-1.1920928955078125e-07,-1.1920928955078125e-07,0.0,0.012339831795543432
798,9.612900692038238,0.05751234292984009,0.05750828981399536,0.9970192909240723,0.99700927734375,0,0,1.722574234008789e-05,1.3172626495361328e-05,1.0013580322265625e-05,0.0,0.012095313053578138
799,9.625076172174886,0.05749523639678955,0.05749523639678955,0.9970093965530396,0.99700927734375,0,0,-1.710653305053711e-05,-1.3053417205810547e-05,-9.894371032714844e-06,0.0,0.01217548013664782
800,9.63735522609204,0.05750089883804321,0.057499468326568604,0.9970129728317261,0.99700927734375,0,0,5.662441253662109e-06,4.231929779052734e-06,3.5762786865234375e-06,0.0,0.01227905391715467
801,9.649482836015522,0.057581186294555664,0.0575634241104126,0.9970628023147583,0.99700927734375,0,0,8.028745651245117e-05,6.395578384399414e-05,4.982948303222656e-05,0.0,0.012127609923481941
802,9.661801000125706,0.05749523639678955,0.05749523639678955,0.9970093965530396,0.99700927734375,0,0,-8.594989776611328e-05,-6.818771362304688e-05,-5.340576171875e-05,0.0,0.012318164110183716
803,9.673808185150847,0.0574951171875,0.0574951171875,0.99700927734375,0.99700927734375,0,0,-1.1920928955078125e-07,-1.1920928955078125e-07,-1.1920928955078125e-07,0.0,0.012007185025140643
804,9.686187183018774,0.0574951171875,0.0574951171875,0.99700927734375,0.99700927734375,0,0,0.0,0.0,0.0,0.0,0.012378997867926955
805,9.698453477118164,0.0575486421585083,0.05753666162490845,0.9970442652702332,0.99700927734375,0,0,5.352497100830078e-05,4.1544437408447266e-05,3.49879264831543e-05,0.0,0.012266294099390507
806,9.710475365165621,0.0500565767288208,0.05378633737564087,0.9947503805160522,0.99700927734375,0,0,-0.0074920654296875,-0.003750324249267578,-0.002293884754180908,0.0,0.012021888047456741
807,9.722704752115533,0.0574953556060791,0.0574953556060791,0.9970095157623291,0.99700927734375,0,0,0.007438778877258301,0.0037090182304382324,0.0022591352462768555,0.0,0.012229386949911714
808,9.734829825116321,0.0574951171875,0.0574951171875,0.99700927734375,0.99700927734375,0,0,-2.384185791015625e-07,-2.384185791015625e-07,-2.384185791015625e-07,0.0,0.012125073000788689
809,9.747095749014989,0.0575219988822937,0.057515740394592285,0.9970265030860901,0.99700927734375,0,0,2.6881694793701172e-05,2.0623207092285156e-05,1.722574234008789e-05,0.0,0.012265923898667097
810,9.759178100153804,0.05751943588256836,0.057513654232025146,0.9970234036445618,0.99700927734375,0,0,-2.562999725341797e-06,-2.086162567138672e-06,-3.0994415283203125e-06,0.0,0.012082351138815284
811,9.771196376997977,0.053793907165527344,0.05576282739639282,0.9962932467460632,0.99700927734375,0,0,-0.0037255287170410156,-0.0017508268356323242,-0.0007301568984985352,0.0,0.01201827684417367
812,9.783464098116383,0.0574953556060791,0.0574953556060791,0.9970095157623291,0.99700927734375,0,0,0.003701448440551758,0.0017325282096862793,0.0007162690162658691,0.0,0.012267721118405461
813,9.795544597087428,0.0574951171875,0.0574951171875,0.99700927734375,0.99700927734375,0,0,-2.384185791015625e-07,-2.384185791015625e-07,-2.384185791015625e-07,0.0,0.012080498971045017
814,9.807726577157155,0.057592809200286865,0.05763876438140869,0.9971584677696228,0.99700927734375,0,0,9.769201278686523e-05,0.0001436471939086914,0.00014919042587280273,0.0,0.012181980069726706
815,9.819821872049943,0.05749523639678955,0.05749523639678955,0.9970093965530396,0.99700927734375,0,0,-9.757280349731445e-05,-0.00014352798461914062,-0.00014907121658325195,0.0,0.012095294892787933
816,9.832219443982467,0.05575937032699585,0.05677640438079834,0.9967966675758362,0.99700927734375,0,0,-0.0017358660697937012,-0.0007188320159912109,-0.00021272897720336914,0.0,0.012397571932524443
817,9.844457460101694,0.057498931884765625,0.057498037815093994,0.9970114827156067,0.99700927734375,0,0,0.0017395615577697754,0.0007216334342956543,0.0002148151397705078,0.0,0.012238016119226813
818,9.856478126021102,0.057496488094329834,0.05749619007110596,0.9970100522041321,0.99700927734375,0,0,-2.4437904357910156e-06,-1.8477439880371094e-06,-1.430511474609375e-06,0.0,0.012020665919408202
819,9.868719364982098,0.0574951171875,0.0574951171875,0.99700927734375,0.99700927734375,0,0,-1.3709068298339844e-06,-1.0728836059570312e-06,-7.748603820800781e-07,0.0,0.01224123896099627
820,9.88092371611856,0.0574951171875,0.0574951171875,0.99700927734375,0.99700927734375,0,0,0.0,0.0,0.0,0.0,0.0122043511364609
821,9.89331752806902,0.05750828981399536,0.057505130767822266,0.9970176219940186,0.99700927734375,0,0,1.3172626495361328e-05,1.0013580322265625e-05,8.344650268554688e-06,0.0,0.012393811950460076
822,9.905455934116617,0.05750608444213867,0.057503461837768555,0.997015655040741,0.99700927734375,0,0,-2.205371856689453e-06,-1.6689300537109375e-06,-1.9669532775878906e-06,0.0,0.012138406047597528
823,9.917486804071814,0.057496845722198486,0.057496488094329834,0.997010350227356,0.99700927734375,0,0,-9.238719940185547e-06,-6.973743438720703e-06,-5.304813385009766e-06,0.0,0.012030869955196977
824,9.929817931028083,0.057559967041015625,0.05754572153091431,0.9970484375953674,0.99700927734375,0,0,6.312131881713867e-05,4.9233436584472656e-05,3.808736801147461e-05,0.0,0.012331126956269145
825,9.94218900310807,0.05749523639678955,0.05749523639678955,0.9970093965530396,0.99700927734375,0,0,-6.473064422607422e-05,-5.048513412475586e-05,-3.904104232788086e-05,0.0,0.012371072079986334
826,9.954246613197029,0.0574951171875,0.0574951171875,0.99700927734375,0.99700927734375,0,0,-1.1920928955078125e-07,-1.1920928955078125e-07,-1.1920928955078125e-07,0.0,0.012057610088959336
827,9.966551444027573,0.05751079320907593,0.05006837844848633,0.9923175573348999,0.99700927734375,0,0,1.5676021575927734e-05,-0.007426738739013672,-0.004691720008850098,0.0,0.012304830830544233
828,9.97868996206671,0.05752110481262207,0.05761760473251343,0.9971550703048706,0.99700927734375,0,0,1.0311603546142578e-05,0.0075492262840271,0.004837512969970703,0.0,0.012138518039137125
829,9.990810535149649,0.05763882398605347,0.057594478130340576,0.9970890879631042,0.967254638671875,0,0,0.00011771917343139648,-2.3126602172851562e-05,-6.598234176635742e-05,-0.029754638671875,0.01212057308293879
830,10.003933251136914,0.0575641393661499,0.05754917860031128,0.9970511794090271,0.99700927734375,0,0,-7.468461990356445e-05,-4.5299530029296875e-05,-3.790855407714844e-05,0.029754638671875,0.01312271598726511
831,10.016112249111757,0.0574985146522522,0.05749768018722534,0.9970112442970276,0.99700927734375,0,0,-6.562471389770508e-05,-5.14984130859375e-05,-3.993511199951172e-05,0.0,0.012178997974842787
832,10.02822247100994,0.05750209093093872,0.057500362396240234,0.9970136284828186,0.99700927734375,0,0,3.5762786865234375e-06,2.682209014892578e-06,2.384185791015625e-06,0.0,0.012110221898183227
833,10.04048395017162,0.05749523639678955,0.05749523639678955,0.99700927734375,0.99700927734375,0,0,-6.854534149169922e-06,-5.125999450683594e-06,-4.351139068603516e-06,0.0,0.012261479161679745
834,10.052840022137389,0.057601332664489746,0.057581186294555664,0.9970775842666626,0.99700927734375,0,0,0.00010609626770019531,8.594989776611328e-05,6.830692291259766e-05,0.0,0.012356071965768933
835,10.06484802113846,0.05763447284698486,0.05761533975601196,0.9971086382865906,0.99700927734375,0,0,3.314018249511719e-05,3.415346145629883e-05,3.1054019927978516e-05,0.0,0.012007999001070857
836,10.07719698199071,0.05749523639678955,0.05749523639678955,0.9970093965530396,0.99700927734375,0,0,-0.0001392364501953125,-0.00012010335922241211,-9.924173355102539e-05,0.0,0.012348960852250457
837,10.08931649918668,0.0575486421585083,0.05753666162490845,0.9970442652702332,0.99700927734375,0,0,5.340576171875e-05,4.1425228118896484e-05,3.4868717193603516e-05,0.0,0.01211951719596982
838,10.101481683086604,0.05515646934509277,0.05670875310897827,0.9969620704650879,0.99700927734375,0,0,-0.0023921728134155273,-0.0008279085159301758,-8.219480514526367e-05,0.0,0.012165183899924159
839,10.113352054031566,0.05749553442001343,0.0574953556060791,0.9970095157623291,0.99700927734375,0,0,0.0023390650749206543,0.0007866024971008301,4.744529724121094e-05,0.0,0.011870370944961905
840,10.126625898992643,0.0574951171875,0.0574951171875,0.99700927734375,0.99700927734375,0,0,-4.172325134277344e-07,-2.384185791015625e-07,-2.384185791015625e-07,0.0,0.013273844961076975
841,10.138813675148413,0.05005645751953125,0.05378621816635132,0.9947503209114075,0.99700927734375,0,0,-0.00743865966796875,-0.0037088990211486816,-0.0022589564323425293,0.0,0.012187776155769825
842,10.150807045167312,0.05749541521072388,0.0574953556060791,0.9970095157623291,0.99700927734375,0,0,0.007438957691192627,0.003709137439727783,0.002259194850921631,0.0,0.01199337001889944
843,10.163064377149567,0.0574951171875,0.0574951171875,0.99700927734375,0.99700927734375,0,0,-2.980232238769531e-07,-2.384185791015625e-07,-2.384185791015625e-07,0.0,0.012257331982254982
844,10.175096153980121,0.0574951171875,0.0574951171875,0.99700927734375,0.99700927734375,0,0,0.0,0.0,0.0,0.0,0.012031776830554008
845,10.187214671168476,0.0574951171875,0.0574951171875,0.99700927734375,0.99700927734375,0,0,0.0,0.0,0.0,0.0,0.012118517188355327
846,10.199465114157647,0.05752718448638916,0.057519733905792236,0.9970250129699707,0.99700927734375,0,0,3.2067298889160156e-05,2.4616718292236328e-05,1.5735626220703125e-05,0.0,0.012250442989170551
847,10.211829130072147,0.05749523639678955,0.05749523639678955,0.9970093965530396,0.99700927734375,0,0,-3.1948089599609375e-05,-2.4497509002685547e-05,-1.5616416931152344e-05,0.0,0.01236401591449976
848,10.224114758195356,0.057495713233947754,0.0574955940246582,0.9970096945762634,0.99700927734375,0,0,4.76837158203125e-07,3.5762786865234375e-07,2.980232238769531e-07,0.0,0.01228562812320888
849,10.236106405034661,0.057569026947021484,0.05755329132080078,0.9970585107803345,0.99700927734375,0,0,7.331371307373047e-05,5.7697296142578125e-05,4.881620407104492e-05,0.0,0.011991646839305758
850,10.2482074231375,0.05728113651275635,0.05751776695251465,0.9971070289611816,0.99700927734375,0,0,-0.0002878904342651367,-3.552436828613281e-05,4.851818084716797e-05,0.0,0.012101018102839589
851,10.260171052068472,0.05749523639678955,0.05749523639678955,0.9970093965530396,0.99700927734375,0,0,0.00021409988403320312,-2.2530555725097656e-05,-9.763240814208984e-05,0.0,0.011963628930971026
852,10.272420790977776,0.057499468326568604,0.057498812675476074,0.9970120191574097,0.99700927734375,0,0,4.231929779052734e-06,3.5762786865234375e-06,2.6226043701171875e-06,0.0,0.012249738909304142
853,10.28442854899913,0.057495176792144775,0.0574951171875,0.99700927734375,0.99700927734375,0,0,-4.291534423828125e-06,-3.6954879760742188e-06,-2.7418136596679688e-06,0.0,0.012007758021354675
854,10.29654864105396,0.0574951171875,0.0574951171875,0.99700927734375,0.99700927734375,0,0,-5.960464477539063e-08,0.0,0.0,0.0,0.012120092054829001
855,10.308609770145267,0.05755132436752319,0.05753844976425171,0.9970425367355347,0.99700927734375,0,0,5.620718002319336e-05,4.3332576751708984e-05,3.325939178466797e-05,0.0,0.01206112909130752
856,10.321106674149632,0.05749768018722534,0.05749708414077759,0.9970109462738037,0.99700927734375,0,0,-5.364418029785156e-05,-4.1365623474121094e-05,-3.159046173095703e-05,0.0,0.012496904004365206
857,10.33319263602607,0.0574951171875,0.0574951171875,0.99700927734375,0.99700927734375,0,0,-2.562999725341797e-06,-1.9669532775878906e-06,-1.6689300537109375e-06,0.0,0.012085961876437068
858,10.345320597989485,0.05760836601257324,0.05758768320083618,0.9970890879631042,0.99700927734375,0,0,0.00011324882507324219,9.256601333618164e-05,7.981061935424805e-05,0.0,0.012127961963415146
859,10.35756028117612,0.053934454917907715,0.055901288986206055,0.9961565136909485,0.99700927734375,0,0,-0.0036739110946655273,-0.001686394214630127,-0.0009325742721557617,0.0,0.012239683186635375
860,10.369491744088009,0.057522356510162354,0.05751597881317139,0.9970266819000244,0.99700927734375,0,0,0.0035879015922546387,0.001614689826965332,0.0008701682090759277,0.0,0.011931462911888957
861,10.381634650053456,0.05749523639678955,0.05749523639678955,0.9970093965530396,0.99700927734375,0,0,-2.7120113372802734e-05,-2.0742416381835938e-05,-1.728534698486328e-05,0.0,0.012142905965447426
862,10.393824241124094,0.0574951171875,0.0574951171875,0.99700927734375,0.99700927734375,0,0,-1.1920928955078125e-07,-1.1920928955078125e-07,-1.1920928955078125e-07,0.0,0.012189591070637107
863,10.405838296050206,0.0574951171875,0.0574951171875,0.99700927734375,0.99700927734375,0,0,0.0,0.0,0.0,0.0,0.012014054926112294
864,10.417824314208701,0.0574951171875,0.0574951171875,0.99700927734375,0.99700927734375,0,0,0.0,0.0,0.0,0.0,0.011986018158495426
865,10.43034497811459,0.05458879470825195,0.05617469549179077,0.9962887167930603,0.99700927734375,0,0,-0.002906322479248047,-0.0013204216957092285,-0.0007205605506896973,0.0,0.012520663905888796
866,10.442590291146189,0.0574953556060791,0.0574953556060791,0.9970093965530396,0.99700927734375,0,0,0.0029065608978271484,0.00132066011428833,0.000720679759979248,0.0,0.012245313031598926
867,10.454728660173714,0.05762779712677002,0.05772656202316284,0.9972575306892395,0.99700927734375,0,0,0.00013244152069091797,0.00023120641708374023,0.00024813413619995117,0.0,0.012138369027525187
868,10.467069825157523,0.05749523639678955,0.05749523639678955,0.9970093965530396,0.99700927734375,0,0,-0.00013256072998046875,-0.00023132562637329102,-0.00024813413619995117,0.0,0.012341164983808994
869,10.479106787126511,0.0574951171875,0.0574951171875,0.99700927734375,0.99700927734375,0,0,-1.1920928955078125e-07,-1.1920928955078125e-07,-1.1920928955078125e-07,0.0,0.01203696196898818
870,10.491190415108576,0.05749565362930298,0.05749553442001343,0.9970096349716187,0.99700927734375,0,0,5.364418029785156e-07,4.172325134277344e-07,3.5762786865234375e-07,0.0,0.012083627982065082
871,10.503357988083735,0.057512760162353516,0.05763447284698486,0.9971850514411926,0.99700927734375,0,0,1.710653305053711e-05,0.00013893842697143555,0.0001754164695739746,0.0,0.012167572975158691
872,10.515437469119206,0.05759316682815552,0.05765414237976074,0.9971777200698853,0.99700927734375,0,0,8.040666580200195e-05,1.9669532775878906e-05,-7.331371307373047e-06,0.0,0.012079481035470963
873,10.527537930058315,0.05758780241012573,0.05756908655166626,0.9970628619194031,0.99700927734375,0,0,-5.364418029785156e-06,-8.505582809448242e-05,-0.00011485815048217773,0.0,0.012100460939109325
874,10.540098187047988,0.057496607303619385,0.05749630928039551,0.9970102310180664,0.99700927734375,0,0,-9.119510650634766e-05,-7.277727127075195e-05,-5.263090133666992e-05,0.0,0.01256025698967278
875,10.55213366704993,0.057515740394592285,0.0575108528137207,0.9970213174819946,0.99700927734375,0,0,1.913309097290039e-05,1.4543533325195312e-05,1.1086463928222656e-05,0.0,0.012035480001941323
876,10.5642337591853,0.05753672122955322,0.05752718448638916,0.9970361590385437,0.99700927734375,0,0,2.09808349609375e-05,1.633167266845703e-05,1.4841556549072266e-05,0.0,0.012100092135369778
877,10.576358665013686,0.05750429630279541,0.05750209093093872,0.9970150589942932,0.99700927734375,0,0,-3.24249267578125e-05,-2.5093555450439453e-05,-2.110004425048828e-05,0.0,0.012124905828386545
878,10.588456294033676,0.05762946605682373,0.0576019287109375,0.9971002340316772,0.99700927734375,0,0,0.0001251697540283203,9.98377799987793e-05,8.51750373840332e-05,0.0,0.012097629019990563
879,10.60057682916522,0.05749523639678955,0.05749523639678955,0.9970093965530396,0.99700927734375,0,0,-0.0001342296600341797,-0.00010669231414794922,-9.083747863769531e-05,0.0,0.012120535131543875
880,10.612895883154124,0.05750429630279541,0.05750209093093872,0.9970150589942932,0.99700927734375,0,0,9.059906005859375e-06,6.854534149169922e-06,5.662441253662109e-06,0.0,0.012319053988903761
881,10.625050363130867,0.051660120487213135,0.05466282367706299,0.9878956079483032,0.99700927734375,0,0,-0.005844175815582275,-0.0028392672538757324,-0.00911945104598999,0.0,0.01215447997674346
882,10.637209769105539,0.05749857425689697,0.05749773979187012,0.9970114827156067,0.99700927734375,0,0,0.005838453769683838,0.002834916114807129,0.009115874767303467,0.0,0.012159405974671245
883,10.64958528499119,0.057495832443237305,0.05749565362930298,0.9970096945762634,0.99700927734375,0,0,-2.7418136596679688e-06,-2.086162567138672e-06,-1.7881393432617188e-06,0.0,0.012375515885651112
884,10.661475248169154,0.057496070861816406,0.057495832443237305,0.997009813785553,0.99700927734375,0,0,2.384185791015625e-07,1.7881393432617188e-07,1.1920928955078125e-07,0.0,0.011889963177964091
885,10.673752006143332,0.0574951171875,0.0574951171875,0.99700927734375,0.99700927734375,0,0,-9.5367431640625e-07,-7.152557373046875e-07,-5.364418029785156e-07,0.0,0.012276757974177599
886,10.685854412149638,0.0574951171875,0.0574951171875,0.99700927734375,0.99700927734375,0,0,0.0,0.0,0.0,0.0,0.01210240600630641
887,10.69813079899177,0.0574951171875,0.0574951171875,0.99700927734375,0.99700927734375,0,0,0.0,0.0,0.0,0.0,0.012276386842131615
888,10.710315427044407,0.0574951171875,0.0574951171875,0.99700927734375,0.99700927734375,0,0,0.0,0.0,0.0,0.0,0.012184628052636981
889,10.722467184998095,0.0574951171875,0.0574951171875,0.99700927734375,0.99700927734375,0,0,0.0,0.0,0.0,0.0,0.012151757953688502
890,10.734553962014616,0.05770087242126465,0.05768364667892456,0.9970964789390564,0.99700927734375,0,0,0.00020575523376464844,0.00018852949142456055,8.720159530639648e-05,0.0,0.0120867770165205
891,10.747569105122238,0.05750352144241333,0.05750149488449097,0.9970145225524902,0.99700927734375,0,0,-0.00019735097885131836,-0.00018215179443359375,-8.195638656616211e-05,0.0,0.013015143107622862
892,10.759766455041245,0.056339800357818604,0.057136714458465576,0.9969323873519897,0.99700927734375,0,0,-0.0011637210845947266,-0.0003647804260253906,-8.213520050048828e-05,0.0,0.012197349919006228
893,10.771825787145644,0.05753028392791748,0.05752217769622803,0.9970300197601318,0.99700927734375,0,0,0.001190483570098877,0.00038546323776245117,9.763240814208984e-05,0.0,0.0120593321043998
894,10.783831416163594,0.05392336845397949,0.055908024311065674,0.996429443359375,0.99700927734375,0,0,-0.0036069154739379883,-0.0016141533851623535,-0.0006005764007568359,0.0,0.012005629017949104
895,10.79607030400075,0.057544589042663574,0.057530224323272705,0.9970387816429138,0.99700927734375,0,0,0.003621220588684082,0.0016222000122070312,0.0006093382835388184,0.0,0.012238887837156653
896,10.80834900517948,0.057534873485565186,0.05760723352432251,0.9971638917922974,0.99700927734375,0,0,-9.715557098388672e-06,7.700920104980469e-05,0.00012511014938354492,0.0,0.012278701178729534
897,10.820961798075587,0.0561748743057251,0.05715125799179077,0.9969733953475952,0.99700927734375,0,0,-0.0013599991798400879,-0.0004559755325317383,-0.00019049644470214844,0.0,0.01261279289610684
898,10.83313300111331,0.0574953556060791,0.05749523639678955,0.9970093965530396,0.99700927734375,0,0,0.001320481300354004,0.0003439784049987793,3.600120544433594e-05,0.0,0.012171203037723899
899,10.84532496216707,0.0574951171875,0.0574951171875,0.99700927734375,0.99700927734375,0,0,-2.384185791015625e-07,-1.1920928955078125e-07,-1.1920928955078125e-07,0.0,0.01219196105375886
900,10.857493998017162,0.0574951171875,0.0574951171875,0.99700927734375,0.99700927734375,0,0,0.0,0.0,0.0,0.0,0.012169035850092769
901,10.870646844152361,0.0574951171875,0.0574951171875,0.99700927734375,0.99700927734375,0,0,0.0,0.0,0.0,0.0,0.01315284613519907
902,10.88283212017268,0.0574951171875,0.0574951171875,0.99700927734375,0.99700927734375,0,0,0.0,0.0,0.0,0.0,0.01218527602031827
903,10.89505898905918,0.0574951171875,0.0574951171875,0.99700927734375,0.99700927734375,0,0,0.0,0.0,0.0,0.0,0.012226868886500597
904,10.907182265073061,0.05754023790359497,0.05752980709075928,0.9970383644104004,0.99700927734375,0,0,4.51207160949707e-05,3.4689903259277344e-05,2.9087066650390625e-05,0.0,0.012123276013880968
905,10.919209541985765,0.05750429630279541,0.05750149488449097,0.997014045715332,0.99700927734375,0,0,-3.594160079956055e-05,-2.8312206268310547e-05,-2.4318695068359375e-05,0.0,0.01202727691270411
906,10.931448263116181,0.05749523639678955,0.05749523639678955,0.9970093965530396,0.99700927734375,0,0,-9.059906005859375e-06,-6.258487701416016e-06,-4.649162292480469e-06,0.0,0.012238721130415797
907,10.943464558105916,0.057569026947021484,0.0575486421585083,0.9970545172691345,0.99700927734375,0,0,7.37905502319336e-05,5.340576171875e-05,4.51207160949707e-05,0.0,0.012016294989734888
908,10.955754742026329,0.05750149488449097,0.05749988555908203,0.99701327085495,0.99700927734375,0,0,-6.753206253051758e-05,-4.875659942626953e-05,-4.124641418457031e-05,0.0,0.012290183920413256
909,10.967823741026223,0.057581186294555664,0.0575634241104126,0.9970674514770508,0.99700927734375,0,0,7.969141006469727e-05,6.35385513305664e-05,5.418062210083008e-05,0.0,0.012068998999893665
910,10.97996573918499,0.05749523639678955,0.05749523639678955,0.9970093965530396,0.99700927734375,0,0,-8.594989776611328e-05,-6.818771362304688e-05,-5.805492401123047e-05,0.0,0.01214199815876782
911,10.992307922104374,0.0574951171875,0.0574951171875,0.99700927734375,0.99700927734375,0,0,-1.1920928955078125e-07,-1.1920928955078125e-07,-1.1920928955078125e-07,0.0,0.012342182919383049
912,11.004339811159298,0.0574951171875,0.0574951171875,0.99700927734375,0.99700927734375,0,0,0.0,0.0,0.0,0.0,0.01203188905492425
913,11.016632623039186,0.05745917558670044,0.057592809200286865,0.9971529245376587,0.99700927734375,0,0,-3.594160079956055e-05,9.769201278686523e-05,0.0001436471939086914,0.0,0.012292811879888177
914,11.028883991995826,0.05750608444213867,0.05750352144241333,0.9970157146453857,0.99700927734375,0,0,4.690885543823242e-05,-8.928775787353516e-05,-0.00013720989227294922,0.0,0.012251368956640363
915,11.041091490071267,0.0575176477432251,0.05751234292984009,0.9970236420631409,0.99700927734375,0,0,1.1563301086425781e-05,8.821487426757812e-06,7.927417755126953e-06,0.0,0.012207498075440526
916,11.053088101092726,0.05749523639678955,0.0500565767288208,0.9933004975318909,0.99700927734375,0,0,-2.2411346435546875e-05,-0.007455766201019287,-0.00372314453125,0.0,0.011996611021459103
917,11.065104619134218,0.05749553442001343,0.0574953556060791,0.9970095157623291,0.99700927734375,0,0,2.980232238769531e-07,0.007438778877258301,0.0037090182304382324,0.0,0.012016518041491508
918,11.07720865518786,0.05777627229690552,0.05772840976715088,0.9972151517868042,0.99700927734375,0,0,0.00028073787689208984,0.00023305416107177734,0.00020563602447509766,0.0,0.01210403605364263
919,11.089344191132113,0.05752205848693848,0.057515740394592285,0.9970265030860901,0.99700927734375,0,0,-0.000254213809967041,-0.00021266937255859375,-0.00018864870071411133,0.0,0.012135535944253206
920,11.10149611509405,0.05749523639678955,0.05749523639678955,0.9970093965530396,0.99700927734375,0,0,-2.682209014892578e-05,-2.0503997802734375e-05,-1.710653305053711e-05,0.0,0.012151923961937428
921,11.11347878118977,0.05554836988449097,0.05680131912231445,0.9967666268348694,0.99700927734375,0,0,-0.001946866512298584,-0.0006939172744750977,-0.00024276971817016602,0.0,0.011982666095718741
922,11.12557409517467,0.05763012170791626,0.057644546031951904,0.997153639793396,0.99700927734375,0,0,0.002081751823425293,0.0008432269096374512,0.00038701295852661133,0.0,0.012095313984900713
923,11.137578854104504,0.05760836601257324,0.05166018009185791,0.9933803677558899,0.99700927734375,0,0,-2.1755695343017578e-05,-0.005984365940093994,-0.0037732720375061035,0.0,0.01200475892983377
924,11.14950016909279,0.05749553442001343,0.05749547481536865,0.9970095157623291,0.99700927734375,0,0,-0.00011283159255981445,0.005835294723510742,0.003629148006439209,0.0,0.011921314988285303
925,11.161476761102676,0.057496070861816406,0.057495832443237305,0.997009813785553,0.99700927734375,0,0,5.364418029785156e-07,3.5762786865234375e-07,2.980232238769531e-07,0.0,0.0119765920098871
926,11.173507853178307,0.057505130767822266,0.05750274658203125,0.997015655040741,0.99700927734375,0,0,9.059906005859375e-06,6.9141387939453125e-06,5.841255187988281e-06,0.0,0.012031092075631022
927,11.185582241043448,0.05749523639678955,0.05749523639678955,0.9970093965530396,0.99700927734375,0,0,-9.894371032714844e-06,-7.510185241699219e-06,-6.258487701416016e-06,0.0,0.012074387865141034
928,11.197834128048271,0.05577564239501953,0.05678880214691162,0.9966772198677063,0.99700927734375,0,0,-0.0017195940017700195,-0.0007064342498779297,-0.00033217668533325195,0.0,0.012251887004822493
929,11.209833812201396,0.057496607303619385,0.05749619007110596,0.9970100522041321,0.99700927734375,0,0,0.0017209649085998535,0.0007073879241943359,0.00033283233642578125,0.0,0.01199968415312469
930,11.222489586099982,0.0574951171875,0.0574951171875,0.99700927734375,0.967254638671875,0,0,-1.4901161193847656e-06,-1.0728836059570312e-06,-7.748603820800781e-07,-0.029754638671875,0.01265577389858663
931,11.234748418210074,0.05754214525222778,0.05753141641616821,0.9970371723175049,0.99700927734375,0,0,4.70280647277832e-05,3.629922866821289e-05,2.7894973754882812e-05,0.029754638671875,0.012258832110092044
932,11.246956935152411,0.05749845504760742,0.057497620582580566,0.9970111846923828,0.99700927734375,0,0,-4.369020462036133e-05,-3.3795833587646484e-05,-2.5987625122070312e-05,0.0,0.012208516942337155
933,11.259112952044234,0.057495832443237305,0.05749565362930298,0.9970096945762634,0.99700927734375,0,0,-2.6226043701171875e-06,-1.9669532775878906e-06,-1.4901161193847656e-06,0.0,0.012156016891822219
934,11.271217581117526,0.0574951171875,0.0574951171875,0.99700927734375,0.99700927734375,0,0,-7.152557373046875e-07,-5.364418029785156e-07,-4.172325134277344e-07,0.0,0.012104629073292017
935,11.283379820175469,0.0574951171875,0.0574951171875,0.99700927734375,0.967254638671875,0,0,0.0,0.0,0.0,-0.029754638671875,0.012162239057943225
936,11.295471912017092,0.057495713233947754,0.05749553442001343,0.9970096349716187,0.99700927734375,0,0,5.960464477539062e-07,4.172325134277344e-07,3.5762786865234375e-07,0.029754638671875,0.012092091841623187
937,11.307759206043556,0.0574951171875,0.0574951171875,0.99700927734375,0.99700927734375,0,0,-5.960464477539062e-07,-4.172325134277344e-07,-3.5762786865234375e-07,0.0,0.012287294026464224
938,11.319823520025238,0.0574951171875,0.0574951171875,0.99700927734375,0.99700927734375,0,0,0.0,0.0,0.0,0.0,0.012064313981682062
939,11.33214785112068,0.0574951171875,0.0574951171875,0.99700927734375,0.99700927734375,0,0,0.0,0.0,0.0,0.0,0.012324331095442176
940,11.3444677751977,0.0574951171875,0.0574951171875,0.99700927734375,0.99700927734375,0,0,0.0,0.0,0.0,0.0,0.012319924077019095
941,11.356454552151263,0.0574951171875,0.0574951171875,0.9895706176757812,0.99700927734375,0,0,0.0,0.0,-0.00743865966796875,0.0,0.011986776953563094
942,11.36874945810996,0.057615816593170166,0.05759483575820923,0.9970956444740295,0.99700927734375,0,0,0.00012069940567016602,9.971857070922852e-05,0.007525026798248291,0.0,0.0122949059586972
943,11.380879920208827,0.057682156562805176,0.057649970054626465,0.9971339702606201,0.99700927734375,0,0,6.633996963500977e-05,5.513429641723633e-05,3.832578659057617e-05,0.0,0.012130462098866701
944,11.393111085053533,0.05753147602081299,0.05752295255661011,0.9970325231552124,0.99700927734375,0,0,-0.0001506805419921875,-0.00012701749801635742,-0.00010144710540771484,0.0,0.012231164844706655
945,11.405099121155217,0.05749523639678955,0.05749523639678955,0.9970093965530396,0.99700927734375,0,0,-3.62396240234375e-05,-2.771615982055664e-05,-2.3126602172851562e-05,0.0,0.011988036101683974
946,11.417384008178487,0.05749988555908203,0.057498812675476074,0.9970123171806335,0.99700927734375,0,0,4.649162292480469e-06,3.5762786865234375e-06,2.9206275939941406e-06,0.0,0.01228488702327013
947,11.429482211126015,0.05749523639678955,0.0574951171875,0.99700927734375,0.99700927734375,0,0,-4.649162292480469e-06,-3.6954879760742188e-06,-3.039836883544922e-06,0.0,0.01209820294752717
948,11.44145830301568,0.057155728340148926,0.05746257305145264,0.9970781803131104,0.99700927734375,0,0,-0.000339508056640625,-3.254413604736328e-05,6.890296936035156e-05,0.0,0.01197609188966453
949,11.453496024012566,0.05617588758468628,0.056986093521118164,0.9967959523200989,0.99700927734375,0,0,-0.0009798407554626465,-0.00047647953033447266,-0.0002822279930114746,0.0,0.012037720996886492
950,11.465481894090772,0.05763000249862671,0.05764448642730713,0.997153639793396,0.99700927734375,0,0,0.0014541149139404297,0.0006583929061889648,0.00035768747329711914,0.0,0.011985870078206062
951,11.478106909198686,0.057548701763153076,0.05753672122955322,0.9970442652702332,0.99700927734375,0,0,-8.130073547363281e-05,-0.00010776519775390625,-0.0001093745231628418,0.0,0.012625015107914805
952,11.491351384203881,0.05749523639678955,0.05749523639678955,0.9970093965530396,0.967254638671875,0,0,-5.346536636352539e-05,-4.1484832763671875e-05,-3.4868717193603516e-05,-0.029754638671875,0.013244475005194545
953,11.503465050132945,0.05749577283859253,0.0574955940246582,0.9970096945762634,0.99700927734375,0,0,5.364418029785156e-07,3.5762786865234375e-07,2.980232238769531e-07,0.029754638671875,0.012113665929064155
954,11.51549388305284,0.057498157024383545,0.05749619007110596,0.9970100522041321,0.99700927734375,0,0,2.384185791015625e-06,5.960464477539062e-07,3.5762786865234375e-07,0.0,0.012028832919895649
955,11.528861635131761,0.053804993629455566,0.05577129125595093,0.9962995648384094,0.99700927734375,0,0,-0.0036931633949279785,-0.0017248988151550293,-0.0007104873657226562,0.0,0.013367752078920603
956,11.541094874031842,0.0574953556060791,0.0574953556060791,0.9970095157623291,0.99700927734375,0,0,0.003690361976623535,0.0017240643501281738,0.0007099509239196777,0.0,0.012233238900080323
957,11.553137280978262,0.0574951171875,0.0574951171875,0.99700927734375,0.99700927734375,0,0,-2.384185791015625e-07,-2.384185791015625e-07,-2.384185791015625e-07,0.0,0.01204240694642067
958,11.565206557046622,0.0574951171875,0.0574951171875,0.99700927734375,0.99700927734375,0,0,0.0,0.0,0.0,0.0,0.012069276068359613
959,11.577499111182988,0.057509422302246094,0.057506024837493896,0.9970183372497559,0.99700927734375,0,0,1.430511474609375e-05,1.0907649993896484e-05,9.059906005859375e-06,0.0,0.012292554136365652
960,11.589847053168342,0.05749577283859253,0.05749565362930298,0.9970096945762634,0.99700927734375,0,0,-1.3649463653564453e-05,-1.0371208190917969e-05,-8.64267349243164e-06,0.0,0.012347941985353827
961,11.602224810048938,0.0574951171875,0.0574951171875,0.99700927734375,0.99700927734375,0,0,-6.556510925292969e-07,-5.364418029785156e-07,-4.172325134277344e-07,0.0,0.01237775688059628
962,11.615268471185118,0.05733078718185425,0.05755615234375,0.9971588253974915,0.99700927734375,0,0,-0.00016433000564575195,6.103515625e-05,0.00014954805374145508,0.0,0.013043661136180162
963,11.627476062159985,0.05749523639678955,0.05749523639678955,0.9970093965530396,0.99700927734375,0,0,0.00016444921493530273,-6.091594696044922e-05,-0.0001494288444519043,0.0,0.012207590974867344
964,11.639465135987848,0.0574951171875,0.0574951171875,0.99700927734375,0.99700927734375,0,0,-1.1920928955078125e-07,-1.1920928955078125e-07,-1.1920928955078125e-07,0.0,0.01198907382786274
965,11.651640542084351,0.0574951171875,0.0574951171875,0.99700927734375,0.99700927734375,0,0,0.0,0.0,0.0,0.0,0.012175406096503139
966,11.663822781061754,0.0574951171875,0.0574951171875,0.99700927734375,0.99700927734375,0,0,0.0,0.0,0.0,0.0,0.012182238977402449
967,11.675827799132094,0.0574951171875,0.0574951171875,0.99700927734375,0.99700927734375,0,0,0.0,0.0,0.0,0.0,0.012005018070340157
968,11.688091297168285,0.05700594186782837,0.05739760398864746,0.9970449805259705,0.99700927734375,0,0,-0.0004891753196716309,-9.751319885253906e-05,3.5703182220458984e-05,0.0,0.012263498036190867
969,11.700110075064003,0.057505249977111816,0.0575028657913208,0.9970157146453857,0.99700927734375,0,0,0.0004993081092834473,0.00010526180267333984,-2.9265880584716797e-05,0.0,0.012018777895718813
970,11.712347888154909,0.05749523639678955,0.05749523639678955,0.9970093965530396,0.99700927734375,0,0,-1.0013580322265625e-05,-7.62939453125e-06,-6.318092346191406e-06,0.0,0.012237813090905547
971,11.72452096012421,0.057786405086517334,0.05777627229690552,0.9972688555717468,0.99700927734375,0,0,0.0002911686897277832,0.0002810359001159668,0.0002594590187072754,0.0,0.012173071969300508
972,11.736755402991548,0.057779133319854736,0.05778372287750244,0.9972689151763916,0.99700927734375,0,0,-7.271766662597656e-06,7.450580596923828e-06,5.960464477539063e-08,0.0,0.012234442867338657
973,11.748884254135191,0.05755341053009033,0.05754053592681885,0.9970443844795227,0.99700927734375,0,0,-0.0002257227897644043,-0.00024318695068359375,-0.00022453069686889648,0.0,0.01212885114364326
974,11.760886253090575,0.0500565767288208,0.05378633737564087,0.9952711462974548,0.99700927734375,0,0,-0.007496833801269531,-0.0037541985511779785,-0.001773238182067871,0.0,0.012001998955383897
975,11.773218751186505,0.057544589042663574,0.057533442974090576,0.9970414638519287,0.99700927734375,0,0,0.0074880123138427734,0.003747105598449707,0.001770317554473877,0.0,0.012332498095929623
976,11.785384287126362,0.057548701763153076,0.0575404167175293,0.9970442652702332,0.99700927734375,0,0,4.112720489501953e-06,6.973743438720703e-06,2.8014183044433594e-06,0.0,0.012165535939857364
977,11.797453619074076,0.05749523639678955,0.05749523639678955,0.9970093965530396,0.99700927734375,0,0,-5.346536636352539e-05,-4.5180320739746094e-05,-3.4868717193603516e-05,0.0,0.01206933194771409
978,11.80945713701658,0.0574951171875,0.0574951171875,0.99700927734375,0.99700927734375,0,0,-1.1920928955078125e-07,-1.1920928955078125e-07,-1.1920928955078125e-07,0.0,0.012003517942503095
979,11.821908746147528,0.0574951171875,0.0574951171875,0.99700927734375,0.99700927734375,0,0,0.0,0.0,0.0,0.0,0.012451609130948782
980,11.834129077149555,0.05752718448638916,0.057519733905792236,0.9970281720161438,0.99700927734375,0,0,3.2067298889160156e-05,2.4616718292236328e-05,1.8894672393798828e-05,0.0,0.012220331002026796
981,11.846340854186565,0.056992292404174805,0.05738717317581177,0.9970362782478333,0.99700927734375,0,0,-0.0005348920822143555,-0.00013256072998046875,8.106231689453125e-06,0.0,0.012211777037009597
982,11.858474667184055,0.057711124420166016,0.0577085018157959,0.9972078800201416,0.99700927734375,0,0,0.0007188320159912109,0.00032132863998413086,0.0001716017723083496,0.0,0.012133812997490168
983,11.870573518099263,0.05762225389480591,0.05760139226913452,0.9970953464508057,0.99700927734375,0,0,-8.887052536010742e-05,-0.00010710954666137695,-0.0001125335693359375,0.0,0.012098850915208459
984,11.882897423114628,0.05749523639678955,0.05749523639678955,0.9970093965530396,0.99700927734375,0,0,-0.00012701749801635742,-0.0001061558723449707,-8.594989776611328e-05,0.0,0.01232390501536429
985,11.895121033070609,0.0574951171875,0.05279338359832764,0.9947503209114075,0.99700927734375,0,0,-1.1920928955078125e-07,-0.004701852798461914,-0.00225907564163208,0.0,0.012223609955981374
986,11.90745417913422,0.05764460563659668,0.05763465166091919,0.9971364736557007,0.99700927734375,0,0,0.0001494884490966797,0.004841268062591553,0.002386152744293213,0.0,0.012333146063610911
987,11.919510678155348,0.05749523639678955,0.05749523639678955,0.9970093965530396,0.99700927734375,0,0,-0.0001493692398071289,-0.00013941526412963867,-0.0001270771026611328,0.0,0.01205649902112782
988,11.931616973131895,0.0574951171875,0.0574951171875,0.99700927734375,0.99700927734375,0,0,-1.1920928955078125e-07,-1.1920928955078125e-07,-1.1920928955078125e-07,0.0,0.01210629497654736
989,11.943829379044473,0.05749636888504028,0.057496070861816406,0.9970099925994873,0.99700927734375,0,0,1.2516975402832031e-06,9.5367431640625e-07,7.152557373046875e-07,0.0,0.012212405912578106
990,11.956126247067004,0.0574951171875,0.0574951171875,0.99700927734375,0.99700927734375,0,0,-1.2516975402832031e-06,-9.5367431640625e-07,-7.152557373046875e-07,0.0,0.012296868022531271
991,11.968217987101525,0.057496607303619385,0.05749619007110596,0.9970100522041321,0.99700927734375,0,0,1.4901161193847656e-06,1.0728836059570312e-06,7.748603820800781e-07,0.0,0.012091740034520626
992,11.980360801098868,0.0574951171875,0.0574951171875,0.99700927734375,0.99700927734375,0,0,-1.4901161193847656e-06,-1.0728836059570312e-06,-7.748603820800781e-07,0.0,0.012142813997343183
993,11.992972871055827,0.0574951171875,0.0574951171875,0.99700927734375,0.99700927734375,0,0,0.0,0.0,0.0,0.0,0.012612069956958294
994,12.005350128049031,0.0574951171875,0.0574951171875,0.99700927734375,0.99700927734375,0,0,0.0,0.0,0.0,0.0,0.012377256993204355
995,12.017496034037322,0.05756121873855591,0.05762982368469238,0.9971573948860168,0.99700927734375,0,0,6.61015510559082e-05,0.0001347064971923828,0.0001481175422668457,0.0,0.012145905988290906
996,12.029623793205246,0.05749523639678955,0.05749523639678955,0.9970093965530396,0.99700927734375,0,0,-6.598234176635742e-05,-0.00013458728790283203,-0.00014799833297729492,0.0,0.012127759167924523
997,12.041845550062135,0.057496070861816406,0.057495832443237305,0.997009813785553,0.99700927734375,0,0,8.344650268554688e-07,5.960464477539062e-07,4.172325134277344e-07,0.0,0.012221756856888533
998,12.054209548048675,0.0574951171875,0.0574951171875,0.99700927734375,0.99700927734375,0,0,-9.5367431640625e-07,-7.152557373046875e-07,-5.364418029785156e-07,0.0,0.012363997986540198
999,12.066361732082441,0.0574951171875,0.0574951171875,0.99700927734375,0.99700927734375,0,0,0.0,0.0,0.0,0.0,0.012152184033766389
1000,12.078490823041648,0.057496726512908936,0.05749636888504028,0.997010350227356,0.99700927734375,0,0,1.6093254089355469e-06,1.2516975402832031e-06,1.0728836059570312e-06,0.0,0.012129090959206223
1001,12.09058632212691,0.051612794399261475,0.05462384223937988,0.9953005313873291,0.99700927734375,0,0,-0.005883932113647461,-0.0028725266456604004,-0.0017098188400268555,0.0,0.012095499085262418
1002,12.102643080987036,0.0574953556060791,0.0574953556060791,0.9970095157623291,0.99700927734375,0,0,0.005882561206817627,0.0028715133666992188,0.001708984375,0.0,0.012056758860126138
1003,12.114859394030645,0.05753672122955322,0.05752718448638916,0.9970338940620422,0.99700927734375,0,0,4.1365623474121094e-05,3.1828880310058594e-05,2.4378299713134766e-05,0.0,0.012216313043609262
1004,12.127086318098009,0.05531114339828491,0.05656766891479492,0.9965493679046631,0.99700927734375,0,0,-0.0022255778312683105,-0.0009595155715942383,-0.0004845261573791504,0.0,0.012226924067363143
1005,12.139128335984424,0.057498157024383545,0.057497382164001465,0.9970109462738037,0.99700927734375,0,0,0.002187013626098633,0.000929713249206543,0.000461578369140625,0.0,0.012042017886415124
1006,12.151227205060422,0.0574951171875,0.0574951171875,0.99700927734375,0.99700927734375,0,0,-3.039836883544922e-06,-2.2649765014648438e-06,-1.6689300537109375e-06,0.0,0.012098869075998664
1007,12.16338155604899,0.0574951171875,0.0574951171875,0.99700927734375,0.99700927734375,0,0,0.0,0.0,0.0,0.0,0.012154350988566875
1008,12.175558203132823,0.0574951171875,0.0574951171875,0.99700927734375,0.99700927734375,0,0,0.0,0.0,0.0,0.0,0.012176647083833814
1009,12.187778886174783,0.057611703872680664,0.057588160037994385,0.9970822930335999,0.99700927734375,0,0,0.00011658668518066406,9.304285049438477e-05,7.301568984985352e-05,0.0,0.012220683041960001
1010,12.199959699995816,0.05749523639678955,0.05749523639678955,0.9970093965530396,0.99700927734375,0,0,-0.00011646747589111328,-9.292364120483398e-05,-7.289648056030273e-05,0.0,0.012180813821032643
1011,12.212109421147034,0.05749577283859253,0.0574955940246582,0.9970096945762634,0.99700927734375,0,0,5.364418029785156e-07,3.5762786865234375e-07,2.980232238769531e-07,0.0,0.012149721151217818
1012,12.224690288072452,0.05472356081008911,0.056324005126953125,0.9966387152671814,0.99700927734375,0,0,-0.002772212028503418,-0.0011715888977050781,-0.00037097930908203125,0.0,0.012580866925418377
1013,12.236787842120975,0.0574953556060791,0.0574953556060791,0.9970095157623291,0.99700927734375,0,0,0.0027717947959899902,0.0011713504791259766,0.0003708004951477051,0.0,0.012097554048523307
1014,12.248864378081635,0.0574951171875,0.0574951171875,0.99700927734375,0.99700927734375,0,0,-2.384185791015625e-07,-2.384185791015625e-07,-2.384185791015625e-07,0.0,0.012076535960659385
1015,12.260877137072384,0.057592153549194336,0.05757129192352295,0.9970685839653015,0.99700927734375,0,0,9.703636169433594e-05,7.617473602294922e-05,5.930662155151367e-05,0.0,0.012012758990749717
1016,12.273220487171784,0.05749523639678955,0.05749523639678955,0.9970093965530396,0.99700927734375,0,0,-9.691715240478516e-05,-7.605552673339844e-05,-5.918741226196289e-05,0.0,0.012343350099399686
1017,12.285520170116797,0.0575176477432251,0.05751234292984009,0.9970236420631409,0.99700927734375,0,0,2.2411346435546875e-05,1.710653305053711e-05,1.424551010131836e-05,0.0,0.012299682945013046
1018,12.29777966812253,0.057499587535858154,0.0574985146522522,0.9970120787620544,0.99700927734375,0,0,-1.806020736694336e-05,-1.3828277587890625e-05,-1.1563301086425781e-05,0.0,0.012259498005732894
1019,12.310246462002397,0.0574951171875,0.05156749486923218,0.9933003783226013,0.99700927734375,0,0,-4.470348358154297e-06,-0.0059310197830200195,-0.003711700439453125,0.0,0.0124667938798666
1020,12.322486867196858,0.05753356218338013,0.0575222373008728,0.9970319867134094,0.99700927734375,0,0,3.844499588012695e-05,0.005954742431640625,0.0037316083908081055,0.0,0.012240405194461346
1021,12.334638792090118,0.05772942304611206,0.05770766735076904,0.9971899390220642,0.99700927734375,0,0,0.0001958608627319336,0.00018543004989624023,0.00015795230865478516,0.0,0.012151924893260002
1022,12.346864531049505,0.057496607303619385,0.057495713233947754,0.9970096945762634,0.99700927734375,0,0,-0.00023281574249267578,-0.00021195411682128906,-0.00018024444580078125,0.0,0.012225738959386945
1023,12.360098710050806,0.056508660316467285,0.05715125799179077,0.9968960285186768,0.99700927734375,0,0,-0.0009879469871520996,-0.0003444552421569824,-0.00011366605758666992,0.0,0.013234179001301527
1024,12.37213806109503,0.05764567852020264,0.057635486125946045,0.997137188911438,0.99700927734375,0,0,0.0011370182037353516,0.00048422813415527344,0.00024116039276123047,0.0,0.012039351044222713
1025,12.384278467157856,0.057615041732788086,0.057643234729766846,0.9971534609794617,0.99700927734375,0,0,-3.063678741455078e-05,7.748603820800781e-06,1.627206802368164e-05,0.0,0.012140406062826514
1026,12.396463059121743,0.05751979351043701,0.0575140118598938,0.9970250129699707,0.99700927734375,0,0,-9.524822235107422e-05,-0.00012922286987304688,-0.0001284480094909668,0.0,0.012184591963887215
1027,12.408621520036831,0.05749523639678955,0.05749523639678955,0.9970093965530396,0.99700927734375,0,0,-2.4557113647460938e-05,-1.8775463104248047e-05,-1.5616416931152344e-05,0.0,0.012158460915088654
1028,12.421262869145721,0.05588275194168091,0.05692720413208008,0.9968168139457703,0.99700927734375,0,0,-0.0016124844551086426,-0.0005680322647094727,-0.0001925826072692871,0.0,0.012641349108889699
1029,12.433452108176425,0.05758780241012573,0.05756920576095581,0.9970725178718567,0.967254638671875,0,0,0.0017050504684448242,0.0006420016288757324,0.0002557039260864258,-0.029754638671875,0.012189239030703902
1030,12.445551051059738,0.057503342628479004,0.05750083923339844,0.9970136284828186,0.99700927734375,0,0,-8.445978164672852e-05,-6.836652755737305e-05,-5.888938903808594e-05,0.029754638671875,0.012098942883312702
1031,12.457956271013245,0.05575782060623169,0.05698585510253906,0.9909688234329224,0.99700927734375,0,0,-0.0017455220222473145,-0.000514984130859375,-0.00604480504989624,0.0,0.012405219953507185
1032,12.470233991043642,0.05763036012649536,0.057644784450531006,0.9971538186073303,0.99700927734375,0,0,0.0018725395202636719,0.0006589293479919434,0.006184995174407959,0.0,0.012277720030397177
1033,12.483462874079123,0.057502150535583496,0.05750042200088501,0.99701327085495,0.99700927734375,0,0,-0.00012820959091186523,-0.0001443624496459961,-0.0001405477523803711,0.0,0.013228883035480976
1034,12.495554892113432,0.05749523639678955,0.05749523639678955,0.99700927734375,0.99700927734375,0,0,-6.9141387939453125e-06,-5.185604095458984e-06,-3.993511199951172e-06,0.0,0.012092018034309149
1035,12.507800927152857,0.0574951171875,0.0574951171875,0.9895706176757812,0.99700927734375,0,0,-1.1920928955078125e-07,-1.1920928955078125e-07,-0.00743865966796875,0.0,0.012246035039424896
1036,12.519903055159375,0.05749553442001343,0.05749547481536865,0.9970095157623291,0.99700927734375,0,0,4.172325134277344e-07,3.5762786865234375e-07,0.0074388980865478516,0.0,0.012102128006517887
1037,12.53210436902009,0.056508660316467285,0.05715125799179077,0.9968960285186768,0.99700927734375,0,0,-0.0009868741035461426,-0.00034421682357788086,-0.00011348724365234375,0.0,0.012201313860714436
1038,12.544147498207167,0.05759984254837036,0.05757904052734375,0.9970810413360596,0.99700927734375,0,0,0.0010911822319030762,0.0004277825355529785,0.0001850128173828125,0.0,0.012043129187077284
1039,12.556460514198989,0.05749523639678955,0.05749523639678955,0.9970093965530396,0.99700927734375,0,0,-0.00010460615158081055,-8.380413055419922e-05,-7.164478302001953e-05,0.0,0.012313015991821885
1040,12.568787420168519,0.057505130767822266,0.05750274658203125,0.9970150589942932,0.99700927734375,0,0,9.894371032714844e-06,7.510185241699219e-06,5.662441253662109e-06,0.0,0.012326905969530344
1041,12.58088817819953,0.05749523639678955,0.05749523639678955,0.9970093965530396,0.99700927734375,0,0,-9.894371032714844e-06,-7.510185241699219e-06,-5.662441253662109e-06,0.0,0.012100758031010628
1042,12.5931336581707,0.0574951171875,0.0574951171875,0.99700927734375,0.99700927734375,0,0,-1.1920928955078125e-07,-1.1920928955078125e-07,-1.1920928955078125e-07,0.0,0.012245479971170425
1043,12.60522774909623,0.056508660316467285,0.05728113651275635,0.9970318675041199,0.99700927734375,0,0,-0.0009864568710327148,-0.00021398067474365234,2.2590160369873047e-05,0.0,0.0120940909255296
1044,12.617506451206282,0.057498037815093994,0.05749732255935669,0.997011125087738,0.99700927734375,0,0,0.000989377498626709,0.0002161860466003418,-2.0742416381835938e-05,0.0,0.012278702110052109
1045,12.629651913186535,0.0574951171875,0.0574951171875,0.99700927734375,0.99700927734375,0,0,-2.9206275939941406e-06,-2.205371856689453e-06,-1.8477439880371094e-06,0.0,0.012145461980253458
1046,12.641660616034642,0.0574951171875,0.0574951171875,0.99700927734375,0.99700927734375,0,0,0.0,0.0,0.0,0.0,0.012008702848106623
1047,12.653888448141515,0.0574951171875,0.0574951171875,0.99700927734375,0.99700927734375,0,0,0.0,0.0,0.0,0.0,0.012227832106873393
1048,12.666227278998122,0.0574951171875,0.05279338359832764,0.9947503209114075,0.99700927734375,0,0,0.0,-0.004701733589172363,-0.0022589564323425293,0.0,0.012338830856606364
1049,12.678359889192507,0.05650901794433594,0.05715149641036987,0.9968962073326111,0.99700927734375,0,0,-0.0009860992431640625,0.004358112812042236,0.0021458864212036133,0.0,0.012132610194385052
1050,12.690495054004714,0.0574953556060791,0.05749523639678955,0.9970093965530396,0.99700927734375,0,0,0.000986337661743164,0.00034373998641967773,0.0001131892204284668,0.0,0.012135164812207222
1051,12.702601590193808,0.05749720335006714,0.057496726512908936,0.9970106482505798,0.99700927734375,0,0,1.8477439880371094e-06,1.4901161193847656e-06,1.2516975402832031e-06,0.0,0.012106536189094186
1052,12.714633570984006,0.05750828981399536,0.057505130767822266,0.9970169067382812,0.99700927734375,0,0,1.1086463928222656e-05,8.404254913330078e-06,6.258487701416016e-06,0.0,0.01203198079019785
1053,12.72696416103281,0.05294156074523926,0.054736554622650146,0.9958224892616272,0.99700927734375,0,0,-0.0045667290687561035,-0.002768576145172119,-0.0011944174766540527,0.0,0.01233059004880488
1054,12.739235955988988,0.0574953556060791,0.0574953556060791,0.9970095157623291,0.99700927734375,0,0,0.004553794860839844,0.002758800983428955,0.0011870265007019043,0.0,0.012271794956177473
1055,12.751359973102808,0.0574951171875,0.0574951171875,0.99700927734375,0.99700927734375,0,0,-2.384185791015625e-07,-2.384185791015625e-07,-2.384185791015625e-07,0.0,0.012124017113819718
1056,12.763516176026314,0.0574951171875,0.0574951171875,0.99700927734375,0.99700927734375,0,0,0.0,0.0,0.0,0.0,0.012156202923506498
1057,12.775549471145496,0.0574951171875,0.0574951171875,0.99700927734375,0.99700927734375,0,0,0.0,0.0,0.0,0.0,0.012033295119181275
1058,12.787796618184075,0.0574951171875,0.0574951171875,0.99700927734375,0.99700927734375,0,0,0.0,0.0,0.0,0.0,0.012247147038578987
1059,12.800103338202462,0.05763930082321167,0.05762213468551636,0.9971225261688232,0.99700927734375,0,0,0.00014418363571166992,0.00012701749801635742,0.00011324882507324219,0.0,0.01230672001838684
1060,12.812108356039971,0.05749523639678955,0.05749523639678955,0.9970093965530396,0.99700927734375,0,0,-0.00014406442642211914,-0.00012689828872680664,-0.0001131296157836914,0.0,0.012005017837509513
1061,12.824293225072324,0.05754435062408447,0.05753326416015625,0.9970413446426392,0.99700927734375,0,0,4.9114227294921875e-05,3.802776336669922e-05,3.1948089599609375e-05,0.0,0.012184869032353163
1062,12.836472890106961,0.057628631591796875,0.05760836601257324,0.9971018433570862,0.99700927734375,0,0,8.428096771240234e-05,7.510185241699219e-05,6.0498714447021484e-05,0.0,0.012179665034636855
1063,12.848612222122028,0.05762982368469238,0.0576443076133728,0.9971486330032349,0.99700927734375,0,0,1.1920928955078125e-06,3.594160079956055e-05,4.678964614868164e-05,0.0,0.012139332015067339
1064,12.860885443165898,0.05749523639678955,0.05749523639678955,0.9970093965530396,0.99700927734375,0,0,-0.00013458728790283203,-0.00014907121658325195,-0.0001392364501953125,0.0,0.012273221043869853
1065,12.873244422022253,0.0574951171875,0.0574951171875,0.99700927734375,0.99700927734375,0,0,-1.1920928955078125e-07,-1.1920928955078125e-07,-1.1920928955078125e-07,0.0,0.012358978856354952
1066,12.885348365176469,0.057497620582580566,0.05749702453613281,0.9970108866691589,0.99700927734375,0,0,2.5033950805664062e-06,1.9073486328125e-06,1.6093254089355469e-06,0.0,0.012103943154215813
1067,12.897659511072561,0.05749988555908203,0.057498812675476074,0.9970120191574097,0.99700927734375,0,0,2.2649765014648438e-06,1.7881393432617188e-06,1.1324882507324219e-06,0.0,0.012311145896092057
1068,12.910265434067696,0.05749911069869995,0.057498157024383545,0.9970117807388306,0.99700927734375,0,0,-7.748603820800781e-07,-6.556510925292969e-07,-2.384185791015625e-07,0.0,0.012605922995135188
1069,12.922502895118669,0.05523616075515747,0.056508660316467285,0.9964993596076965,0.99700927734375,0,0,-0.0022629499435424805,-0.0009894967079162598,-0.0005124211311340332,0.0,0.012237461050972342
1070,12.934628672199324,0.05752217769622803,0.057515859603881836,0.9970251321792603,0.99700927734375,0,0,0.0022860169410705566,0.0010071992874145508,0.0005257725715637207,0.0,0.012125777080655098
1071,12.946905800141394,0.05762523412704468,0.057603657245635986,0.9970970749855042,0.99700927734375,0,0,0.00010305643081665039,8.779764175415039e-05,7.194280624389648e-05,0.0,0.012277127942070365
1072,12.959105279995129,0.05749523639678955,0.05749523639678955,0.9970093965530396,0.99700927734375,0,0,-0.00012999773025512695,-0.00010842084884643555,-8.767843246459961e-05,0.0,0.012199479853734374
1073,12.97165594319813,0.057505130767822266,0.05750274658203125,0.997015655040741,0.99700927734375,0,0,9.894371032714844e-06,7.510185241699219e-06,6.258487701416016e-06,0.0,0.012550663203001022
1074,12.98382229404524,0.05768245458602905,0.057663798332214355,0.9971520900726318,0.99700927734375,0,0,0.0001773238182067871,0.00016105175018310547,0.00013643503189086914,0.0,0.012166350847110152
1075,12.996159199159592,0.057496070861816406,0.057495832443237305,0.9970098733901978,0.99700927734375,0,0,-0.00018638372421264648,-0.00016796588897705078,-0.00014221668243408203,0.0,0.012336905114352703
1076,13.008283587172627,0.0574951171875,0.0574951171875,0.99700927734375,0.99700927734375,0,0,-9.5367431640625e-07,-7.152557373046875e-07,-5.960464477539062e-07,0.0,0.012124388013035059
1077,13.020806010114029,0.0574951171875,0.0574951171875,0.99700927734375,0.99700927734375,0,0,0.0,0.0,0.0,0.0,0.0125224229414016
1078,13.032899731071666,0.05379968881607056,0.05524742603302002,0.9960314035415649,0.99700927734375,0,0,-0.0036954283714294434,-0.0022476911544799805,-0.0009778738021850586,0.0,0.012093720957636833
1079,13.044916786020622,0.0574953556060791,0.0574953556060791,0.9970095157623291,0.99700927734375,0,0,0.003695666790008545,0.002247929573059082,0.0009781122207641602,0.0,0.012017054948955774
1080,13.057116784155369,0.057499468326568604,0.05749845504760742,0.9970120191574097,0.99700927734375,0,0,4.112720489501953e-06,3.0994415283203125e-06,2.5033950805664062e-06,0.0,0.012199998134747148
1081,13.069222765043378,0.05738186836242676,0.05756121873855591,0.9896905422210693,0.99700927734375,0,0,-0.0001175999641418457,6.276369094848633e-05,-0.007321476936340332,0.0,0.012105980888009071
1082,13.08123172703199,0.05751293897628784,0.057508647441864014,0.9970186352729797,0.99700927734375,0,0,0.00013107061386108398,-5.257129669189453e-05,0.0073280930519104,0.0,0.01200896198861301
1083,13.09361185412854,0.05750691890716553,0.057504117488861084,0.9970161318778992,0.99700927734375,0,0,-6.020069122314453e-06,-4.5299530029296875e-06,-2.5033950805664062e-06,0.0,0.012380127096548676
1084,13.105803446145728,0.05749523639678955,0.05749523639678955,0.9970093965530396,0.99700927734375,0,0,-1.1682510375976562e-05,-8.881092071533203e-06,-6.735324859619141e-06,0.0,0.012191592017188668
1085,13.118009037105367,0.05759131908416748,0.05757176876068115,0.9970746636390686,0.99700927734375,0,0,9.608268737792969e-05,7.653236389160156e-05,6.526708602905273e-05,0.0,0.012205590959638357
1086,13.130123276030645,0.05749523639678955,0.05749523639678955,0.9970093965530396,0.99700927734375,0,0,-9.608268737792969e-05,-7.653236389160156e-05,-6.526708602905273e-05,0.0,0.012114238925278187
1087,13.142352478113025,0.0567745566368103,0.04984241724014282,0.9922715425491333,0.99700927734375,0,0,-0.000720679759979248,-0.0076528191566467285,-0.00473785400390625,0.0,0.012229202082380652
1088,13.154533273074776,0.0574955940246582,0.05749553442001343,0.9970095753669739,0.99700927734375,0,0,0.0007210373878479004,0.0076531171798706055,0.004738032817840576,0.0,0.012180794961750507
1089,13.166636569192633,0.0574951171875,0.0574951171875,0.99700927734375,0.99700927734375,0,0,-4.76837158203125e-07,-4.172325134277344e-07,-2.980232238769531e-07,0.0,0.012103296117857099
1090,13.178859363077208,0.0574951171875,0.0574951171875,0.99700927734375,0.99700927734375,0,0,0.0,0.0,0.0,0.0,0.012222793884575367
1091,13.190991955110803,0.0574951171875,0.0574951171875,0.99700927734375,0.99700927734375,0,0,0.0,0.0,0.0,0.0,0.012132592033594847
1092,13.203239934984595,0.057581186294555664,0.0575634241104126,0.9970628023147583,0.99700927734375,0,0,8.606910705566406e-05,6.830692291259766e-05,5.352497100830078e-05,0.0,0.012247979873791337
1093,13.215278377989307,0.05749523639678955,0.05749523639678955,0.9970093965530396,0.99700927734375,0,0,-8.594989776611328e-05,-6.818771362304688e-05,-5.340576171875e-05,0.0,0.012038443004712462
1094,13.228351150173694,0.05008584260940552,0.053808748722076416,0.9947692155838013,0.99700927734375,0,0,-0.007409393787384033,-0.0036864876747131348,-0.0022401809692382812,0.0,0.01307277218438685
1095,13.24047385319136,0.05762892961502075,0.057608604431152344,0.9971087574958801,0.99700927734375,0,0,0.007543087005615234,0.0037998557090759277,0.0023395419120788574,0.0,0.012122703017666936
1096,13.252490630140528,0.056774675846099854,0.05728113651275635,0.9969733953475952,0.99700927734375,0,0,-0.0008542537689208984,-0.0003274679183959961,-0.0001353621482849121,0.0,0.012016776949167252
1097,13.26464988803491,0.0574953556060791,0.05749523639678955,0.9970093965530396,0.99700927734375,0,0,0.000720679759979248,0.00021409988403320312,3.600120544433594e-05,0.0,0.01215925789438188
1098,13.276653536129743,0.05750149488449097,0.05749988555908203,0.9970129728317261,0.99700927734375,0,0,6.139278411865234e-06,4.649162292480469e-06,3.5762786865234375e-06,0.0,0.012003648094832897
1099,13.288863497087732,0.0568808913230896,0.05746173858642578,0.997138500213623,0.99700927734375,0,0,-0.0006206035614013672,-3.814697265625e-05,0.00012552738189697266,0.0,0.012209960957989097
1100,13.301118810195476,0.0574953556060791,0.05749523639678955,0.9970093965530396,0.99700927734375,0,0,0.000614464282989502,3.349781036376953e-05,-0.0001291036605834961,0.0,0.01225531310774386
1101,13.313118865014985,0.0574951171875,0.0574951171875,0.99700927734375,0.99700927734375,0,0,-2.384185791015625e-07,-1.1920928955078125e-07,-1.1920928955078125e-07,0.0,0.012000054819509387
1102,13.325347993057221,0.057556986808776855,0.057543039321899414,0.997046172618866,0.99700927734375,0,0,6.186962127685547e-05,4.792213439941406e-05,3.68952751159668e-05,0.0,0.01222912804223597
1103,13.337477158987895,0.05749523639678955,0.0500565767288208,0.9933004975318909,0.99700927734375,0,0,-6.175041198730469e-05,-0.007486462593078613,-0.0037456750869750977,0.0,0.01212916593067348
1104,13.350680615985766,0.0574953556060791,0.0574953556060791,0.9970093965530396,0.99700927734375,0,0,1.1920928955078125e-07,0.007438778877258301,0.0037088990211486816,0.0,0.013203456997871399
1105,13.362914133118466,0.05762183666229248,0.057588279247283936,0.9970821142196655,0.99700927734375,0,0,0.0001264810562133789,9.292364120483398e-05,7.271766662597656e-05,0.0,0.01223351713269949
1106,13.375172446016222,0.05749523639678955,0.05749523639678955,0.9970093965530396,0.99700927734375,0,0,-0.0001266002655029297,-9.304285049438477e-05,-7.271766662597656e-05,0.0,0.012258312897756696
1107,13.387353111058474,0.057628631591796875,0.05760836601257324,0.9911742806434631,0.99700927734375,0,0,0.00013339519500732422,0.0001131296157836914,-0.005835115909576416,0.0,0.012180665042251348
1108,13.399537850171328,0.05749553442001343,0.05749547481536865,0.9970095157623291,0.99700927734375,0,0,-0.00013309717178344727,-0.00011289119720458984,0.005835235118865967,0.0,0.012184739112854004
1109,13.411828885087743,0.05749589204788208,0.057495713233947754,0.9970097541809082,0.99700927734375,0,0,3.5762786865234375e-07,2.384185791015625e-07,2.384185791015625e-07,0.0,0.01229103491641581
1110,13.423832385102287,0.057503461837768555,0.05750149488449097,0.997014045715332,0.99700927734375,0,0,7.569789886474609e-06,5.781650543212891e-06,4.291534423828125e-06,0.0,0.012003500014543533
1111,13.435993995051831,0.05749768018722534,0.05749690532684326,0.9970107674598694,0.99700927734375,0,0,-5.781650543212891e-06,-4.589557647705078e-06,-3.2782554626464844e-06,0.0,0.012161609949544072
1112,13.448204308049753,0.0574951171875,0.0574951171875,0.99700927734375,0.99700927734375,0,0,-2.562999725341797e-06,-1.7881393432617188e-06,-1.4901161193847656e-06,0.0,0.012210312997922301
1113,13.460617379983887,0.05749589204788208,0.057495713233947754,0.9970096945762634,0.99700927734375,0,0,7.748603820800781e-07,5.960464477539062e-07,4.172325134277344e-07,0.0,0.012413071934133768
1114,13.472907711053267,0.0574951171875,0.0574951171875,0.99700927734375,0.99700927734375,0,0,-7.748603820800781e-07,-5.960464477539062e-07,-4.172325134277344e-07,0.0,0.012290331069380045
1115,13.485483319032937,0.057496726512908936,0.05749636888504028,0.997010350227356,0.99700927734375,0,0,1.6093254089355469e-06,1.2516975402832031e-06,1.0728836059570312e-06,0.0,0.012575607979670167
1116,13.497532966081053,0.0574951171875,0.0574951171875,0.99700927734375,0.99700927734375,0,0,-1.6093254089355469e-06,-1.2516975402832031e-06,-1.0728836059570312e-06,0.0,0.01204964704811573
1117,13.509808205068111,0.05760836601257324,0.05758768320083618,0.9970831871032715,0.99700927734375,0,0,0.00011324882507324219,9.256601333618164e-05,7.390975952148438e-05,0.0,0.012275238987058401
1118,13.52250712714158,0.05749523639678955,0.05749523639678955,0.9970093965530396,0.99700927734375,0,0,-0.0001131296157836914,-9.244680404663086e-05,-7.37905502319336e-05,0.0,0.012698922073468566
1119,13.534645978128538,0.05750089883804321,0.057499468326568604,0.9970129728317261,0.99700927734375,0,0,5.662441253662109e-06,4.231929779052734e-06,3.5762786865234375e-06,0.0,0.01213885098695755
1120,13.547064549988136,0.0574951171875,0.0574951171875,0.99700927734375,0.99700927734375,0,0,-5.781650543212891e-06,-4.351139068603516e-06,-3.6954879760742188e-06,0.0,0.01241857185959816
1121,13.559222289128229,0.0574951171875,0.0574951171875,0.9923075437545776,0.99700927734375,0,0,0.0,0.0,-0.004701733589172363,0.0,0.012157739140093327
1122,13.571264622034505,0.05750250816345215,0.05750072002410889,0.9970135688781738,0.99700927734375,0,0,7.3909759521484375e-06,5.602836608886719e-06,0.004706025123596191,0.0,0.012042332906275988
1123,13.583546841982752,0.05750828981399536,0.057505130767822266,0.9970169067382812,0.99700927734375,0,0,5.781650543212891e-06,4.410743713378906e-06,3.337860107421875e-06,0.0,0.012282219948247075
1124,13.5956464339979,0.05760127305984497,0.05764514207839966,0.9912341833114624,0.99700927734375,0,0,9.298324584960938e-05,0.00014001131057739258,-0.005782723426818848,0.0,0.01209959201514721
1125,13.607872173190117,0.05763489007949829,0.057615697383880615,0.9971088767051697,0.99700927734375,0,0,3.361701965332031e-05,-2.944469451904297e-05,0.005874693393707275,0.0,0.012225739192217588
1126,13.620458281133324,0.05749523639678955,0.05749523639678955,0.9970093965530396,0.99700927734375,0,0,-0.00013965368270874023,-0.00012046098709106445,-9.948015213012695e-05,0.0,0.012586107943207026
1127,13.632498354185373,0.0575634241104126,0.0575486421585083,0.9970545172691345,0.99700927734375,0,0,6.818771362304688e-05,5.340576171875e-05,4.51207160949707e-05,0.0,0.012040073052048683
1128,13.64448922406882,0.05378633737564087,0.05575704574584961,0.9960229396820068,0.99700927734375,0,0,-0.0037770867347717285,-0.0017915964126586914,-0.0010315775871276855,0.0,0.011990869883447886
1129,13.656498390017077,0.05765485763549805,0.0577046275138855,0.9972212314605713,0.99700927734375,0,0,0.0038685202598571777,0.0019475817680358887,0.0011982917785644531,0.0,0.01200916594825685
1130,13.668662222102284,0.057505249977111816,0.057502150535583496,0.997014582157135,0.99700927734375,0,0,-0.00014960765838623047,-0.00020247697830200195,-0.0002066493034362793,0.0,0.012163832085207105
1131,13.680863683111966,0.057500362396240234,0.05749911069869995,0.9970126152038574,0.99700927734375,0,0,-4.887580871582031e-06,-3.039836883544922e-06,-1.9669532775878906e-06,0.0,0.012201461009681225
1132,13.69293360807933,0.057581186294555664,0.0575634241104126,0.9970628023147583,0.99700927734375,0,0,8.082389831542969e-05,6.431341171264648e-05,5.0187110900878906e-05,0.0,0.012069924967363477
1133,13.705005071125925,0.05749523639678955,0.05749523639678955,0.9970093965530396,0.99700927734375,0,0,-8.594989776611328e-05,-6.818771362304688e-05,-5.340576171875e-05,0.0,0.012071463046595454
1134,13.717351717175916,0.0574951171875,0.0574951171875,0.9910816550254822,0.99700927734375,0,0,-1.1920928955078125e-07,-1.1920928955078125e-07,-0.005927741527557373,0.0,0.01234664604999125
1135,13.72968462202698,0.057558536529541016,0.057544708251953125,0.9970510601997375,0.99700927734375,0,0,6.341934204101562e-05,4.9591064453125e-05,0.005969405174255371,0.0,0.012332904851064086
1136,13.741812343010679,0.05715125799179077,0.057459235191345215,0.9970754384994507,0.99700927734375,0,0,-0.00040727853775024414,-8.547306060791016e-05,2.4378299713134766e-05,0.0,0.012127720983698964
1137,13.753892583074048,0.05749523639678955,0.05749523639678955,0.9970093965530396,0.99700927734375,0,0,0.0003439784049987793,3.600120544433594e-05,-6.604194641113281e-05,0.0,0.012080240063369274
1138,13.76613297010772,0.057505130767822266,0.05750274658203125,0.997015655040741,0.99700927734375,0,0,9.894371032714844e-06,7.510185241699219e-06,6.258487701416016e-06,0.0,0.01224038703367114
1139,13.778273821109906,0.05749523639678955,0.05749523639678955,0.9970093965530396,0.99700927734375,0,0,-9.894371032714844e-06,-7.510185241699219e-06,-6.258487701416016e-06,0.0,0.012140851002186537
1140,13.790515911998227,0.05762982368469238,0.0576443076133728,0.9971534609794617,0.99700927734375,0,0,0.00013458728790283203,0.00014907121658325195,0.00014406442642211914,0.0,0.0122420908883214
1141,13.802728521171957,0.057527244091033936,0.057519733905792236,0.9970281720161438,0.99700927734375,0,0,-0.00010257959365844727,-0.0001245737075805664,-0.0001252889633178711,0.0,0.012212609173730016
1142,13.814873427152634,0.05749523639678955,0.05749523639678955,0.9970093965530396,0.99700927734375,0,0,-3.2007694244384766e-05,-2.4497509002685547e-05,-1.8775463104248047e-05,0.0,0.012144905980676413
1143,13.827164851129055,0.0574951171875,0.0574951171875,0.9895706176757812,0.99700927734375,0,0,-1.1920928955078125e-07,-1.1920928955078125e-07,-0.007438778877258301,0.0,0.012291423976421356
1144,13.839563034009188,0.05764305591583252,0.05762505531311035,0.9971177577972412,0.99700927734375,0,0,0.00014793872833251953,0.00012993812561035156,0.007547140121459961,0.0,0.01239818288013339
1145,13.851809088140726,0.05728113651275635,0.05751776695251465,0.9971070289611816,0.99700927734375,0,0,-0.0003619194030761719,-0.00010728836059570312,-1.0728836059570312e-05,0.0,0.012246054131537676
1146,13.863970919977874,0.057645201683044434,0.057643771171569824,0.997146487236023,0.99700927734375,0,0,0.00036406517028808594,0.00012600421905517578,3.9458274841308594e-05,0.0,0.012161831837147474
1147,13.876128270989284,0.0575219988822937,0.057515740394592285,0.9970265030860901,0.99700927734375,0,0,-0.00012320280075073242,-0.00012803077697753906,-0.00011998414993286133,0.0,0.012157351011410356
1148,13.888164363102987,0.05753672122955322,0.05752450227737427,0.9970318078994751,0.99700927734375,0,0,1.4722347259521484e-05,8.761882781982422e-06,5.304813385009766e-06,0.0,0.01203609211370349
1149,13.900501786032692,0.057569026947021484,0.057548701763153076,0.9970545768737793,0.99700927734375,0,0,3.230571746826172e-05,2.4199485778808594e-05,2.276897430419922e-05,0.0,0.01233742292970419
1150,13.912622045027092,0.05749523639678955,0.05749523639678955,0.9970093965530396,0.99700927734375,0,0,-7.37905502319336e-05,-5.346536636352539e-05,-4.5180320739746094e-05,0.0,0.012120258994400501
1151,13.92489017220214,0.0574951171875,0.0574951171875,0.99700927734375,0.99700927734375,0,0,-1.1920928955078125e-07,-1.1920928955078125e-07,-1.1920928955078125e-07,0.0,0.012268127175047994
1152,13.937125022988766,0.0574951171875,0.0574951171875,0.99700927734375,0.99700927734375,0,0,0.0,0.0,0.0,0.0,0.012234850786626339
1153,13.949350040173158,0.0574951171875,0.0574951171875,0.99700927734375,0.99700927734375,0,0,0.0,0.0,0.0,0.0,0.012225017184391618
1154,13.961545205209404,0.0567745566368103,0.05728113651275635,0.9969733357429504,0.99700927734375,0,0,-0.0007205605506896973,-0.00021398067474365234,-3.594160079956055e-05,0.0,0.01219516503624618
1155,13.9738526660949,0.05762279033660889,0.057601749897003174,0.9971022009849548,0.99700927734375,0,0,0.000848233699798584,0.00032061338424682617,0.00012886524200439453,0.0,0.012307460885494947
1156,13.985823275987059,0.057659149169921875,0.05762964487075806,0.9971255660057068,0.99700927734375,0,0,3.635883331298828e-05,2.7894973754882812e-05,2.3365020751953125e-05,0.0,0.0119706098921597
1157,13.997886313125491,0.056508779525756836,0.05715125799179077,0.9969733953475952,0.99700927734375,0,0,-0.001150369644165039,-0.00047838687896728516,-0.00015217065811157227,0.0,0.012063037138432264
1158,14.010265903081745,0.05749857425689697,0.05749756097793579,0.997011125087738,0.99700927734375,0,0,0.0009897947311401367,0.00034630298614501953,3.7729740142822266e-05,0.0,0.012379589956253767
1159,14.022628345061094,0.0575140118598938,0.05750948190689087,0.9970213174819946,0.99700927734375,0,0,1.5437602996826172e-05,1.1920928955078125e-05,1.0192394256591797e-05,0.0,0.01236244197934866
1160,14.034817788051441,0.05749523639678955,0.05749523639678955,0.9970093965530396,0.99700927734375,0,0,-1.8775463104248047e-05,-1.424551010131836e-05,-1.1920928955078125e-05,0.0,0.012189442990347743
1161,14.046895564999431,0.05006176233291626,0.05379033088684082,0.9947537779808044,0.99700927734375,0,0,-0.007433474063873291,-0.0037049055099487305,-0.0022556185722351074,0.0,0.01207777694799006
1162,14.059009507996961,0.0576668381690979,0.05763322114944458,0.997118353843689,0.99700927734375,0,0,0.007605075836181641,0.0038428902626037598,0.0023645758628845215,0.0,0.012113942997530103
1163,14.07124454411678,0.05751281976699829,0.05750858783721924,0.9970195293426514,0.99700927734375,0,0,-0.00015401840209960938,-0.0001246333122253418,-9.882450103759766e-05,0.0,0.012235036119818687
1164,14.083398617105559,0.05749523639678955,0.05749523639678955,0.9970093965530396,0.99700927734375,0,0,-1.7583370208740234e-05,-1.33514404296875e-05,-1.0132789611816406e-05,0.0,0.012154072988778353
1165,14.09627739014104,0.05754023790359497,0.05752980709075928,0.9970383644104004,0.99700927734375,0,0,4.500150680541992e-05,3.457069396972656e-05,2.8967857360839844e-05,0.0,0.012878773035481572
1166,14.108240575063974,0.05750131607055664,0.057499825954437256,0.9970132112503052,0.99700927734375,0,0,-3.892183303833008e-05,-2.9981136322021484e-05,-2.5153160095214844e-05,0.0,0.011963184922933578
1167,14.120856811990961,0.0574951171875,0.05378621816635132,0.9947503209114075,0.99700927734375,0,0,-6.198883056640625e-06,-0.0037136077880859375,-0.002262890338897705,0.0,0.012616236926987767
1168,14.132920496165752,0.05753040313720703,0.0575222373008728,0.9970300793647766,0.99700927734375,0,0,3.528594970703125e-05,0.0037360191345214844,0.0022797584533691406,0.0,0.012063684174790978
1169,14.145035958150402,0.057498812675476074,0.05749785900115967,0.9970113635063171,0.99700927734375,0,0,-3.159046173095703e-05,-2.4378299713134766e-05,-1.8715858459472656e-05,0.0,0.0121154619846493
1170,14.157139068003744,0.0575404167175293,0.057530105113983154,0.9970386624336243,0.99700927734375,0,0,4.1604042053222656e-05,3.224611282348633e-05,2.7298927307128906e-05,0.0,0.012103109853342175
1171,14.169179419986904,0.05157583951950073,0.054595232009887695,0.9956938028335571,0.99700927734375,0,0,-0.0059645771980285645,-0.002934873104095459,-0.0013448596000671387,0.0,0.01204035198315978
1172,14.181437029037625,0.05769836902618408,0.057780921459198,0.9973031878471375,0.99700927734375,0,0,0.00612252950668335,0.0031856894493103027,0.0016093850135803223,0.0,0.01225760905072093
1173,14.19363543507643,0.05754882097244263,0.05753684043884277,0.9970443844795227,0.99700927734375,0,0,-0.00014954805374145508,-0.0002440810203552246,-0.0002588033676147461,0.0,0.012198406038805842
1174,14.205821267096326,0.055236220359802246,0.056508779525756836,0.9964994788169861,0.99700927734375,0,0,-0.002312600612640381,-0.0010280609130859375,-0.0005449056625366211,0.0,0.012185832019895315
1175,14.21901316801086,0.05554306507110596,0.05679720640182495,0.9969152808189392,0.99700927734375,0,0,0.00030684471130371094,0.00028842687606811523,0.000415802001953125,0.0,0.013191900914534926
1176,14.231249517994002,0.0574953556060791,0.0574953556060791,0.9970095157623291,0.99700927734375,0,0,0.0019522905349731445,0.0006981492042541504,9.423494338989258e-05,0.0,0.012236349983140826
1177,14.243539887014776,0.0574951171875,0.0574951171875,0.99700927734375,0.99700927734375,0,0,-2.384185791015625e-07,-2.384185791015625e-07,-2.384185791015625e-07,0.0,0.01229036902077496
1178,14.255821829196066,0.057515740394592285,0.0575108528137207,0.9970224499702454,0.99700927734375,0,0,2.0623207092285156e-05,1.5735626220703125e-05,1.3172626495361328e-05,0.0,0.012281942181289196
1179,14.26790290302597,0.05749523639678955,0.05749523639678955,0.9970093965530396,0.99700927734375,0,0,-2.0503997802734375e-05,-1.5616416931152344e-05,-1.3053417205810547e-05,0.0,0.012081073829904199
1180,14.280116475187242,0.0574951171875,0.0574951171875,0.99700927734375,0.99700927734375,0,0,-1.1920928955078125e-07,-1.1920928955078125e-07,-1.1920928955078125e-07,0.0,0.012213572161272168
1181,14.292388103203848,0.0574951171875,0.0574951171875,0.99700927734375,0.99700927734375,0,0,0.0,0.0,0.0,0.0,0.012271628016605973
1182,14.304530009161681,0.05760836601257324,0.05758768320083618,0.9970890879631042,0.99700927734375,0,0,0.00011324882507324219,9.256601333618164e-05,7.981061935424805e-05,0.0,0.012141905957832932
1183,14.316629693144932,0.057498812675476074,0.05749791860580444,0.9970112442970276,0.99700927734375,0,0,-0.00010955333709716797,-8.976459503173828e-05,-7.784366607666016e-05,0.0,0.012099683983251452
1184,14.328824914060533,0.057540953159332275,0.05753052234649658,0.9970389604568481,0.99700927734375,0,0,4.214048385620117e-05,3.260374069213867e-05,2.771615982055664e-05,0.0,0.012195220915600657
1185,14.341022876091301,0.05749523639678955,0.05749523639678955,0.9970093965530396,0.99700927734375,0,0,-4.571676254272461e-05,-3.528594970703125e-05,-2.956390380859375e-05,0.0,0.012197962030768394
1186,14.353210892993957,0.057681500911712646,0.057654738426208496,0.9971498847007751,0.99700927734375,0,0,0.0001862645149230957,0.0001595020294189453,0.0001404881477355957,0.0,0.012188016902655363
1187,14.365250985138118,0.05752456188201904,0.05751770734786987,0.9970265030860901,0.99700927734375,0,0,-0.00015693902969360352,-0.00013703107833862305,-0.0001233816146850586,0.0,0.012040092144161463
1188,14.377291206037626,0.05749523639678955,0.05749523639678955,0.9970093965530396,0.99700927734375,0,0,-2.9325485229492188e-05,-2.2470951080322266e-05,-1.710653305053711e-05,0.0,0.012040220899507403
1189,14.389495149021968,0.0575944185256958,0.05757492780685425,0.9970775842666626,0.99700927734375,0,0,9.918212890625e-05,7.969141006469727e-05,6.818771362304688e-05,0.0,0.012203942984342575
1190,14.4015312041156,0.05459892749786377,0.05618250370025635,0.9962952136993408,0.99700927734375,0,0,-0.0029954910278320312,-0.0013924241065979004,-0.0007823705673217773,0.0,0.012036055093631148
1191,14.413661925122142,0.05749630928039551,0.057496070861816406,0.9970099925994873,0.99700927734375,0,0,0.0028973817825317383,0.0013135671615600586,0.0007147789001464844,0.0,0.012130721006542444
1192,14.425895979162306,0.057498812675476074,0.05749785900115967,0.9970111846923828,0.99700927734375,0,0,2.5033950805664062e-06,1.7881393432617188e-06,1.1920928955078125e-06,0.0,0.012234054040163755
1193,14.438124478096142,0.0574951171875,0.0574951171875,0.99700927734375,0.99700927734375,0,0,-3.6954879760742188e-06,-2.7418136596679688e-06,-1.9073486328125e-06,0.0,0.012228498933836818
1194,14.450151255121455,0.0574951171875,0.0574951171875,0.99700927734375,0.99700927734375,0,0,0.0,0.0,0.0,0.0,0.012026777025312185
1195,14.46232625306584,0.05758768320083618,0.057569026947021484,0.9970723390579224,0.99700927734375,0,0,9.256601333618164e-05,7.390975952148438e-05,6.306171417236328e-05,0.0,0.012174997944384813
1196,14.474616511026397,0.05750828981399536,0.057505130767822266,0.9970176219940186,0.99700927734375,0,0,-7.939338684082031e-05,-6.389617919921875e-05,-5.4717063903808594e-05,0.0,0.012290257960557938
1197,14.486621955176815,0.04845708608627319,0.045779407024383545,0.9898516535758972,0.99700927734375,0,0,-0.009051203727722168,-0.01172572374343872,-0.007165968418121338,0.0,0.012005444150418043
1198,14.49867841717787,0.057629525661468506,0.05760908126831055,0.9971023797988892,0.99700927734375,0,0,0.009172439575195312,0.011829674243927002,0.007250726222991943,0.0,0.012056462001055479
1199,14.510883341077715,0.05749523639678955,0.05749523639678955,0.9970093965530396,0.99700927734375,0,0,-0.00013428926467895508,-0.0001138448715209961,-9.298324584960938e-05,0.0,0.012204923899844289
1200,14.523391301045194,0.057496845722198486,0.057496488094329834,0.997010350227356,0.99700927734375,0,0,1.6093254089355469e-06,1.2516975402832031e-06,9.5367431640625e-07,0.0,0.01250795996747911
1201,14.535634763073176,0.0574951171875,0.0574951171875,0.99700927734375,0.99700927734375,0,0,-1.7285346984863281e-06,-1.3709068298339844e-06,-1.0728836059570312e-06,0.0,0.012243462027981877
1202,14.547825372079387,0.05751228332519531,0.05750817060470581,0.9970201849937439,0.99700927734375,0,0,1.71661376953125e-05,1.3053417205810547e-05,1.0907649993896484e-05,0.0,0.012190609006211162
1203,14.559880131157115,0.05751776695251465,0.057615041732788086,0.9971529245376587,0.99700927734375,0,0,5.4836273193359375e-06,0.00010687112808227539,0.00013273954391479492,0.0,0.012054759077727795
1204,14.57205431512557,0.05749523639678955,0.05749523639678955,0.9970093965530396,0.99700927734375,0,0,-2.2530555725097656e-05,-0.00011980533599853516,-0.00014352798461914062,0.0,0.0121741839684546
1205,14.584182942984626,0.0574951171875,0.0574951171875,0.99700927734375,0.99700927734375,0,0,-1.1920928955078125e-07,-1.1920928955078125e-07,-1.1920928955078125e-07,0.0,0.012128627859055996
1206,14.59626575699076,0.0573849081993103,0.057563602924346924,0.9971311688423157,0.99700927734375,0,0,-0.00011020898818969727,6.848573684692383e-05,0.00012189149856567383,0.0,0.012082814006134868
1207,14.608258960070089,0.05749523639678955,0.05749523639678955,0.9970093965530396,0.99700927734375,0,0,0.00011032819747924805,-6.836652755737305e-05,-0.00012177228927612305,0.0,0.011993203079327941
1208,14.620652069104835,0.0574951171875,0.05279338359832764,0.9947503209114075,0.99700927734375,0,0,-1.1920928955078125e-07,-0.004701852798461914,-0.00225907564163208,0.0,0.012393109034746885
1209,14.632838068064302,0.0574953556060791,0.0574953556060791,0.9941031336784363,0.99700927734375,0,0,2.384185791015625e-07,0.004701972007751465,-0.0006471872329711914,0.0,0.012185998959466815
1210,14.64859919808805,0.05750250816345215,0.057500243186950684,0.9970131516456604,0.99700927734375,0,0,7.152557373046875e-06,4.887580871582031e-06,0.002910017967224121,0.0,0.015761130023747683
1211,14.661285768030211,0.057496607303619385,0.05749619007110596,0.9970100522041321,0.99700927734375,0,0,-5.900859832763672e-06,-4.0531158447265625e-06,-3.0994415283203125e-06,0.0,0.01268656994216144
1212,14.673914394108579,0.0574951171875,0.0574951171875,0.99700927734375,0.99700927734375,0,0,-1.4901161193847656e-06,-1.0728836059570312e-06,-7.748603820800781e-07,0.0,0.012628626078367233
1213,14.686201041098684,0.0574951171875,0.0574951171875,0.99700927734375,0.99700927734375,0,0,0.0,0.0,0.0,0.0,0.01228664699010551
1214,14.699422497069463,0.05447554588317871,0.05624091625213623,0.9964087009429932,0.99700927734375,0,0,-0.003019571304321289,-0.0012542009353637695,-0.0006005764007568359,0.0,0.013221455970779061
1215,14.711575180990621,0.05687230825424194,0.057557106018066406,0.9972508549690247,0.99700927734375,0,0,0.0023967623710632324,0.0013161897659301758,0.0008421540260314941,0.0,0.012152683921158314
1216,14.723827865207568,0.0574953556060791,0.0574953556060791,0.9970094561576843,0.99700927734375,0,0,0.0006230473518371582,-6.175041198730469e-05,-0.00024139881134033203,0.0,0.012252684216946363
1217,14.73582391999662,0.0574951171875,0.0574951171875,0.99700927734375,0.99700927734375,0,0,-2.384185791015625e-07,-2.384185791015625e-07,-1.7881393432617188e-07,0.0,0.011996054789051414
1218,14.747831086162478,0.05731046199798584,0.05754023790359497,0.9971464276313782,0.99700927734375,0,0,-0.00018465518951416016,4.51207160949707e-05,0.00013715028762817383,0.0,0.012007166165858507
1219,14.76013291720301,0.05749523639678955,0.05749523639678955,0.9970093965530396,0.99700927734375,0,0,0.00018477439880371094,-4.500150680541992e-05,-0.00013703107833862305,0.0,0.012301831040531397
1220,14.772152769146487,0.05749690532684326,0.057496607303619385,0.9970104694366455,0.99700927734375,0,0,1.6689300537109375e-06,1.3709068298339844e-06,1.0728836059570312e-06,0.0,0.012019851943477988
1221,14.78416034206748,0.050061702728271484,0.053790271282196045,0.9947537183761597,0.99700927734375,0,0,-0.007435202598571777,-0.00370633602142334,-0.00225675106048584,0.0,0.01200757292099297
1222,14.796175582101569,0.05756157636642456,0.057630062103271484,0.997157633304596,0.99700927734375,0,0,0.007499873638153076,0.0038397908210754395,0.0024039149284362793,0.0,0.012015240034088492
1223,14.808151582023129,0.05766016244888306,0.05764651298522949,0.9971464276313782,0.99700927734375,0,0,9.85860824584961e-05,1.6450881958007812e-05,-1.1205673217773438e-05,0.0,0.011975999921560287
1224,14.82066407916136,0.057514488697052,0.05750983953475952,0.9970205426216125,0.99700927734375,0,0,-0.0001456737518310547,-0.0001366734504699707,-0.000125885009765625,0.0,0.012512497138231993
1225,14.83292846614495,0.05763876438140869,0.05764275789260864,0.9971427917480469,0.99700927734375,0,0,0.00012427568435668945,0.0001329183578491211,0.00012224912643432617,0.0,0.012264386983588338
1226,14.845025669084862,0.05749523639678955,0.05749523639678955,0.9970093965530396,0.99700927734375,0,0,-0.00014352798461914062,-0.0001475214958190918,-0.00013339519500732422,0.0,0.012097202939912677
1227,14.85713831614703,0.057530105113983154,0.0575219988822937,0.9970318078994751,0.99700927734375,0,0,3.4868717193603516e-05,2.676248550415039e-05,2.2411346435546875e-05,0.0,0.012112647062167525
1228,14.869269222021103,0.05749636888504028,0.057495951652526855,0.9970099925994873,0.99700927734375,0,0,-3.3736228942871094e-05,-2.6047229766845703e-05,-2.181529998779297e-05,0.0,0.012130905874073505
1229,14.881406017113477,0.057569026947021484,0.05755329132080078,0.9970508813858032,0.99700927734375,0,0,7.265806198120117e-05,5.733966827392578e-05,4.088878631591797e-05,0.0,0.012136795092374086
1230,14.893840219127014,0.05532187223434448,0.05657494068145752,0.9967163801193237,0.99700927734375,0,0,-0.002247154712677002,-0.0009783506393432617,-0.0003345012664794922,0.0,0.012434202013537288
1231,14.905936310067773,0.05750221014022827,0.05750054121017456,0.9970134496688843,0.99700927734375,0,0,0.002180337905883789,0.000925600528717041,0.0002970695495605469,0.0,0.012096090940758586
1232,14.918169383192435,0.05749523639678955,0.057495176792144775,0.99700927734375,0.99700927734375,0,0,-6.973743438720703e-06,-5.364418029785156e-06,-4.172325134277344e-06,0.0,0.012233073124662042
1233,14.930531788151711,0.05770188570022583,0.05772531032562256,0.9972320199012756,0.99700927734375,0,0,0.0002066493034362793,0.0002301335334777832,0.00022274255752563477,0.0,0.012362404959276319
1234,14.94284706399776,0.05749523639678955,0.05749523639678955,0.9970093965530396,0.99700927734375,0,0,-0.0002066493034362793,-0.0002300739288330078,-0.00022262334823608398,0.0,0.01231527584604919
1235,14.954891730099916,0.0574951171875,0.0574951171875,0.99700927734375,0.99700927734375,0,0,-1.1920928955078125e-07,-1.1920928955078125e-07,-1.1920928955078125e-07,0.0,0.012044666102156043
1236,14.967140913009644,0.0501362681388855,0.05384933948516846,0.9953204989433289,0.99700927734375,0,0,-0.007358849048614502,-0.003645777702331543,-0.0016887784004211426,0.0,0.012249182909727097
1237,14.979309319052845,0.05749541521072388,0.0574953556060791,0.9970095157623291,0.99700927734375,0,0,0.007359147071838379,0.0036460161209106445,0.0016890168190002441,0.0,0.012168406043201685
1238,14.99157346598804,0.05745917558670044,0.057592809200286865,0.9971529245376587,0.99700927734375,0,0,-3.62396240234375e-05,9.745359420776367e-05,0.00014340877532958984,0.0,0.01226414693519473
1239,15.003772519994527,0.05750155448913574,0.05750042200088501,0.9970133304595947,0.99700927734375,0,0,4.2378902435302734e-05,-9.238719940185547e-05,-0.00013959407806396484,0.0,0.012199054006487131
1240,15.015896111028269,0.05749523639678955,0.05156761407852173,0.9933004379272461,0.99700927734375,0,0,-6.318092346191406e-06,-0.005932807922363281,-0.003712892532348633,0.0,0.012123591033741832
1241,15.027922111097723,0.05756169557571411,0.05763012170791626,0.989719033241272,0.99700927734375,0,0,6.645917892456055e-05,0.006062507629394531,-0.003581404685974121,0.0,0.012026000069454312
1242,15.040342182153836,0.05283540487289429,0.05526864528656006,0.9957161545753479,0.99700927734375,0,0,-0.004726290702819824,-0.002361476421356201,0.005997121334075928,0.0,0.012420071056112647
1243,15.052315885201097,0.057517945766448975,0.057512521743774414,0.9970238208770752,0.99700927734375,0,0,0.0046825408935546875,0.0022438764572143555,0.001307666301727295,0.0,0.011973703047260642
1244,15.064524236135185,0.0575065016746521,0.05750381946563721,0.9970158934593201,0.99700927734375,0,0,-1.1444091796875e-05,-8.702278137207031e-06,-7.927417755126953e-06,0.0,0.01220835093408823
1245,15.07688553002663,0.05749523639678955,0.05749523639678955,0.9970093965530396,0.99700927734375,0,0,-1.1265277862548828e-05,-8.58306884765625e-06,-6.496906280517578e-06,0.0,0.012361293891444802
1246,15.08890034398064,0.05749589204788208,0.057495713233947754,0.9970097541809082,0.99700927734375,0,0,6.556510925292969e-07,4.76837158203125e-07,3.5762786865234375e-07,0.0,0.012014813954010606
1247,15.101026028161868,0.0574951171875,0.0574951171875,0.99700927734375,0.99700927734375,0,0,-7.748603820800781e-07,-5.960464477539062e-07,-4.76837158203125e-07,0.0,0.01212568418122828
1248,15.11328626703471,0.0574951171875,0.0574951171875,0.99700927734375,0.99700927734375,0,0,0.0,0.0,0.0,0.0,0.012260238872841
1249,15.125509118195623,0.05749845504760742,0.057497620582580566,0.9970113635063171,0.99700927734375,0,0,3.337860107421875e-06,2.5033950805664062e-06,2.086162567138672e-06,0.0,0.012222851160913706
1250,15.137503338977695,0.0574951171875,0.0574951171875,0.99700927734375,0.99700927734375,0,0,-3.337860107421875e-06,-2.5033950805664062e-06,-2.086162567138672e-06,0.0,0.011994220782071352
1251,15.149679338093847,0.05279338359832764,0.05523616075515747,0.9960228204727173,0.99700927734375,0,0,-0.004701733589172363,-0.0022589564323425293,-0.0009864568710327148,0.0,0.012175999116152525
1252,15.161847613984719,0.0574953556060791,0.0574953556060791,0.9970095157623291,0.99700927734375,0,0,0.004701972007751465,0.002259194850921631,0.0009866952896118164,0.0,0.012168275890871882
1253,15.174027724191546,0.0574951171875,0.0574951171875,0.99700927734375,0.99700927734375,0,0,-2.384185791015625e-07,-2.384185791015625e-07,-2.384185791015625e-07,0.0,0.012180110206827521
1254,15.186193797038868,0.05750608444213867,0.057503461837768555,0.997015655040741,0.99700927734375,0,0,1.0967254638671875e-05,8.344650268554688e-06,6.377696990966797e-06,0.0,0.01216607284732163
1255,15.198257351992652,0.05749523639678955,0.05749523639678955,0.9970093965530396,0.99700927734375,0,0,-1.0848045349121094e-05,-8.225440979003906e-06,-6.258487701416016e-06,0.0,0.01206355495378375
1256,15.211314587155357,0.0574951171875,0.0574951171875,0.99700927734375,0.99700927734375,0,0,-1.1920928955078125e-07,-1.1920928955078125e-07,-1.1920928955078125e-07,0.0,0.013057235162705183
1257,15.223669696133584,0.057509541511535645,0.05750608444213867,0.9970175623893738,0.99700927734375,0,0,1.4424324035644531e-05,1.0967254638671875e-05,8.285045623779297e-06,0.0,0.012355108978226781
1258,15.235824824078009,0.05760139226913452,0.057581186294555664,0.9970831871032715,0.99700927734375,0,0,9.185075759887695e-05,7.510185241699219e-05,6.562471389770508e-05,0.0,0.012155127944424748
1259,15.247912100981921,0.05776715278625488,0.05771529674530029,0.9971888661384583,0.99700927734375,0,0,0.00016576051712036133,0.0001341104507446289,0.00010567903518676758,0.0,0.012087276903912425
1260,15.260164507199079,0.05749523639678955,0.05749523639678955,0.9970093965530396,0.99700927734375,0,0,-0.00027191638946533203,-0.0002200603485107422,-0.00017946958541870117,0.0,0.01225240621715784
1261,15.272435727994889,0.0574951171875,0.0574951171875,0.99700927734375,0.99700927734375,0,0,-1.1920928955078125e-07,-1.1920928955078125e-07,-1.1920928955078125e-07,0.0,0.012271220795810223
1262,15.284534115111455,0.05750715732574463,0.05750429630279541,0.9970162510871887,0.99700927734375,0,0,1.2040138244628906e-05,9.179115295410156e-06,6.973743438720703e-06,0.0,0.0120983871165663
1263,15.296691392082721,0.05749523639678955,0.05749523639678955,0.9970093965530396,0.99700927734375,0,0,-1.1920928955078125e-05,-9.059906005859375e-06,-6.854534149169922e-06,0.0,0.012157276971265674
1264,15.30887822411023,0.05750429630279541,0.05750209093093872,0.9970145225524902,0.99700927734375,0,0,9.059906005859375e-06,6.854534149169922e-06,5.125999450683594e-06,0.0,0.012186832027509809
1265,15.321311944164336,0.05749523639678955,0.05749523639678955,0.99700927734375,0.99700927734375,0,0,-9.059906005859375e-06,-6.854534149169922e-06,-5.245208740234375e-06,0.0,0.012433720054104924
1266,15.334702844033018,0.0574951171875,0.0574951171875,0.99700927734375,0.99700927734375,0,0,-1.1920928955078125e-07,-1.1920928955078125e-07,0.0,0.0,0.013390899868682027
1267,15.34684474999085,0.05766052007675171,0.05765247344970703,0.9971537590026855,0.99700927734375,0,0,0.00016540288925170898,0.00015735626220703125,0.00014448165893554688,0.0,0.012141905957832932
1268,15.359003916149959,0.05750948190689087,0.05750608444213867,0.9970176815986633,0.99700927734375,0,0,-0.00015103816986083984,-0.00014638900756835938,-0.0001360774040222168,0.0,0.012159166159108281
1269,15.371151840081438,0.05749523639678955,0.05749523639678955,0.9970093965530396,0.99700927734375,0,0,-1.424551010131836e-05,-1.0848045349121094e-05,-8.285045623779297e-06,0.0,0.012147923931479454
1270,15.383182599209249,0.0574951171875,0.05378621816635132,0.9956888556480408,0.99700927734375,0,0,-1.1920928955078125e-07,-0.0037090182304382324,-0.0013205409049987793,0.0,0.012030759127810597
1271,15.395565708167851,0.0574953556060791,0.0574953556060791,0.9970095157623291,0.99700927734375,0,0,2.384185791015625e-07,0.003709137439727783,0.00132066011428833,0.0,0.012383108958601952
1272,15.407654003007337,0.05156749486923218,0.05458879470825195,0.9952710866928101,0.99700927734375,0,0,-0.005927860736846924,-0.0029065608978271484,-0.001738429069519043,0.0,0.01208829483948648
1273,15.41983403917402,0.05753505229949951,0.05752575397491455,0.9970349073410034,0.99700927734375,0,0,0.005967557430267334,0.0029369592666625977,0.0017638206481933594,0.0,0.01218003616668284
1274,15.432012389181182,0.05749523639678955,0.05749523639678955,0.9970093965530396,0.99700927734375,0,0,-3.981590270996094e-05,-3.0517578125e-05,-2.5510787963867188e-05,0.0,0.012178350007161498
1275,15.44428681419231,0.05763876438140869,0.05764275789260864,0.9971427917480469,0.99700927734375,0,0,0.00014352798461914062,0.0001475214958190918,0.00013339519500732422,0.0,0.012274425011128187
1276,15.456546348985285,0.05753016471862793,0.0575219988822937,0.9970318078994751,0.99700927734375,0,0,-0.00010859966278076172,-0.0001207590103149414,-0.00011098384857177734,0.0,0.012259534792974591
1277,15.4686425330583,0.05749523639678955,0.05749523639678955,0.9970093965530396,0.99700927734375,0,0,-3.4928321838378906e-05,-2.676248550415039e-05,-2.2411346435546875e-05,0.0,0.012096184073016047
1278,15.480793180176988,0.057615041732788086,0.057643234729766846,0.9971534609794617,0.99700927734375,0,0,0.00011980533599853516,0.00014799833297729492,0.00014406442642211914,0.0,0.01215064711868763
1279,15.493047271156684,0.05749523639678955,0.05749523639678955,0.9970093965530396,0.99700927734375,0,0,-0.00011980533599853516,-0.00014799833297729492,-0.00014406442642211914,0.0,0.01225409097969532
1280,15.505257251206785,0.0574951171875,0.0574951171875,0.99700927734375,0.99700927734375,0,0,-1.1920928955078125e-07,-1.1920928955078125e-07,-1.1920928955078125e-07,0.0,0.012209980050101876
1281,15.517263842979446,0.057496488094329834,0.05749619007110596,0.9970100522041321,0.99700927734375,0,0,1.3709068298339844e-06,1.0728836059570312e-06,7.748603820800781e-07,0.0,0.012006591772660613
1282,15.529525452991948,0.05715125799179077,0.05745917558670044,0.9970753788948059,0.99700927734375,0,0,-0.0003452301025390625,-3.701448440551758e-05,6.532669067382812e-05,0.0,0.012261610012501478
1283,15.541522674029693,0.057495296001434326,0.05749523639678955,0.9970093965530396,0.99700927734375,0,0,0.0003440380096435547,3.606081008911133e-05,-6.598234176635742e-05,0.0,0.011997221037745476
1284,15.55354595114477,0.0574951171875,0.0574951171875,0.99700927734375,0.99700927734375,0,0,-1.7881393432617188e-07,-1.1920928955078125e-07,-1.1920928955078125e-07,0.0,0.01202327711507678
1285,15.565762580139562,0.056508660316467285,0.05715125799179077,0.9968960285186768,0.99700927734375,0,0,-0.0009864568710327148,-0.0003438591957092285,-0.00011324882507324219,0.0,0.0122166289947927
1286,15.577761616092175,0.057512521743774414,0.05750840902328491,0.9970194101333618,0.99700927734375,0,0,0.001003861427307129,0.0003571510314941406,0.0001233816146850586,0.0,0.011999035952612758
1287,15.589891096111387,0.0575140118598938,0.05750948190689087,0.9970213174819946,0.99700927734375,0,0,1.4901161193847656e-06,1.0728836059570312e-06,1.9073486328125e-06,0.0,0.012129480019211769
1288,15.602029299130663,0.05751234292984009,0.05750715732574463,0.9970184564590454,0.99700927734375,0,0,-1.6689300537109375e-06,-2.3245811462402344e-06,-2.86102294921875e-06,0.0,0.012138203019276261
1289,15.614289353135973,0.05752450227737427,0.0575176477432251,0.9895878434181213,0.99700927734375,0,0,1.2159347534179688e-05,1.049041748046875e-05,-0.007430613040924072,0.0,0.01226005400530994
1290,15.626532813999802,0.05662912130355835,0.05729973316192627,0.9970439076423645,0.99700927734375,0,0,-0.000895380973815918,-0.00021791458129882812,0.007456064224243164,0.0,0.012243460863828659
1291,15.63863831316121,0.057524681091308594,0.05751776695251465,0.9970282316207886,0.99700927734375,0,0,0.0008955597877502441,0.0002180337905883789,-1.5676021575927734e-05,0.0,0.012105499161407351
1292,15.65098355198279,0.05749523639678955,0.05156761407852173,0.9941030144691467,0.99700927734375,0,0,-2.944469451904297e-05,-0.00595015287399292,-0.0029252171516418457,0.0,0.012345238821581006
1293,15.663183995056897,0.05583721399307251,0.05683797597885132,0.9967191815376282,0.99700927734375,0,0,-0.001658022403717041,0.00527036190032959,0.0026161670684814453,0.0,0.01220044307410717
1294,15.675397197017446,0.05677485466003418,0.0572812557220459,0.9970319867134094,0.99700927734375,0,0,0.0009376406669616699,0.0004432797431945801,0.00031280517578125,0.0,0.012213201960548759
1295,15.687571085058153,0.057521283626556396,0.05770617723464966,0.9972456097602844,0.99700927734375,0,0,0.0007464289665222168,0.00042492151260375977,0.000213623046875,0.0,0.012173888040706515
1296,15.699954175157472,0.05750620365142822,0.057503581047058105,0.9970163106918335,0.99700927734375,0,0,-1.5079975128173828e-05,-0.00020259618759155273,-0.00022929906845092773,0.0,0.012383090099319816
1297,15.71204604418017,0.05749523639678955,0.05749523639678955,0.9970093965530396,0.99700927734375,0,0,-1.0967254638671875e-05,-8.344650268554688e-06,-6.9141387939453125e-06,0.0,0.01209186902269721
1298,15.724342617206275,0.0574951171875,0.05005645751953125,0.9933003783226013,0.99700927734375,0,0,-1.1920928955078125e-07,-0.007438778877258301,-0.0037090182304382324,0.0,0.012296573026105762
1299,15.736522467108443,0.057588279247283936,0.05756795406341553,0.997070848941803,0.99700927734375,0,0,9.316205978393555e-05,0.007511496543884277,0.00377047061920166,0.0,0.012179849902167916
1300,15.748549669981003,0.05749523639678955,0.05749523639678955,0.9970093965530396,0.967254638671875,0,0,-9.304285049438477e-05,-7.271766662597656e-05,-6.145238876342773e-05,-0.029754638671875,0.012027202872559428
1301,15.760764132020995,0.0575641393661499,0.05284750461578369,0.9941487908363342,0.99700927734375,0,0,6.890296936035156e-05,-0.004647731781005859,-0.0028606057167053223,0.029754638671875,0.012214462039992213
1302,15.77268283511512,0.05749547481536865,0.0574953556060791,0.9970095157623291,0.99700927734375,0,0,-6.866455078125e-05,0.00464785099029541,0.002860724925994873,0.0,0.011918703094124794
1303,15.784915667027235,0.0574951171875,0.05279338359832764,0.994102954864502,0.99700927734375,0,0,-3.5762786865234375e-07,-0.004701972007751465,-0.0029065608978271484,0.0,0.012232831912115216
1304,15.797044350998476,0.05758941173553467,0.05756765604019165,0.9970700740814209,0.99700927734375,0,0,9.429454803466797e-05,0.004774272441864014,0.0029671192169189453,0.0,0.012128683971241117
1305,15.809139998164028,0.057498812675476074,0.05749791860580444,0.9941046833992004,0.99700927734375,0,0,-9.059906005859375e-05,-6.973743438720703e-05,-0.002965390682220459,0.0,0.012095647165551782
1306,15.821661217138171,0.05749541521072388,0.0574953556060791,0.9970095157623291,0.99700927734375,0,0,-3.3974647521972656e-06,-2.562999725341797e-06,0.002904832363128662,0.0,0.012521218974143267
1307,15.833684828132391,0.0574951171875,0.0574951171875,0.9895706176757812,0.99700927734375,0,0,-2.980232238769531e-07,-2.384185791015625e-07,-0.0074388980865478516,0.0,0.01202361099421978
1308,15.846283121034503,0.05749547481536865,0.0574953556060791,0.9970095157623291,0.99700927734375,0,0,3.5762786865234375e-07,2.384185791015625e-07,0.0074388980865478516,0.0,0.012598292902112007
1309,15.858396083116531,0.05760669708251953,0.05758422613143921,0.9970794320106506,0.99700927734375,0,0,0.0001112222671508789,8.887052536010742e-05,6.99162483215332e-05,0.0,0.012112962082028389
1310,15.870554637163877,0.057505130767822266,0.05750274658203125,0.9970150589942932,0.99700927734375,0,0,-0.00010156631469726562,-8.147954940795898e-05,-6.437301635742188e-05,0.0,0.012158554047346115
1311,15.882773876190186,0.05749523639678955,0.05749523639678955,0.9970093965530396,0.99700927734375,0,0,-9.894371032714844e-06,-7.510185241699219e-06,-5.662441253662109e-06,0.0,0.01221923902630806
1312,15.894945671083406,0.0574951171875,0.0574951171875,0.99700927734375,0.99700927734375,0,0,-1.1920928955078125e-07,-1.1920928955078125e-07,-1.1920928955078125e-07,0.0,0.012171794893220067
1313,15.907161503098905,0.0574951171875,0.0574951171875,0.99700927734375,0.99700927734375,0,0,0.0,0.0,0.0,0.0,0.012215832015499473
1314,15.919286576099694,0.0574951171875,0.0574951171875,0.99700927734375,0.99700927734375,0,0,0.0,0.0,0.0,0.0,0.012125073000788689
1315,15.931528797140345,0.057651519775390625,0.05762380361557007,0.9971206188201904,0.99700927734375,0,0,0.000156402587890625,0.00012868642807006836,0.00011134147644042969,0.0,0.012242221040651202
1316,15.943554018158466,0.05749523639678955,0.05749523639678955,0.9970093965530396,0.99700927734375,0,0,-0.00015628337860107422,-0.00012856721878051758,-0.0001112222671508789,0.0,0.012025221018120646
1317,15.956317587988451,0.057497382164001465,0.05749678611755371,0.9970105290412903,0.99700927734375,0,0,2.1457672119140625e-06,1.5497207641601562e-06,1.1324882507324219e-06,0.0,0.0127635698299855
1318,15.968669901136309,0.05753469467163086,0.057525575160980225,0.9970325827598572,0.967254638671875,0,0,3.731250762939453e-05,2.8789043426513672e-05,2.205371856689453e-05,-0.029754638671875,0.012352313147857785
1319,15.980924640083686,0.057495713233947754,0.05749553442001343,0.9970096945762634,0.99700927734375,0,0,-3.898143768310547e-05,-3.0040740966796875e-05,-2.288818359375e-05,0.029754638671875,0.012254738947376609
1320,15.993326045107096,0.05756121873855591,0.05762982368469238,0.9971584677696228,0.99700927734375,0,0,6.55055046081543e-05,0.00013428926467895508,0.000148773193359375,0.0,0.012401405023410916
1321,16.005647210171446,0.05749523639678955,0.05749523639678955,0.9970093965530396,0.99700927734375,0,0,-6.598234176635742e-05,-0.00013458728790283203,-0.00014907121658325195,0.0,0.01232116506434977
1322,16.01792487502098,0.05763447284698486,0.05761533975601196,0.9971085786819458,0.99700927734375,0,0,0.0001392364501953125,0.00012010335922241211,9.918212890625e-05,0.0,0.01227766484953463
1323,16.030151299200952,0.05756884813308716,0.05755192041397095,0.9970568418502808,0.99700927734375,0,0,-6.562471389770508e-05,-6.341934204101562e-05,-5.173683166503906e-05,0.0,0.012226424179971218
1324,16.0422231501434,0.0575176477432251,0.05751234292984009,0.9970224499702454,0.99700927734375,0,0,-5.120038986206055e-05,-3.9577484130859375e-05,-3.439188003540039e-05,0.0,0.012071850942447782
1325,16.054270594147965,0.05749523639678955,0.05749523639678955,0.9970093965530396,0.99700927734375,0,0,-2.2411346435546875e-05,-1.710653305053711e-05,-1.3053417205810547e-05,0.0,0.012047444004565477
1326,16.066331482026726,0.05760836601257324,0.05757492780685425,0.9970442652702332,0.99700927734375,0,0,0.0001131296157836914,7.969141006469727e-05,3.4868717193603516e-05,0.0,0.012060887878760695
1327,16.079821733990684,0.05749523639678955,0.05749523639678955,0.9970093965530396,0.99700927734375,0,0,-0.0001131296157836914,-7.969141006469727e-05,-3.4868717193603516e-05,0.0,0.013490251963958144
1328,16.09192010317929,0.057580649852752686,0.05756157636642456,0.9970652461051941,0.99700927734375,0,0,8.541345596313477e-05,6.633996963500977e-05,5.5849552154541016e-05,0.0,0.012098369188606739
1329,16.104199009016156,0.05279350280761719,0.05523627996444702,0.9956889748573303,0.99700927734375,0,0,-0.004787147045135498,-0.002325296401977539,-0.0013762712478637695,0.0,0.012278905836865306
1330,16.11639660014771,0.0574953556060791,0.0574953556060791,0.9970095157623291,0.99700927734375,0,0,0.004701852798461914,0.00225907564163208,0.0013205409049987793,0.0,0.012197591131553054
1331,16.128551599103957,0.05750209093093872,0.057500362396240234,0.9970136284828186,0.99700927734375,0,0,6.735324859619141e-06,5.0067901611328125e-06,4.112720489501953e-06,0.0,0.012154998956248164
1332,16.140636635012925,0.0575219988822937,0.057515740394592285,0.9970250129699707,0.99700927734375,0,0,1.990795135498047e-05,1.537799835205078e-05,1.138448715209961e-05,0.0,0.012085035908967257
1333,16.152776189148426,0.05749523639678955,0.05749523639678955,0.9970093965530396,0.99700927734375,0,0,-2.676248550415039e-05,-2.0503997802734375e-05,-1.5616416931152344e-05,0.0,0.012139554135501385
1334,16.164790170034394,0.0575176477432251,0.0575108528137207,0.9970213174819946,0.99700927734375,0,0,2.2411346435546875e-05,1.5616416931152344e-05,1.1920928955078125e-05,0.0,0.012013980885967612
1335,16.17690913216211,0.054588913917541504,0.05617475509643555,0.9962887763977051,0.99700927734375,0,0,-0.0029287338256835938,-0.0013360977172851562,-0.0007325410842895508,0.0,0.01211896212771535
1336,16.18892100220546,0.0574953556060791,0.0574953556060791,0.9970094561576843,0.99700927734375,0,0,0.0029064416885375977,0.0013206005096435547,0.000720679759979248,0.0,0.012011870043352246
1337,16.20117300003767,0.0574951171875,0.05279338359832764,0.994102954864502,0.99700927734375,0,0,-2.384185791015625e-07,-0.004701972007751465,-0.002906501293182373,0.0,0.012251997832208872
1338,16.21335236914456,0.05749821662902832,0.05749744176864624,0.9970110654830933,0.99700927734375,0,0,3.0994415283203125e-06,0.0047040581703186035,0.0029081106185913086,0.0,0.012179369106888771
1339,16.225538794184104,0.057541489601135254,0.05752760171890259,0.9970364570617676,0.99700927734375,0,0,4.3272972106933594e-05,3.0159950256347656e-05,2.5391578674316406e-05,0.0,0.012186425039544702
1340,16.237685663159937,0.056985318660736084,0.05738186836242676,0.9970319271087646,0.99700927734375,0,0,-0.0005561709403991699,-0.00014573335647583008,-4.5299530029296875e-06,0.0,0.012146868975833058
1341,16.24976801406592,0.0574953556060791,0.05749523639678955,0.9970093965530396,0.99700927734375,0,0,0.0005100369453430176,0.00011336803436279297,-2.2530555725097656e-05,0.0,0.01208235090598464
1342,16.26179923606105,0.0575176477432251,0.05751234292984009,0.9970236420631409,0.99700927734375,0,0,2.2292137145996094e-05,1.710653305053711e-05,1.424551010131836e-05,0.0,0.012031221995130181
1343,16.27388988318853,0.05749523639678955,0.05749523639678955,0.9970093965530396,0.99700927734375,0,0,-2.2411346435546875e-05,-1.710653305053711e-05,-1.424551010131836e-05,0.0,0.012090647127479315
1344,16.286065011052415,0.0574951171875,0.0574951171875,0.99700927734375,0.99700927734375,0,0,-1.1920928955078125e-07,-1.1920928955078125e-07,-1.1920928955078125e-07,0.0,0.012175127863883972
1345,16.29830417712219,0.05378621816635132,0.05575692653656006,0.9960228204727173,0.99700927734375,0,0,-0.0037088990211486816,-0.0017381906509399414,-0.0009864568710327148,0.0,0.01223916606977582
1346,16.31054421211593,0.0574953556060791,0.0574953556060791,0.9970095157623291,0.99700927734375,0,0,0.003709137439727783,0.001738429069519043,0.0009866952896118164,0.0,0.012240034993737936
1347,16.32265906315297,0.0574951171875,0.0574951171875,0.99700927734375,0.99700927734375,0,0,-2.384185791015625e-07,-2.384185791015625e-07,-2.384185791015625e-07,0.0,0.012114851037040353
1348,16.33486843202263,0.057496488094329834,0.05749619007110596,0.9970101118087769,0.99700927734375,0,0,1.3709068298339844e-06,1.0728836059570312e-06,8.344650268554688e-07,0.0,0.012209368869662285
1349,16.346954801119864,0.05758768320083618,0.057569026947021484,0.9970723390579224,0.99700927734375,0,0,9.119510650634766e-05,7.283687591552734e-05,6.222724914550781e-05,0.0,0.012086369097232819
1350,16.359077578177676,0.05754441022872925,0.05753326416015625,0.9970413446426392,0.99700927734375,0,0,-4.3272972106933594e-05,-3.5762786865234375e-05,-3.0994415283203125e-05,0.0,0.012122777057811618
1351,16.37120942911133,0.05749523639678955,0.05749523639678955,0.9970093965530396,0.99700927734375,0,0,-4.9173831939697266e-05,-3.802776336669922e-05,-3.1948089599609375e-05,0.0,0.012131850933656096
1352,16.383291186997667,0.05753326416015625,0.05752450227737427,0.9970318078994751,0.99700927734375,0,0,3.802776336669922e-05,2.9265880584716797e-05,2.2411346435546875e-05,0.0,0.012081757886335254
1353,16.395536278141662,0.05749523639678955,0.05749523639678955,0.9970093965530396,0.99700927734375,0,0,-3.802776336669922e-05,-2.9265880584716797e-05,-2.2411346435546875e-05,0.0,0.012245091143995523
1354,16.407567592104897,0.0574951171875,0.0574951171875,0.99700927734375,0.99700927734375,0,0,-1.1920928955078125e-07,-1.1920928955078125e-07,-1.1920928955078125e-07,0.0,0.012031313963234425
1355,16.420501773012802,0.0574951171875,0.05156749486923218,0.9933003783226013,0.99700927734375,0,0,0.0,-0.005927622318267822,-0.0037088990211486816,0.0,0.012934180907905102
1356,16.4325463459827,0.05749696493148804,0.05749636888504028,0.997010350227356,0.99700927734375,0,0,1.8477439880371094e-06,0.0059288740158081055,0.0037099719047546387,0.0,0.012044572969898582
1357,16.444669123040512,0.057502686977386475,0.05750143527984619,0.9970136284828186,0.967254638671875,0,0,5.7220458984375e-06,5.066394805908203e-06,3.2782554626464844e-06,-0.029754638671875,0.012122777057811618
1358,16.45690001011826,0.057495713233947754,0.05749553442001343,0.9970096945762634,0.99700927734375,0,0,-6.973743438720703e-06,-5.900859832763672e-06,-3.933906555175781e-06,0.029754638671875,0.012230887077748775
1359,16.468936602119356,0.05738186836242676,0.05756121873855591,0.9912163615226746,0.99700927734375,0,0,-0.0001138448715209961,6.568431854248047e-05,-0.005793333053588867,0.0,0.012036592001095414
1360,16.481053916038945,0.056777119636535645,0.05728304386138916,0.9969749450683594,0.99700927734375,0,0,-0.0006047487258911133,-0.00027817487716674805,0.0057585835456848145,0.0,0.012117313919588923
1361,16.493347581010312,0.052795469760894775,0.05523782968521118,0.9960241317749023,0.99700927734375,0,0,-0.003981649875640869,-0.0020452141761779785,-0.0009508132934570312,0.0,0.012293664971366525
1362,16.50552617199719,0.0574953556060791,0.0574953556060791,0.9970095157623291,0.99700927734375,0,0,0.004699885845184326,0.00225752592086792,0.0009853839874267578,0.0,0.01217859098687768
1363,16.517578430008143,0.057503461837768555,0.05750149488449097,0.9970145225524902,0.99700927734375,0,0,8.106231689453125e-06,6.139278411865234e-06,5.0067901611328125e-06,0.0,0.012052258010953665
1364,16.529657355044037,0.05575692653656006,0.0567745566368103,0.9967952966690063,0.99700927734375,0,0,-0.001746535301208496,-0.0007269382476806641,-0.00021922588348388672,0.0,0.012078925035893917
1365,16.54180500213988,0.0574953556060791,0.0574953556060791,0.9970093965530396,0.99700927734375,0,0,0.001738429069519043,0.0007207989692687988,0.00021409988403320312,0.0,0.01214764709584415
1366,16.55393613106571,0.0574951171875,0.0574951171875,0.99700927734375,0.99700927734375,0,0,-2.384185791015625e-07,-2.384185791015625e-07,-1.1920928955078125e-07,0.0,0.012131128925830126
1367,16.566075426060706,0.057530105113983154,0.0575219988822937,0.9970318078994751,0.99700927734375,0,0,3.49879264831543e-05,2.6881694793701172e-05,2.2530555725097656e-05,0.0,0.012139294994994998
1368,16.578239277005196,0.05749523639678955,0.05749523639678955,0.9970093965530396,0.99700927734375,0,0,-3.4868717193603516e-05,-2.676248550415039e-05,-2.2411346435546875e-05,0.0,0.01216385094448924
1369,16.59030210901983,0.05756276845932007,0.057630956172943115,0.9971593618392944,0.99700927734375,0,0,6.753206253051758e-05,0.00013571977615356445,0.0001499652862548828,0.0,0.012062832014635205
1370,16.60254260804504,0.056985318660736084,0.05763876438140869,0.9971584677696228,0.99700927734375,0,0,-0.0005774497985839844,7.808208465576172e-06,-8.940696716308594e-07,0.0,0.012240499025210738
1371,16.61591978603974,0.05749523639678955,0.05749523639678955,0.9970093965530396,0.99700927734375,0,0,0.0005099177360534668,-0.00014352798461914062,-0.00014907121658325195,0.0,0.013377177994698286
1372,16.628057340160012,0.05378621816635132,0.048318326473236084,0.9925798773765564,0.99700927734375,0,0,-0.0037090182304382324,-0.009176909923553467,-0.004429519176483154,0.0,0.012137554120272398
1373,16.640241746092215,0.0574955940246582,0.05749553442001343,0.9970095157623291,0.99700927734375,0,0,0.0037093758583068848,0.009177207946777344,0.004429638385772705,0.0,0.012184405932202935
1374,16.652887928066775,0.05750149488449097,0.05749988555908203,0.9970129728317261,0.99700927734375,0,0,5.900859832763672e-06,4.351139068603516e-06,3.4570693969726562e-06,0.0,0.012646181974560022
1375,16.664937576046214,0.05575692653656006,0.0567745566368103,0.996665358543396,0.99700927734375,0,0,-0.0017445683479309082,-0.0007253289222717285,-0.0003476142883300781,0.0,0.012049647979438305
1376,16.67694735317491,0.05750221014022827,0.05279797315597534,0.9941068887710571,0.99700927734375,0,0,0.0017452836036682129,-0.003976583480834961,-0.002558469772338867,0.0,0.012009777128696442
1377,16.68918292503804,0.05761539936065674,0.05763906240463257,0.9971571564674377,0.99700927734375,0,0,0.0001131892204284668,0.0048410892486572266,0.0030502676963806152,0.0,0.012235571863129735
1378,16.701284332200885,0.05763453245162964,0.05761539936065674,0.9971155524253845,0.99700927734375,0,0,1.913309097290039e-05,-2.3663043975830078e-05,-4.1604042053222656e-05,0.0,0.012101407162845135
1379,16.713410516036674,0.05753672122955322,0.05752718448638916,0.9923321604728699,0.99700927734375,0,0,-9.781122207641602e-05,-8.821487426757812e-05,-0.0047833919525146484,0.0,0.012126183835789561
1380,16.725698847090825,0.05749553442001343,0.0574953556060791,0.9970095157623291,0.99700927734375,0,0,-4.118680953979492e-05,-3.1828880310058594e-05,0.0046773552894592285,0.0,0.012288331054151058
1381,16.737815569154918,0.0574951171875,0.0574951171875,0.99700927734375,0.99700927734375,0,0,-4.172325134277344e-07,-2.384185791015625e-07,-2.384185791015625e-07,0.0,0.012116722064092755
1382,16.750031863106415,0.05750089883804321,0.057499468326568604,0.9970129728317261,0.99700927734375,0,0,5.781650543212891e-06,4.351139068603516e-06,3.6954879760742188e-06,0.0,0.012216293951496482
1383,16.76205836306326,0.05763524770736694,0.05761599540710449,0.9971091151237488,0.99700927734375,0,0,0.00013434886932373047,0.00011652708053588867,9.614229202270508e-05,0.0,0.012026499956846237
1384,16.774188806070015,0.05754619836807251,0.05753457546234131,0.9970424175262451,0.99700927734375,0,0,-8.90493392944336e-05,-8.14199447631836e-05,-6.669759750366211e-05,0.0,0.012130443006753922
1385,16.786339323036373,0.05164211988449097,0.05464750528335571,0.9957345724105835,0.99700927734375,0,0,-0.005904078483581543,-0.0028870701789855957,-0.001307845115661621,0.0,0.012150516966357827
1386,16.798669470008463,0.0574953556060791,0.0574953556060791,0.9970095157623291,0.99700927734375,0,0,0.005853235721588135,0.0028478503227233887,0.0012749433517456055,0.0,0.012330146972090006
1387,16.810710728168488,0.05751770734786987,0.05762213468551636,0.9971154928207397,0.99700927734375,0,0,2.2351741790771484e-05,0.00012677907943725586,0.00010597705841064453,0.0,0.012041258160024881
1388,16.8241749801673,0.0575108528137207,0.05750715732574463,0.9970184564590454,0.99700927734375,0,0,-6.854534149169922e-06,-0.00011497735977172852,-9.703636169433594e-05,0.0,0.01346425199881196
1389,16.83632320119068,0.05749523639678955,0.05749523639678955,0.9970093965530396,0.99700927734375,0,0,-1.5616416931152344e-05,-1.1920928955078125e-05,-9.059906005859375e-06,0.0,0.012148221023380756
1390,16.84844329301268,0.0574951171875,0.0574951171875,0.99700927734375,0.99700927734375,0,0,-1.1920928955078125e-07,-1.1920928955078125e-07,-1.1920928955078125e-07,0.0,0.012120091821998358
1391,16.860577958170325,0.0575634241104126,0.0575486421585083,0.9970508217811584,0.99700927734375,0,0,6.830692291259766e-05,5.352497100830078e-05,4.1544437408447266e-05,0.0,0.01213466515764594
1392,16.8727724570781,0.05750948190689087,0.05750608444213867,0.9970184564590454,0.99700927734375,0,0,-5.3942203521728516e-05,-4.2557716369628906e-05,-3.236532211303711e-05,0.0,0.012194498907774687
1393,16.884849049150944,0.057496607303619385,0.05749630928039551,0.9970101714134216,0.99700927734375,0,0,-1.2874603271484375e-05,-9.775161743164062e-06,-8.285045623779297e-06,0.0,0.012076592072844505
1394,16.896939918166026,0.0574951171875,0.0574951171875,0.99700927734375,0.99700927734375,0,0,-1.4901161193847656e-06,-1.1920928955078125e-06,-8.940696716308594e-07,0.0,0.012090869015082717
1395,16.909308360191062,0.05755490064620972,0.057530999183654785,0.997036874294281,0.99700927734375,0,0,5.97834587097168e-05,3.5881996154785156e-05,2.759695053100586e-05,0.0,0.01236844202503562
1396,16.921901894034818,0.05749523639678955,0.05749523639678955,0.9970093965530396,0.99700927734375,0,0,-5.9664249420166016e-05,-3.5762786865234375e-05,-2.7477741241455078e-05,0.0,0.012593533843755722
1397,16.93406359711662,0.057592809200286865,0.05763876438140869,0.9971584677696228,0.99700927734375,0,0,9.757280349731445e-05,0.00014352798461914062,0.00014907121658325195,0.0,0.012161703081801534
1398,16.94739425717853,0.05749952793121338,0.05749821662902832,0.9970118403434753,0.99700927734375,0,0,-9.328126907348633e-05,-0.0001405477523803711,-0.00014662742614746094,0.0,0.013330660061910748
1399,16.959502867190167,0.057530105113983154,0.0575219988822937,0.9970281720161438,0.99700927734375,0,0,3.057718276977539e-05,2.378225326538086e-05,1.633167266845703e-05,0.0,0.01210861001163721
1400,16.971874827053398,0.054588913917541504,0.05617475509643555,0.9962887763977051,0.99700927734375,0,0,-0.0029411911964416504,-0.0013472437858581543,-0.0007393956184387207,0.0,0.012371959863230586
1401,16.983933753101155,0.0574953556060791,0.0574953556060791,0.9970095157623291,0.99700927734375,0,0,0.0029064416885375977,0.0013206005096435547,0.0007207393646240234,0.0,0.012058926047757268
1402,16.995973993092775,0.057496488094329834,0.05749619007110596,0.9970101714134216,0.99700927734375,0,0,1.1324882507324219e-06,8.344650268554688e-07,6.556510925292969e-07,0.0,0.012040239991620183
1403,17.00815904699266,0.05772584676742554,0.05770307779312134,0.9971853494644165,0.99700927734375,0,0,0.00022935867309570312,0.00020688772201538086,0.00017517805099487305,0.0,0.012185053899884224
1404,17.020580359036103,0.05489242076873779,0.0564727783203125,0.9967631697654724,0.99700927734375,0,0,-0.002833425998687744,-0.0012302994728088379,-0.0004221796989440918,0.0,0.012421312043443322
1405,17.032705469056964,0.05749541521072388,0.0574953556060791,0.9970095157623291,0.99700927734375,0,0,0.002602994441986084,0.0010225772857666016,0.00024634599685668945,0.0,0.01212511002086103
1406,17.044683765154332,0.0574951171875,0.0574951171875,0.99700927734375,0.99700927734375,0,0,-2.980232238769531e-07,-2.384185791015625e-07,-2.384185791015625e-07,0.0,0.011978296097368002
1407,17.056935023050755,0.0574951171875,0.0574951171875,0.99700927734375,0.99700927734375,0,0,0.0,0.0,0.0,0.0,0.01225125789642334
1408,17.06894524511881,0.0574951171875,0.0574951171875,0.99700927734375,0.99700927734375,0,0,0.0,0.0,0.0,0.0,0.012010222068056464
1409,17.081548186019063,0.057496845722198486,0.057496488094329834,0.997010350227356,0.99700927734375,0,0,1.7285346984863281e-06,1.3709068298339844e-06,1.0728836059570312e-06,0.0,0.01260294090025127
1410,17.093694685027003,0.05755329132080078,0.0575404167175293,0.9970474243164062,0.99700927734375,0,0,5.644559860229492e-05,4.392862319946289e-05,3.707408905029297e-05,0.0,0.012146499007940292
1411,17.105765536194667,0.05755823850631714,0.05754441022872925,0.9970474243164062,0.99700927734375,0,0,4.947185516357422e-06,3.993511199951172e-06,0.0,0.0,0.012070851167663932
1412,17.118035200983286,0.05749523639678955,0.0500565767288208,0.9923076629638672,0.99700927734375,0,0,-6.300210952758789e-05,-0.007487833499908447,-0.0047397613525390625,0.0,0.012269664788618684
1413,17.130236625205725,0.05749553442001343,0.0574953556060791,0.9970095157623291,0.99700927734375,0,0,2.980232238769531e-07,0.007438778877258301,0.004701852798461914,0.0,0.012201424222439528
1414,17.142299198079854,0.0574951171875,0.0574951171875,0.99700927734375,0.99700927734375,0,0,-4.172325134277344e-07,-2.384185791015625e-07,-2.384185791015625e-07,0.0,0.012062572874128819
1415,17.154438568046317,0.057500362396240234,0.05749911069869995,0.9970123171806335,0.99700927734375,0,0,5.245208740234375e-06,3.993511199951172e-06,3.039836883544922e-06,0.0,0.012139369966462255
1416,17.16664225119166,0.057497620582580566,0.05749702453613281,0.9970107674598694,0.99700927734375,0,0,-2.7418136596679688e-06,-2.086162567138672e-06,-1.5497207641601562e-06,0.0,0.012203683145344257
1417,17.178802028065547,0.05698519945144653,0.05738180875778198,0.9970753192901611,0.99700927734375,0,0,-0.0005124211311340332,-0.00011521577835083008,6.455183029174805e-05,0.0,0.012159776873886585
1418,17.190945434151217,0.05750727653503418,0.057504355907440186,0.9970170259475708,0.99700927734375,0,0,0.0005220770835876465,0.00012254714965820312,-5.829334259033203e-05,0.0,0.012143406085669994
1419,17.203182896133512,0.05749523639678955,0.05749523639678955,0.9970093965530396,0.99700927734375,0,0,-1.2040138244628906e-05,-9.119510650634766e-06,-7.62939453125e-06,0.0,0.012237461982294917
1420,17.215209636138752,0.05281800031661987,0.05525505542755127,0.9960372447967529,0.99700927734375,0,0,-0.004677236080169678,-0.0022401809692382812,-0.0009721517562866211,0.0,0.012026740005239844
1421,17.227679781150073,0.0574953556060791,0.0574953556060791,0.9970093965530396,0.99700927734375,0,0,0.0046773552894592285,0.002240300178527832,0.0009721517562866211,0.0,0.01247014501132071
1422,17.240057964110747,0.0576443076133728,0.05763447284698486,0.997129499912262,0.99700927734375,0,0,0.00014895200729370117,0.00013911724090576172,0.00012010335922241211,0.0,0.012378182960674167
1423,17.252156778005883,0.057623088359832764,0.057601988315582275,0.9971023797988892,0.99700927734375,0,0,-2.1219253540039062e-05,-3.248453140258789e-05,-2.7120113372802734e-05,0.0,0.012098813895136118
1424,17.26421696320176,0.05749523639678955,0.05749523639678955,0.9970093965530396,0.99700927734375,0,0,-0.0001278519630432129,-0.00010675191879272461,-9.298324584960938e-05,0.0,0.012060185195878148
1425,17.276176813989878,0.0574951171875,0.0574951171875,0.99700927734375,0.99700927734375,0,0,-1.1920928955078125e-07,-1.1920928955078125e-07,-1.1920928955078125e-07,0.0,0.011959850788116455
1426,17.28842910914682,0.05750209093093872,0.057500362396240234,0.9970136284828186,0.99700927734375,0,0,6.973743438720703e-06,5.245208740234375e-06,4.351139068603516e-06,0.0,0.012252295156940818
1427,17.30054305214435,0.05749523639678955,0.05749523639678955,0.99700927734375,0.99700927734375,0,0,-6.854534149169922e-06,-5.125999450683594e-06,-4.351139068603516e-06,0.0,0.012113942997530103
1428,17.3127182549797,0.05750143527984619,0.05749988555908203,0.99701327085495,0.99700927734375,0,0,6.198883056640625e-06,4.649162292480469e-06,3.993511199951172e-06,0.0,0.012175202835351229
1429,17.324697273084894,0.05749523639678955,0.057495176792144775,0.99700927734375,0.99700927734375,0,0,-6.198883056640625e-06,-4.708766937255859e-06,-3.993511199951172e-06,0.0,0.011979018105193973
1430,17.33688719710335,0.0574951171875,0.05279338359832764,0.994102954864502,0.99700927734375,0,0,-1.1920928955078125e-07,-0.004701793193817139,-0.002906322479248047,0.0,0.012189924018457532
1431,17.34930219501257,0.0574953556060791,0.0574953556060791,0.9970095157623291,0.99700927734375,0,0,2.384185791015625e-07,0.004701972007751465,0.0029065608978271484,0.0,0.012414997909218073
1432,17.36143163801171,0.057500362396240234,0.05749911069869995,0.9970125555992126,0.99700927734375,0,0,5.0067901611328125e-06,3.7550926208496094e-06,3.039836883544922e-06,0.0,0.012129442999139428
1433,17.37354663712904,0.05754441022872925,0.05753326416015625,0.9970386624336243,0.99700927734375,0,0,4.404783248901367e-05,3.415346145629883e-05,2.6106834411621094e-05,0.0,0.012114999117329717
1434,17.385462137172,0.057496070861816406,0.057495832443237305,0.9970098733901978,0.99700927734375,0,0,-4.83393669128418e-05,-3.743171691894531e-05,-2.8789043426513672e-05,0.0,0.011915500042960048
1435,17.39782432001084,0.05523616075515747,0.056508660316467285,0.9964994192123413,0.99700927734375,0,0,-0.0022599101066589355,-0.0009871721267700195,-0.0005104541778564453,0.0,0.012362182838842273
1436,17.410320836119354,0.05759531259536743,0.057569682598114014,0.9970678687095642,0.99700927734375,0,0,0.002359151840209961,0.0010610222816467285,0.0005684494972229004,0.0,0.012496516108512878
1437,17.42257681605406,0.05749523639678955,0.05749523639678955,0.9970093965530396,0.99700927734375,0,0,-0.00010007619857788086,-7.444620132446289e-05,-5.84721565246582e-05,0.0,0.012255979934707284
1438,17.434806518023834,0.0574951171875,0.0574951171875,0.99700927734375,0.99700927734375,0,0,-1.1920928955078125e-07,-1.1920928955078125e-07,-1.1920928955078125e-07,0.0,0.012229701969772577
1439,17.446906813187525,0.0575219988822937,0.057515740394592285,0.9970265030860901,0.99700927734375,0,0,2.6881694793701172e-05,2.0623207092285156e-05,1.722574234008789e-05,0.0,0.012100295163691044
1440,17.459554069209844,0.057645559310913086,0.057619690895080566,0.997119128704071,0.99700927734375,0,0,0.00012356042861938477,0.00010395050048828125,9.262561798095703e-05,0.0,0.012647256022319198
1441,17.471707698190585,0.05749523639678955,0.05749523639678955,0.9970093965530396,0.99700927734375,0,0,-0.00015032291412353516,-0.00012445449829101562,-0.00010973215103149414,0.0,0.012153628980740905
1442,17.483804382150993,0.0575108528137207,0.05750715732574463,0.9970192909240723,0.99700927734375,0,0,1.5616416931152344e-05,1.1920928955078125e-05,9.894371032714844e-06,0.0,0.012096683960407972
1443,17.49594649206847,0.05749523639678955,0.05749523639678955,0.9970093965530396,0.99700927734375,0,0,-1.5616416931152344e-05,-1.1920928955078125e-05,-9.894371032714844e-06,0.0,0.012142109917476773
1444,17.507941880030558,0.0574951171875,0.0574951171875,0.99700927734375,0.99700927734375,0,0,-1.1920928955078125e-07,-1.1920928955078125e-07,-1.1920928955078125e-07,0.0,0.011995387962087989
1445,17.52054124698043,0.0574951171875,0.0574951171875,0.99700927734375,0.99700927734375,0,0,0.0,0.0,0.0,0.0,0.012599366949871182
1446,17.53258972801268,0.05750089883804321,0.057499468326568604,0.9970126152038574,0.99700927734375,0,0,5.781650543212891e-06,4.351139068603516e-06,3.337860107421875e-06,0.0,0.012048481032252312
1447,17.544798856135458,0.05750542879104614,0.05750304460525513,0.9895765781402588,0.99700927734375,0,0,4.5299530029296875e-06,3.5762786865234375e-06,-0.007436037063598633,0.0,0.012209128122776747
1448,17.556976133026183,0.0576397180557251,0.057622551918029785,0.9971157908439636,0.99700927734375,0,0,0.00013428926467895508,0.0001195073127746582,0.007539212703704834,0.0,0.012177276890724897
1449,17.56929931603372,0.057495713233947754,0.05005687475204468,0.9933007955551147,0.99700927734375,0,0,-0.00014400482177734375,-0.007565677165985107,-0.003814995288848877,0.0,0.012323183007538319
1450,17.581551203038543,0.057497620582580566,0.05749678611755371,0.9970105290412903,0.99700927734375,0,0,1.9073486328125e-06,0.007439911365509033,0.003709733486175537,0.0,0.012251887004822493
1451,17.593782665207982,0.0574951171875,0.0574951171875,0.99700927734375,0.99700927734375,0,0,-2.5033950805664062e-06,-1.6689300537109375e-06,-1.2516975402832031e-06,0.0,0.0122314621694386
1452,17.605896127177402,0.0574951171875,0.0574951171875,0.99700927734375,0.99700927734375,0,0,0.0,0.0,0.0,0.0,0.012113461969420314
1453,17.617798793129623,0.05767267942428589,0.05766183137893677,0.9971535801887512,0.99700927734375,0,0,0.00017756223678588867,0.00016671419143676758,0.0001443028450012207,0.0,0.011902665952220559
1454,17.63003834709525,0.05749523639678955,0.05749523639678955,0.9970093965530396,0.99700927734375,0,0,-0.0001774430274963379,-0.0001665949821472168,-0.00014418363571166992,0.0,0.012239553965628147
1455,17.64225030899979,0.05752360820770264,0.05751693248748779,0.9970259070396423,0.99700927734375,0,0,2.8371810913085938e-05,2.1696090698242188e-05,1.6510486602783203e-05,0.0,0.012211961904540658
1456,17.654331419151276,0.056508779525756836,0.05715125799179077,0.9968960285186768,0.99700927734375,0,0,-0.0010148286819458008,-0.0003656744956970215,-0.00012987852096557617,0.0,0.012081110151484609
1457,17.666454029036686,0.057533442974090576,0.05752462148666382,0.9970340132713318,0.99700927734375,0,0,0.0010246634483337402,0.0003733634948730469,0.0001379847526550293,0.0,0.012122609885409474
1458,17.67871521320194,0.057495713233947754,0.05279362201690674,0.9947505593299866,0.99700927734375,0,0,-3.7729740142822266e-05,-0.00473099946975708,-0.002283453941345215,0.0,0.012261184165254235
1459,17.69204137311317,0.05759316682815552,0.05763900279998779,0.9897199869155884,0.99700927734375,0,0,9.745359420776367e-05,0.004845380783081055,-0.005030572414398193,0.0,0.013326159911230206
1460,17.704283686121926,0.0574955940246582,0.05749553442001343,0.9970095753669739,0.99700927734375,0,0,-9.757280349731445e-05,-0.00014346837997436523,0.007289588451385498,0.0,0.012242313008755445
1461,17.716301426058635,0.0574951171875,0.0574951171875,0.99700927734375,0.99700927734375,0,0,-4.76837158203125e-07,-4.172325134277344e-07,-2.980232238769531e-07,0.0,0.012017739936709404
1462,17.72845198120922,0.05763876438140869,0.05764275789260864,0.9971427917480469,0.99700927734375,0,0,0.0001436471939086914,0.00014764070510864258,0.000133514404296875,0.0,0.012150555150583386
1463,17.740538091165945,0.05751645565032959,0.05751150846481323,0.9970217347145081,0.967254638671875,0,0,-0.00012230873107910156,-0.00013124942779541016,-0.00012105703353881836,-0.029754638671875,0.012086109956726432
1464,17.752712367102504,0.05750006437301636,0.057498931884765625,0.9970124363899231,0.99700927734375,0,0,-1.6391277313232422e-05,-1.2576580047607422e-05,-9.298324584960938e-06,0.029754638671875,0.012174275936558843
1465,17.764914736151695,0.05170220136642456,0.05538386106491089,0.9961563944816589,0.99700927734375,0,0,-0.005797863006591797,-0.0021150708198547363,-0.0008560419082641602,0.0,0.012202369049191475
1466,17.77705056918785,0.05749541521072388,0.0574953556060791,0.9970095157623291,0.99700927734375,0,0,0.005793213844299316,0.002111494541168213,0.000853121280670166,0.0,0.012135833036154509
1467,17.789436566177756,0.0574951171875,0.0574951171875,0.99700927734375,0.99700927734375,0,0,-2.980232238769531e-07,-2.384185791015625e-07,-2.384185791015625e-07,0.0,0.012385996989905834
1468,17.801610028138384,0.05715709924697876,0.05746358633041382,0.997079074382782,0.99700927734375,0,0,-0.00033801794052124023,-3.153085708618164e-05,6.979703903198242e-05,0.0,0.012173461960628629
1469,17.814920799108222,0.05473822355270386,0.05630958080291748,0.9966137409210205,0.99700927734375,0,0,-0.0024188756942749023,-0.0011540055274963379,-0.0004653334617614746,0.0,0.013310770969837904
1470,17.827208686154336,0.0574953556060791,0.0574953556060791,0.9970095157623291,0.99700927734375,0,0,0.002757132053375244,0.001185774803161621,0.00039577484130859375,0.0,0.01228788704611361
1471,17.839209704194218,0.05157029628753662,0.05459100008010864,0.9956905245780945,0.99700927734375,0,0,-0.0059250593185424805,-0.002904355525970459,-0.0013189911842346191,0.0,0.012001018039882183
1472,17.851678017061204,0.0574953556060791,0.0574953556060791,0.9970095157623291,0.99700927734375,0,0,0.0059250593185424805,0.002904355525970459,0.0013189911842346191,0.0,0.012468312866985798
1473,17.863826089072973,0.05750077962875366,0.05749940872192383,0.9970128536224365,0.99700927734375,0,0,5.424022674560547e-06,4.0531158447265625e-06,3.337860107421875e-06,0.0,0.012148072011768818
1474,17.87582223699428,0.057496726512908936,0.05749636888504028,0.997010350227356,0.99700927734375,0,0,-4.0531158447265625e-06,-3.039836883544922e-06,-2.5033950805664062e-06,0.0,0.011996147921308875
1475,17.887963792076334,0.05764007568359375,0.05762279033660889,0.9971089959144592,0.99700927734375,0,0,0.00014334917068481445,0.00012642145156860352,9.864568710327148e-05,0.0,0.012141555082052946
1476,17.9002176229842,0.05749523639678955,0.05749523639678955,0.9923076629638672,0.99700927734375,0,0,-0.00014483928680419922,-0.00012755393981933594,-0.004801332950592041,0.0,0.012253830907866359
1477,17.912371918093413,0.057528018951416016,0.057520270347595215,0.9970302581787109,0.99700927734375,0,0,3.2782554626464844e-05,2.5033950805664062e-05,0.00472259521484375,0.0,0.012154295109212399
1478,17.924537343205884,0.0500565767288208,0.05378633737564087,0.9947503805160522,0.99700927734375,0,0,-0.007471442222595215,-0.0037339329719543457,-0.0022798776626586914,0.0,0.012165425112470984
1479,17.936687786132097,0.0574953556060791,0.0574953556060791,0.9970095157623291,0.99700927734375,0,0,0.007438778877258301,0.0037090182304382324,0.0022591352462768555,0.0,0.012150442926213145
1480,17.948705601040274,0.0574951171875,0.0574951171875,0.99700927734375,0.99700927734375,0,0,-2.384185791015625e-07,-2.384185791015625e-07,-2.384185791015625e-07,0.0,0.01201781490817666
1481,17.96083454415202,0.0574951171875,0.0574951171875,0.99700927734375,0.99700927734375,0,0,0.0,0.0,0.0,0.0,0.012128943111747503
1482,17.973397985100746,0.057569026947021484,0.05755329132080078,0.9970585107803345,0.99700927734375,0,0,7.390975952148438e-05,5.817413330078125e-05,4.9233436584472656e-05,0.0,0.012563440948724747
1483,17.985548169119284,0.05777186155319214,0.057746708393096924,0.9972363114356995,0.99700927734375,0,0,0.0002028346061706543,0.00019341707229614258,0.00017780065536499023,0.0,0.012150184018537402
1484,17.997713168151677,0.05750715732574463,0.05750429630279541,0.997016966342926,0.99700927734375,0,0,-0.00026470422744750977,-0.00024241209030151367,-0.0002193450927734375,0.0,0.012164999032393098
1485,18.010261276038364,0.05749523639678955,0.05749523639678955,0.9970093965530396,0.99700927734375,0,0,-1.1920928955078125e-05,-9.059906005859375e-06,-7.569789886474609e-06,0.0,0.012548107886686921
1486,18.02247303398326,0.0574951171875,0.0574951171875,0.99700927734375,0.99700927734375,0,0,-1.1920928955078125e-07,-1.1920928955078125e-07,-1.1920928955078125e-07,0.0,0.012211757944896817
1487,18.034587922040373,0.0574951171875,0.0574951171875,0.99700927734375,0.99700927734375,0,0,0.0,0.0,0.0,0.0,0.012114888057112694
1488,18.046599014196545,0.0574951171875,0.0574951171875,0.99700927734375,0.99700927734375,0,0,0.0,0.0,0.0,0.0,0.012011092156171799
1489,18.058809420093894,0.057537198066711426,0.05752754211425781,0.9970364570617676,0.99700927734375,0,0,4.208087921142578e-05,3.24249267578125e-05,2.7179718017578125e-05,0.0,0.01221040589734912
1490,18.07078953110613,0.05760139226913452,0.057581186294555664,0.9911555647850037,0.99700927734375,0,0,6.41942024230957e-05,5.364418029785156e-05,-0.005880892276763916,0.0,0.011980111012235284
1491,18.082906956085935,0.05750381946563721,0.05750173330307007,0.9970147609710693,0.99700927734375,0,0,-9.757280349731445e-05,-7.94529914855957e-05,0.005859196186065674,0.0,0.012117424979805946
1492,18.094980436144397,0.05749523639678955,0.05749523639678955,0.9970093965530396,0.99700927734375,0,0,-8.58306884765625e-06,-6.496906280517578e-06,-5.364418029785156e-06,0.0,0.012073480058461428
1493,18.107090621022508,0.05749911069869995,0.057498157024383545,0.9970117807388306,0.99700927734375,0,0,3.874301910400391e-06,2.9206275939941406e-06,2.384185791015625e-06,0.0,0.012110184878110886
1494,18.11917541618459,0.0574955940246582,0.05749553442001343,0.9970095157623291,0.99700927734375,0,0,-3.516674041748047e-06,-2.6226043701171875e-06,-2.2649765014648438e-06,0.0,0.012084795162081718
1495,18.131412100046873,0.05751234292984009,0.05750828981399536,0.9970192909240723,0.99700927734375,0,0,1.6748905181884766e-05,1.2755393981933594e-05,9.775161743164062e-06,0.0,0.012236683862283826
1496,18.143517376156524,0.05749523639678955,0.05749523639678955,0.9970093965530396,0.99700927734375,0,0,-1.710653305053711e-05,-1.3053417205810547e-05,-9.894371032714844e-06,0.0,0.012105276109650731
1497,18.155822911998257,0.0575944185256958,0.05757492780685425,0.9970674514770508,0.99700927734375,0,0,9.918212890625e-05,7.969141006469727e-05,5.805492401123047e-05,0.0,0.012305535841733217
1498,18.168291650013998,0.05749523639678955,0.05749523639678955,0.9970093965530396,0.99700927734375,0,0,-9.918212890625e-05,-7.969141006469727e-05,-5.805492401123047e-05,0.0,0.01246873801574111
1499,18.180322908097878,0.0574951171875,0.05279338359832764,0.9952710866928101,0.99700927734375,0,0,-1.1920928955078125e-07,-0.004701852798461914,-0.0017383098602294922,0.0,0.012031258083879948
