i,t_rel,axis0.pos_estimate,axis0.vel_estimate,axis0.pos_vel_mapper.pos_rel,axis0.pos_vel_mapper.pos_abs,axis0.pos_vel_mapper.vel,axis0.pos_vel_mapper.working_offset,encoder_estimator0.pos_estimate,encoder_estimator0.vel_estimate,spi_encoder0.raw,spi_encoder0.n_errors,spi_encoder0.status,spi_encoder0.warning,onboard_encoder0.raw,onboard_encoder0.status,axis0.active_errors,axis0.pos_estimate.delta,axis0.pos_vel_mapper.pos_rel.delta,encoder_estimator0.pos_estimate.delta,spi_encoder0.raw.delta,onboard_encoder0.raw.delta
0,2.0370353013277054e-06,0.05692148208618164,0.07726198434829712,0.05690610408782959,,0.04488176107406616,0.0,0.9964015483856201,0.023707211017608643,0.9963836669921875,0.0,0.0,0.0,0.6812744140625,0.0,268435969.0,,,,,
1,0.05437348899431527,0.056869566440582275,-0.00018680097127798945,0.056869566440582275,,-0.00023895503545645624,0.0,0.9963837265968323,-0.00023895503545645624,0.9963836669921875,0.0,0.0,0.0,0.1241455078125,0.0,268435969.0,-5.1915645599365234e-05,-3.653764724731445e-05,-1.7821788787841797e-05,0.0,-0.55712890625
2,0.10849694209173322,0.0522347092628479,-0.43889179825782776,0.05557471513748169,,0.4774998426437378,0.0,0.9964118003845215,0.500559389591217,0.9963836669921875,0.0,0.0,0.0,0.104736328125,0.0,268435969.0,-0.004634857177734375,-0.001294851303100586,2.8073787689208984e-05,0.0,-0.0194091796875
3,0.16260934015735984,0.056869566440582275,-4.523992902250029e-05,0.056869566440582275,,-8.994341624202207e-05,0.0,0.9963837265968323,-0.00013464690709952265,0.9963836669921875,0.0,0.0,0.0,0.79925537109375,0.0,268435969.0,0.004634857177734375,0.001294851303100586,-2.8073787689208984e-05,0.0,0.69451904296875
4,0.2167423670180142,0.056869566440582275,-0.00023138524556998163,0.056869566440582275,,-0.00023138524556998163,0.0,0.9963837265968323,-0.00023883582616690546,0.9963836669921875,0.0,0.0,0.0,0.3963623046875,0.0,268435969.0,0.0,0.0,0.0,0.0,-0.40289306640625
5,0.2708740602247417,0.056870341300964355,0.0010722875595092773,0.05687004327774048,,0.0006103515625,0.0,0.9963839054107666,0.000394284725189209,0.9963836669921875,0.0,0.0,0.0,0.2091064453125,0.0,268435969.0,7.748603820800781e-07,4.76837158203125e-07,1.7881393432617188e-07,0.0,-0.187255859375
6,0.32512190216220915,0.0568697452545166,0.00023043155670166016,0.05686962604522705,,0.00014847517013549805,0.0,0.9963837265968323,0.00010377168655395508,0.9963836669921875,0.0,0.0,0.0,0.39971923828125,0.0,268435969.0,-5.960464477539062e-07,-4.172325134277344e-07,-1.7881393432617188e-07,0.0,0.19061279296875
7,0.37912335502915084,0.05687582492828369,0.009193778038024902,0.05687350034713745,,0.00488734245300293,0.0,0.9963855743408203,0.00288313627243042,0.9963836669921875,0.0,0.0,0.0,0.311279296875,0.0,268435969.0,6.079673767089844e-06,3.874301910400391e-06,1.8477439880371094e-06,0.0,-0.08843994140625
8,0.4332846971228719,0.056869566440582275,-0.00014930964971426874,0.056869566440582275,,-0.0001940131332958117,0.0,0.9963837265968323,-0.00023871661687735468,0.9963836669921875,0.0,0.0,0.0,0.230224609375,0.0,268435969.0,-6.258487701416016e-06,-3.933906555175781e-06,-1.8477439880371094e-06,0.0,-0.0810546875
9,0.4873762431088835,0.05701714754104614,0.3293007016181946,0.05700165033340454,,0.20731234550476074,0.0,0.9964627027511597,0.12483441829681396,0.9963836669921875,0.0,0.0,0.0,0.4991455078125,0.0,268435969.0,0.0001475811004638672,0.00013208389282226562,7.897615432739258e-05,0.0,0.2689208984375
10,0.5413874560035765,0.05686986446380615,0.0005438327789306641,0.0568697452545166,,0.0003352165222167969,0.0,0.9963839054107666,0.00017130374908447266,0.9963836669921875,0.0,0.0,0.0,0.40692138671875,0.0,268435969.0,-0.00014728307723999023,-0.00013190507888793945,-7.87973403930664e-05,0.0,-0.09222412109375
11,0.595498780021444,0.056869566440582275,8.20159912109375e-05,0.056869566440582275,,3.731250762939453e-05,0.0,0.9963837265968323,-7.39097731639049e-06,0.9963836669921875,0.0,0.0,0.0,0.37872314453125,0.0,268435969.0,-2.980232238769531e-07,-1.7881393432617188e-07,-1.7881393432617188e-07,0.0,-0.0281982421875
12,0.6496336031705141,0.056995689868927,0.20792347192764282,0.05696141719818115,,0.12519222497940063,0.0,0.9964325428009033,0.07376086711883545,0.9963836669921875,0.0,0.0,0.0,0.88372802734375,0.0,268435969.0,0.00012612342834472656,9.185075759887695e-05,4.881620407104492e-05,0.0,0.5050048828125
13,0.7038719821721315,0.056881487369537354,0.015735745429992676,0.056877076625823975,,0.00906747579574585,0.0,0.9963873028755188,0.005237877368927002,0.9963836669921875,0.0,0.0,0.0,0.55224609375,0.0,268435969.0,-0.00011420249938964844,-8.434057235717773e-05,-4.5239925384521484e-05,0.0,-0.33148193359375
14,0.7581197121180594,0.056869566440582275,-0.00023114682699088007,0.056869566440582275,,-0.00023114682699088007,0.0,0.9963837265968323,-0.00023114682699088007,0.9963836669921875,0.0,0.0,0.0,0.3941650390625,0.0,268435969.0,-1.1920928955078125e-05,-7.510185241699219e-06,-3.5762786865234375e-06,0.0,-0.1580810546875
15,0.8122642950620502,0.056948840618133545,0.11487281322479248,0.056922733783721924,,0.06753182411193848,0.0,0.9964103698730469,0.03931647539138794,0.9963836669921875,0.0,0.0,0.0,0.5531005859375,0.0,268435969.0,7.927417755126953e-05,5.316734313964844e-05,2.664327621459961e-05,0.0,0.158935546875
16,0.8663784710224718,0.056869566440582275,-0.00021666289831046015,0.056869566440582275,,-0.00023901464010123163,0.0,0.9963837265968323,-0.00023901464010123163,0.9963836669921875,0.0,0.0,0.0,0.062744140625,0.0,268435969.0,-7.927417755126953e-05,-5.316734313964844e-05,-2.664327621459961e-05,0.0,-0.4903564453125
17,0.9203706472180784,0.05690950155258179,0.05443328619003296,0.056895315647125244,,-3.6495707035064697,0.0,0.9946739673614502,0.21860697865486145,0.9963836669921875,0.0,0.0,0.0,0.04876708984375,0.0,268435969.0,3.993511199951172e-05,2.574920654296875e-05,-0.00170975923538208,0.0,-0.01397705078125
18,0.9746550992131233,0.056869566440582275,-0.00023114682699088007,0.056869566440582275,,-0.00023114682699088007,0.0,0.9963837265968323,-0.00023114682699088007,0.9963836669921875,0.0,0.0,0.0,0.8892822265625,0.0,268435969.0,-3.993511199951172e-05,-2.574920654296875e-05,0.00170975923538208,0.0,0.84051513671875
19,1.0288792562205344,0.056869566440582275,-0.00023108722234610468,0.056869566440582275,,-0.0002385378029430285,0.0,0.9963837265968323,-0.0002385378029430285,0.9963836669921875,0.0,0.0,0.0,0.92626953125,0.0,268435969.0,0.0,0.0,0.0,0.0,0.0369873046875
20,1.0836275201290846,0.05687755346298218,0.010706543922424316,0.056874632835388184,,0.006184041500091553,0.0,0.9905194044113159,-1.3123303651809692,0.9963836669921875,0.0,0.0,0.0,0.6837158203125,0.0,268435969.0,7.987022399902344e-06,5.066394805908203e-06,-0.005864322185516357,0.0,-0.2425537109375
21,1.1377599730622023,0.056872546672821045,0.004381120204925537,0.05687159299850464,,0.002570629119873047,0.0,0.9963846802711487,0.0015126466751098633,0.9963836669921875,0.0,0.0,0.0,0.42388916015625,0.0,268435969.0,-5.0067901611328125e-06,-3.039836883544922e-06,0.005865275859832764,0.0,-0.25982666015625
22,1.191881945123896,0.056871235370635986,0.0026673078536987305,0.05687075853347778,,0.0015720725059509277,0.0,0.99638432264328,0.0009015202522277832,0.9963836669921875,0.0,0.0,0.0,0.827880859375,0.0,268435969.0,-1.3113021850585938e-06,-8.344650268554688e-07,-3.5762786865234375e-07,0.0,0.40399169921875
23,1.2458946770057082,0.056869566440582275,-0.0001267194893443957,0.056869566440582275,,-0.0001788735535228625,0.0,0.9963837265968323,-0.00022357703710440546,0.9963836669921875,0.0,0.0,0.0,0.4404296875,0.0,268435969.0,-1.6689300537109375e-06,-1.1920928955078125e-06,-5.960464477539062e-07,0.0,-0.387451171875
24,1.3001058150548488,0.056870341300964355,0.0010799169540405273,0.0568699836730957,,0.0005658268928527832,0.0,0.9963839054107666,0.00034230947494506836,0.9963836669921875,0.0,0.0,0.0,0.1768798828125,0.0,268435969.0,7.748603820800781e-07,4.172325134277344e-07,1.7881393432617188e-07,0.0,-0.2635498046875
25,1.354501378023997,0.0568731427192688,0.0047986507415771484,0.056871771812438965,,0.0028093457221984863,0.0,0.9963847994804382,0.001654505729675293,0.9963836669921875,0.0,0.0,0.0,0.20721435546875,0.0,268435969.0,2.8014183044433594e-06,1.7881393432617188e-06,8.940696716308594e-07,0.0,0.03033447265625
26,1.4086316640023142,0.056869566440582275,-0.00024539235164411366,0.056869566440582275,,-0.00024539235164411366,0.0,0.9963837265968323,-0.00024539235164411366,0.9963836669921875,0.0,0.0,0.0,0.8104248046875,0.0,268435969.0,-3.5762786865234375e-06,-2.205371856689453e-06,-1.0728836059570312e-06,0.0,0.60321044921875
27,1.4626642111688852,0.05639088153839111,1.2692296504974365,0.057115793228149414,,0.9762130379676819,0.0,0.9967195391654968,0.6379268765449524,0.9963836669921875,0.0,0.0,0.0,0.40863037109375,0.0,268435969.0,-0.0004786849021911621,0.00024622678756713867,0.0003358125686645508,0.0,-0.40179443359375
28,1.5168891630601138,0.0568697452545166,0.00027561187744140625,0.0568697452545166,,0.00014895200729370117,0.0,0.9963837265968323,0.0001042485237121582,0.9669342041015625,0.0,0.0,0.0,0.78057861328125,0.0,268435969.0,0.0004788637161254883,-0.0002460479736328125,-0.0003358125686645508,-0.029449462890625,0.3719482421875
29,1.571071265032515,0.0566595196723938,0.525519073009491,0.05696737766265869,,0.40344130992889404,0.0,0.9965221285820007,0.26416015625,0.9963836669921875,0.0,0.0,0.0,0.5257568359375,0.0,268435969.0,-0.00021022558212280273,9.763240814208984e-05,0.00013840198516845703,0.029449462890625,-0.25482177734375
30,1.6251404040958732,0.057125627994537354,0.5351378321647644,0.05708944797515869,,-2.3699331283569336,0.0,0.9942758083343506,0.24039269983768463,0.9963836669921875,0.0,0.0,0.0,0.3082275390625,0.0,268435969.0,0.0004661083221435547,0.0001220703125,-0.0022463202476501465,0.0,-0.217529296875
31,1.6791419321671128,0.056869566440582275,-0.00023864954710006714,0.056869566440582275,,-0.00023864954710006714,0.0,0.9963837265968323,-0.00023864954710006714,0.9963836669921875,0.0,0.0,0.0,0.6689453125,0.0,268435969.0,-0.0002560615539550781,-0.00021988153457641602,0.0021079182624816895,0.0,0.3607177734375
32,1.7331395901273936,0.0568697452545166,0.0001710057258605957,0.056869566440582275,,0.0001188516616821289,0.0,0.9963837265968323,7.414817810058594e-05,0.9963836669921875,0.0,0.0,0.0,0.14520263671875,0.0,268435969.0,1.7881393432617188e-07,0.0,0.0,0.0,-0.52374267578125
33,1.787141377106309,0.056981563568115234,0.19093573093414307,0.05695468187332153,,0.11442571878433228,0.0,0.9964284896850586,-2.6360530853271484,0.9963836669921875,0.0,0.0,0.0,0.5440673828125,0.0,268435969.0,0.00011181831359863281,8.511543273925781e-05,4.476308822631836e-05,0.0,0.39886474609375
34,1.8411402020137757,0.049651920795440674,-1.0632356405258179,0.0552515983581543,,0.5922685265541077,0.0,0.996456503868103,0.5683149099349976,0.9963836669921875,0.0,0.0,0.0,0.30133056640625,0.0,268435969.0,-0.0073296427726745605,-0.0017030835151672363,2.8014183044433594e-05,0.0,-0.24273681640625
35,1.8955169131513685,0.0568697452545166,0.0003497004508972168,0.0568697452545166,,0.00018578767776489258,0.0,0.9963837265968323,0.00013363361358642578,0.9963836669921875,0.0,0.0,0.0,0.69598388671875,0.0,268435969.0,0.007217824459075928,0.0016181468963623047,-7.277727127075195e-05,0.0,0.3946533203125
36,1.9496336071752012,0.056869566440582275,8.124113082885742e-05,0.056869566440582275,,3.653764724731445e-05,0.0,0.9963837265968323,-8.165837243723217e-06,0.9963836669921875,0.0,0.0,0.0,0.126708984375,0.0,268435969.0,-1.7881393432617188e-07,-1.7881393432617188e-07,0.0,0.0,-0.56927490234375
37,2.0036525612231344,0.05701613426208496,0.35304540395736694,0.05700737237930298,,0.2073194980621338,0.0,0.9891003370285034,-1.8028621673583984,0.9963836669921875,0.0,0.0,0.0,0.50164794921875,0.0,268435969.0,0.00014656782150268555,0.00013780593872070312,-0.007283389568328857,0.0,0.37493896484375
38,2.0577720331493765,0.0568697452545166,0.0003943443298339844,0.0568697452545166,,0.0002155303955078125,0.0,0.9963837265968323,0.0001335740089416504,0.9963836669921875,0.0,0.0,0.0,0.658447265625,0.0,268435969.0,-0.00014638900756835938,-0.00013762712478637695,0.007283389568328857,0.0,0.15679931640625
39,2.1117770802229643,0.056869566440582275,5.179643630981445e-05,0.056869566440582275,,7.0929522735241335e-06,0.0,0.9963837265968323,-3.761053449125029e-05,0.9963836669921875,0.0,0.0,0.0,0.716552734375,0.0,268435969.0,-1.7881393432617188e-07,-1.7881393432617188e-07,0.0,0.0,0.05810546875
40,2.1657737381756306,0.05701565742492676,0.30640488862991333,0.05699533224105835,,0.19097304344177246,0.0,0.9964568614959717,0.11444813013076782,0.9963836669921875,0.0,0.0,0.0,0.5306396484375,0.0,268435969.0,0.00014609098434448242,0.00012576580047607422,7.31348991394043e-05,0.0,-0.1859130859375
41,2.219770599156618,0.05698949098587036,0.1922244429588318,0.05695527791976929,,0.11520779132843018,0.0,0.9964287877082825,0.06774014234542847,0.9963836669921875,0.0,0.0,0.0,0.5601806640625,0.0,268435969.0,-2.6166439056396484e-05,-4.00543212890625e-05,-2.8073787689208984e-05,0.0,0.029541015625
42,2.273906516144052,0.056891798973083496,0.03267049789428711,0.05688512325286865,,0.01889437437057495,0.0,0.9963911771774292,0.010929703712463379,0.9963836669921875,0.0,0.0,0.0,0.7381591796875,0.0,268435969.0,-9.769201278686523e-05,-7.015466690063477e-05,-3.7610530853271484e-05,0.0,0.177978515625
43,2.327903859084472,0.0568697452545166,0.00022262334823608398,0.056869566440582275,,0.00013321638107299805,0.0,0.9963837265968323,8.106231689453125e-05,0.9963836669921875,0.0,0.0,0.0,0.45526123046875,0.0,268435969.0,-2.205371856689453e-05,-1.5556812286376953e-05,-7.450580596923828e-06,0.0,-0.28289794921875
44,2.3821433300618082,0.056869566440582275,-0.00023883582616690546,0.056869566440582275,,-0.00023883582616690546,0.0,0.9963837265968323,-0.00023883582616690546,0.9963836669921875,0.0,0.0,0.0,0.17156982421875,0.0,268435969.0,-1.7881393432617188e-07,0.0,0.0,0.0,-0.28369140625
45,2.436161580029875,0.057005226612091064,0.22048461437225342,0.05696743726730347,,0.13244110345840454,0.0,0.9964354634284973,0.07794010639190674,0.9963836669921875,0.0,0.0,0.0,0.1690673828125,0.0,268435969.0,0.00013566017150878906,9.78708267211914e-05,5.173683166503906e-05,0.0,-0.00250244140625
46,2.4903029040433466,0.05107593536376953,-1.2014439105987549,0.05519801378250122,,0.46787363290786743,0.0,0.9963724613189697,0.5441675782203674,0.9963836669921875,0.0,0.0,0.0,0.01165771484375,0.0,268435969.0,-0.005929291248321533,-0.001769423484802246,-6.300210952758789e-05,0.0,-0.15740966796875
47,2.544521024217829,0.056889891624450684,0.02722388505935669,0.056882500648498535,,0.007576704025268555,0.0,0.996386706829071,0.004387855529785156,0.9963836669921875,0.0,0.0,0.0,0.75103759765625,0.0,268435969.0,0.005813956260681152,0.0016844868659973145,1.424551010131836e-05,0.0,0.7393798828125
48,2.5996441941242665,0.056869566440582275,-0.0002316832687938586,0.056869566440582275,,-0.0002316832687938586,0.0,0.9905169606208801,-1.316123604774475,0.9963836669921875,0.0,0.0,0.0,0.640380859375,0.0,268435969.0,-2.0325183868408203e-05,-1.2934207916259766e-05,-0.005869746208190918,0.0,-0.11065673828125
49,2.65391896199435,0.056869566440582275,3.600120544433594e-05,0.056869566440582275,,-8.702279046701733e-06,0.0,0.9963837265968323,-5.340576535672881e-05,0.9963836669921875,0.0,0.0,0.0,0.67462158203125,0.0,268435969.0,0.0,0.0,0.0058667659759521484,0.0,0.03424072265625
50,2.7079405640251935,0.056869566440582275,0.00011789798736572266,0.056869566440582275,,7.319450378417969e-05,0.0,0.9963837265968323,2.849102020263672e-05,0.9963836669921875,0.0,0.0,0.0,0.57293701171875,0.0,268435969.0,0.0,0.0,0.0,0.0,-0.1016845703125
51,2.7620271102059633,0.05693197250366211,0.08789312839508057,0.056910693645477295,,0.05137038230895996,0.0,0.9890416860580444,-1.8978731632232666,0.9963836669921875,0.0,0.0,0.0,0.84051513671875,0.0,268435969.0,6.240606307983398e-05,4.112720489501953e-05,-0.007342040538787842,0.0,0.267578125
52,2.816156138200313,0.056889891624450684,0.029830873012542725,0.056882500648498535,,0.015734374523162842,0.0,0.9963899850845337,0.009088456630706787,0.9963836669921875,0.0,0.0,0.0,0.59979248046875,0.0,268435969.0,-4.208087921142578e-05,-2.8192996978759766e-05,0.007348299026489258,0.0,-0.24072265625
53,2.870151611045003,0.056878507137298584,0.013112068176269531,0.056875765323638916,,0.007606089115142822,0.0,0.996386706829071,0.0044097900390625,0.9963836669921875,0.0,0.0,0.0,0.0504150390625,0.0,268435969.0,-1.138448715209961e-05,-6.735324859619141e-06,-3.2782554626464844e-06,0.0,-0.54937744140625
54,2.9241629540920258,0.056869566440582275,-0.00022447110677603632,0.056869566440582275,,-0.00023192168737296015,0.0,0.9963837265968323,-0.00023192168737296015,0.9963836669921875,0.0,0.0,0.0,0.14947509765625,0.0,268435969.0,-8.940696716308594e-06,-6.198883056640625e-06,-2.9802322387695312e-06,0.0,0.09906005859375
55,2.9782915741670877,0.056898534297943115,0.042877256870269775,0.056889891624450684,,0.024854302406311035,0.0,0.9963935613632202,0.014371335506439209,0.9963836669921875,0.0,0.0,0.0,0.0205078125,0.0,268435969.0,2.8967857360839844e-05,2.0325183868408203e-05,9.834766387939453e-06,0.0,-0.12896728515625
56,3.032411343185231,0.056877732276916504,0.010936558246612549,0.056874752044677734,,0.0063097476959228516,0.0,0.9963861703872681,0.0036796927452087402,0.9963836669921875,0.0,0.0,0.0,0.388427734375,0.0,268435969.0,-2.0802021026611328e-05,-1.5139579772949219e-05,-7.3909759521484375e-06,0.0,0.367919921875
57,3.0865918891504407,0.05686992406845093,0.0005948543548583984,0.0568697452545166,,0.0004011392593383789,0.0,0.9963839054107666,0.00022232532501220703,0.9963836669921875,0.0,0.0,0.0,0.16204833984375,0.0,268435969.0,-7.808208465576172e-06,-5.0067901611328125e-06,-2.2649765014648438e-06,0.0,-0.22637939453125
58,3.1407827681396157,0.05700892210006714,0.26548534631729126,0.05698263645172119,,0.16268223524093628,0.0,0.9964466094970703,0.09670734405517578,0.9963836669921875,0.0,0.0,0.0,0.179443359375,0.0,268435969.0,0.00013899803161621094,0.00011289119720458984,6.270408630371094e-05,0.0,0.01739501953125
59,3.1947914080228657,0.056869566440582275,-0.00023961068654898554,0.056869566440582275,,-0.00023961068654898554,0.0,0.9963837265968323,-0.00022470952535513788,0.9963836669921875,0.0,0.0,0.0,0.0050048828125,0.0,268435969.0,-0.00013935565948486328,-0.00011307001113891602,-6.288290023803711e-05,0.0,-0.1744384765625
60,3.2489115830976516,0.0568699836730957,0.000683903694152832,0.0568697452545166,,0.0004082322120666504,0.0,0.9963839054107666,0.00022941827774047852,0.9963836669921875,0.0,0.0,0.0,0.86468505859375,0.0,268435969.0,4.172325134277344e-07,1.7881393432617188e-07,1.7881393432617188e-07,0.0,0.85968017578125
61,3.303043778054416,0.05698972940444946,0.42877262830734253,0.0570182204246521,,0.2856544256210327,0.0,0.9964893460273743,0.176466166973114,0.9963836669921875,0.0,0.0,0.0,0.71630859375,0.0,268435969.0,0.00011974573135375977,0.00014847517013549805,0.00010544061660766602,0.0,-0.14837646484375
62,3.3570406020153314,0.05688035488128662,0.015749037265777588,0.0568770170211792,,0.009103119373321533,0.0,0.9963873028755188,0.005266070365905762,0.9963836669921875,0.0,0.0,0.0,0.52655029296875,0.0,268435969.0,-0.0001093745231628418,-0.0001412034034729004,-0.00010204315185546875,0.0,-0.18975830078125
63,3.4110386490356177,0.056974709033966064,0.17572021484375,0.05694860219955444,,0.10485029220581055,0.0,0.9964248538017273,0.06151026487350464,0.9963836669921875,0.0,0.0,0.0,0.4542236328125,0.0,268435969.0,9.435415267944336e-05,7.158517837524414e-05,3.7550926208496094e-05,0.0,-0.07232666015625
64,3.4660497831646353,0.05687534809112549,0.008439779281616211,0.05687350034713745,,0.004498422145843506,0.0,0.996385395526886,0.002665579319000244,0.9963836669921875,0.0,0.0,0.0,0.20465087890625,0.0,268435969.0,-9.936094284057617e-05,-7.510185241699219e-05,-3.9458274841308594e-05,0.0,-0.24957275390625
65,3.5201642180327326,0.05589324235916138,-2.2970752716064453,0.052986860275268555,,0.549031674861908,0.0,0.9961855411529541,0.8945672512054443,0.9963836669921875,0.0,0.0,0.0,0.53826904296875,0.0,268435969.0,-0.0009821057319641113,-0.0038866400718688965,-0.00019985437393188477,0.0,0.3336181640625
66,3.5741668581031263,0.056869566440582275,-0.00016582013631705195,0.056869566440582275,,-0.00021797420049551874,0.0,0.9963837265968323,-0.00024032594228629023,0.9963836669921875,0.0,0.0,0.0,0.2789306640625,0.0,268435969.0,0.0009763240814208984,0.0038827061653137207,0.00019818544387817383,0.0,-0.25933837890625
67,3.628298645140603,0.05686992406845093,0.0005497336387634277,0.0568697452545166,,0.0003560185432434082,0.0,0.9963839054107666,0.0001697540283203125,0.9963836669921875,0.0,0.0,0.0,0.6463623046875,0.0,268435969.0,3.5762786865234375e-07,1.7881393432617188e-07,1.7881393432617188e-07,0.0,0.367431640625
68,3.6826682090759277,0.056869566440582275,-0.00023251773382071406,0.056869566440582275,,-0.00023251773382071406,0.0,0.9963837265968323,-0.00023251773382071406,0.9963836669921875,0.0,0.0,0.0,0.54296875,0.0,268435969.0,-3.5762786865234375e-07,-1.7881393432617188e-07,-1.7881393432617188e-07,0.0,-0.1033935546875
69,3.7366563491523266,0.05700284242630005,0.21732455492019653,0.05696600675582886,,0.13056999444961548,0.0,0.989072322845459,-1.8508450984954834,0.9963836669921875,0.0,0.0,0.0,0.74072265625,0.0,268435969.0,0.00013327598571777344,9.644031524658203e-05,-0.007311403751373291,0.0,0.19775390625
70,3.790694988099858,0.0568731427192688,0.004796445369720459,0.056871771812438965,,0.002807140350341797,0.0,0.9963847994804382,0.0016523003578186035,0.9963836669921875,0.0,0.0,0.0,0.62017822265625,0.0,268435969.0,-0.00012969970703125,-9.423494338989258e-05,0.007312476634979248,0.0,-0.12054443359375
71,3.8447984231170267,0.05686992406845093,0.0005943179130554199,0.0568697452545166,,0.0004006028175354004,0.0,0.9963839054107666,0.00022178888320922852,0.9963836669921875,0.0,0.0,0.0,0.6446533203125,0.0,268435969.0,-3.2186508178710938e-06,-2.0265579223632812e-06,-8.940696716308594e-07,0.0,0.02447509765625
72,3.8987847110256553,0.05687052011489868,0.0015780925750732422,0.05687028169631958,,0.0009075403213500977,0.0,0.9963840246200562,0.0005350112915039062,0.9963836669921875,0.0,0.0,0.0,0.15765380859375,0.0,268435969.0,5.960464477539062e-07,5.364418029785156e-07,1.1920928955078125e-07,0.0,-0.48699951171875
73,3.9527978331316262,0.056869566440582275,-0.00022488833928946406,0.056869566440582275,,-0.00022488833928946406,0.0,0.9963837265968323,-0.00023233891988638788,0.9963836669921875,0.0,0.0,0.0,0.82196044921875,0.0,268435969.0,-9.5367431640625e-07,-7.152557373046875e-07,-2.980232238769531e-07,0.0,0.664306640625
74,4.006928101181984,0.056869566440582275,-0.0002397895004833117,0.056869566440582275,,-0.0002397895004833117,0.0,0.9963837265968323,-0.0002397895004833117,0.9963836669921875,0.0,0.0,0.0,0.798828125,0.0,268435969.0,0.0,0.0,0.0,0.0,-0.02313232421875
75,4.061042222194374,0.05693715810775757,0.10482794046401978,0.05691826343536377,,0.06148791313171387,0.0,0.9917545318603516,-0.8007080554962158,0.9963836669921875,0.0,0.0,0.0,0.78662109375,0.0,268435969.0,6.759166717529297e-05,4.869699478149414e-05,-0.004629194736480713,0.0,-0.01220703125
76,4.115058713126928,0.056869566440582275,-0.00023251773382071406,0.056869566440582275,,-0.00023251773382071406,0.0,0.9963837265968323,-0.00023251773382071406,0.9963836669921875,0.0,0.0,0.0,0.03082275390625,0.0,268435969.0,-6.759166717529297e-05,-4.869699478149414e-05,0.004629194736480713,0.0,-0.75579833984375
77,4.169050483033061,0.056869566440582275,-0.00018751622701529413,0.056869566440582275,,-0.00023967029119376093,0.0,0.9963837265968323,-0.00023967029119376093,0.9963836669921875,0.0,0.0,0.0,0.15625,0.0,268435969.0,0.0,0.0,0.0,0.0,0.12542724609375
78,4.223178696120158,0.0568697452545166,0.0003561973571777344,0.0568697452545166,,0.00019228458404541016,0.0,0.9963837265968323,0.00014013051986694336,0.9963836669921875,0.0,0.0,0.0,0.75128173828125,0.0,268435969.0,1.7881393432617188e-07,1.7881393432617188e-07,0.0,0.0,0.59503173828125
79,4.277181743178517,0.056874752044677734,0.007613182067871094,0.0568731427192688,,0.0044168829917907715,0.0,0.996385395526886,0.0026063919067382812,0.9963836669921875,0.0,0.0,0.0,0.0775146484375,0.0,268435969.0,5.0067901611328125e-06,3.3974647521972656e-06,1.6689300537109375e-06,0.0,-0.67376708984375
80,4.331181771121919,0.056661009788513184,0.5278496146202087,0.05699014663696289,,0.3798512816429138,0.0,0.996516764163971,0.24491381645202637,0.9963836669921875,0.0,0.0,0.0,0.28912353515625,0.0,268435969.0,-0.00021374225616455078,0.0001170039176940918,0.00013136863708496094,0.0,0.21160888671875
81,4.3854462241288275,0.0568697452545166,0.00031882524490356445,0.0568697452545166,,0.0001698136329650879,0.0,0.9963837265968323,0.00012511014938354492,0.9963836669921875,0.0,0.0,0.0,0.5999755859375,0.0,268435969.0,0.00020873546600341797,-0.00012040138244628906,-0.00013303756713867188,0.0,0.31085205078125
82,4.439557734178379,0.05692249536514282,0.08044242858886719,0.0569072961807251,,0.046944618225097656,0.0,0.9964023232460022,0.027245283126831055,0.9963836669921875,0.0,0.0,0.0,0.687255859375,0.0,268435969.0,5.27501106262207e-05,3.7550926208496094e-05,1.8596649169921875e-05,0.0,0.0872802734375
83,4.4938033351209015,0.056869566440582275,0.0001176595687866211,0.056869566440582275,,7.295608520507812e-05,0.0,0.9963837265968323,-2.7032883167266846,0.9963836669921875,0.0,0.0,0.0,0.8414306640625,0.0,268435969.0,-5.2928924560546875e-05,-3.7729740142822266e-05,-1.8596649169921875e-05,0.0,0.1541748046875
84,4.547800845000893,0.056970834732055664,0.15750402212142944,0.05693674087524414,,0.08453303575515747,0.0,0.9964171648025513,-3.63204026222229,0.9963836669921875,0.0,0.0,0.0,0.8914794921875,0.0,268435969.0,0.00010126829147338867,6.717443466186523e-05,3.343820571899414e-05,0.0,0.050048828125
85,4.601929410127923,0.05689394474029541,0.03281855583190918,0.05688512325286865,,0.019034981727600098,0.0,0.996391236782074,0.011025607585906982,0.9963836669921875,0.0,0.0,0.0,0.98248291015625,0.0,268435969.0,-7.68899917602539e-05,-5.161762237548828e-05,-2.5928020477294922e-05,0.0,0.09100341796875
86,4.656049994053319,0.056869566440582275,0.00010257959365844727,0.056869566440582275,,5.78761100769043e-05,0.0,0.9963837265968323,1.3172626495361328e-05,0.9963836669921875,0.0,0.0,0.0,0.3665771484375,0.0,268435969.0,-2.4378299713134766e-05,-1.5556812286376953e-05,-7.510185241699219e-06,0.0,-0.61590576171875
87,4.710052004083991,0.056883931159973145,0.021023690700531006,0.056879520416259766,,-1.9155538082122803,0.0,0.9946683645248413,0.2103651612997055,0.9963836669921875,0.0,0.0,0.0,0.54827880859375,0.0,268435969.0,1.436471939086914e-05,9.953975677490234e-06,-0.0017153620719909668,0.0,0.18170166015625
88,4.76407629204914,0.05688738822937012,0.02372080087661743,0.056880831718444824,,0.013722121715545654,0.0,0.9963890910148621,0.00793302059173584,0.9963836669921875,0.0,0.0,0.0,0.78692626953125,0.0,268435969.0,3.4570693969726562e-06,1.3113021850585938e-06,0.001720726490020752,0.0,0.2386474609375
89,4.81818808009848,0.0569954514503479,0.21733105182647705,0.05696600675582886,,0.130576491355896,0.0,0.989072322845459,-1.8508386611938477,0.9963836669921875,0.0,0.0,0.0,0.85345458984375,0.0,268435969.0,0.0001080632209777832,8.51750373840332e-05,-0.007316768169403076,0.0,0.0665283203125
90,4.87218992318958,0.0568697452545166,0.00045877695083618164,0.0568697452545166,,0.00025016069412231445,0.0,0.9963837265968323,0.00014585256576538086,0.9963836669921875,0.0,0.0,0.0,0.221923828125,0.0,268435969.0,-0.00012570619583129883,-9.626150131225586e-05,0.007311403751373291,0.0,-0.63153076171875
91,4.926315062213689,0.0568697452545166,0.000451505184173584,0.0568697452545166,,0.0002428889274597168,0.0,0.9963837265968323,0.0001385807991027832,0.9963836669921875,0.0,0.0,0.0,0.22149658203125,0.0,268435969.0,0.0,0.0,0.0,0.0,-0.00042724609375
92,4.9809424402192235,0.05685079097747803,0.5144444108009338,0.057021379470825195,,0.34106194972991943,0.0,0.9965000152587891,0.18132895231246948,0.9963836669921875,0.0,0.0,0.0,0.86273193359375,0.0,268435969.0,-1.895427703857422e-05,0.00015163421630859375,0.00011628866195678711,0.0,0.6412353515625
93,5.03583705611527,0.056869566440582275,2.6404857635498047e-05,0.056869566440582275,,-3.3199790777871385e-05,0.0,0.9963837265968323,-8.535385859431699e-05,0.9963836669921875,0.0,0.0,0.0,0.13201904296875,0.0,268435969.0,1.8775463104248047e-05,-0.00015181303024291992,-0.00011628866195678711,0.0,-0.730712890625
94,5.091387335211039,0.056894779205322266,0.0338820219039917,0.05688565969467163,,-0.44749265909194946,0.0,0.9956771731376648,0.4725050628185272,0.9963836669921875,0.0,0.0,0.0,0.4979248046875,0.0,268435969.0,2.5212764739990234e-05,1.609325408935547e-05,-0.0007065534591674805,0.0,0.36590576171875
95,5.146210415055975,0.05686992406845093,0.0005109310150146484,0.0568697452545166,,0.00030231475830078125,0.0,0.996383786201477,0.00013840198516845703,0.9963836669921875,0.0,0.0,0.0,0.94049072265625,0.0,268435969.0,-2.485513687133789e-05,-1.5914440155029297e-05,0.0007066130638122559,0.0,0.44256591796875
96,5.202242877101526,0.056876420974731445,0.009101271629333496,0.056873857975006104,,0.004802286624908447,0.0,0.9963855743408203,0.0025820136070251465,0.9963836669921875,0.0,0.0,0.0,0.645263671875,0.0,268435969.0,6.496906280517578e-06,4.112720489501953e-06,1.7881393432617188e-06,0.0,-0.29522705078125
97,5.256862661102787,0.056869566440582275,-0.00022697450185660273,0.056869566440582275,,-0.00024187566305045038,0.0,0.9963837265968323,-0.00022697450185660273,0.9963836669921875,0.0,0.0,0.0,0.538330078125,0.0,268435969.0,-6.854534149169922e-06,-4.291534423828125e-06,-1.8477439880371094e-06,0.0,-0.10693359375
98,5.311870388220996,0.05689394474029541,0.03288382291793823,0.0495227575302124,,-0.446449339389801,0.0,0.99588543176651,0.5075379610061646,0.9963836669921875,0.0,0.0,0.0,0.5469970703125,0.0,268435969.0,2.4378299713134766e-05,-0.007346808910369873,-0.0004982948303222656,0.0,0.0086669921875
99,5.366499672178179,0.05683410167694092,0.4924582839012146,0.05701178312301636,,0.32947683334350586,0.0,0.9964958429336548,0.17572665214538574,0.9963836669921875,0.0,0.0,0.0,0.06243896484375,0.0,268435969.0,-5.984306335449219e-05,0.007489025592803955,0.0006104111671447754,0.0,-0.48455810546875
100,5.421516973059624,0.0568842887878418,0.019666671752929688,0.056878089904785156,,0.009489178657531738,0.0,0.9963871240615845,0.004571795463562012,0.9963836669921875,0.0,0.0,0.0,0.47998046875,0.0,268435969.0,5.0187110900878906e-05,-0.00013369321823120117,-0.0001087188720703125,0.0,0.41754150390625
101,5.476905142189935,0.05687159299850464,0.002835571765899658,0.05687081813812256,,0.0016807317733764648,0.0,0.99638432264328,0.0007941126823425293,0.9963836669921875,0.0,0.0,0.0,0.03466796875,0.0,268435969.0,-1.2695789337158203e-05,-7.271766662597656e-06,-2.8014183044433594e-06,0.0,-0.4453125
102,5.531885555014014,0.056869566440582275,-0.00024133922124747187,0.05100280046463013,,-0.46407732367515564,0.0,0.995879054069519,0.4982098937034607,0.9963836669921875,0.0,0.0,0.0,0.8385009765625,0.0,268435969.0,-2.0265579223632812e-06,-0.005868017673492432,-0.0005052685737609863,0.0,0.8038330078125
103,5.5868589670863,0.056869566440582275,-2.7032973766326904,0.05319875478744507,,0.32223448157310486,0.0,0.9964060187339783,0.49224185943603516,0.9963836669921875,0.0,0.0,0.0,0.11187744140625,0.0,268435969.0,0.0,0.0021959543228149414,0.0005269646644592285,0.0,-0.72662353515625
104,5.642236710060388,0.0568697452545166,0.00043714046478271484,0.0568697452545166,,0.00022852420806884766,0.0,0.9963837265968323,0.0001316666603088379,0.9963836669921875,0.0,0.0,0.0,0.77789306640625,0.0,268435969.0,1.7881393432617188e-07,0.003670990467071533,-2.2292137145996094e-05,0.0,0.666015625
105,5.698609319049865,0.056869566440582275,0.00010955333709716797,0.056869566440582275,,3.504753112792969e-05,0.0,0.9963837265968323,-2.455711546645034e-05,0.9963836669921875,0.0,0.0,0.0,0.5411376953125,0.0,268435969.0,-1.7881393432617188e-07,-1.7881393432617188e-07,0.0,0.0,-0.23675537109375
106,5.753752860007808,0.05695539712905884,0.11531829833984375,0.05691862106323242,,-2.6413519382476807,0.0,0.99468594789505,0.2362709492444992,0.9963836669921875,0.0,0.0,0.0,0.76318359375,0.0,268435969.0,8.58306884765625e-05,4.9054622650146484e-05,-0.0016977787017822266,0.0,0.2220458984375
107,5.8084963471628726,0.056869566440582275,-0.0002399087097728625,0.056869566440582275,,-0.00023245812917593867,0.0,0.9963837265968323,-0.00022500754857901484,0.9963836669921875,0.0,0.0,0.0,0.6568603515625,0.0,268435969.0,-8.58306884765625e-05,-4.9054622650146484e-05,0.0016977787017822266,0.0,-0.1063232421875
108,5.86383898020722,0.05689424276351929,0.03267693519592285,0.0568852424621582,,0.018826305866241455,0.0,0.9963899254798889,0.007553577423095703,0.9963836669921875,0.0,0.0,0.0,0.3350830078125,0.0,268435969.0,2.467632293701172e-05,1.5676021575927734e-05,6.198883056640625e-06,0.0,-0.32177734375
109,5.919020132161677,0.056891798973083496,0.029838263988494873,0.05688375234603882,,0.014370858669281006,0.0,0.9963889122009277,0.0075833797454833984,0.9963836669921875,0.0,0.0,0.0,0.939453125,0.0,268435969.0,-2.4437904357910156e-06,-1.4901161193847656e-06,-1.0132789611816406e-06,0.0,0.6043701171875
110,5.974032266065478,0.056898534297943115,0.03918147087097168,0.0568881630897522,,0.018908441066741943,0.0,0.9963905811309814,0.009982645511627197,0.9963836669921875,0.0,0.0,0.0,0.9327392578125,0.0,268435969.0,6.735324859619141e-06,4.410743713378906e-06,1.6689300537109375e-06,0.0,-0.0067138671875
111,6.028866105014458,0.056869566440582275,-0.00017994643712881953,0.056869566440582275,,-0.00023210050130728632,0.0,0.9963837265968323,-0.00023955108190421015,0.9963836669921875,0.0,0.0,0.0,0.36553955078125,0.0,268435969.0,-2.8967857360839844e-05,-1.8596649169921875e-05,-6.854534149169922e-06,0.0,-0.56719970703125
112,6.085738748079166,0.056869566440582275,-4.577637082547881e-05,0.056869566440582275,,-9.793043864192441e-05,0.0,0.9963837265968323,-0.00015008451009634882,0.9963836669921875,0.0,0.0,0.0,0.44732666015625,0.0,268435969.0,0.0,0.0,0.0,0.0,0.081787109375
113,6.14060214208439,0.056869566440582275,0.0001327991485595703,0.056869566440582275,,6.1392779571178835e-06,0.0,0.9963837265968323,-4.601478940458037e-05,0.9963836669921875,0.0,0.0,0.0,0.73956298828125,0.0,268435969.0,0.0,0.0,0.0,0.0,0.292236328125
114,6.196596104186028,0.05695468187332153,0.12483370304107666,0.05692708492279053,,0.07355880737304688,0.0,0.9964102506637573,0.039166927337646484,0.9963836669921875,0.0,0.0,0.0,0.4306640625,0.0,268435969.0,8.511543273925781e-05,5.751848220825195e-05,2.6524066925048828e-05,0.0,-0.30889892578125
115,6.251412740210071,0.056869566440582275,-0.00022447110677603632,0.056869566440582275,,-0.00023937226796988398,0.0,0.9963837265968323,-0.00023937226796988398,0.9963836669921875,0.0,0.0,0.0,0.16229248046875,0.0,268435969.0,-8.511543273925781e-05,-5.751848220825195e-05,-2.6524066925048828e-05,0.0,-0.26837158203125
116,6.3062856160104275,0.056869566440582275,-0.0002245903160655871,0.056869566440582275,,-0.00023204089666251093,0.0,0.9963837265968323,-0.00023949147725943476,0.9963836669921875,0.0,0.0,0.0,0.77593994140625,0.0,268435969.0,0.0,0.0,0.0,0.0,0.6136474609375
117,6.36101369606331,0.05636489391326904,0.5169276595115662,0.05693495273590088,,0.4019950032234192,0.0,0.996521532535553,0.2633322477340698,0.9963836669921875,0.0,0.0,0.0,0.4560546875,0.0,268435969.0,-0.0005046725273132324,6.538629531860352e-05,0.00013780593872070312,0.0,-0.31988525390625
118,6.41599086811766,0.05686992406845093,0.0005725622177124023,0.0568697452545166,,0.0003788471221923828,0.0,0.993507444858551,-0.17697477340698242,0.9963836669921875,0.0,0.0,0.0,0.8465576171875,0.0,268435969.0,0.0005050301551818848,-6.520748138427734e-05,-0.003014087677001953,0.0,0.3905029296875
119,6.470749781001359,0.056869566440582275,-2.7035634517669678,0.0539931058883667,,0.2031763195991516,0.0,0.996271550655365,0.5191405415534973,0.9963836669921875,0.0,0.0,0.0,0.06756591796875,0.0,268435969.0,-3.5762786865234375e-07,-0.0028766393661499023,0.002764105796813965,0.0,-0.77899169921875
120,6.525738935219124,0.056869566440582275,8.875131607055664e-05,0.056869566440582275,,-1.9276745319366455,0.0,0.9950769543647766,0.3222518861293793,0.9963836669921875,0.0,0.0,0.0,0.8988037109375,0.0,268435969.0,0.0,0.002876460552215576,-0.001194596290588379,0.0,0.83123779296875
121,6.580887031042948,0.056869685649871826,0.00015592575073242188,0.056869566440582275,,0.00010377168655395508,0.0,0.9963837265968323,3.6716461181640625e-05,0.9963836669921875,0.0,0.0,0.0,0.30535888671875,0.0,268435969.0,1.1920928955078125e-07,0.0,0.001306772232055664,0.0,-0.59344482421875
122,6.635973073076457,0.056869566440582275,-0.00023150445485953242,0.056869566440582275,,-0.00023895503545645624,0.0,0.9963837265968323,-0.00023150445485953242,0.9963836669921875,0.0,0.0,0.0,0.23358154296875,0.0,268435969.0,-1.1920928955078125e-07,0.0,0.0,0.0,-0.07177734375
123,6.691954646026716,0.056891798973083496,0.027253925800323486,0.056882500648498535,,-2.688929796218872,0.0,0.9941537976264954,0.04899468645453453,0.9963836669921875,0.0,0.0,0.0,0.65679931640625,0.0,268435969.0,2.2232532501220703e-05,1.2934207916259766e-05,-0.002229928970336914,0.0,0.4232177734375
124,6.746852874057367,0.056869566440582275,-0.00020146371389273554,0.056869566440582275,,-1.9279423952102661,0.0,0.993171751499176,0.44690030813217163,0.9963836669921875,0.0,0.0,0.0,0.73675537109375,0.0,268435969.0,-2.2232532501220703e-05,-1.2934207916259766e-05,-0.000982046127319336,0.0,0.0799560546875
125,6.8017822871916,0.05106031894683838,-0.3902914226055145,0.055925071239471436,,0.5375294089317322,0.0,0.9964646697044373,0.49518030881881714,0.9963836669921875,0.0,0.0,0.0,0.2333984375,0.0,268435969.0,-0.0058092474937438965,-0.0009444952011108398,0.0032929182052612305,0.0,-0.50335693359375
126,6.856644682120532,0.0568697452545166,0.00024580955505371094,0.056869685649871826,,0.00013405084609985352,0.0,0.9963837265968323,8.189678192138672e-05,0.9963836669921875,0.0,0.0,0.0,0.4803466796875,0.0,268435969.0,0.005809426307678223,0.0009446144104003906,-8.094310760498047e-05,0.0,0.2469482421875
127,6.911596891004592,0.056869566440582275,-0.00023090842296369374,0.056869566440582275,,-0.00023835900356061757,0.0,0.9963837265968323,-0.00023090842296369374,0.9963836669921875,0.0,0.0,0.0,0.1456298828125,0.0,268435969.0,-1.7881393432617188e-07,-1.1920928955078125e-07,0.0,0.0,-0.334716796875
128,6.966286508133635,0.05687296390533447,0.004574775695800781,0.05687153339385986,,0.0021905899047851562,0.0,0.9963845014572144,0.001162409782409668,0.9963836669921875,0.0,0.0,0.0,0.552490234375,0.0,268435969.0,3.3974647521972656e-06,1.9669532775878906e-06,7.748603820800781e-07,0.0,0.4068603515625
129,7.021226829150692,0.056869566440582275,-0.000245749979512766,0.056869566440582275,,-0.00023084881831891835,0.0,0.9963837265968323,-0.00023829939891584218,0.9963836669921875,0.0,0.0,0.0,0.66436767578125,0.0,268435969.0,-3.3974647521972656e-06,-1.9669532775878906e-06,-7.748603820800781e-07,0.0,0.11187744140625
130,7.075912206200883,0.0568888783454895,0.02151012420654297,0.05687892436981201,,0.009469985961914062,0.0,0.9963871240615845,0.004984736442565918,0.9963836669921875,0.0,0.0,0.0,0.6353759765625,0.0,268435969.0,1.9311904907226562e-05,9.357929229736328e-06,3.3974647521972656e-06,0.0,-0.02899169921875
131,7.131394152995199,0.056873857975006104,0.0057593584060668945,0.056872010231018066,,0.002354443073272705,0.0,0.9958794713020325,0.5176663994789124,0.9963836669921875,0.0,0.0,0.0,0.04412841796875,0.0,268435969.0,-1.5020370483398438e-05,-6.9141387939453125e-06,-0.000507652759552002,0.0,-0.59124755859375
132,7.187614169204608,0.056869566440582275,-5.2213672461220995e-05,0.056869566440582275,,-0.00011926890147151425,0.0,0.9963837265968323,-0.0001788735535228625,0.9963836669921875,0.0,0.0,0.0,0.60418701171875,0.0,268435969.0,-4.291534423828125e-06,-2.4437904357910156e-06,0.0005042552947998047,0.0,0.56005859375
133,7.242949969135225,0.056869566440582275,-0.000245749979512766,0.056869566440582275,,-0.00023829939891584218,0.0,0.9963837265968323,-0.00023084881831891835,0.9963836669921875,0.0,0.0,0.0,0.8348388671875,0.0,268435969.0,0.0,0.0,0.0,0.0,0.23065185546875
134,7.300171350128949,0.057057857513427734,0.5627349615097046,0.057073235511779785,,0.3108680844306946,0.0,0.9964849948883057,0.15754258632659912,0.9963836669921875,0.0,0.0,0.0,0.2593994140625,0.0,268435969.0,0.00018829107284545898,0.00020366907119750977,0.00010126829147338867,0.0,-0.575439453125
135,7.355523372069001,0.05699563026428223,0.20035362243652344,0.056952595710754395,,0.10059034824371338,0.0,0.9964199662208557,0.053830504417419434,0.9963836669921875,0.0,0.0,0.0,0.49407958984375,0.0,268435969.0,-6.222724914550781e-05,-0.00012063980102539062,-6.502866744995117e-05,0.0,0.23468017578125
136,7.410506303189322,0.056869566440582275,-0.00023835900356061757,0.056869566440582275,,-2.7035624980926514,0.0,0.9950768947601318,0.32204383611679077,0.9963836669921875,0.0,0.0,0.0,0.47271728515625,0.0,268435969.0,-0.00012606382369995117,-8.302927017211914e-05,-0.001343071460723877,0.0,-0.0213623046875
137,7.465893805027008,0.056869566440582275,-0.0002381801896262914,0.056869566440582275,,-0.0002456307702232152,0.0,0.9963837265968323,-0.0002381801896262914,0.9963836669921875,0.0,0.0,0.0,0.4532470703125,0.0,268435969.0,0.0,0.0,0.0013068318367004395,0.0,-0.01947021484375
138,7.520994347054511,0.056870460510253906,0.0012739300727844238,0.05687004327774048,,0.0006406307220458984,0.0,0.9963839054107666,0.0003947615623474121,0.9963836669921875,0.0,0.0,0.0,0.0792236328125,0.0,268435969.0,8.940696716308594e-07,4.76837158203125e-07,1.7881393432617188e-07,0.0,-0.3740234375
139,7.576261647045612,0.056869566440582275,3.719329833984375e-05,0.056869566440582275,,-1.496076765761245e-05,0.0,0.9941480159759521,0.04062790051102638,0.9963836669921875,0.0,0.0,0.0,0.59454345703125,0.0,268435969.0,-8.940696716308594e-07,-4.76837158203125e-07,-0.002235889434814453,0.0,0.51531982421875
140,7.631263393210247,0.05686980485916138,0.0004544258117675781,0.0568697452545166,,-1.3156757354736328,0.0,0.9950770735740662,0.40640679001808167,0.9963836669921875,0.0,0.0,0.0,0.9000244140625,0.0,268435969.0,2.384185791015625e-07,1.7881393432617188e-07,0.0009290575981140137,0.0,0.30548095703125
141,7.686729173175991,0.056880414485931396,0.013224303722381592,0.05687528848648071,,0.006384670734405518,0.0,0.9963861703872681,0.0037471652030944824,0.9963836669921875,0.0,0.0,0.0,0.33294677734375,0.0,268435969.0,1.0609626770019531e-05,5.543231964111328e-06,0.0013090968132019043,0.0,-0.56707763671875
142,7.741787141188979,0.056869566440582275,-3.681421995162964,0.05319875478744507,,0.20317679643630981,0.0,0.9963480830192566,-1.4355932474136353,0.9963836669921875,0.0,0.0,0.0,0.00164794921875,0.0,268435969.0,-1.0848045349121094e-05,-0.0036765336990356445,-3.808736801147461e-05,0.0,-0.331298828125
143,7.797301014186814,0.0567779541015625,-1.4104695320129395,0.05478698015213013,,0.7247179746627808,0.0,0.9965155124664307,0.6742775440216064,0.9963836669921875,0.0,0.0,0.0,0.780517578125,0.0,268435969.0,-9.161233901977539e-05,0.0015882253646850586,0.00016742944717407227,0.0,0.77886962890625
144,7.852393592009321,0.056869566440582275,-0.00013411046529654413,0.056869566440582275,,-0.00018626452947501093,0.0,0.9963837265968323,-0.0002309680130565539,0.9963836669921875,0.0,0.0,0.0,0.43359375,0.0,268435969.0,9.161233901977539e-05,0.0020825862884521484,-0.00013178586959838867,0.0,-0.346923828125
145,7.907770299119875,0.05701714754104614,0.306293785572052,0.056981563568115234,,0.14830422401428223,0.0,0.9964412450790405,0.08788001537322998,0.9963836669921875,0.0,0.0,0.0,0.8712158203125,0.0,268435969.0,0.0001475811004638672,0.00011199712753295898,5.751848220825195e-05,0.0,0.4376220703125
146,7.96275745308958,0.05691850185394287,0.06191462278366089,0.05689871311187744,,0.030048489570617676,0.0,0.9963936805725098,0.014461874961853027,0.9963836669921875,0.0,0.0,0.0,0.1787109375,0.0,268435969.0,-9.864568710327148e-05,-8.285045623779297e-05,-4.756450653076172e-05,0.0,-0.6925048828125
147,8.018178363097832,0.056915998458862305,0.06267440319061279,0.056899309158325195,,0.030256927013397217,0.0,0.9963937401771545,0.014551103115081787,0.9963836669921875,0.0,0.0,0.0,0.9560546875,0.0,268435969.0,-2.5033950805664062e-06,5.960464477539062e-07,5.960464477539063e-08,0.0,0.77734375
148,8.073520811041817,0.0568697452545166,0.00029844045639038086,0.0568697452545166,,0.0001270771026611328,0.0,0.9963837265968323,6.747245788574219e-05,0.9963836669921875,0.0,0.0,0.0,0.01397705078125,0.0,268435969.0,-4.6253204345703125e-05,-2.956390380859375e-05,-1.0013580322265625e-05,0.0,-0.94207763671875
149,8.128890369087458,0.056897103786468506,0.47935569286346436,0.05701494216918945,,0.28767460584640503,0.0,0.996476411819458,-3.531262159347534,0.9963836669921875,0.0,0.0,0.0,0.2764892578125,0.0,268435969.0,2.7358531951904297e-05,0.00014519691467285156,9.268522262573242e-05,0.0,0.26251220703125
150,8.183934004046023,0.056869566440582275,-0.00014930964971426874,0.056869566440582275,,-3.681391954421997,0.0,0.9909927248954773,0.14498822391033173,0.9963836669921875,0.0,0.0,0.0,0.490966796875,0.0,268435969.0,-2.753734588623047e-05,-0.00014537572860717773,-0.005483686923980713,0.0,0.2144775390625
151,8.239761338103563,0.056874752044677734,0.005847513675689697,0.056872010231018066,,0.0024053454399108887,0.0,0.9963845610618591,0.0011685490608215332,0.9963836669921875,0.0,0.0,0.0,0.7889404296875,0.0,268435969.0,5.185604095458984e-06,2.4437904357910156e-06,0.005391836166381836,0.0,0.2979736328125
152,8.295907966094092,0.056942641735076904,0.10114055871963501,0.056913137435913086,,0.04914295673370361,0.0,0.996399998664856,0.02163541316986084,0.9963836669921875,0.0,0.0,0.0,0.71923828125,0.0,268435969.0,6.788969039916992e-05,4.112720489501953e-05,1.5437602996826172e-05,0.0,-0.0697021484375
153,8.351283617084846,0.056869566440582275,-0.00023937226796988398,0.056869566440582275,,-0.00023192168737296015,0.0,0.9963837265968323,-0.00022447110677603632,0.9963836669921875,0.0,0.0,0.0,0.18817138671875,0.0,268435969.0,-7.30752944946289e-05,-4.357099533081055e-05,-1.627206802368164e-05,0.0,-0.53106689453125
154,8.406604250194505,0.056869566440582275,-0.00023949147725943476,0.056869566440582275,,-4.997306823730469,0.0,0.9922005534172058,0.4468922019004822,0.9963836669921875,0.0,0.0,0.0,0.82867431640625,0.0,268435969.0,0.0,0.0,-0.004183173179626465,0.0,0.6405029296875
155,8.461900995112956,0.056869566440582275,-0.00023180247808340937,0.056869566440582275,,-0.00023180247808340937,0.0,0.9963837265968323,-0.0002392530586803332,0.9963836669921875,0.0,0.0,0.0,0.1746826171875,0.0,268435969.0,0.0,0.0,0.004183173179626465,0.0,-0.65399169921875
156,8.517272794153541,0.057005882263183594,0.38150614500045776,0.057009220123291016,,0.209233820438385,0.0,0.9964519739151001,0.10573035478591919,0.9963836669921875,0.0,0.0,0.0,0.16168212890625,0.0,268435969.0,0.00013631582260131836,0.00013965368270874023,6.824731826782227e-05,0.0,-0.01300048828125
157,8.572670705150813,0.05694854259490967,0.11443263292312622,0.05692249536514282,,0.056206345558166504,0.0,0.9964059591293335,0.027231037616729736,0.9963836669921875,0.0,0.0,0.0,0.37249755859375,0.0,268435969.0,-5.733966827392578e-05,-8.672475814819336e-05,-4.601478576660156e-05,0.0,0.2108154296875
158,8.628076374065131,0.0568697452545166,0.00020009279251098633,0.056869566440582275,,0.00011813640594482422,0.0,0.9963837265968323,3.618001937866211e-05,0.9963836669921875,0.0,0.0,0.0,0.98858642578125,0.0,268435969.0,-7.87973403930664e-05,-5.2928924560546875e-05,-2.2232532501220703e-05,0.0,0.6160888671875
159,8.684007152216509,0.05687665939331055,0.009423792362213135,0.056873619556427,,0.004960894584655762,0.0,0.9963853359222412,0.0024053454399108887,0.9963836669921875,0.0,0.0,0.0,0.1541748046875,0.0,268435969.0,6.9141387939453125e-06,4.0531158447265625e-06,1.6093254089355469e-06,0.0,-0.83441162109375
160,8.739577488042414,0.056869566440582275,-0.00023204089666251093,0.0522160530090332,,0.04045563191175461,0.0,0.9961718320846558,0.5191405415534973,0.9963836669921875,0.0,0.0,0.0,0.2432861328125,0.0,268435969.0,-7.092952728271484e-06,-0.004657566547393799,-0.00021350383758544922,0.0,0.089111328125
161,8.79532735911198,0.05688035488128662,0.014386236667633057,0.05687582492828369,,0.0069356560707092285,0.0,0.9963861703872681,0.0036946535110473633,0.9963836669921875,0.0,0.0,0.0,0.228759765625,0.0,268435969.0,1.0788440704345703e-05,0.004659771919250488,0.0002143383026123047,0.0,-0.0145263671875
162,8.850699474103749,0.056869566440582275,-6.0737136664101854e-05,0.056869566440582275,,-0.00012034178507747129,0.0,0.9905169606208801,-1.3160420656204224,0.9963836669921875,0.0,0.0,0.0,0.4375,0.0,268435969.0,-1.0788440704345703e-05,-6.258487701416016e-06,-0.0058692097663879395,0.0,0.208740234375
163,8.90596368117258,0.056910693645477295,0.0562061071395874,0.056896090507507324,,0.027230799198150635,0.0,0.9963935613632202,0.013126850128173828,0.9963836669921875,0.0,0.0,0.0,0.98358154296875,0.0,268435969.0,4.112720489501953e-05,2.6524066925048828e-05,0.005876600742340088,0.0,0.54608154296875
164,8.961248629027978,0.056869566440582275,-0.0002322197105968371,0.056869566440582275,,-0.00022476912999991328,0.0,0.9963837265968323,-0.0002322197105968371,0.9963836669921875,0.0,0.0,0.0,0.61663818359375,0.0,268435969.0,-4.112720489501953e-05,-2.6524066925048828e-05,-9.834766387939453e-06,0.0,-0.366943359375
165,9.016539578093216,0.05687570571899414,0.008171677589416504,0.056873440742492676,,0.0039397478103637695,0.0,0.9963849782943726,0.0017418265342712402,0.9963836669921875,0.0,0.0,0.0,0.94189453125,0.0,268435969.0,6.139278411865234e-06,3.874301910400391e-06,1.2516975402832031e-06,0.0,0.32525634765625
166,9.071989914169535,0.056869566440582275,-3.856420880765654e-05,0.056869566440582275,,-9.071827662410215e-05,0.0,0.9963837265968323,-0.0001577735092723742,0.9963836669921875,0.0,0.0,0.0,0.39617919921875,0.0,268435969.0,-6.139278411865234e-06,-3.874301910400391e-06,-1.2516975402832031e-06,0.0,-0.54571533203125
167,9.127412380184978,0.056869566440582275,8.821487426757812e-05,0.056869566440582275,,2.86102294921875e-05,0.0,0.9963837265968323,-6.0796741308877245e-05,0.9963836669921875,0.0,0.0,0.0,0.37213134765625,0.0,268435969.0,0.0,0.0,0.0,0.0,-0.0240478515625
168,9.183287640102208,0.056870996952056885,0.0018243193626403809,0.05687028169631958,,0.00090789794921875,0.0,0.9963839650154114,0.0004981160163879395,0.9963836669921875,0.0,0.0,0.0,0.31121826171875,0.0,268435969.0,1.430511474609375e-06,7.152557373046875e-07,2.384185791015625e-07,0.0,-0.0609130859375
169,9.238973919069394,0.056882500648498535,0.017261922359466553,0.0568770170211792,,0.005780577659606934,0.0,0.9963840842247009,0.000602424144744873,0.9963836669921875,0.0,0.0,0.0,0.12396240234375,0.0,268435969.0,1.150369644165039e-05,6.735324859619141e-06,1.1920928955078125e-07,0.0,-0.187255859375
170,9.29786155000329,0.056876420974731445,0.009103715419769287,0.0568731427192688,,0.004022419452667236,0.0,0.996384859085083,0.0016605854034423828,0.9963836669921875,0.0,0.0,0.0,0.49530029296875,0.0,268435969.0,-6.079673767089844e-06,-3.874301910400391e-06,7.748603820800781e-07,0.0,0.371337890625
171,9.354032549075782,0.05688744783401489,0.02372187376022339,0.056880831718444824,,0.012508749961853027,0.0,0.9963881969451904,0.006026744842529297,0.9963836669921875,0.0,0.0,0.0,0.20556640625,0.0,268435969.0,1.1026859283447266e-05,7.68899917602539e-06,3.337860107421875e-06,0.0,-0.28973388671875
172,9.409156091045588,0.056869566440582275,-1.316123604774475,0.05514925718307495,,0.46289628744125366,0.0,0.9964491128921509,0.4501110911369324,0.9963836669921875,0.0,0.0,0.0,0.00714111328125,0.0,268435969.0,-1.7881393432617188e-05,-0.001731574535369873,6.091594696044922e-05,0.0,-0.19842529296875
173,9.464573261095211,0.056869566440582275,-0.00023180247808340937,0.056869566440582275,,-0.0002392530586803332,0.0,0.9963837265968323,-0.00022435189748648554,0.9963836669921875,0.0,0.0,0.0,0.12725830078125,0.0,268435969.0,0.0,0.0017203092575073242,-6.538629531860352e-05,0.0,0.1201171875
174,9.520169429015368,0.056869566440582275,-0.00022447110677603632,0.056869566440582275,,-0.00023937226796988398,0.0,0.9963837265968323,-0.00023192168737296015,0.9963836669921875,0.0,0.0,0.0,0.28363037109375,0.0,268435969.0,0.0,0.0,0.0,0.0,0.1563720703125
175,9.57567082112655,0.056988656520843506,0.19121044874191284,0.05694860219955444,,0.09618574380874634,0.0,0.9964154362678528,0.047034263610839844,0.9963836669921875,0.0,0.0,0.0,0.61651611328125,0.0,268435969.0,0.00011909008026123047,7.903575897216797e-05,3.170967102050781e-05,0.0,0.3328857421875
176,9.631174287060276,0.0568697452545166,0.00028949975967407227,0.056869685649871826,,0.0001404881477355957,0.0,0.9963837265968323,8.088350296020508e-05,0.9963836669921875,0.0,0.0,0.0,0.282470703125,0.0,268435969.0,-0.0001189112663269043,-7.891654968261719e-05,-3.170967102050781e-05,0.0,-0.33404541015625
177,9.6868344550021,0.05695605278015137,0.1084793210029602,0.05691653490066528,,0.052540361881256104,0.0,0.9890387654304504,-1.9024101495742798,0.9963836669921875,0.0,0.0,0.0,0.8526611328125,0.0,268435969.0,8.630752563476562e-05,4.684925079345703e-05,-0.007344961166381836,0.0,0.5701904296875
178,9.742424346040934,0.056869566440582275,-0.00016516448522452265,0.056869566440582275,,-0.00022476912999991328,0.0,0.9963837265968323,-0.00023967029119376093,0.9963836669921875,0.0,0.0,0.0,0.4345703125,0.0,268435969.0,-8.64863395690918e-05,-4.696846008300781e-05,0.007344961166381836,0.0,-0.4180908203125
179,9.798039996996522,0.056991636753082275,0.1715550422668457,0.05694323778152466,,0.07643347978591919,0.0,0.9964114427566528,0.03690069913864136,0.9963836669921875,0.0,0.0,0.0,0.0107421875,0.0,268435969.0,0.0001220703125,7.367134094238281e-05,2.771615982055664e-05,0.0,-0.423828125
180,9.853585962206125,0.05687326192855835,0.004982113838195801,0.05687171220779419,,0.0023893117904663086,0.0,0.9963845610618591,0.001159965991973877,0.9963836669921875,0.0,0.0,0.0,0.2235107421875,0.0,268435969.0,-0.00011837482452392578,-7.152557373046875e-05,-2.6881694793701172e-05,0.0,0.2127685546875
181,9.908945188159123,0.056869566440582275,-3.9994720282265916e-05,0.056869566440582275,,-9.959936869563535e-05,0.0,0.9963837265968323,-0.0001592040207469836,0.9963836669921875,0.0,0.0,0.0,0.15673828125,0.0,268435969.0,-3.6954879760742188e-06,-2.1457672119140625e-06,-8.344650268554688e-07,0.0,-0.0667724609375
182,9.96455419017002,0.056869566440582275,-0.00024098159337881953,0.056869566440582275,,-0.0002335310127818957,0.0,0.9963837265968323,-0.00022608043218497187,0.9963836669921875,0.0,0.0,0.0,0.57916259765625,0.0,268435969.0,0.0,0.0,0.0,0.0,0.42242431640625
183,10.020130674121901,0.05701559782028198,-2.4190573692321777,0.05473899841308594,,0.542384684085846,0.0,0.9964938759803772,0.5397024750709534,0.9963836669921875,0.0,0.0,0.0,0.11895751953125,0.0,268435969.0,0.00014603137969970703,-0.002130568027496338,0.00011014938354492188,0.0,-0.460205078125
184,10.076035989215598,0.05699640512466431,0.20887410640716553,0.05695539712905884,,0.10557180643081665,0.0,0.9964216351509094,0.051748812198638916,0.9963836669921875,0.0,0.0,0.0,0.93603515625,0.0,268435969.0,-1.919269561767578e-05,0.0022163987159729004,-7.224082946777344e-05,0.0,0.81707763671875
185,10.131461955141276,0.056870460510253906,0.001271069049835205,0.05687004327774048,,0.0006377696990966797,0.0,0.9963839054107666,0.00033229589462280273,0.9963836669921875,0.0,0.0,0.0,0.93548583984375,0.0,268435969.0,-0.0001259446144104004,-8.535385131835938e-05,-3.7729740142822266e-05,0.0,-0.00054931640625
186,10.187200660118833,0.056869566440582275,-0.00023382903600577265,0.056869566440582275,,-1.316125750541687,0.0,0.9950768947601318,0.4061505198478699,0.9963836669921875,0.0,0.0,0.0,0.88787841796875,0.0,268435969.0,-8.940696716308594e-07,-4.76837158203125e-07,-0.0013070106506347656,0.0,-0.047607421875
187,10.24240722018294,0.056834638118743896,0.49309074878692627,0.057012081146240234,,0.30675917863845825,0.0,0.9964820146560669,0.14853864908218384,0.9963836669921875,0.0,0.0,0.0,0.33038330078125,0.0,268435969.0,-3.4928321838378906e-05,0.00014251470565795898,0.0014051198959350586,0.0,-0.5574951171875
188,10.297700965078548,0.05693715810775757,0.09600496292114258,0.056914329528808594,,0.051368534564971924,0.0,0.9964023232460022,0.024859368801116943,0.9963836669921875,0.0,0.0,0.0,0.8662109375,0.0,268435969.0,0.00010251998901367188,-9.775161743164062e-05,-7.969141006469727e-05,0.0,0.53582763671875
189,10.353076617000625,0.0539933443069458,0.04104248061776161,0.056529343128204346,,0.47264719009399414,0.0,0.9965264201164246,0.28444552421569824,0.9963836669921875,0.0,0.0,0.0,0.10040283203125,0.0,268435969.0,-0.0029438138008117676,-0.00038498640060424805,0.00012409687042236328,0.0,-0.76580810546875
190,10.41020692512393,0.05698859691619873,0.1910077929496765,0.05694860219955444,,0.09602034091949463,0.0,0.996415376663208,0.042897701263427734,0.9963836669921875,0.0,0.0,0.0,0.7513427734375,0.0,268435969.0,0.0029952526092529297,0.00041925907135009766,-0.00011104345321655273,0.0,0.65093994140625
191,10.4654928361997,0.056869566440582275,-0.00022625924611929804,0.056869566440582275,,-0.00022625924611929804,0.0,0.9963837265968323,-0.00023370982671622187,0.9963836669921875,0.0,0.0,0.0,0.42840576171875,0.0,268435969.0,-0.00011903047561645508,-7.903575897216797e-05,-3.165006637573242e-05,0.0,-0.32293701171875
192,10.521051172167063,0.05687040090560913,-3.680023431777954,0.05319923162460327,,0.3227563798427582,0.0,0.9963483214378357,0.5086334943771362,0.9963836669921875,0.0,0.0,0.0,0.52667236328125,0.0,268435969.0,8.344650268554688e-07,-0.003670334815979004,-3.540515899658203e-05,0.0,0.0982666015625
193,10.57616943703033,0.056869566440582275,-0.00022619964147452265,0.056869566440582275,,-0.0002411008026683703,0.0,0.9963837265968323,-0.00023365022207144648,0.9963836669921875,0.0,0.0,0.0,0.528564453125,0.0,268435969.0,-8.344650268554688e-07,0.003670334815979004,3.540515899658203e-05,0.0,0.00189208984375
194,10.631467718165368,0.05687105655670166,0.002180337905883789,0.056870460510253906,,0.001055300235748291,0.0,0.9963840842247009,0.0005263090133666992,0.9963836669921875,0.0,0.0,0.0,0.28509521484375,0.0,268435969.0,1.4901161193847656e-06,8.940696716308594e-07,3.5762786865234375e-07,0.0,-0.24346923828125
195,10.686462928075343,0.0570032000541687,0.3780249357223511,0.05700188875198364,,0.191209077835083,0.0,0.9964513778686523,0.10502821207046509,0.9963836669921875,0.0,0.0,0.0,0.37481689453125,0.0,268435969.0,0.00013214349746704102,0.00013142824172973633,6.729364395141602e-05,0.0,0.0897216796875
196,10.741712340153754,0.0569615364074707,0.12866127490997314,0.05692487955093384,,0.05724745988845825,0.0,0.9964044690132141,0.030261456966400146,0.9963836669921875,0.0,0.0,0.0,0.4385986328125,0.0,268435969.0,-4.166364669799805e-05,-7.700920104980469e-05,-4.690885543823242e-05,0.0,0.06378173828125
197,10.797091936226934,0.05690121650695801,0.04286772012710571,0.0568881630897522,,0.020702242851257324,0.0,0.9963905811309814,0.009965956211090088,0.9963836669921875,0.0,0.0,0.0,0.29559326171875,0.0,268435969.0,-6.031990051269531e-05,-3.6716461181640625e-05,-1.3887882232666016e-05,0.0,-0.14300537109375
198,10.85252979118377,0.056907474994659424,0.051718711853027344,0.056879520416259766,,0.00914609432220459,0.0,0.9963870048522949,0.004429876804351807,0.9963836669921875,0.0,0.0,0.0,0.3990478515625,0.0,268435969.0,6.258487701416016e-06,-8.64267349243164e-06,-3.5762786865234375e-06,0.0,0.10345458984375
199,10.909315750002861,0.056988418102264404,0.4022461771965027,0.05701571702957153,,0.24362331628799438,0.0,0.9964627623558044,0.12485361099243164,0.9963836669921875,0.0,0.0,0.0,0.77276611328125,0.0,268435969.0,8.094310760498047e-05,0.00013619661331176758,7.575750350952148e-05,0.0,0.37371826171875
200,10.964479569112882,0.056869566440582275,-0.00022673608327750117,0.056869566440582275,,-0.00024163724447134882,0.0,0.9963837265968323,-0.000234186663874425,0.9669342041015625,0.0,0.0,0.0,0.44622802734375,0.0,268435969.0,-0.0001188516616821289,-0.0001461505889892578,-7.903575897216797e-05,-0.029449462890625,-0.3265380859375
201,11.019723407225683,0.0568697452545166,0.0002499222755432129,0.05686962604522705,,0.00013071298599243164,0.0,0.9963837265968323,7.855892181396484e-05,0.9963836669921875,0.0,0.0,0.0,0.26947021484375,0.0,268435969.0,1.7881393432617188e-07,5.960464477539063e-08,0.0,0.029449462890625,-0.1767578125
202,11.075064818141982,0.05688375234603882,0.018943190574645996,0.05687779188156128,,0.00830376148223877,0.0,0.996386706829071,0.0040122270584106445,0.9963836669921875,0.0,0.0,0.0,0.24176025390625,0.0,268435969.0,1.4007091522216797e-05,8.165836334228516e-06,2.9802322387695312e-06,0.0,-0.0277099609375
203,11.130578303011134,0.056869566440582275,-0.0002271533157909289,0.056869566440582275,,-0.00023460389638785273,0.0,0.9963837265968323,-0.0002271533157909289,0.9963836669921875,0.0,0.0,0.0,0.468017578125,0.0,268435969.0,-1.4185905456542969e-05,-8.225440979003906e-06,-2.9802322387695312e-06,0.0,0.22625732421875
204,11.185701900161803,0.05701565742492676,0.28431791067123413,0.05698847770690918,,0.16149508953094482,0.0,0.993564784526825,-0.08921690285205841,0.9963836669921875,0.0,0.0,0.0,0.389892578125,0.0,268435969.0,0.00014609098434448242,0.0001189112663269043,-0.0028189420700073242,0.0,-0.078125
205,11.240721239009872,0.056869566440582275,7.075071334838867e-05,0.056869566440582275,,-1.120567412726814e-05,0.0,0.9963837265968323,-7.081032526912168e-05,0.9963836669921875,0.0,0.0,0.0,0.84259033203125,0.0,268435969.0,-0.00014609098434448242,-0.0001189112663269043,0.0028189420700073242,0.0,0.45269775390625
206,11.296450352063403,0.05101877450942993,-0.8352444171905518,0.055165112018585205,,0.49900561571121216,0.0,0.9965178370475769,0.4268765449523926,0.99639892578125,0.0,0.0,0.0,0.47967529296875,0.0,268435969.0,-0.005850791931152344,-0.0017044544219970703,0.0001341104507446289,1.52587890625e-05,-0.3629150390625
207,11.351727208122611,0.056869566440582275,-0.0002430081513011828,0.056869566440582275,,-0.00023555757070425898,0.0,0.9963837265968323,-0.00022810699010733515,0.9963836669921875,0.0,0.0,0.0,0.11859130859375,0.0,268435969.0,0.005850791931152344,0.0017044544219970703,-0.0001341104507446289,-1.52587890625e-05,-0.361083984375
208,11.407209248049185,0.056869566440582275,0.00011408329010009766,0.056869566440582275,,5.447864532470703e-05,0.0,0.9963837265968323,2.3245806914928835e-06,0.9963836669921875,0.0,0.0,0.0,0.28009033203125,0.0,268435969.0,0.0,0.0,0.0,0.0,0.1614990234375
209,11.462331013055518,0.05665773153305054,0.5083706378936768,0.05700284242630005,,0.3063555955886841,0.0,0.9964888095855713,0.17570221424102783,0.9963836669921875,0.0,0.0,0.0,0.20770263671875,0.0,268435969.0,-0.00021183490753173828,0.00013327598571777344,0.00010508298873901367,0.0,-0.0723876953125
210,11.517727201106027,0.05687129497528076,0.002363920211791992,0.05687052011489868,,0.001067519187927246,0.0,0.9963840842247009,0.0005906820297241211,0.9963836669921875,0.0,0.0,0.0,0.4127197265625,0.0,268435969.0,0.0002135634422302246,-0.0001323223114013672,-0.00010472536087036133,0.0,0.20501708984375
211,11.573106057010591,0.0568697452545166,0.00019598007202148438,0.056869566440582275,,0.00011402368545532227,0.0,0.9963837265968323,5.441904067993164e-05,0.9963836669921875,0.0,0.0,0.0,0.8109130859375,0.0,268435969.0,-1.5497207641601562e-06,-9.5367431640625e-07,-3.5762786865234375e-07,0.0,0.398193359375
212,11.628482931060717,0.056871891021728516,0.0031456351280212402,0.05687081813812256,,0.0015288591384887695,0.0,0.9963840842247009,0.0005453824996948242,0.9963836669921875,0.0,0.0,0.0,0.509033203125,0.0,268435969.0,2.1457672119140625e-06,1.2516975402832031e-06,3.5762786865234375e-07,0.0,-0.3018798828125
213,11.684019638225436,0.056869566440582275,-0.00014030934835318476,0.056869566440582275,,-0.00019246341253165156,0.0,0.9963837265968323,-0.0002446174912620336,0.9963836669921875,0.0,0.0,0.0,0.49658203125,0.0,268435969.0,-2.3245811462402344e-06,-1.2516975402832031e-06,-3.5762786865234375e-07,0.0,-0.012451171875
214,11.739066014066339,0.0551571249961853,0.33257991075515747,0.05666220188140869,,0.45438945293426514,0.0,0.9965278506278992,0.26538312435150146,0.9963836669921875,0.0,0.0,0.0,0.538330078125,0.0,268435969.0,-0.0017124414443969727,-0.00020736455917358398,0.00014412403106689453,0.0,0.041748046875
215,11.794840830145404,0.056659579277038574,0.5216984152793884,0.05696743726730347,,0.35429131984710693,0.0,0.9964962005615234,0.1914663314819336,0.9963836669921875,0.0,0.0,0.0,0.895263671875,0.0,268435969.0,0.0015024542808532715,0.0003052353858947754,-3.165006637573242e-05,0.0,0.35693359375
216,11.85025772312656,0.056929826736450195,0.08403629064559937,0.05690896511077881,,0.04479408264160156,0.0,0.9963985681533813,0.01972287893295288,0.9963836669921875,0.0,0.0,0.0,0.815673828125,0.0,268435969.0,0.0002702474594116211,-5.84721565246582e-05,-9.763240814208984e-05,0.0,-0.07958984375
217,11.905510690063238,0.056869566440582275,-0.00023001435329206288,0.056869566440582275,,-0.0002374649338889867,0.0,0.9963837265968323,-0.00023001435329206288,0.9963836669921875,0.0,0.0,0.0,0.3896484375,0.0,268435969.0,-6.026029586791992e-05,-3.93986701965332e-05,-1.4841556549072266e-05,0.0,-0.426025390625
218,11.964249490061775,0.05235934257507324,0.34828564524650574,0.05648452043533325,,0.6572314500808716,0.0,0.9965835213661194,0.37387096881866455,0.9963836669921875,0.0,0.0,0.0,0.4644775390625,0.0,268435969.0,-0.004510223865509033,-0.00038504600524902344,0.00019979476928710938,0.0,0.0748291015625
219,12.021141689037904,0.054789960384368896,0.582024872303009,0.05685555934906006,,0.56158047914505,0.0,0.9965583086013794,0.29335957765579224,0.9963836669921875,0.0,0.0,0.0,0.00616455078125,0.0,268435969.0,0.0024306178092956543,0.00037103891372680664,-2.5212764739990234e-05,0.0,-0.45831298828125
220,12.077086412115023,0.056877732276916504,0.01091533899307251,0.05687427520751953,,0.0052528977394104,0.0,0.996385395526886,0.0025706887245178223,0.9963836669921875,0.0,0.0,0.0,0.0933837890625,0.0,268435969.0,0.0020877718925476074,1.8715858459472656e-05,-0.0001729130744934082,0.0,0.08721923828125
221,12.132219769060612,0.056869566440582275,-5.942583447904326e-05,0.056869566440582275,,-0.00011903048289241269,0.0,0.9963837265968323,-0.0001711845543468371,0.9963836669921875,0.0,0.0,0.0,0.941162109375,0.0,268435969.0,-8.165836334228516e-06,-4.708766937255859e-06,-1.6689300537109375e-06,0.0,0.8477783203125
222,12.187621680088341,0.05643272399902344,0.9703795313835144,0.057083964347839355,,-0.6489672064781189,0.0,0.9956316947937012,0.8247576951980591,0.9963836669921875,0.0,0.0,0.0,0.78509521484375,0.0,268435969.0,-0.0004368424415588379,0.00021439790725708008,-0.0007520318031311035,0.0,-0.15606689453125
223,12.242995906155556,0.05709183216094971,0.41056495904922485,0.05704420804977417,,0.21223795413970947,0.0,0.9964534640312195,0.10494959354400635,0.9963836669921875,0.0,0.0,0.0,0.18975830078125,0.0,268435969.0,0.0006591081619262695,-3.975629806518555e-05,0.0008217692375183105,0.0,-0.5953369140625
224,12.298362780129537,0.056869566440582275,-0.0002451539330650121,0.056869566440582275,,-0.0002451539330650121,0.0,0.9963837265968323,-0.0002451539330650121,0.9963836669921875,0.0,0.0,0.0,0.9268798828125,0.0,268435969.0,-0.00022226572036743164,-0.00017464160919189453,-6.973743438720703e-05,0.0,0.73712158203125
225,12.354183856165037,0.05697709321975708,0.44090330600738525,0.057021915912628174,,0.2504366636276245,0.0,0.9964649081230164,0.11753320693969727,0.9963836669921875,0.0,0.0,0.0,0.40667724609375,0.0,268435969.0,0.00010752677917480469,0.00015234947204589844,8.118152618408203e-05,0.0,-0.52020263671875
226,12.409515767125413,0.05687522888183594,0.00759965181350708,0.05687284469604492,,0.003695547580718994,0.0,0.9963849782943726,0.0018254518508911133,0.9963836669921875,0.0,0.0,0.0,0.9232177734375,0.0,268435969.0,-0.00010186433792114258,-0.00014907121658325195,-7.992982864379883e-05,0.0,0.51654052734375
227,12.464717550203204,0.055563271045684814,0.40712231397628784,0.05414098501205444,,0.5857650637626648,0.0,0.9964911937713623,0.5974103212356567,0.9963836669921875,0.0,0.0,0.0,0.47088623046875,0.0,268435969.0,-0.001311957836151123,-0.0027318596839904785,0.0001062154769897461,0.0,-0.45233154296875
228,12.521080548176542,0.05687230825424194,0.0037253499031066895,0.05687117576599121,,0.0018031001091003418,0.0,0.9963842630386353,0.0008866786956787109,0.9963836669921875,0.0,0.0,0.0,0.542724609375,0.0,268435969.0,0.001309037208557129,0.0027301907539367676,-0.00010693073272705078,0.0,0.07183837890625
229,12.57650133012794,0.056871771812438965,0.003174126148223877,0.056870877742767334,,0.0014455914497375488,0.0,0.9963842034339905,0.0006856322288513184,0.9963836669921875,0.0,0.0,0.0,0.32037353515625,0.0,268435969.0,-5.364418029785156e-07,-2.980232238769531e-07,-5.960464477539063e-08,0.0,-0.22235107421875
230,12.63197074108757,0.056869566440582275,-0.00024545195628888905,0.056869566440582275,,-0.0002305507950950414,0.0,0.9935072660446167,-0.17736060917377472,0.9963836669921875,0.0,0.0,0.0,0.71478271484375,0.0,268435969.0,-2.205371856689453e-06,-1.3113021850585938e-06,-0.0028769373893737793,0.0,0.3944091796875
231,12.687355541158468,0.056869566440582275,-0.00023031237651593983,0.056869566440582275,,-0.00023776295711286366,0.0,0.9963837265968323,-0.00023031237651593983,0.9963836669921875,0.0,0.0,0.0,0.0252685546875,0.0,268435969.0,0.0,0.0,0.002876460552215576,0.0,-0.68951416015625
232,12.742470824159682,0.056869566440582275,-0.00023782256175763905,0.056869566440582275,,-0.00023037198116071522,0.0,0.9963837265968323,-0.0002452731423545629,0.9963836669921875,0.0,0.0,0.0,0.333251953125,0.0,268435969.0,0.0,0.0,0.0,0.0,0.3079833984375
233,12.79794003115967,0.05692708492279053,0.08041483163833618,0.0569072961807251,,0.039160966873168945,0.0,0.9963979125022888,0.0206984281539917,0.9963836669921875,0.0,0.0,0.0,0.3477783203125,0.0,268435969.0,5.751848220825195e-05,3.7729740142822266e-05,1.4185905456542969e-05,0.0,0.0145263671875
234,12.853097185026854,0.05687582492828369,0.008367359638214111,0.0568731427192688,,0.004440903663635254,0.0,0.9963851571083069,0.001833200454711914,0.9963836669921875,0.0,0.0,0.0,0.05181884765625,0.0,268435969.0,-5.125999450683594e-05,-3.415346145629883e-05,-1.2755393981933594e-05,0.0,-0.29595947265625
235,12.908475578064099,0.056869566440582275,2.3841822383019462e-07,0.056869566440582275,,-5.936622983426787e-05,0.0,0.9963837265968323,-0.00011152029765071347,0.9963836669921875,0.0,0.0,0.0,0.26312255859375,0.0,268435969.0,-6.258487701416016e-06,-3.5762786865234375e-06,-1.430511474609375e-06,0.0,0.2113037109375
236,12.96348330611363,0.05693858861923218,0.45504462718963623,0.05701929330825806,,0.265703022480011,0.0,0.996463418006897,0.11535775661468506,0.9963836669921875,0.0,0.0,0.0,0.66021728515625,0.0,268435969.0,6.902217864990234e-05,0.00014972686767578125,7.969141006469727e-05,0.0,0.3970947265625
237,13.018997254082933,0.056904137134552,0.04697692394256592,0.056891798973083496,,0.020750880241394043,0.0,0.996391236782074,0.00996243953704834,0.9963836669921875,0.0,0.0,0.0,0.15362548828125,0.0,268435969.0,-3.445148468017578e-05,-0.00012749433517456055,-7.218122482299805e-05,0.0,-0.506591796875
238,13.074514331063256,0.05319875478744507,-0.1771889477968216,0.05589324235916138,,0.5083687901496887,0.0,0.9965313673019409,0.329346239566803,0.9963836669921875,0.0,0.0,0.0,0.115478515625,0.0,268435969.0,-0.0037053823471069336,-0.0009985566139221191,0.00014013051986694336,0.0,-0.03814697265625
239,13.130123463226482,0.056869566440582275,-5.084276563138701e-05,0.056869566440582275,,-0.00011044741404475644,0.0,0.9963837265968323,-0.0001775026466930285,0.9963836669921875,0.0,0.0,0.0,0.47491455078125,0.0,268435969.0,0.003670811653137207,0.0009763240814208984,-0.00014764070510864258,0.0,0.35943603515625
240,13.18540554214269,0.056869566440582275,-4.345178967923857e-05,0.056869566440582275,,-0.000103056438092608,0.0,0.9963837265968323,-0.00015521050954703242,0.9963836669921875,0.0,0.0,0.0,0.64251708984375,0.0,268435969.0,0.0,0.0,0.0,0.0,0.1676025390625
241,13.240618380019441,0.05688720941543579,0.023596882820129395,0.05687975883483887,,0.00951528549194336,0.0,0.9963868260383606,0.0041806697845458984,0.9963836669921875,0.0,0.0,0.0,0.70123291015625,0.0,268435969.0,1.7642974853515625e-05,1.0192394256591797e-05,3.0994415283203125e-06,0.0,0.0587158203125
242,13.296631399076432,0.05687284469604492,0.004419147968292236,0.05687141418457031,,0.0019828081130981445,0.0,0.99638432264328,0.0009024739265441895,0.9963836669921875,0.0,0.0,0.0,0.26043701171875,0.0,268435969.0,-1.436471939086914e-05,-8.344650268554688e-06,-2.5033950805664062e-06,0.0,-0.4407958984375
243,13.352499975124374,0.056529223918914795,0.5230465531349182,0.05696624517440796,,0.35318076610565186,0.0,0.99649578332901,0.17570048570632935,0.9963836669921875,0.0,0.0,0.0,0.54718017578125,0.0,268435969.0,-0.00034362077713012695,9.483098983764648e-05,0.00011146068572998047,0.0,0.2867431640625
244,13.40839658700861,0.056869566440582275,0.00011259317398071289,0.056869566440582275,,4.553794860839844e-05,0.0,0.9963837265968323,-2.151727858290542e-05,0.9963836669921875,0.0,0.0,0.0,0.33392333984375,0.0,268435969.0,0.00034034252166748047,-9.66787338256836e-05,-0.00011205673217773438,0.0,-0.2132568359375
245,13.464508494129404,0.05698847770690918,0.19093668460845947,0.05694854259490967,,0.08788025379180908,0.0,0.9964126944541931,0.039168357849121094,0.9963836669921875,0.0,0.0,0.0,0.949951171875,0.0,268435969.0,0.0001189112663269043,7.897615432739258e-05,2.8967857360839844e-05,0.0,0.61602783203125
246,13.52075940114446,0.056869566440582275,-2.7034125328063965,0.0539931058883667,,0.4062512516975403,0.0,0.9964491128921509,-3.230973482131958,0.9963836669921875,0.0,0.0,0.0,0.30108642578125,0.0,268435969.0,-0.0001189112663269043,-0.0029554367065429688,3.641843795776367e-05,0.0,-0.64886474609375
247,13.576633958145976,0.05701172351837158,0.35317307710647583,0.057001709938049316,,0.17569279670715332,0.0,0.9964284896850586,0.06149774789810181,0.9963836669921875,0.0,0.0,0.0,0.69061279296875,0.0,268435969.0,0.00014215707778930664,0.003008604049682617,-2.0623207092285156e-05,0.0,0.3895263671875
248,13.633887433214113,0.0569186806678772,0.0678374171257019,0.04953646659851074,,-0.14706715941429138,0.0,0.996181845664978,0.5324705243110657,0.9963836669921875,0.0,0.0,0.0,0.06317138671875,0.0,268435969.0,-9.304285049438477e-05,-0.007465243339538574,-0.0002466440200805664,0.0,-0.62744140625
249,13.689529380062595,0.05322784185409546,-0.13797755539417267,0.05617344379425049,,0.5365458726882935,0.0,0.9965360760688782,0.3369448184967041,0.9963836669921875,0.0,0.0,0.0,0.33831787109375,0.0,268435969.0,-0.0036908388137817383,0.006636977195739746,0.0003542304039001465,0.0,0.275146484375
250,13.74551360309124,0.05652916431427002,-1.435585379600525,0.054776012897491455,,0.7472858428955078,0.0,0.996571958065033,0.5626530051231384,0.9963836669921875,0.0,0.0,0.0,0.39215087890625,0.0,268435969.0,0.0033013224601745605,-0.0013974308967590332,3.5881996154785156e-05,0.0,0.0538330078125
251,13.801739843096584,0.05696117877960205,0.1144486665725708,0.05691826343536377,,-3.629803419113159,0.0,0.9946805238723755,0.344932496547699,0.9963836669921875,0.0,0.0,0.0,0.151611328125,0.0,268435969.0,0.00043201446533203125,0.0021422505378723145,-0.0018914341926574707,0.0,-0.24053955078125
252,13.858140582218766,0.05695474147796631,0.12505143880844116,0.0569225549697876,,-0.40753841400146484,0.0,0.9962871670722961,0.5111480355262756,0.9963836669921875,0.0,0.0,0.0,0.3797607421875,0.0,268435969.0,-6.4373016357421875e-06,4.291534423828125e-06,0.0016066431999206543,0.0,0.2281494140625
253,13.914517580997199,0.05416995286941528,0.44072526693344116,0.05651742219924927,,0.7047887444496155,0.0,0.9965617656707764,0.2873997688293457,0.9963836669921875,0.0,0.0,0.0,0.2073974609375,0.0,268435969.0,-0.0027847886085510254,-0.0004051327705383301,0.0002745985984802246,0.0,-0.17236328125
254,13.971266170032322,0.056663691997528076,0.5271072387695312,0.056991636753082275,,0.3095055818557739,0.0,0.9964830279350281,0.14969807863235474,0.9963836669921875,0.0,0.0,0.0,0.265380859375,0.0,268435969.0,0.002493739128112793,0.0004742145538330078,-7.873773574829102e-05,0.0,0.0579833984375
255,14.027620965149254,0.05687350034713745,0.005253612995147705,0.05687159299850464,,0.0021541714668273926,0.0,0.9963843822479248,0.0009695291519165039,0.9963836669921875,0.0,0.0,0.0,0.05804443359375,0.0,268435969.0,0.000209808349609375,-0.00012004375457763672,-9.864568710327148e-05,0.0,-0.20733642578125
256,14.083491170080379,0.05688518285751343,0.01888054609298706,0.056877732276916504,,0.009112834930419922,0.0,0.996386706829071,0.0044040679931640625,0.9963836669921875,0.0,0.0,0.0,0.75384521484375,0.0,268435969.0,1.1682510375976562e-05,6.139278411865234e-06,2.3245811462402344e-06,0.0,0.69580078125
257,14.138776804087684,0.056869566440582275,-0.0002452135377097875,0.05100274085998535,,0.04045730084180832,0.0,0.9961718320846558,0.5228675007820129,0.9963836669921875,0.0,0.0,0.0,0.96026611328125,0.0,268435969.0,-1.5616416931152344e-05,-0.005874991416931152,-0.0002148747444152832,0.0,0.2064208984375
258,14.19383575511165,0.056869566440582275,-0.0002451539330650121,0.056869566440582275,,-0.00023025277187116444,0.0,0.9963837265968323,-0.00023770335246808827,0.9963836669921875,0.0,0.0,0.0,0.03936767578125,0.0,268435969.0,0.0,0.005866825580596924,0.00021189451217651367,0.0,-0.9208984375
259,14.248760947026312,0.05675739049911499,0.5082868933677673,0.05700284242630005,,0.32930904626846313,0.0,0.9964957237243652,0.19094431400299072,0.9963836669921875,0.0,0.0,0.0,0.57208251953125,0.0,268435969.0,-0.00011217594146728516,0.00013327598571777344,0.00011199712753295898,0.0,0.53271484375
260,14.30408739601262,0.056891798973083496,0.027225077152252197,0.05688142776489258,,0.01312112808227539,0.0,0.9963884353637695,0.006303846836090088,0.9963836669921875,0.0,0.0,0.0,0.604736328125,0.0,268435969.0,0.00013440847396850586,-0.0001214146614074707,-0.00010728836059570312,0.0,0.03265380859375
261,14.359502400038764,0.0568697452545166,0.0003808140754699707,0.0568697452545166,,0.00018709897994995117,0.0,0.9963837265968323,0.00011259317398071289,0.9963836669921875,0.0,0.0,0.0,0.7239990234375,0.0,268435969.0,-2.205371856689453e-05,-1.1682510375976562e-05,-4.708766937255859e-06,0.0,0.1192626953125
262,14.414645868120715,0.056869566440582275,-0.0002375245385337621,0.056869566440582275,,-0.00023007395793683827,0.0,0.9963837265968323,-0.0002375245385337621,0.9963836669921875,0.0,0.0,0.0,0.96636962890625,0.0,268435969.0,-1.7881393432617188e-07,-1.7881393432617188e-07,0.0,0.0,0.24237060546875
263,14.469751874217764,0.056869566440582275,-0.00023019316722638905,0.056869566440582275,,-0.00023019316722638905,0.0,0.9963837265968323,-0.00023764374782331288,0.9963836669921875,0.0,0.0,0.0,0.086669921875,0.0,268435969.0,0.0,0.0,0.0,0.0,-0.87969970703125
264,14.52512845210731,0.0568697452545166,0.0003807544708251953,0.0568697452545166,,0.00017213821411132812,0.0,0.9963837265968323,0.0001125335693359375,0.9963836669921875,0.0,0.0,0.0,0.84832763671875,0.0,268435969.0,1.7881393432617188e-07,1.7881393432617188e-07,0.0,0.0,0.76165771484375
265,14.580403346102685,0.05711299180984497,0.5415759086608887,0.05707675218582153,,0.28848713636398315,0.0,0.9964861869812012,0.15758788585662842,0.9963836669921875,0.0,0.0,0.0,0.45660400390625,0.0,268435969.0,0.00024324655532836914,0.00020700693130493164,0.00010246038436889648,0.0,-0.3917236328125
266,14.637034899089485,0.0568699836730957,0.0006935596466064453,0.05686980485916138,,0.00041788816452026367,0.0,0.9963839054107666,0.000186920166015625,0.9963836669921875,0.0,0.0,0.0,0.56915283203125,0.0,268435969.0,-0.00024300813674926758,-0.00020694732666015625,-0.00010228157043457031,0.0,0.112548828125
267,14.69199514715001,0.05702334642410278,0.3145049214363098,0.05699211359024048,,0.16538900136947632,0.0,0.9964379072189331,0.07531148195266724,0.9963836669921875,0.0,0.0,0.0,0.28546142578125,0.0,268435969.0,0.00015336275100708008,0.00012230873107910156,5.4001808166503906e-05,0.0,-0.28369140625
268,14.74739287304692,0.056869566440582275,-1.3589859918283764e-05,0.056869566440582275,,-6.574393046321347e-05,0.0,0.9963837265968323,-0.00011789799464168027,0.9963836669921875,0.0,0.0,0.0,0.95751953125,0.0,268435969.0,-0.0001537799835205078,-0.00012254714965820312,-5.418062210083008e-05,0.0,0.67205810546875
269,14.80209649214521,0.057019054889678955,0.2888007164001465,0.0569835901260376,,0.15042853355407715,0.0,0.9964374303817749,0.07460397481918335,0.9963836669921875,0.0,0.0,0.0,0.5745849609375,0.0,268435969.0,0.0001494884490966797,0.00011402368545532227,5.370378494262695e-05,0.0,-0.3829345703125
270,14.857419793028384,0.05701172351837158,0.35318100452423096,0.057001709938049316,,-3.490216016769409,0.0,0.9942156076431274,0.1455332636833191,0.9963836669921875,0.0,0.0,0.0,0.694091796875,0.0,268435969.0,-7.331371307373047e-06,1.811981201171875e-05,-0.002221822738647461,0.0,0.1195068359375
271,14.91275585303083,0.05689871311187744,0.0394442081451416,0.05688828229904175,,0.01900726556777954,0.0,0.996391236782074,0.01001441478729248,0.9963836669921875,0.0,0.0,0.0,0.3870849609375,0.0,268435969.0,-0.00011301040649414062,-0.00011342763900756836,0.002175629138946533,0.0,-0.3070068359375
272,14.96774471201934,0.04969596862792969,-0.4301511347293854,0.05493748188018799,,0.9708263278007507,0.0,0.9919730424880981,-0.07983235269784927,0.9963836669921875,0.0,0.0,0.0,0.213134765625,0.0,268435969.0,-0.007202744483947754,-0.0019508004188537598,-0.00441819429397583,0.0,-0.1739501953125
273,15.022755978163332,0.0568699836730957,0.0006189346313476562,0.0568697452545166,,0.0003432631492614746,0.0,0.996383786201477,0.0001569986343383789,0.9963836669921875,0.0,0.0,0.0,0.56854248046875,0.0,268435969.0,0.007174015045166016,0.0019322633743286133,0.004410743713378906,0.0,0.35540771484375
274,15.07799620507285,0.05688655376434326,0.022508680820465088,0.056880295276641846,,-1.305080533027649,0.0,0.9954113960266113,0.4120250642299652,0.9963836669921875,0.0,0.0,0.0,0.76312255859375,0.0,268435969.0,1.6570091247558594e-05,1.055002212524414e-05,-0.0009723901748657227,0.0,0.194580078125
275,15.133011045167223,0.057151854038238525,-1.3778802156448364,0.05422317981719971,,0.634551465511322,0.0,0.9965084791183472,0.580363392829895,0.9963836669921875,0.0,0.0,0.0,0.55712890625,0.0,268435969.0,0.00026530027389526367,-0.0026571154594421387,0.0010970830917358398,0.0,-0.20599365234375
276,15.188247772166505,0.05689382553100586,0.03267860412597656,0.05688375234603882,,0.017248451709747314,0.0,0.9963899850845337,0.009097516536712646,0.9963836669921875,0.0,0.0,0.0,0.1075439453125,0.0,268435969.0,-0.000258028507232666,0.0026605725288391113,-0.00011849403381347656,0.0,-0.4495849609375
277,15.24311527912505,0.056925177574157715,0.06938731670379639,0.052246153354644775,,0.23400790989398956,0.0,0.9941225647926331,0.7090645432472229,0.9963836669921875,0.0,0.0,0.0,0.30926513671875,0.0,268435969.0,3.135204315185547e-05,-0.004637598991394043,-0.0022674202919006348,0.0,0.20172119140625
278,15.298596154199913,0.05463379621505737,0.20317035913467407,0.05636489391326904,,0.5082269310951233,0.0,0.996530294418335,0.329256534576416,0.9963836669921875,0.0,0.0,0.0,0.7921142578125,0.0,268435969.0,-0.002291381359100342,0.004118740558624268,0.0024077296257019043,0.0,0.48284912109375
279,15.353629141114652,0.05699586868286133,0.19466114044189453,0.05695760250091553,,0.10605138540267944,0.0,0.9964187145233154,0.047296106815338135,0.9963836669921875,0.0,0.0,0.0,0.38287353515625,0.0,268435969.0,0.002362072467803955,0.0005927085876464844,-0.00011157989501953125,0.0,-0.40924072265625
280,15.408857350004837,0.05694359540939331,0.10602211952209473,0.0569148063659668,,-0.7845308780670166,0.0,0.9956894516944885,0.4905913472175598,0.9963836669921875,0.0,0.0,0.0,0.6787109375,0.0,268435969.0,-5.227327346801758e-05,-4.279613494873047e-05,-0.0007292628288269043,0.0,0.29583740234375
281,15.464158577146009,0.056869566440582275,0.00011962652206420898,0.056869566440582275,,5.257129669189453e-05,0.0,0.9963837265968323,-7.0333489929907955e-06,0.9963836669921875,0.0,0.0,0.0,0.81451416015625,0.0,268435969.0,-7.402896881103516e-05,-4.5239925384521484e-05,0.00069427490234375,0.0,0.13580322265625
282,15.519505360163748,0.056872546672821045,0.004008829593658447,0.056871235370635986,,0.0019673705101013184,0.0,0.9963843822479248,0.0009689927101135254,0.9963836669921875,0.0,0.0,0.0,0.38372802734375,0.0,268435969.0,2.9802322387695312e-06,1.6689300537109375e-06,6.556510925292969e-07,0.0,-0.4307861328125
283,15.574562329100445,0.0568123459815979,0.5825831890106201,0.05703502893447876,,0.3391205668449402,0.0,0.9965007305145264,0.19296997785568237,0.9963836669921875,0.0,0.0,0.0,0.64227294921875,0.0,268435969.0,-6.020069122314453e-05,0.00016379356384277344,0.0001163482666015625,0.0,0.258544921875
284,15.629601539112628,0.05691826343536377,0.0672566294670105,0.056898534297943115,,0.032663583755493164,0.0,0.9963955879211426,0.015728414058685303,0.9963836669921875,0.0,0.0,0.0,0.109375,0.0,268435969.0,0.00010591745376586914,-0.00013649463653564453,-0.00010514259338378906,0.0,-0.53289794921875
285,15.684743323130533,0.056869566440582275,-0.00024557116557843983,0.056869566440582275,,-2.703562021255493,0.0,0.9941479563713074,0.20317775011062622,0.9963836669921875,0.0,0.0,0.0,0.52020263671875,0.0,268435969.0,-4.869699478149414e-05,-2.8967857360839844e-05,-0.002247631549835205,0.0,0.41082763671875
286,15.739777681184933,0.056869566440582275,-0.00023800137569196522,0.056869566440582275,,-0.0002305507950950414,0.0,0.9963837265968323,-0.00023800137569196522,0.9963836669921875,0.0,0.0,0.0,0.12255859375,0.0,268435969.0,0.0,0.0,0.0022357702255249023,0.0,-0.39764404296875
287,15.795260759070516,0.056869566440582275,-0.00024539235164411366,0.056869566440582275,,-3.6814284324645996,0.0,0.9935072660446167,0.04044967144727707,0.9963836669921875,0.0,0.0,0.0,0.2091064453125,0.0,268435969.0,0.0,0.0,-0.002876460552215576,0.0,0.0865478515625
288,15.850247803144157,0.056869566440582275,-0.00023800137569196522,0.056869566440582275,,-0.00024545195628888905,0.0,0.9963837265968323,-0.00023800137569196522,0.9963836669921875,0.0,0.0,0.0,0.056884765625,0.0,268435969.0,0.0,0.0,0.002876460552215576,0.0,-0.1522216796875
289,15.905440123053268,0.056869566440582275,3.7729740142822266e-05,0.056869566440582275,,-2.1874906451557763e-05,0.0,0.9963837265968323,-8.14795566839166e-05,0.9963836669921875,0.0,0.0,0.0,0.02825927734375,0.0,268435969.0,0.0,0.0,0.0,0.0,-0.02862548828125
290,15.960770925041288,0.056879401206970215,0.013113260269165039,0.05687528848648071,,0.00630342960357666,0.0,0.996385931968689,0.003062427043914795,0.9963836669921875,0.0,0.0,0.0,0.09588623046875,0.0,268435969.0,9.834766387939453e-06,5.7220458984375e-06,2.205371856689453e-06,0.0,0.067626953125
291,16.0157854501158,0.04950737953186035,-0.8361188173294067,0.056988298892974854,,0.16149908304214478,0.0,0.9964366555213928,0.0804293155670166,0.9963836669921875,0.0,0.0,0.0,0.37677001953125,0.0,268435969.0,-0.007372021675109863,0.00011301040649414062,5.072355270385742e-05,0.0,0.2808837890625
292,16.074548750184476,0.05694860219955444,0.11464965343475342,0.056918323040008545,,0.0514836311340332,0.0,0.996400773525238,0.022783994674682617,0.9963836669921875,0.0,0.0,0.0,0.79736328125,0.0,268435969.0,0.007441222667694092,-6.99758529663086e-05,-3.5881996154785156e-05,0.0,0.42059326171875
293,16.130461807129905,0.05700284242630005,-2.3259518146514893,0.048264265060424805,,0.6379039883613586,0.0,0.9963993430137634,1.046508550643921,0.9963836669921875,0.0,0.0,0.0,0.19091796875,0.0,268435969.0,5.424022674560547e-05,-0.00865405797958374,-1.430511474609375e-06,0.0,-0.6064453125
294,16.18615468009375,0.056869566440582275,-0.00023108722234610468,0.056869566440582275,,-0.00023108722234610468,0.0,0.9963837265968323,-0.00023108722234610468,0.9963836669921875,0.0,0.0,0.0,0.34515380859375,0.0,268435969.0,-0.00013327598571777344,0.00860530138015747,-1.5616416931152344e-05,0.0,0.15423583984375
295,16.24227668112144,0.056869566440582275,0.0001042485237121582,0.056869566440582275,,3.719329833984375e-05,0.0,0.9963837265968323,-2.9861928851460107e-05,0.9963836669921875,0.0,0.0,0.0,0.1864013671875,0.0,268435969.0,0.0,0.0,0.0,0.0,-0.15875244140625
296,16.298533903202042,0.0568699836730957,0.0005587339401245117,0.0568697452545166,,-0.8361862897872925,0.0,0.9958792328834534,0.5171968340873718,0.9963836669921875,0.0,0.0,0.0,0.49945068359375,0.0,268435969.0,4.172325134277344e-07,1.7881393432617188e-07,-0.0005044937133789062,0.0,0.31304931640625
297,16.354464256204665,0.05638355016708374,0.5417389273643494,0.056945741176605225,,0.3883538246154785,0.0,0.9965062737464905,0.1957339644432068,0.9963836669921875,0.0,0.0,0.0,0.1392822265625,0.0,268435969.0,-0.0004864335060119629,7.599592208862305e-05,0.0006270408630371094,0.0,-0.36016845703125
298,16.410170351155102,0.056869566440582275,-0.00023061039973981678,0.056869566440582275,,-0.00024551156093366444,0.0,0.9963837265968323,-0.00024551156093366444,0.9963836669921875,0.0,0.0,0.0,0.7142333984375,0.0,268435969.0,0.00048601627349853516,-7.617473602294922e-05,-0.00012254714965820312,0.0,0.574951171875
299,16.46590481721796,0.0568697452545166,0.00016421079635620117,0.05221611261367798,,0.20346061885356903,0.0,0.9963480830192566,0.49228984117507935,0.9963836669921875,0.0,0.0,0.0,0.05615234375,0.0,268435969.0,1.7881393432617188e-07,-0.004653453826904297,-3.5643577575683594e-05,0.0,-0.6580810546875
300,16.52154282014817,0.05699533224105835,0.2073649764060974,0.05695474147796631,,0.10483753681182861,0.0,0.9935418367385864,0.08761906623840332,0.9963836669921875,0.0,0.0,0.0,0.97222900390625,0.0,268435969.0,0.00012558698654174805,0.00473862886428833,-0.002806246280670166,0.0,0.91607666015625
301,16.577273841015995,0.05687427520751953,0.005759477615356445,0.056872010231018066,,0.002570629119873047,0.0,0.9963845014572144,0.0011550188064575195,0.9963836669921875,0.0,0.0,0.0,0.076416015625,0.0,268435969.0,-0.00012105703353881836,-8.273124694824219e-05,0.0028426647186279297,0.0,-0.89581298828125
302,16.63307741819881,0.05697464942932129,0.16148388385772705,0.05693715810775757,,0.07356703281402588,0.0,0.9964079856872559,0.03267824649810791,0.9963836669921875,0.0,0.0,0.0,0.448974609375,0.0,268435969.0,0.00010037422180175781,6.514787673950195e-05,2.3484230041503906e-05,0.0,0.37255859375
303,16.68892179010436,0.05319875478744507,-0.1771002560853958,0.0561564564704895,,0.5192906856536865,0.0,0.9965303540229797,0.3293604850769043,0.9963836669921875,0.0,0.0,0.0,0.33465576171875,0.0,268435969.0,-0.0037758946418762207,-0.0007807016372680664,0.00012236833572387695,0.0,-0.11431884765625
304,16.744799996027723,0.05589419603347778,0.4642006754875183,0.0568922758102417,,0.4025396704673767,0.0,0.9965095520019531,0.20758777856826782,0.9963836669921875,0.0,0.0,0.0,0.36077880859375,0.0,268435969.0,0.002695441246032715,0.0007358193397521973,-2.0802021026611328e-05,0.0,0.026123046875
305,16.80078266421333,0.056497395038604736,0.7423083186149597,0.05702674388885498,,0.4493142366409302,0.0,0.9965178966522217,0.20073306560516357,0.9963836669921875,0.0,0.0,0.0,0.84686279296875,0.0,268435969.0,0.0006031990051269531,0.00013446807861328125,8.344650268554688e-06,0.0,0.486083984375
306,16.85767454910092,0.05686992406845093,0.0005435347557067871,0.0568697452545166,,0.0002753138542175293,0.0,0.9963837265968323,0.00012630224227905273,0.9963836669921875,0.0,0.0,0.0,0.5380859375,0.0,268435969.0,0.0003725290298461914,-0.0001569986343383789,-0.0001341700553894043,0.0,-0.30877685546875
307,16.913490070030093,0.05702948570251465,0.3858277201652527,0.057023048400878906,,0.20670831203460693,0.0,0.996457040309906,0.103607177734375,0.9963836669921875,0.0,0.0,0.0,0.5230712890625,0.0,268435969.0,0.0001595616340637207,0.0001533031463623047,7.331371307373047e-05,0.0,-0.0150146484375
308,16.9689173521474,0.056869566440582275,-0.00023913384939078242,0.056869566440582275,,-0.00023913384939078242,0.0,0.9963837265968323,-0.00023913384939078242,0.9963836669921875,0.0,0.0,0.0,0.74072265625,0.0,268435969.0,-0.00015991926193237305,-0.00015348196029663086,-7.331371307373047e-05,0.0,0.2176513671875
309,17.024655448039994,0.056924521923065186,0.06781470775604248,0.056899070739746094,,0.029853999614715576,0.0,0.9963935613632202,0.01310509443283081,0.9963836669921875,0.0,0.0,0.0,0.482421875,0.0,268435969.0,5.4955482482910156e-05,2.950429916381836e-05,9.834766387939453e-06,0.0,-0.25830078125
310,17.08056211611256,0.05694860219955444,0.04287785291671753,0.0568881630897522,,-0.4449566602706909,0.0,0.9960496425628662,0.5312631726264954,0.9963836669921875,0.0,0.0,0.0,0.41876220703125,0.0,268435969.0,2.4080276489257812e-05,-1.0907649993896484e-05,-0.0003439188003540039,0.0,-0.06365966796875
311,17.13793318415992,0.056869566440582275,-0.00023138524556998163,0.056869566440582275,,-0.0002239346649730578,0.0,0.9963837265968323,-0.0002239346649730578,0.9963836669921875,0.0,0.0,0.0,0.53485107421875,0.0,268435969.0,-7.903575897216797e-05,-1.8596649169921875e-05,0.00033408403396606445,0.0,0.1160888671875
312,17.19334607711062,0.056878507137298584,0.011995017528533936,0.056874752044677734,,-1.921952247619629,0.0,0.995409369468689,0.4656013548374176,0.9963836669921875,0.0,0.0,0.0,0.42059326171875,0.0,268435969.0,8.940696716308594e-06,5.185604095458984e-06,-0.0009743571281433105,0.0,-0.1142578125
313,17.249056839151308,0.056869566440582275,-0.00023877622152213007,0.056869566440582275,,-0.00023877622152213007,0.0,0.9963837265968323,-0.00023132564092520624,0.9963836669921875,0.0,0.0,0.0,0.4664306640625,0.0,268435969.0,-8.940696716308594e-06,-5.185604095458984e-06,0.0009743571281433105,0.0,0.04583740234375
314,17.304914323147386,0.056891798973083496,0.02983182668685913,0.056882500648498535,,0.013120174407958984,0.0,0.9963880181312561,0.005766451358795166,0.9963836669921875,0.0,0.0,0.0,0.345947265625,0.0,268435969.0,2.2232532501220703e-05,1.2934207916259766e-05,4.291534423828125e-06,0.0,-0.1204833984375
315,17.360698103206232,0.05652958154678345,0.5197598934173584,0.056988418102264404,,0.32956892251968384,0.0,0.9964958429336548,0.17580384016036987,0.9963836669921875,0.0,0.0,0.0,0.646728515625,0.0,268435969.0,-0.00036221742630004883,0.00010591745376586914,0.00010782480239868164,0.0,0.30078125
316,17.41608336707577,0.056869566440582275,-9.018183482112363e-05,0.056869566440582275,,-0.0001572370674693957,0.0,0.9963837265968323,-0.00022429229284171015,0.9963836669921875,0.0,0.0,0.0,0.89544677734375,0.0,268435969.0,0.0003399848937988281,-0.0001188516616821289,-0.00011211633682250977,0.0,0.24871826171875
317,17.471841018181294,0.05106031894683838,-0.3903290927410126,0.055925071239471436,,-2.1505215167999268,0.0,0.9952221512794495,0.7995210886001587,0.9963836669921875,0.0,0.0,0.0,0.6131591796875,0.0,268435969.0,-0.0058092474937438965,-0.0009444952011108398,-0.0011615753173828125,0.0,-0.28228759765625
318,17.527574965031818,0.05694860219955444,0.11444693803787231,0.05692249536514282,,-1.8714756965637207,0.0,0.9954260587692261,-1.4397670030593872,0.9963836669921875,0.0,0.0,0.0,0.83148193359375,0.0,268435969.0,0.0058882832527160645,0.0009974241256713867,0.00020390748977661133,0.0,0.21832275390625
319,17.583190710050985,0.056869566440582275,-0.00023305417562369257,0.056869566440582275,,-0.00023305417562369257,0.0,0.9963837265968323,-0.00023305417562369257,0.9963836669921875,0.0,0.0,0.0,0.32586669921875,0.0,268435969.0,-7.903575897216797e-05,-5.2928924560546875e-05,0.0009576678276062012,0.0,-0.505615234375
320,17.63929204409942,0.05514943599700928,0.3224215805530548,0.05665779113769531,,0.49234700202941895,0.0,0.9965313673019409,0.28437894582748413,0.9963836669921875,0.0,0.0,0.0,0.70330810546875,0.0,268435969.0,-0.001720130443572998,-0.0002117753028869629,0.00014764070510864258,0.0,0.37744140625
321,17.694665623130277,0.0567777156829834,0.711550235748291,0.057076454162597656,,0.3873903751373291,0.0,0.9965087175369263,0.20097684860229492,0.9963836669921875,0.0,0.0,0.0,0.76031494140625,0.0,268435969.0,0.001628279685974121,0.00041866302490234375,-2.2649765014648438e-05,0.0,0.0570068359375
322,17.7505757920444,0.05689966678619385,0.040699660778045654,0.05688720941543579,,0.01797538995742798,0.0,0.996390163898468,0.008677065372467041,0.9963836669921875,0.0,0.0,0.0,0.1639404296875,0.0,268435969.0,0.00012195110321044922,-0.00018924474716186523,-0.00011855363845825195,0.0,-0.59637451171875
323,17.806197684025392,0.053881824016571045,0.5503415465354919,0.05649876594543457,,-1.8879653215408325,0.0,0.9953230619430542,0.8612841367721558,0.9963836669921875,0.0,0.0,0.0,0.05389404296875,0.0,268435969.0,-0.0030178427696228027,-0.0003884434700012207,-0.0010671019554138184,0.0,-0.11004638671875
324,17.86193028022535,0.05694377422332764,0.10371649265289307,0.05691421031951904,,0.046123504638671875,0.0,0.9890365600585938,-1.905451774597168,0.9963836669921875,0.0,0.0,0.0,0.9332275390625,0.0,268435969.0,0.003061950206756592,0.00041544437408447266,-0.006286501884460449,0.0,0.87933349609375
325,17.917718430049717,0.05665767192840576,0.5193098187446594,0.0569881796836853,,0.3293796181678772,0.0,0.9964888691902161,0.16149568557739258,0.9963836669921875,0.0,0.0,0.0,0.60498046875,0.0,268435969.0,-0.000286102294921875,7.396936416625977e-05,0.0074523091316223145,0.0,-0.3282470703125
326,17.974348169052973,0.056869566440582275,-3.681417226791382,0.05319875478744507,,0.3220481276512146,0.0,0.9964060187339783,0.47233378887176514,0.9963836669921875,0.0,0.0,0.0,0.53594970703125,0.0,268435969.0,0.00021189451217651367,-0.0037894248962402344,-8.285045623779297e-05,0.0,-0.06903076171875
327,18.030058635165915,0.0569952130317688,-1.7204018831253052,0.05522829294204712,,0.5862532258033752,0.0,0.9965314269065857,0.4694579243659973,0.9963836669921875,0.0,0.0,0.0,0.6146240234375,0.0,268435969.0,0.00012564659118652344,0.0020295381546020508,0.00012540817260742188,0.0,0.07867431640625
328,18.085926397005096,0.056869566440582275,-0.00022679568792227656,0.056869566440582275,,-0.00022679568792227656,0.0,0.9963837265968323,-0.0002416968491161242,0.9963836669921875,0.0,0.0,0.0,0.5557861328125,0.0,268435969.0,-0.00012564659118652344,0.0016412734985351562,-0.00014770030975341797,0.0,-0.058837890625
329,18.14155519613996,0.056869566440582275,-0.0002341270592296496,0.056869566440582275,,-0.0002341270592296496,0.0,0.9963837265968323,-0.00022667647863272578,0.9963836669921875,0.0,0.0,0.0,0.42669677734375,0.0,268435969.0,0.0,0.0,0.0,0.0,-0.12908935546875
330,18.197492217179388,0.05689185857772827,0.4724308252334595,0.05701613426208496,,0.26336753368377686,0.0,0.9964688420295715,0.12486124038696289,0.9963836669921875,0.0,0.0,0.0,0.7830810546875,0.0,268435969.0,2.2292137145996094e-05,0.00014656782150268555,8.511543273925781e-05,0.0,0.35638427734375
331,18.253312923014164,0.056871235370635986,0.002366006374359131,0.05687052011489868,,0.0010696053504943848,0.0,0.9963840246200562,0.0005182623863220215,0.9963836669921875,0.0,0.0,0.0,0.17987060546875,0.0,268435969.0,-2.0623207092285156e-05,-0.0001456141471862793,-8.481740951538086e-05,0.0,-0.60321044921875
332,18.30893207504414,0.056869566440582275,9.34600830078125e-05,0.056869566440582275,,3.3855438232421875e-05,0.0,0.9963837265968323,-2.5749208361958154e-05,0.9963836669921875,0.0,0.0,0.0,0.4400634765625,0.0,268435969.0,-1.6689300537109375e-06,-9.5367431640625e-07,-2.980232238769531e-07,0.0,0.26019287109375
333,18.364308931166306,0.05413740873336792,0.3965686559677124,0.05649834871292114,,0.6852265000343323,0.0,0.996593177318573,0.4497583508491516,0.9963836669921875,0.0,0.0,0.0,0.6280517578125,0.0,268435969.0,-0.0027321577072143555,-0.0003712177276611328,0.00020945072174072266,0.0,0.18798828125
334,18.41957327001728,0.056869566440582275,-0.0002270937111461535,0.056869566440582275,,-0.0002270937111461535,0.0,0.9963837265968323,-0.00023454429174307734,0.9963836669921875,0.0,0.0,0.0,0.857666015625,0.0,268435969.0,0.0027321577072143555,0.0003712177276611328,-0.00020945072174072266,0.0,0.2296142578125
335,18.47556510521099,0.05687052011489868,0.0012704730033874512,0.05687004327774048,,0.000585019588470459,0.0,0.9963839054107666,0.0003018975257873535,0.9963836669921875,0.0,0.0,0.0,0.764892578125,0.0,268435969.0,9.5367431640625e-07,4.76837158203125e-07,1.7881393432617188e-07,0.0,-0.0927734375
336,18.531226775143296,0.05696117877960205,0.1363268494606018,0.0569271445274353,,0.056315064430236816,0.0,0.9917488694190979,-0.4389101564884186,0.9963836669921875,0.0,0.0,0.0,0.25140380859375,0.0,268435969.0,9.065866470336914e-05,5.710124969482422e-05,-0.004635035991668701,0.0,-0.51348876953125
337,18.5869656491559,0.05694270133972168,0.10490763187408447,0.056914329528808594,,0.04697936773300171,0.0,0.9963992834091187,0.02272772789001465,0.9963836669921875,0.0,0.0,0.0,0.0933837890625,0.0,268435969.0,-1.8477439880371094e-05,-1.2814998626708984e-05,0.004650413990020752,0.0,-0.15802001953125
338,18.642546819057316,0.05414080619812012,0.34690988063812256,0.05648398399353027,,0.6565709114074707,0.0,0.9965800046920776,0.40287864208221436,0.9963836669921875,0.0,0.0,0.0,0.17596435546875,0.0,268435969.0,-0.0028018951416015625,-0.0004303455352783203,0.00018072128295898438,0.0,0.08258056640625
339,18.698187545174733,0.056869566440582275,-0.00022757054830435663,0.056869566440582275,,-0.0002424717094982043,0.0,0.9963837265968323,-0.0002424717094982043,0.9963836669921875,0.0,0.0,0.0,0.34796142578125,0.0,268435969.0,0.002728760242462158,0.00038558244705200195,-0.00019627809524536133,0.0,0.1719970703125
340,18.753582569072023,0.05686962604522705,0.00016003847122192383,0.056869566440582275,,0.0001004338264465332,0.0,0.9963837265968323,3.337860107421875e-05,0.9963836669921875,0.0,0.0,0.0,0.2216796875,0.0,268435969.0,5.960464477539063e-08,0.0,0.0,0.0,-0.12628173828125
341,18.809093221090734,0.056834518909454346,0.4929189085960388,0.05114513635635376,,0.32532525062561035,0.0,0.9962702989578247,0.6677464842796326,0.9963836669921875,0.0,0.0,0.0,0.12176513671875,0.0,268435969.0,-3.510713577270508e-05,-0.005724430084228516,-0.00011342763900756836,0.0,-0.09991455078125
342,18.864693040028214,0.05691039562225342,0.05525660514831543,0.05689352750778198,,0.024359047412872314,0.0,0.9963917136192322,0.010694682598114014,0.9963836669921875,0.0,0.0,0.0,0.43359375,0.0,268435969.0,7.587671279907227e-05,0.005748391151428223,0.0001214146614074707,0.0,0.31182861328125
343,18.92036091419868,0.05690997838973999,0.0549662709236145,0.056893348693847656,,-3.6568758487701416,0.0,0.9946715235710144,0.3329252004623413,0.9963836669921875,0.0,0.0,0.0,0.56256103515625,0.0,268435969.0,-4.172325134277344e-07,-1.7881393432617188e-07,-0.0017201900482177734,0.0,0.12896728515625
344,18.97635369305499,0.056869566440582275,-0.00022763015294913203,0.056869566440582275,,-0.00024253131414297968,0.0,0.9963837265968323,-0.00022763015294913203,0.9963836669921875,0.0,0.0,0.0,0.3336181640625,0.0,268435969.0,-4.0411949157714844e-05,-2.378225326538086e-05,0.001712203025817871,0.0,-0.22894287109375
345,19.03158119902946,0.057001590728759766,0.22483205795288086,0.056961119174957275,,0.11442190408706665,0.0,0.9964284896850586,0.056195616722106934,0.9963836669921875,0.0,0.0,0.0,0.4971923828125,0.0,268435969.0,0.00013202428817749023,9.1552734375e-05,4.476308822631836e-05,0.0,0.16357421875
346,19.087376054143533,0.056878507137298584,0.011976659297943115,0.056874752044677734,,0.006306767463684082,0.0,0.996385931968689,0.003356337547302246,0.9963836669921875,0.0,0.0,0.0,0.64459228515625,0.0,268435969.0,-0.00012308359146118164,-8.636713027954102e-05,-4.2557716369628906e-05,0.0,0.14739990234375
347,19.142358284210786,0.056869566440582275,-0.00022745133901480585,0.056869566440582275,,-0.0002423525002086535,0.0,0.9927129149436951,-0.17735011875629425,0.9963836669921875,0.0,0.0,0.0,0.76763916015625,0.0,268435969.0,-8.940696716308594e-06,-5.185604095458984e-06,-0.0036730170249938965,0.0,0.123046875
348,19.1975590121001,0.056877732276916504,0.010940790176391602,0.05687427520751953,,-1.9219560623168945,0.0,0.995409369468689,0.4091072380542755,0.9963836669921875,0.0,0.0,0.0,0.06787109375,0.0,268435969.0,8.165836334228516e-06,4.708766937255859e-06,0.0026964545249938965,0.0,-0.69976806640625
349,19.25313568301499,0.05687284469604492,0.003676772117614746,0.05687081813812256,,0.0012702345848083496,0.0,0.9963840842247009,0.0005847811698913574,0.9963836669921875,0.0,0.0,0.0,0.4088134765625,0.0,268435969.0,-4.887580871582031e-06,-3.4570693969726562e-06,0.0009747147560119629,0.0,0.3409423828125
350,19.312863960163668,0.056869566440582275,1.8656253814697266e-05,0.056869566440582275,,-4.0948394598672166e-05,0.0,0.9963837265968323,-0.0001005530430120416,0.9963836669921875,0.0,0.0,0.0,0.40484619140625,0.0,268435969.0,-3.2782554626464844e-06,-1.2516975402832031e-06,-3.5762786865234375e-07,0.0,-0.00396728515625
351,19.3685136300046,0.05706876516342163,0.20075196027755737,0.05693012475967407,,0.06341540813446045,0.0,0.989030659198761,-1.303632140159607,0.9963836669921875,0.0,0.0,0.0,0.44598388671875,0.0,268435969.0,0.00019919872283935547,6.0558319091796875e-05,-0.007353067398071289,0.0,0.0411376953125
352,19.42919230903499,0.05692088603973389,0.025304973125457764,0.05688059329986572,,0.013324439525604248,0.0,0.9963884949684143,0.007028698921203613,0.9963836669921875,0.0,0.0,0.0,0.68707275390625,0.0,268435969.0,-0.00014787912368774414,-4.953145980834961e-05,0.00735783576965332,0.0,0.2410888671875
353,19.485164922196418,0.05683410167694092,0.4925089478492737,0.057002902030944824,,0.32952749729156494,0.0,0.9964958429336548,0.1910584568977356,0.9963836669921875,0.0,0.0,0.0,0.76531982421875,0.0,268435969.0,-8.678436279296875e-05,0.00012230873107910156,0.00010734796524047852,0.0,0.0782470703125
354,19.539839616045356,0.0568697452545166,0.00013720989227294922,0.056869566440582275,,0.4984022080898285,0.0,0.996415376663208,0.03578078746795654,0.9963836669921875,0.0,0.0,0.0,0.6121826171875,0.0,268435969.0,3.5643577575683594e-05,-0.00013333559036254883,-8.046627044677734e-05,0.0,-0.15313720703125
355,19.618576769018546,0.056869566440582275,7.736682891845703e-05,0.056869566440582275,,-4.58955855719978e-06,0.0,0.9963837265968323,-0.00023555757070425898,0.9963836669921875,0.0,0.0,0.0,0.56146240234375,0.0,268435969.0,-1.7881393432617188e-07,0.0,-3.165006637573242e-05,0.0,-0.05072021484375
356,19.678628970170394,0.055568039417266846,0.5041685700416565,0.05689436197280884,,0.40468841791152954,0.0,0.9965103268623352,0.20846247673034668,0.9963836669921875,0.0,0.0,0.0,0.83868408203125,0.0,268435969.0,-0.0013015270233154297,2.47955322265625e-05,0.0001266002655029297,0.0,0.2772216796875
357,19.734973970102146,0.056961119174957275,0.12482964992523193,0.05692249536514282,,0.05619490146636963,0.0,0.996400773525238,0.022674739360809326,0.9963836669921875,0.0,0.0,0.0,0.12481689453125,0.0,268435969.0,0.0013930797576904297,2.8133392333984375e-05,-0.00010955333709716797,0.0,-0.7138671875
358,19.794400731101632,0.05687093734741211,-4.995262145996094,0.04682046175003052,,1.340570330619812,0.0,0.9967689514160156,0.9951016306877136,0.9963836669921875,0.0,0.0,0.0,0.71746826171875,0.0,268435969.0,-9.018182754516602e-05,-0.010102033615112305,0.0003681778907775879,0.0,0.5926513671875
359,19.852317685028538,0.05698847770690918,0.17570912837982178,0.05694270133972168,,0.08790403604507446,0.0,0.996415376663208,0.04289507865905762,0.9963836669921875,0.0,0.0,0.0,0.19451904296875,0.0,268435969.0,0.00011754035949707031,0.010122239589691162,-0.0003535747528076172,0.0,-0.52294921875
360,19.908884406089783,0.05687391757965088,0.0058806538581848145,0.056872010231018066,,0.002907872200012207,0.0,0.9963847994804382,0.0017232298851013184,0.9963836669921875,0.0,0.0,0.0,0.2891845703125,0.0,268435969.0,-0.00011456012725830078,-7.069110870361328e-05,-3.057718276977539e-05,0.0,0.09466552734375
361,19.96359943319112,0.056869566440582275,-0.00023621322179678828,0.056869566440582275,,-0.00023621322179678828,0.0,0.9905169010162354,-1.3161206245422363,0.9963836669921875,0.0,0.0,0.0,0.20654296875,0.0,268435969.0,-4.351139068603516e-06,-2.4437904357910156e-06,-0.005867898464202881,0.0,-0.0826416015625
362,20.01858381112106,0.05687665939331055,0.009471714496612549,0.05687403678894043,,0.004986464977264404,0.0,0.9963855147361755,0.002617180347442627,0.9963836669921875,0.0,0.0,0.0,0.5211181640625,0.0,268435969.0,7.092952728271484e-06,4.470348358154297e-06,0.0058686137199401855,0.0,0.3145751953125
363,20.073403746122494,0.05707991123199463,0.3053123950958252,0.05699574947357178,,0.1536334753036499,0.0,0.9964301586151123,0.06865215301513672,0.9963836669921875,0.0,0.0,0.0,0.664306640625,0.0,268435969.0,0.00020325183868408203,0.00012171268463134766,4.464387893676758e-05,0.0,0.1431884765625
364,20.132418397115543,0.05589324235916138,0.46289974451065063,0.05683392286300659,,0.4723247289657593,0.0,0.996529757976532,0.30628854036331177,0.9963836669921875,0.0,0.0,0.0,0.284912109375,0.0,268435969.0,-0.001186668872833252,-0.00016182661056518555,9.959936141967773e-05,0.0,-0.37939453125
365,20.18679690803401,0.056974709033966064,0.14439475536346436,0.05693596601486206,,0.08519244194030762,0.0,0.9964144825935364,0.04543614387512207,0.9963836669921875,0.0,0.0,0.0,0.864990234375,0.0,268435969.0,0.0010814666748046875,0.00010204315185546875,-0.00011527538299560547,0.0,0.580078125
366,20.24131041811779,0.05690312385559082,0.04543638229370117,0.056889235973358154,,-3.657137393951416,0.0,0.9935168623924255,-0.16323219239711761,0.9963836669921875,0.0,0.0,0.0,0.7098388671875,0.0,268435969.0,-7.158517837524414e-05,-4.673004150390625e-05,-0.00289762020111084,0.0,-0.1551513671875
367,20.295556856086478,0.056869566440582275,-0.00010913611185969785,0.056869566440582275,,-0.00015383960271719843,0.0,0.9963837265968323,-0.00021344424749258906,0.9963836669921875,0.0,0.0,0.0,0.2236328125,0.0,268435969.0,-3.355741500854492e-05,-1.9669532775878906e-05,0.0028668642044067383,0.0,-0.4862060546875
368,20.349924330133945,0.056876420974731445,0.009100079536437988,0.056873857975006104,,0.005263030529022217,0.0,0.9963857531547546,0.0030725598335266113,0.9963836669921875,0.0,0.0,0.0,0.65704345703125,0.0,268435969.0,6.854534149169922e-06,4.291534423828125e-06,2.0265579223632812e-06,0.0,0.43341064453125
369,20.40406354609877,0.056869566440582275,-0.00024294854665640742,0.056869566440582275,,-0.00024294854665640742,0.0,0.9963837265968323,-0.00024294854665640742,0.9963836669921875,0.0,0.0,0.0,0.721435546875,0.0,268435969.0,-6.854534149169922e-06,-4.291534423828125e-06,-2.0265579223632812e-06,0.0,0.06439208984375
370,20.45842348318547,0.0568697452545166,0.0001818537712097168,0.056869566440582275,,0.00012224912643432617,0.0,0.9963837265968323,-3.681105613708496,0.9963836669921875,0.0,0.0,0.0,0.72589111328125,0.0,268435969.0,1.7881393432617188e-07,0.0,0.0,0.0,0.00445556640625
371,20.51255493913777,0.056882500648498535,0.017265737056732178,0.056877732276916504,,0.009993970394134521,0.0,0.9963876605033875,0.005784392356872559,0.9963836669921875,0.0,0.0,0.0,0.32769775390625,0.0,268435969.0,1.2755393981933594e-05,8.165836334228516e-06,3.933906555175781e-06,0.0,-0.398193359375
372,20.5666925071273,0.05701565742492676,0.2843540906906128,0.056988537311553955,,0.17568737268447876,0.0,0.9964513182640076,0.10483235120773315,0.9963836669921875,0.0,0.0,0.0,0.61053466796875,0.0,268435969.0,0.00013315677642822266,0.00011080503463745117,6.365776062011719e-05,0.0,0.2828369140625
373,20.620805650018156,0.05714207887649536,0.4904671907424927,0.057079970836639404,,0.2995460629463196,0.0,0.99649977684021,-3.5034615993499756,0.9963836669921875,0.0,0.0,0.0,0.558837890625,0.0,268435969.0,0.00012642145156860352,9.143352508544922e-05,4.845857620239258e-05,0.0,-0.05169677734375
374,20.67505101300776,0.056870102882385254,0.0008741021156311035,0.05686992406845093,,0.0004941225051879883,0.0,0.9963839054107666,0.0003153085708618164,0.9963836669921875,0.0,0.0,0.0,0.31298828125,0.0,268435969.0,-0.0002719759941101074,-0.00021004676818847656,-0.00011587142944335938,0.0,-0.245849609375
375,20.72921154415235,0.056869566440582275,-0.00024342538381461054,0.056869566440582275,,-2.7035675048828125,0.0,0.9941479563713074,0.04045157879590988,0.9963836669921875,0.0,0.0,0.0,0.42041015625,0.0,268435969.0,-5.364418029785156e-07,-3.5762786865234375e-07,-0.0022359490394592285,0.0,0.107421875
376,20.783435926074162,0.0569072961807251,0.056202054023742676,0.05689382553100586,,0.027226746082305908,0.0,0.989031195640564,-1.9133368730545044,0.9963836669921875,0.0,0.0,0.0,0.639404296875,0.0,268435969.0,3.7729740142822266e-05,2.4259090423583984e-05,-0.005116760730743408,0.0,0.218994140625
377,20.837796345120296,0.05696326494216919,0.13887286186218262,0.05693328380584717,,0.08202493190765381,0.0,0.9964132905006409,0.04375874996185303,0.9963836669921875,0.0,0.0,0.0,0.33367919921875,0.0,268435969.0,5.59687614440918e-05,3.9458274841308594e-05,0.007382094860076904,0.0,-0.30572509765625
378,20.892072431044653,0.05687296390533447,0.004471957683563232,0.056871652603149414,,0.00257951021194458,0.0,0.9963846802711487,0.0015140771865844727,0.9963836669921875,0.0,0.0,0.0,0.6185302734375,0.0,268435969.0,-9.03010368347168e-05,-6.16312026977539e-05,-2.86102294921875e-05,0.0,0.28485107421875
379,20.946557552088052,0.05687063932418823,0.0015140771865844727,0.056870222091674805,,0.0008882284164428711,0.0,0.9963840246200562,0.0005380511283874512,0.9963836669921875,0.0,0.0,0.0,0.311279296875,0.0,268435969.0,-2.3245811462402344e-06,-1.430511474609375e-06,-6.556510925292969e-07,0.0,-0.3072509765625
380,21.000708028208464,0.056882500648498535,0.017406046390533447,0.056877851486206055,,0.0100746750831604,0.0,0.9963876605033875,0.005857646465301514,0.9963836669921875,0.0,0.0,0.0,0.364013671875,0.0,268435969.0,1.1861324310302734e-05,7.62939453125e-06,3.635883331298828e-06,0.0,0.052734375
381,21.054922003066167,0.056869566440582275,8.344650268554688e-05,0.056869566440582275,,3.8743019104003906e-05,0.0,0.9963837265968323,-5.960465387033764e-06,0.9963836669921875,0.0,0.0,0.0,0.30908203125,0.0,268435969.0,-1.2934207916259766e-05,-8.285045623779297e-06,-3.933906555175781e-06,0.0,-0.054931640625
382,21.109071885002777,0.056869566440582275,-0.00022959712077863514,0.05100280046463013,,-0.46408042311668396,0.0,0.9919998049736023,-0.000944657891523093,0.9963836669921875,0.0,0.0,0.0,0.350341796875,0.0,268435969.0,0.0,-0.0058667659759521484,-0.0043839216232299805,0.0,0.041259765625
383,21.163316268008202,0.04952460527420044,-1.2925993204116821,0.05464494228363037,,0.3357103168964386,0.0,0.9962769746780396,0.5270412564277649,0.9963836669921875,0.0,0.0,0.0,0.97454833984375,0.0,268435969.0,-0.007344961166381836,0.003642141819000244,0.004277169704437256,0.0,0.62420654296875
384,21.217527798144147,0.05701559782028198,0.28427159786224365,0.05698847770690918,,0.175664484500885,0.0,0.9964513182640076,0.10482436418533325,0.9963836669921875,0.0,0.0,0.0,0.917236328125,0.0,268435969.0,0.007490992546081543,0.0023435354232788086,0.00017434358596801758,0.0,-0.05731201171875
385,21.27193351299502,0.05665791034698486,0.5195086002349854,0.05696636438369751,,-1.5254597663879395,0.0,0.99480140209198,0.4668404757976532,0.9963836669921875,0.0,0.0,0.0,0.322998046875,0.0,268435969.0,-0.00035768747329711914,-2.2113323211669922e-05,-0.0016499161720275879,0.0,-0.59423828125
386,21.326068562222645,0.05692857503890991,0.08052074909210205,0.05690765380859375,,0.0427016019821167,0.0,0.992729902267456,-0.4391423761844635,0.9963836669921875,0.0,0.0,0.0,0.179931640625,0.0,268435969.0,0.00027066469192504883,-5.8710575103759766e-05,-0.0020714998245239258,0.0,-0.14306640625
387,21.380333815002814,0.056869566440582275,-0.00023591519857291132,0.056869566440582275,,-0.00023591519857291132,0.0,0.9963837265968323,-0.00024336577916983515,0.9669342041015625,0.0,0.0,0.0,0.5020751953125,0.0,268435969.0,-5.900859832763672e-05,-3.808736801147461e-05,0.0036538243293762207,-0.029449462890625,0.3221435546875
388,21.434567808173597,0.05683410167694092,0.5085340142250061,0.051136136054992676,,-0.11062409728765488,0.0,0.9957963824272156,0.6879887580871582,0.9963836669921875,0.0,0.0,0.0,0.640869140625,0.0,268435969.0,-3.546476364135742e-05,-0.0057334303855896,-0.0005873441696166992,0.029449462890625,0.1387939453125
389,21.488689524121583,0.056914329528808594,0.06726616621017456,0.056898534297943115,,0.03578001260757446,0.0,0.9963979125022888,0.02070748805999756,0.9963836669921875,0.0,0.0,0.0,0.3887939453125,0.0,268435969.0,8.022785186767578e-05,0.0057623982429504395,0.0006015300750732422,0.0,-0.2520751953125
390,21.542945036198944,0.05687063932418823,0.0015148520469665527,0.056870222091674805,,0.0008890032768249512,0.0,0.9963840246200562,0.0005388259887695312,0.9963836669921875,0.0,0.0,0.0,0.680908203125,0.0,268435969.0,-4.369020462036133e-05,-2.8312206268310547e-05,-1.3887882232666016e-05,0.0,0.2921142578125
391,21.597066530026495,0.056869566440582275,-0.00022858382726553828,0.056869566440582275,,-0.0002360344078624621,0.0,0.9963837265968323,-0.0002360344078624621,0.9963836669921875,0.0,0.0,0.0,0.18023681640625,0.0,268435969.0,-1.0728836059570312e-06,-6.556510925292969e-07,-2.980232238769531e-07,0.0,-0.50067138671875
392,21.65132519020699,0.056869566440582275,-0.00024336577916983515,0.056869566440582275,,-0.00024336577916983515,0.0,0.9963837265968323,-0.00024336577916983515,0.9963836669921875,0.0,0.0,0.0,0.91033935546875,0.0,268435969.0,0.0,0.0,0.0,0.0,0.7301025390625
393,21.705463314196095,0.056869566440582275,-0.00010931492579402402,0.056869566440582275,,-2.7034707069396973,0.0,0.9941479563713074,0.04053347557783127,0.9963836669921875,0.0,0.0,0.0,0.982421875,0.0,268435969.0,0.0,0.0,-0.0022357702255249023,0.0,0.07208251953125
394,21.75981867709197,0.05700021982192993,0.200519859790802,0.05696040391921997,,0.11921912431716919,0.0,0.9964305758476257,0.06982922554016113,0.9963836669921875,0.0,0.0,0.0,0.5281982421875,0.0,268435969.0,0.00013065338134765625,9.083747863769531e-05,0.0022826194763183594,0.0,-0.4542236328125
395,21.81394509715028,0.05700284242630005,0.40203577280044556,0.057012200355529785,,0.24350976943969727,0.0,0.9964752793312073,0.1483062505722046,0.9963836669921875,0.0,0.0,0.0,0.96307373046875,0.0,268435969.0,2.6226043701171875e-06,5.179643630981445e-05,4.470348358154297e-05,0.0,0.43487548828125
396,21.868093406083062,0.056884050369262695,0.01914358139038086,0.05687868595123291,,0.01106715202331543,0.0,0.9963876605033875,0.005888998508453369,0.9963836669921875,0.0,0.0,0.0,0.70379638671875,0.0,268435969.0,-0.00011879205703735352,-0.000133514404296875,-8.761882781982422e-05,0.0,-0.25927734375
397,21.922323307022452,0.056869566440582275,-0.0001610517647350207,0.056869566440582275,,-0.00020575524831656367,0.0,0.9963837265968323,-0.00022810699010733515,0.9963836669921875,0.0,0.0,0.0,0.95147705078125,0.0,268435969.0,-1.4483928680419922e-05,-9.119510650634766e-06,-3.933906555175781e-06,0.0,0.2476806640625
398,21.97633283911273,0.05687350034713745,0.005308091640472412,0.056872010231018066,,0.003110170364379883,0.0,0.996384859085083,0.0018286705017089844,0.9963836669921875,0.0,0.0,0.0,0.80731201171875,0.0,268435969.0,3.933906555175781e-06,2.4437904357910156e-06,1.1324882507324219e-06,0.0,-0.1441650390625
399,22.03061251807958,0.056869566440582275,-5.644560224027373e-05,0.056869566440582275,,-0.0001011490894597955,0.0,0.9963837265968323,-0.0001458525803172961,0.9963836669921875,0.0,0.0,0.0,0.299560546875,0.0,268435969.0,-3.933906555175781e-06,-2.4437904357910156e-06,-1.1324882507324219e-06,0.0,-0.50775146484375
400,22.084807011066005,0.056879401206970215,0.013145864009857178,0.05687582492828369,,0.00760263204574585,0.0,0.996386706829071,0.004406332969665527,0.9963836669921875,0.0,0.0,0.0,0.57965087890625,0.0,268435969.0,9.834766387939453e-06,6.258487701416016e-06,2.9802322387695312e-06,0.0,0.28009033203125
401,22.139093801146373,0.05700796842575073,0.2331838607788086,0.05697178840637207,,0.14093822240829468,0.0,0.9964300990104675,0.06958401203155518,0.9963836669921875,0.0,0.0,0.0,0.13800048828125,0.0,268435969.0,0.00012856721878051758,9.59634780883789e-05,4.3392181396484375e-05,0.0,-0.441650390625
402,22.193589608184993,0.056964993476867676,0.14119070768356323,0.056934356689453125,,0.0833667516708374,0.0,0.9964165687561035,0.04866194725036621,0.9963836669921875,0.0,0.0,0.0,0.490234375,0.0,268435969.0,-4.297494888305664e-05,-3.743171691894531e-05,-1.3530254364013672e-05,0.0,0.35223388671875
403,22.24806923000142,0.05334824323654175,0.131527379155159,0.056020140647888184,,0.6906487941741943,0.0,0.9965227842330933,0.587689220905304,0.9963836669921875,0.0,0.0,0.0,0.27264404296875,0.0,268435969.0,-0.0036167502403259277,-0.0009142160415649414,0.0001062154769897461,0.0,-0.21759033203125
404,22.30235687107779,0.056869685649871826,0.0001437067985534668,0.056869566440582275,,9.1552734375e-05,0.0,0.9963837265968323,4.684925079345703e-05,0.9963836669921875,0.0,0.0,0.0,0.81378173828125,0.0,268435969.0,0.003521442413330078,0.0008494257926940918,-0.00013905763626098633,0.0,0.5411376953125
405,22.356605309061706,0.057006895542144775,0.22275209426879883,0.056968510150909424,,0.12257158756256104,0.0,0.9964317083358765,0.07198214530944824,0.9963836669921875,0.0,0.0,0.0,0.31561279296875,0.0,268435969.0,0.00013720989227294922,9.894371032714844e-05,4.798173904418945e-05,0.0,-0.4981689453125
406,22.410961765097454,0.056869566440582275,-0.00024342538381461054,0.056869566440582275,,-0.00024342538381461054,0.0,0.9963837265968323,-0.00022852422262076288,0.9963836669921875,0.0,0.0,0.0,0.59423828125,0.0,268435969.0,-0.0001373291015625,-9.894371032714844e-05,-4.798173904418945e-05,0.0,0.27862548828125
407,22.46522744302638,0.05686575174331665,0.5351856350898743,0.05702322721481323,,0.37805289030075073,0.0,0.9965193271636963,0.23928582668304443,0.9963836669921875,0.0,0.0,0.0,0.92742919921875,0.0,268435969.0,-3.814697265625e-06,0.00015366077423095703,0.00013560056686401367,0.0,0.33319091796875
408,22.519456955138594,0.05692017078399658,0.6184980869293213,0.057061076164245605,,0.4274801015853882,0.0,0.9965387582778931,0.2682313919067383,0.9963836669921875,0.0,0.0,0.0,0.2120361328125,0.0,268435969.0,5.441904067993164e-05,3.784894943237305e-05,1.9431114196777344e-05,0.0,-0.71539306640625
409,22.573720375075936,0.056872010231018066,0.003444969654083252,0.056871116161346436,,0.0020219087600708008,0.0,0.9963844418525696,0.0010831356048583984,0.9963836669921875,0.0,0.0,0.0,0.31561279296875,0.0,268435969.0,-4.8160552978515625e-05,-0.00018996000289916992,-0.00015431642532348633,0.0,0.10357666015625
410,22.628078849054873,0.05697089433670044,0.14429837465286255,0.05693674087524414,,0.0845596194267273,0.0,0.9964171648025513,0.04916936159133911,0.9963836669921875,0.0,0.0,0.0,0.557373046875,0.0,268435969.0,9.888410568237305e-05,6.562471389770508e-05,3.272294998168945e-05,0.0,0.24176025390625
411,22.68233288009651,0.056871891021728516,0.0034372806549072266,0.056870996952056885,,0.0018205046653747559,0.0,0.9963843822479248,0.001075446605682373,0.9963836669921875,0.0,0.0,0.0,0.3035888671875,0.0,268435969.0,-9.900331497192383e-05,-6.574392318725586e-05,-3.2782554626464844e-05,0.0,-0.2537841796875
412,22.736452171113342,0.05687075853347778,0.0018652081489562988,0.056870341300964355,,0.000993490219116211,0.0,0.9963840842247009,0.0005762577056884766,0.9963836669921875,0.0,0.0,0.0,0.3193359375,0.0,268435969.0,-1.1324882507324219e-06,-6.556510925292969e-07,-2.980232238769531e-07,0.0,0.0157470703125
413,22.79060664610006,0.05687379837036133,0.005657613277435303,0.05687224864959717,,0.0032734274864196777,0.0,0.9963849782943726,0.0018950700759887695,0.9963836669921875,0.0,0.0,0.0,0.15386962890625,0.0,268435969.0,3.039836883544922e-06,1.9073486328125e-06,8.940696716308594e-07,0.0,-0.16546630859375
414,22.84483467717655,0.056870222091674805,0.0010605454444885254,0.0568699836730957,,0.0006358623504638672,0.0,0.9963839054107666,0.00041979551315307617,0.9963836669921875,0.0,0.0,0.0,0.51678466796875,0.0,268435969.0,-3.5762786865234375e-06,-2.2649765014648438e-06,-1.0728836059570312e-06,0.0,0.3629150390625
415,22.898852431215346,0.056874752044677734,0.0069092512130737305,0.051006019115448,,-0.4598473310470581,0.0,0.9956721663475037,0.5004878640174866,0.9963836669921875,0.0,0.0,0.0,0.8109130859375,0.0,268435969.0,4.5299530029296875e-06,-0.005863964557647705,-0.0007117390632629395,0.0,0.29412841796875
416,22.95310425804928,0.056869566440582275,-0.00023579598928336054,0.056869566440582275,,-0.00024324656988028437,0.0,0.9963837265968323,-0.00024324656988028437,0.9963836669921875,0.0,0.0,0.0,0.33636474609375,0.0,268435969.0,-5.185604095458984e-06,0.005863547325134277,0.0007115602493286133,0.0,-0.47454833984375
417,23.0074619371444,0.05711245536804199,-2.9244697093963623,0.05346548557281494,,0.5007112622261047,0.0,0.9962161779403687,0.7975572943687439,0.9963836669921875,0.0,0.0,0.0,0.43365478515625,0.0,268435969.0,0.0002428889274597168,-0.003404080867767334,-0.00016754865646362305,0.0,0.0972900390625
418,23.06170906010084,0.056869566440582275,-0.00022852422262076288,0.056869566440582275,,-0.00022852422262076288,0.0,0.9963837265968323,-0.0002359748032176867,0.9963836669921875,0.0,0.0,0.0,0.46875,0.0,268435969.0,-0.0002428889274597168,0.003404080867767334,0.00016754865646362305,0.0,0.03509521484375
419,23.116221756208688,0.056892216205596924,0.030467689037322998,0.04952043294906616,,-0.8203887939453125,0.0,0.9954139590263367,0.41560298204421997,0.9963836669921875,0.0,0.0,0.0,0.05303955078125,0.0,268435969.0,2.2649765014648438e-05,-0.007349133491516113,-0.0009697675704956055,0.0,-0.41571044921875
420,23.170604712096974,0.05463379621505737,0.04045157879590988,0.05615639686584473,,0.5169162154197693,0.0,0.996480405330658,0.42641401290893555,0.9963836669921875,0.0,0.0,0.0,0.38470458984375,0.0,268435969.0,-0.0022584199905395508,0.0066359639167785645,0.001066446304321289,0.0,0.3316650390625
421,23.224727706052363,0.056869566440582275,-0.00022876264119986445,0.056869566440582275,,-0.00023621322179678828,0.0,0.9963837265968323,-0.00023621322179678828,0.9963836669921875,0.0,0.0,0.0,0.2159423828125,0.0,268435969.0,0.0022357702255249023,0.0007131695747375488,-9.66787338256836e-05,0.0,-0.16876220703125
422,23.278986477060243,0.04950922727584839,-1.3129918575286865,0.05463516712188721,,0.3239455223083496,0.0,0.9962722659111023,0.5202981233596802,0.9963836669921875,0.0,0.0,0.0,0.199462890625,0.0,268435969.0,-0.007360339164733887,-0.0022343993186950684,-0.00011146068572998047,0.0,-0.0164794921875
423,23.333340526092798,0.056869566440582275,-0.0002444982819724828,0.056869566440582275,,-0.0002444982819724828,0.0,0.9963837265968323,-0.00022959712077863514,0.9963836669921875,0.0,0.0,0.0,0.22711181640625,0.0,268435969.0,0.007360339164733887,0.0022343993186950684,0.00011146068572998047,0.0,0.02764892578125
424,23.38760516815819,0.05688142776489258,0.01587080955505371,0.056877076625823975,,0.009187638759613037,0.0,0.9963873028755188,0.005343139171600342,0.9669342041015625,0.0,0.0,0.0,0.5869140625,0.0,268435969.0,1.1861324310302734e-05,7.510185241699219e-06,3.5762786865234375e-06,-0.029449462890625,0.35980224609375
425,23.441721866140142,0.05463379621505737,0.20323818922042847,0.05636489391326904,,0.5229128003120422,0.0,0.9965023398399353,0.4264650344848633,0.9963836669921875,0.0,0.0,0.0,0.31646728515625,0.0,268435969.0,-0.002247631549835205,-0.0005121827125549316,0.0001150369644165039,0.029449462890625,-0.27044677734375
426,23.49598773010075,0.057001709938049316,0.22486746311187744,0.056967854499816895,,0.13610869646072388,0.0,0.9964366555213928,0.08042305707931519,0.9963836669921875,0.0,0.0,0.0,0.4261474609375,0.0,268435969.0,0.0023679137229919434,0.0006029605865478516,-6.568431854248047e-05,0.0,0.10968017578125
427,23.550086428178474,0.05321592092514038,-0.15430015325546265,0.05590420961380005,,0.5115880966186523,0.0,0.9964543581008911,0.4571988582611084,0.9963836669921875,0.0,0.0,0.0,0.84600830078125,0.0,268435969.0,-0.0037857890129089355,-0.0010636448860168457,1.7702579498291016e-05,0.0,0.41986083984375
428,23.604454532032833,0.049507200717926025,-1.9277093410491943,0.05463385581970215,,0.32221707701683044,0.0,0.996271550655365,0.5192998647689819,0.9963836669921875,0.0,0.0,0.0,0.8846435546875,0.0,268435969.0,-0.0037087202072143555,-0.0012703537940979004,-0.00018280744552612305,0.0,0.03863525390625
429,23.658726193010807,0.0568767786026001,0.010596632957458496,0.05687415599822998,,-1.3103020191192627,0.0,0.9954094290733337,0.40933680534362793,0.9963836669921875,0.0,0.0,0.0,0.97064208984375,0.0,268435969.0,0.007369577884674072,0.002240300178527832,-0.00086212158203125,0.0,0.08599853515625
430,23.712984612211585,0.056869566440582275,4.649162292480469e-05,0.056869566440582275,,-5.662442163156811e-06,0.0,0.9963837265968323,-3.6812334060668945,0.9963836669921875,0.0,0.0,0.0,0.52459716796875,0.0,268435969.0,-7.212162017822266e-06,-4.589557647705078e-06,0.0009742975234985352,0.0,-0.446044921875
431,23.7672264771536,0.056872546672821045,0.0038979649543762207,0.05687141418457031,,0.0022588372230529785,0.0,0.9917311072349548,-0.8351494073867798,0.9669342041015625,0.0,0.0,0.0,0.145751953125,0.0,268435969.0,2.9802322387695312e-06,1.8477439880371094e-06,-0.004652619361877441,-0.029449462890625,-0.37884521484375
432,23.82148043322377,0.056981563568115234,0.1756783127784729,0.05694854259490967,,0.10483819246292114,0.0,0.9964248538017273,0.061498165130615234,0.9963836669921875,0.0,0.0,0.0,0.9920654296875,0.0,268435969.0,0.00010901689529418945,7.712841033935547e-05,0.004693746566772461,0.029449462890625,0.8463134765625
433,23.87560822418891,0.056891798973083496,0.029825866222381592,0.05688375234603882,,0.017234385013580322,0.0,0.9963905811309814,0.009962618350982666,0.9963836669921875,0.0,0.0,0.0,0.06402587890625,0.0,268435969.0,-8.976459503173828e-05,-6.479024887084961e-05,-3.427267074584961e-05,0.0,-0.92803955078125
434,23.92985112615861,0.0568697452545166,0.00017249584197998047,0.056869566440582275,,0.00012034177780151367,0.0,0.9963837265968323,7.56382942199707e-05,0.9963836669921875,0.0,0.0,0.0,0.70660400390625,0.0,268435969.0,-2.205371856689453e-05,-1.4185905456542969e-05,-6.854534149169922e-06,0.0,0.642578125
435,23.98410615604371,0.05688142776489258,0.015856385231018066,0.056877076625823975,,0.009173214435577393,0.0,0.9963870048522949,0.00486677885055542,0.9963836669921875,0.0,0.0,0.0,0.5538330078125,0.0,268435969.0,1.1682510375976562e-05,7.510185241699219e-06,3.2782554626464844e-06,0.0,-0.15277099609375
436,24.038353169104084,0.056869566440582275,0.00010579824447631836,0.056869566440582275,,4.6193599700927734e-05,0.0,0.9963837265968323,1.4901157783242525e-06,0.9963836669921875,0.0,0.0,0.0,0.78436279296875,0.0,268435969.0,-1.1861324310302734e-05,-7.510185241699219e-06,-3.2782554626464844e-06,0.0,0.23052978515625
437,24.092875994043425,0.056988298892974854,0.426696240901947,0.05701726675033569,,0.28443485498428345,0.0,0.9964888691902161,0.17570853233337402,0.9963836669921875,0.0,0.0,0.0,0.69378662109375,0.0,268435969.0,0.00011873245239257812,0.00014770030975341797,0.00010514259338378906,0.0,-0.090576171875
438,24.147127784090117,0.05687052011489868,0.0013874173164367676,0.05687016248703003,,0.0008137226104736328,0.0,0.9963839650154114,0.0005082488059997559,0.9963836669921875,0.0,0.0,0.0,0.3502197265625,0.0,268435969.0,-0.00011777877807617188,-0.00014710426330566406,-0.0001049041748046875,0.0,-0.34356689453125
439,24.201363538159057,0.05514925718307495,0.4062148928642273,0.05665767192840576,,0.4921647906303406,0.0,0.996530294418335,0.32930999994277954,0.9963836669921875,0.0,0.0,0.0,0.48431396484375,0.0,268435969.0,-0.0017212629318237305,-0.00021249055862426758,0.00014632940292358398,0.0,0.13409423828125
440,24.25588108622469,0.056869566440582275,0.00012093782424926758,0.056869566440582275,,7.623434066772461e-05,0.0,0.9963837265968323,2.4080276489257812e-05,0.9963836669921875,0.0,0.0,0.0,0.4722900390625,0.0,268435969.0,0.0017203092575073242,0.00021189451217651367,-0.00014656782150268555,0.0,-0.01202392578125
441,24.31013550516218,0.056869566440582275,-0.00022894145513419062,0.056869566440582275,,-0.00023639203573111445,0.0,0.9963837265968323,-0.00023639203573111445,0.9963836669921875,0.0,0.0,0.0,0.619384765625,0.0,268435969.0,0.0,0.0,0.0,0.0,0.1470947265625
442,24.364505684003234,0.056869566440582275,-0.00023621322179678828,0.056869566440582275,,-2.7035677433013916,0.0,0.994663417339325,0.32203859090805054,0.9963836669921875,0.0,0.0,0.0,0.2650146484375,0.0,268435969.0,0.0,0.0,-0.0017203092575073242,0.0,-0.3543701171875
443,24.419801912037656,0.056869566440582275,-0.0002368092827964574,0.056869566440582275,,-0.00022935870219953358,0.0,0.9963837265968323,-0.00024425986339338124,0.9963836669921875,0.0,0.0,0.0,0.229248046875,0.0,268435969.0,0.0,0.0,0.0017203092575073242,0.0,-0.0357666015625
444,24.475294825155288,0.0568697452545166,0.00016570091247558594,0.056869566440582275,,9.119510650634766e-05,0.0,0.9963837265968323,3.159046173095703e-05,0.9963836669921875,0.0,0.0,0.0,0.0948486328125,0.0,268435969.0,1.7881393432617188e-07,0.0,0.0,0.0,-0.1343994140625
445,24.531001644209027,0.056869566440582275,-0.00016200543905142695,0.056869566440582275,,-0.00022161008382681757,0.0,0.9963837265968323,-0.0002290606644237414,0.9963836669921875,0.0,0.0,0.0,0.2293701171875,0.0,268435969.0,-1.7881393432617188e-07,0.0,0.0,0.0,0.134521484375
446,24.58611085615121,0.057003140449523926,0.3779175281524658,0.057007551193237305,,0.22514337301254272,0.0,0.9964627623558044,0.10503256320953369,0.9963836669921875,0.0,0.0,0.0,0.482666015625,0.0,268435969.0,0.0001335740089416504,0.0001379847526550293,7.903575897216797e-05,0.0,0.2532958984375
447,24.641429659212008,0.056869566440582275,-0.00024431946803815663,0.056869566440582275,,-0.00022941830684430897,0.0,0.9963837265968323,-0.00022941830684430897,0.9963836669921875,0.0,0.0,0.0,0.52581787109375,0.0,268435969.0,-0.0001335740089416504,-0.0001379847526550293,-7.903575897216797e-05,0.0,0.04315185546875
448,24.696244668215513,0.05688190460205078,0.016437232494354248,0.056877315044403076,,0.007943570613861084,0.0,0.9963868260383606,0.004188477993011475,0.9963836669921875,0.0,0.0,0.0,0.3160400390625,0.0,268435969.0,1.233816146850586e-05,7.748603820800781e-06,3.0994415283203125e-06,0.0,-0.20977783203125
449,24.751373324077576,0.056999921798706055,0.21355760097503662,0.05696403980255127,,0.12848687171936035,0.0,0.9964297413825989,0.06923985481262207,0.9963836669921875,0.0,0.0,0.0,0.243408203125,0.0,268435969.0,0.00011801719665527344,8.672475814819336e-05,4.291534423828125e-05,0.0,-0.0726318359375
450,24.80629131407477,0.05103766918182373,-0.7891271114349365,0.055583298206329346,,0.5212512612342834,0.0,0.9964581727981567,0.48569709062576294,0.9963836669921875,0.0,0.0,0.0,0.7801513671875,0.0,268435969.0,-0.005962252616882324,-0.0013807415962219238,2.8431415557861328e-05,0.0,0.5367431640625
451,24.86128978501074,0.056869566440582275,-2.151727858290542e-05,0.056869566440582275,,-7.367134821834043e-05,0.0,0.9963837265968323,-0.00013327600026968867,0.9963836669921875,0.0,0.0,0.0,0.4754638671875,0.0,268435969.0,0.005831897258758545,0.0012862682342529297,-7.444620132446289e-05,0.0,-0.3046875
452,24.917305214097723,0.056907474994659424,0.051655709743499756,0.05689394474029541,,0.027426421642303467,0.0,0.9963927865028381,0.013218164443969727,0.9963836669921875,0.0,0.0,0.0,0.694580078125,0.0,268435969.0,3.790855407714844e-05,2.4378299713134766e-05,9.059906005859375e-06,0.0,0.2191162109375
453,24.97238987009041,0.0568697452545166,0.0004184246063232422,0.0568697452545166,,0.000209808349609375,0.0,0.9963837265968323,0.00012040138244628906,0.9963836669921875,0.0,0.0,0.0,0.132080078125,0.0,268435969.0,-3.7729740142822266e-05,-2.4199485778808594e-05,-9.059906005859375e-06,0.0,-0.5625
454,25.02765591419302,0.05463379621505737,0.20316356420516968,0.05652916431427002,,0.5082201361656189,0.0,0.996530294418335,0.2842780351638794,0.9963836669921875,0.0,0.0,0.0,0.28546142578125,0.0,268435969.0,-0.0022359490394592285,-0.00034058094024658203,0.00014656782150268555,0.0,0.15338134765625
455,25.083010309142992,0.05687427520751953,0.0064310431480407715,0.056872546672821045,,0.0034731626510620117,0.0,0.9963849186897278,0.0018861889839172363,0.9963836669921875,0.0,0.0,0.0,0.37286376953125,0.0,268435969.0,0.002240478992462158,0.0003433823585510254,-0.00014537572860717773,0.0,0.08740234375
456,25.13828676007688,0.056869566440582275,-0.00023740532924421132,0.056869566440582275,,-0.0002299547486472875,0.0,0.9963837265968323,-0.00023740532924421132,0.9963836669921875,0.0,0.0,0.0,0.560791015625,0.0,268435969.0,-4.708766937255859e-06,-2.9802322387695312e-06,-1.1920928955078125e-06,0.0,0.18792724609375
457,25.19371215510182,0.056974709033966064,0.14854294061660767,0.056932032108306885,,0.07370930910110474,0.0,0.9964080452919006,0.0299222469329834,0.9963836669921875,0.0,0.0,0.0,0.240478515625,0.0,268435969.0,0.00010514259338378906,6.246566772460938e-05,2.4318695068359375e-05,0.0,-0.3203125
458,25.249198865145445,0.05687081813812256,0.0016475319862365723,0.056870222091674805,,0.0008130669593811035,0.0,0.9963839054107666,0.00047779083251953125,0.9963836669921875,0.0,0.0,0.0,0.55523681640625,0.0,268435969.0,-0.00010389089584350586,-6.181001663208008e-05,-2.4139881134033203e-05,0.0,0.31475830078125
459,25.304171280004084,0.056874215602874756,0.006237149238586426,0.05687248706817627,,0.0033090710639953613,0.0,0.9963847398757935,0.0016177892684936523,0.9963836669921875,0.0,0.0,0.0,0.83013916015625,0.0,268435969.0,3.3974647521972656e-06,2.2649765014648438e-06,8.344650268554688e-07,0.0,0.27490234375
460,25.359269677195698,0.0568697452545166,-2.703047275543213,0.053993284702301025,,0.32233551144599915,0.0,0.9942942261695862,0.4877607822418213,0.9963836669921875,0.0,0.0,0.0,0.7872314453125,0.0,268435969.0,-4.470348358154297e-06,-0.002879202365875244,-0.0020905137062072754,0.0,-0.04290771484375
461,25.415677826153114,0.056898534297943115,0.03919106721878052,0.05688661336898804,,0.02072852849960327,0.0,0.9963905811309814,0.009992241859436035,0.9963836669921875,0.0,0.0,0.0,0.263671875,0.0,268435969.0,2.8789043426513672e-05,0.0028933286666870117,0.0020963549613952637,0.0,-0.5235595703125
462,25.470585075207055,0.05589330196380615,0.46315115690231323,0.05683392286300659,,0.4503212571144104,0.0,0.9965264201164246,0.2843893766403198,0.9963836669921875,0.0,0.0,0.0,0.71478271484375,0.0,268435969.0,-0.0010052323341369629,-5.269050598144531e-05,0.00013583898544311523,0.0,0.45111083984375
463,25.525554325198755,0.05687016248703003,0.0008872151374816895,0.05686992406845093,,0.0004774332046508789,0.0,0.9963839054107666,0.0002390146255493164,0.9963836669921875,0.0,0.0,0.0,0.4127197265625,0.0,268435969.0,0.000976860523223877,3.600120544433594e-05,-0.00014251470565795898,0.0,-0.30206298828125
464,25.581137941218913,0.05562031269073486,0.48676198720932007,0.056695520877838135,,0.5351088047027588,0.0,0.9965469241142273,0.3270587921142578,0.9963836669921875,0.0,0.0,0.0,0.9727783203125,0.0,268435969.0,-0.001249849796295166,-0.00017440319061279297,0.00016301870346069336,0.0,0.56005859375
465,25.63612020900473,0.056869566440582275,-0.00014853478933218867,0.056869566440582275,,-0.0002081394341075793,0.0,0.9963837265968323,-0.00023794177104718983,0.9963836669921875,0.0,0.0,0.0,0.8721923828125,0.0,268435969.0,0.0012492537498474121,0.00017404556274414062,-0.00016319751739501953,0.0,-0.1005859375
466,25.691388827050105,0.056870341300964355,0.0011706352233886719,0.05687004327774048,,0.0005969405174255371,0.0,0.9963839054107666,0.00034362077713012695,0.9963836669921875,0.0,0.0,0.0,0.8778076171875,0.0,268435969.0,7.748603820800781e-07,4.76837158203125e-07,1.7881393432617188e-07,0.0,0.005615234375
467,25.74668974103406,0.057016193866729736,0.3293464779853821,0.056995272636413574,,0.1757006049156189,0.0,0.9964413046836853,0.08788061141967773,0.9963836669921875,0.0,0.0,0.0,0.167236328125,0.0,268435969.0,0.00014585256576538086,0.0001252293586730957,5.739927291870117e-05,0.0,-0.7105712890625
468,25.801754601066932,0.05636489391326904,0.5169147849082947,0.05693495273590088,,0.4019821286201477,0.0,0.9965157508850098,0.24350082874298096,0.9963836669921875,0.0,0.0,0.0,0.337890625,0.0,268435969.0,-0.0006512999534606934,-6.031990051269531e-05,7.444620132446289e-05,0.0,0.170654296875
469,25.856676370138302,0.056869566440582275,-0.00023007395793683827,0.056869566440582275,,-0.00023007395793683827,0.0,0.9963837265968323,-0.0002449751191306859,0.9963836669921875,0.0,0.0,0.0,0.65081787109375,0.0,268435969.0,0.0005046725273132324,-6.538629531860352e-05,-0.00013202428817749023,0.0,0.31292724609375
470,25.91268387204036,0.05687445402145386,0.006602346897125244,0.056872427463531494,,0.0028696060180664062,0.0,0.9963847994804382,0.001535952091217041,0.9963836669921875,0.0,0.0,0.0,0.6207275390625,0.0,268435969.0,4.887580871582031e-06,2.86102294921875e-06,1.0728836059570312e-06,0.0,-0.03009033203125
471,25.968180063180625,0.05701792240142822,0.30740469694137573,0.05698901414871216,,0.16195446252822876,0.0,0.9964414238929749,0.08062392473220825,0.9963836669921875,0.0,0.0,0.0,0.395263671875,0.0,268435969.0,0.00014346837997436523,0.00011658668518066406,5.6624412536621094e-05,0.0,-0.2254638671875
472,26.023527255048975,0.056881725788116455,0.016139090061187744,0.0568772554397583,,0.008479893207550049,0.0,0.9963867664337158,-3.6771063804626465,0.9963836669921875,0.0,0.0,0.0,0.24884033203125,0.0,268435969.0,-0.00013619661331176758,-0.00011175870895385742,-5.46574592590332e-05,0.0,-0.14642333984375
473,26.078821114031598,0.056869566440582275,3.838539123535156e-05,0.056869566440582275,,-1.3768673852609936e-05,0.0,0.9963837265968323,-6.592274439753965e-05,0.9963836669921875,0.0,0.0,0.0,0.42486572265625,0.0,268435969.0,-1.2159347534179688e-05,-7.68899917602539e-06,-3.039836883544922e-06,0.0,0.176025390625
474,26.1336745491717,0.05692249536514282,0.07356071472167969,0.056904137134552,,0.0391688346862793,0.0,0.9963979125022888,0.02070629596710205,0.9963836669921875,0.0,0.0,0.0,0.72503662109375,0.0,268435969.0,5.2928924560546875e-05,3.457069396972656e-05,1.4185905456542969e-05,0.0,0.3001708984375
475,26.188346374081448,0.05249142646789551,0.5647701025009155,0.05643337965011597,,0.953332781791687,0.0,0.9966562390327454,0.667521059513092,0.9963836669921875,0.0,0.0,0.0,0.485595703125,0.0,268435969.0,-0.0044310688972473145,-0.00047075748443603516,0.00025832653045654297,0.0,-0.23944091796875
476,26.24386612116359,0.056869566440582275,-0.00015574695135001093,0.056869566440582275,,-0.00022280217672232538,0.0,0.9963837265968323,-0.00023770335246808827,0.9963836669921875,0.0,0.0,0.0,0.15673828125,0.0,268435969.0,0.004378139972686768,0.0004361867904663086,-0.00027251243591308594,0.0,-0.328857421875
477,26.299648051150143,0.056869566440582275,-0.00023764374782331288,0.056869566440582275,,-0.00023764374782331288,0.0,0.9963837265968323,-0.00023019316722638905,0.9963836669921875,0.0,0.0,0.0,0.501220703125,0.0,268435969.0,0.0,0.0,0.0,0.0,0.344482421875
478,26.35539905517362,0.056869566440582275,0.00010514259338378906,0.049507200717926025,,-0.17706964910030365,0.0,0.9960433840751648,0.517100989818573,0.9963836669921875,0.0,0.0,0.0,0.2667236328125,0.0,268435969.0,0.0,-0.00736236572265625,-0.00034034252166748047,0.0,-0.2344970703125
479,26.410645322175696,0.049507200717926025,-1.3161290884017944,0.05514925718307495,,0.4628908038139343,0.0,0.996480405330658,0.45010560750961304,0.9963836669921875,0.0,0.0,0.0,0.74432373046875,0.0,268435969.0,-0.00736236572265625,0.005642056465148926,0.00043702125549316406,0.0,0.47760009765625
480,26.465788070112467,0.056869566440582275,-3.6811225414276123,0.05221611261367798,,0.040710870176553726,0.0,0.9961718916893005,0.5230317115783691,0.9963836669921875,0.0,0.0,0.0,0.4110107421875,0.0,268435969.0,0.00736236572265625,-0.0029331445693969727,-0.0003085136413574219,0.0,-0.33331298828125
481,26.520799375139177,0.05701720714569092,0.3063909411430359,0.056988537311553955,,0.1614995002746582,0.0,0.9964412450790405,0.08788776397705078,0.9963836669921875,0.0,0.0,0.0,0.46697998046875,0.0,268435969.0,0.00014764070510864258,0.0047724246978759766,0.00026935338973999023,0.0,0.05596923828125
482,26.575954827014357,0.056890130043029785,0.027366578578948975,0.056882619857788086,,0.014424920082092285,0.0,0.9963894486427307,0.007600188255310059,0.9963836669921875,0.0,0.0,0.0,0.4366455078125,0.0,268435969.0,-0.0001270771026611328,-0.00010591745376586914,-5.179643630981445e-05,0.0,-0.03033447265625
483,26.630954280029982,0.056869566440582275,-3.6812567710876465,0.05221611261367798,,-0.26050111651420593,0.0,0.995458722114563,0.9860406517982483,0.9963836669921875,0.0,0.0,0.0,0.5408935546875,0.0,268435969.0,-2.0563602447509766e-05,-0.004666507244110107,-0.0009307265281677246,0.0,0.104248046875
484,26.686163381207734,0.056869566440582275,-2.8610231311176904e-05,0.056869566440582275,,-8.821488154353574e-05,0.0,0.9963837265968323,-0.00014036895299796015,0.9963836669921875,0.0,0.0,0.0,0.35015869140625,0.0,268435969.0,0.0,0.004653453826904297,0.0009250044822692871,0.0,-0.19073486328125
485,26.741276759188622,0.0568697452545166,0.00041109323501586914,0.0568697452545166,,0.00020992755889892578,0.0,0.9963837265968323,0.00010561943054199219,0.9963836669921875,0.0,0.0,0.0,0.64385986328125,0.0,268435969.0,1.7881393432617188e-07,1.7881393432617188e-07,0.0,0.0,0.293701171875
486,26.797062319004908,0.0568697452545166,0.00029271841049194336,0.056869685649871826,,0.00015115737915039062,0.0,0.9963837265968323,8.410215377807617e-05,0.9963836669921875,0.0,0.0,0.0,0.8675537109375,0.0,268435969.0,0.0,-5.960464477539063e-08,0.0,0.0,0.22369384765625
487,26.852713657077402,0.056869566440582275,-0.0001540184166515246,0.056869566440582275,,-0.00021362306142691523,0.0,0.9963837265968323,-0.0002359748032176867,0.9963836669921875,0.0,0.0,0.0,0.8785400390625,0.0,268435969.0,-1.7881393432617188e-07,-1.1920928955078125e-07,0.0,0.0,0.010986328125
488,26.908403884153813,0.05717146396636963,0.550518274307251,0.05710470676422119,,0.28389179706573486,0.0,0.9964854121208191,0.15333527326583862,0.9963836669921875,0.0,0.0,0.0,0.1707763671875,0.0,268435969.0,0.0003018975257873535,0.00023514032363891602,0.0001016855239868164,0.0,-0.707763671875
489,26.96343093016185,0.05686992406845093,0.0005759596824645996,0.0568697452545166,,0.00032263994216918945,0.0,0.996383786201477,0.00015872716903686523,0.9963836669921875,0.0,0.0,0.0,0.57025146484375,0.0,268435969.0,-0.00030153989791870117,-0.00023496150970458984,-0.00010162591934204102,0.0,0.39947509765625
490,27.018778048222885,0.056870996952056885,0.001983940601348877,0.056870460510253906,,-0.8354911804199219,0.0,0.9956709146499634,0.4636070132255554,0.9963836669921875,0.0,0.0,0.0,0.02618408203125,0.0,268435969.0,1.0728836059570312e-06,7.152557373046875e-07,-0.0007128715515136719,0.0,-0.5440673828125
491,27.074172165011987,0.05683481693267822,0.4934540390968323,0.05700337886810303,,0.33003300428390503,0.0,0.9964891076087952,0.161798894405365,0.9963836669921875,0.0,0.0,0.0,0.43231201171875,0.0,268435969.0,-3.618001937866211e-05,0.0001329183578491211,0.0008181929588317871,0.0,0.4061279296875
492,27.129337488207966,0.05688661336898804,0.02080446481704712,0.056876420974731445,,0.007624387741088867,0.0,0.996386706829071,0.00404810905456543,0.9963836669921875,0.0,0.0,0.0,0.28631591796875,0.0,268435969.0,5.179643630981445e-05,-0.00012695789337158203,-0.0001024007797241211,0.0,-0.14599609375
493,27.18491203105077,0.05687183141708374,0.0030947327613830566,0.05687081813812256,,0.0013960003852844238,0.0,0.9963841438293457,0.0007627010345458984,0.9963836669921875,0.0,0.0,0.0,0.99346923828125,0.0,268435969.0,-1.4781951904296875e-05,-5.602836608886719e-06,-2.562999725341797e-06,0.0,0.7071533203125
494,27.240180982043967,0.05688661336898804,0.022689878940582275,0.056878507137298584,,0.009100019931793213,0.0,0.9963870048522949,0.004018723964691162,0.9963836669921875,0.0,0.0,0.0,0.3343505859375,0.0,268435969.0,1.4781951904296875e-05,7.68899917602539e-06,2.86102294921875e-06,0.0,-0.65911865234375
495,27.29591870913282,0.0546342134475708,0.20382103323936462,0.05652940273284912,,0.50860196352005,0.0,0.9965303540229797,0.3294825553894043,0.9963836669921875,0.0,0.0,0.0,0.69647216796875,0.0,268435969.0,-0.0022523999214172363,-0.0003491044044494629,0.00014334917068481445,0.0,0.36212158203125
496,27.351444030180573,0.056869566440582275,-0.0001463294174754992,0.049507200717926025,,-0.8366453647613525,0.0,0.99604332447052,0.5229217410087585,0.9963836669921875,0.0,0.0,0.0,0.13653564453125,0.0,268435969.0,0.0022353529930114746,-0.007022202014923096,-0.0004870295524597168,0.0,-0.5599365234375
497,27.406847258098423,0.05668473243713379,0.5410417914390564,0.05700385570526123,,0.37036389112472534,0.0,0.9965089559555054,0.21640509366989136,0.9963836669921875,0.0,0.0,0.0,0.8060302734375,0.0,268435969.0,-0.00018483400344848633,0.007496654987335205,0.00046563148498535156,0.0,0.66949462890625
498,27.462070340057835,0.0568697452545166,0.00033795833587646484,0.0568697452545166,,-0.8363326787948608,0.0,0.9956706762313843,0.4631231427192688,0.9963836669921875,0.0,0.0,0.0,0.22674560546875,0.0,268435969.0,0.0001850128173828125,-0.0001341104507446289,-0.0008382797241210938,0.0,-0.57928466796875
499,27.5174186991062,0.056869566440582275,-3.468990689725615e-05,0.056869566440582275,,-8.684397471370175e-05,0.0,0.9963837265968323,-0.00015389920736197382,0.9963836669921875,0.0,0.0,0.0,0.54901123046875,0.0,268435969.0,-1.7881393432617188e-07,-1.7881393432617188e-07,0.000713050365447998,0.0,0.322265625
500,27.57279440900311,0.056871235370635986,0.00235670804977417,0.05687063932418823,,0.001268923282623291,0.0,0.9963840842247009,0.0006356239318847656,0.9963836669921875,0.0,0.0,0.0,0.45550537109375,0.0,268435969.0,1.6689300537109375e-06,1.0728836059570312e-06,3.5762786865234375e-07,0.0,-0.093505859375
501,27.628170397132635,0.05686992406845093,0.0005834698677062988,0.0568697452545166,,0.000359952449798584,0.0,0.9963838458061218,0.00014388561248779297,0.9963836669921875,0.0,0.0,0.0,0.33990478515625,0.0,268435969.0,-1.3113021850585938e-06,-8.940696716308594e-07,-2.384185791015625e-07,0.0,-0.1156005859375
502,27.683422720059752,0.056869566440582275,9.906291961669922e-05,0.056869566440582275,,3.9458274841308594e-05,0.0,0.9963837265968323,-1.2695790246652905e-05,0.9963836669921875,0.0,0.0,0.0,0.80987548828125,0.0,268435969.0,-3.5762786865234375e-07,-1.7881393432617188e-07,-1.1920928955078125e-07,0.0,0.469970703125
503,27.73856430221349,0.056937336921691895,0.09636807441711426,0.056914448738098145,,0.05159008502960205,0.0,0.996400773525238,0.024998962879180908,0.9963836669921875,0.0,0.0,0.0,0.95758056640625,0.0,268435969.0,6.777048110961914e-05,4.488229751586914e-05,1.704692840576172e-05,0.0,0.147705078125
504,27.79384197620675,0.056869566440582275,2.473592758178711e-05,0.056869566440582275,,-3.486872083158232e-05,0.0,0.9963837265968323,-1.9277982711791992,0.9963836669921875,0.0,0.0,0.0,0.244873046875,0.0,268435969.0,-6.777048110961914e-05,-4.488229751586914e-05,-1.704692840576172e-05,0.0,-0.71270751953125
505,27.849085446214303,0.056869566440582275,-3.681389570236206,0.0539931058883667,,0.32206088304519653,0.0,0.9963480830192566,0.508250892162323,0.9963836669921875,0.0,0.0,0.0,0.23236083984375,0.0,268435969.0,0.0,-0.002876460552215576,-3.5643577575683594e-05,0.0,-0.01251220703125
506,27.90445550903678,0.056869566440582275,0.00012093782424926758,0.056869566440582275,,5.3882598876953125e-05,0.0,0.9963837265968323,1.728534357425815e-06,0.9963836669921875,0.0,0.0,0.0,0.02630615234375,0.0,268435969.0,0.0,0.002876460552215576,3.5643577575683594e-05,0.0,-0.2060546875
507,27.9595912580844,0.056869566440582275,-0.00023657084966544062,0.056869566440582275,,-0.00024402143026236445,0.0,0.9963837265968323,-0.00024402143026236445,0.9963836669921875,0.0,0.0,0.0,0.480712890625,0.0,268435969.0,0.0,0.0,0.0,0.0,0.45440673828125
508,28.014943357091397,0.05687040090560913,0.0012090802192687988,0.05687004327774048,,0.00024050474166870117,0.0,0.9905169606208801,-1.3157556056976318,0.9963836669921875,0.0,0.0,0.0,0.76708984375,0.0,268435969.0,8.344650268554688e-07,4.76837158203125e-07,-0.0058667659759521484,0.0,0.286376953125
509,28.071804967010394,0.05687528848648071,0.007713258266448975,0.05687284469604492,,0.003794252872467041,0.0,0.9963849186897278,0.001886904239654541,0.9963836669921875,0.0,0.0,0.0,0.9962158203125,0.0,268435969.0,4.887580871582031e-06,2.8014183044433594e-06,0.005867958068847656,0.0,0.2291259765625
510,28.127190399216488,0.05692088603973389,0.06901669502258301,0.05689960718154907,,0.033276259899139404,0.0,0.9963958263397217,0.013308703899383545,0.9963836669921875,0.0,0.0,0.0,0.36767578125,0.0,268435969.0,4.559755325317383e-05,2.676248550415039e-05,1.0907649993896484e-05,0.0,-0.6285400390625
511,28.183228977024555,0.056869566440582275,-0.0002292394929099828,0.056869566440582275,,-0.00024414065410383046,0.0,0.9963837265968323,-0.00023669007350690663,0.9963836669921875,0.0,0.0,0.0,0.189697265625,0.0,268435969.0,-5.131959915161133e-05,-3.0040740966796875e-05,-1.2099742889404297e-05,0.0,-0.177978515625
512,28.241199154173955,0.0570487380027771,1.0270787477493286,0.05721527338027954,,0.49644094705581665,0.0,0.9965331554412842,0.21015238761901855,0.9963836669921875,0.0,0.0,0.0,0.51727294921875,0.0,268435969.0,0.00017917156219482422,0.0003457069396972656,0.0001494288444519043,0.0,0.32757568359375
513,28.297051361994818,0.05689394474029541,0.03288048505783081,0.05688518285751343,,0.017383277416229248,0.0,0.9890282154083252,-1.9176368713378906,0.9963836669921875,0.0,0.0,0.0,0.082763671875,0.0,268435969.0,-0.00015479326248168945,-0.0003300905227661133,-0.007504940032958984,0.0,-0.43450927734375
514,28.351419078186154,0.05319875478744507,-0.17735250294208527,0.05615639686584473,,-1.4048656225204468,0.0,0.9955495595932007,0.8161376118659973,0.9963836669921875,0.0,0.0,0.0,0.91009521484375,0.0,268435969.0,-0.003695189952850342,-0.0007287859916687012,0.006521344184875488,0.0,0.82733154296875
515,28.406313680112362,0.0568997859954834,0.04074752330780029,0.05688422918319702,,0.016458630561828613,0.0,0.9963902235031128,0.009499788284301758,0.9963836669921875,0.0,0.0,0.0,0.90948486328125,0.0,268435969.0,0.00370103120803833,0.0007278323173522949,0.0008406639099121094,0.0,-0.0006103515625
516,28.461298782145604,0.05687081813812256,0.0007826685905456543,0.0568697452545166,,0.00040268898010253906,0.0,0.9963839054107666,0.0002015233039855957,0.9963836669921875,0.0,0.0,0.0,0.3306884765625,0.0,268435969.0,-2.8967857360839844e-05,-1.4483928680419922e-05,-6.318092346191406e-06,0.0,-0.57879638671875
517,28.517588728107512,0.05687004327774048,0.0006487369537353516,0.0568697452545166,,0.00043267011642456055,0.0,0.9963839054107666,0.00022405385971069336,0.9963836669921875,0.0,0.0,0.0,0.28643798828125,0.0,268435969.0,-7.748603820800781e-07,0.0,0.0,0.0,-0.04425048828125
518,28.57216822099872,0.056869566440582275,-0.0002452135377097875,0.056869566440582275,,-0.00023031237651593983,0.0,0.9963837265968323,-0.00023776295711286366,0.9963836669921875,0.0,0.0,0.0,0.7069091796875,0.0,268435969.0,-4.76837158203125e-07,-1.7881393432617188e-07,-1.7881393432617188e-07,0.0,0.42047119140625
519,28.626802899176255,0.056924521923065186,0.0696563720703125,0.05689960718154907,,0.03378182649612427,0.0,0.9963971376419067,0.01783013343811035,0.9963836669921875,0.0,0.0,0.0,0.11163330078125,0.0,268435969.0,5.4955482482910156e-05,3.0040740966796875e-05,1.341104507446289e-05,0.0,-0.59527587890625
520,28.682805995224044,0.05687081813812256,0.0017971396446228027,0.056870341300964355,,0.00105208158493042,0.0,0.9917305707931519,-0.8358494639396667,0.9963836669921875,0.0,0.0,0.0,0.29620361328125,0.0,268435969.0,-5.370378494262695e-05,-2.9265880584716797e-05,-0.004666566848754883,0.0,0.1845703125
521,28.7369192680344,0.056948840618133545,0.11485230922698975,0.05692267417907715,,0.06754112243652344,0.0,0.9964103698730469,0.0393257737159729,0.9963836669921875,0.0,0.0,0.0,0.1455078125,0.0,268435969.0,7.802248001098633e-05,5.233287811279297e-05,0.0046797990798950195,0.0,-0.15069580078125
522,28.79105943022296,0.056869566440582275,3.820657730102539e-05,0.056869566440582275,,-1.3947487786936108e-05,0.0,0.9963837265968323,-5.865097409696318e-05,0.9963836669921875,0.0,0.0,0.0,0.63720703125,0.0,268435969.0,-7.927417755126953e-05,-5.310773849487305e-05,-2.664327621459961e-05,0.0,0.49169921875
523,28.845285980030894,0.05699533224105835,0.2073582410812378,0.05109435319900513,,-0.06266577541828156,0.0,0.9959239363670349,0.5656715035438538,0.9963836669921875,0.0,0.0,0.0,0.8135986328125,0.0,268435969.0,0.00012576580047607422,-0.0057752132415771484,-0.0004597902297973633,0.0,0.1763916015625
524,28.899536308133975,0.0558934211730957,0.4631142020225525,0.05683392286300659,,0.4724944829940796,0.0,0.9965313673019409,0.3293762803077698,0.9963836669921875,0.0,0.0,0.0,0.457763671875,0.0,268435969.0,-0.0011019110679626465,0.005739569664001465,0.0006074309349060059,0.0,-0.3558349609375
525,28.954047061037272,0.05697464942932129,0.04692423343658447,0.0568881630897522,,0.02070564031600952,0.0,0.996386706829071,0.004008889198303223,0.9963836669921875,0.0,0.0,0.0,0.824951171875,0.0,268435969.0,0.001081228256225586,5.424022674560547e-05,-0.00014466047286987305,0.0,0.3671875
526,29.012691976036876,0.05636489391326904,0.5228675007820129,0.0569881796836853,,0.32926416397094727,0.0,0.9964888095855713,0.16147708892822266,0.9963836669921875,0.0,0.0,0.0,0.355712890625,0.0,268435969.0,-0.0006097555160522461,0.00010001659393310547,0.00010210275650024414,0.0,-0.46923828125
527,29.069001513998955,0.056869566440582275,-6.645918620051816e-05,0.056869566440582275,,-0.0001260638382518664,0.0,0.9963837265968323,-0.0001782179024303332,0.9963836669921875,0.0,0.0,0.0,0.75164794921875,0.0,268435969.0,0.0005046725273132324,-0.00011861324310302734,-0.00010508298873901367,0.0,0.39593505859375
528,29.124103708192706,0.056869566440582275,-0.00023794177104718983,0.056869566440582275,,-0.000230491190450266,0.0,0.9917302131652832,-0.46407386660575867,0.9963836669921875,0.0,0.0,0.0,0.7813720703125,0.0,268435969.0,0.0,0.0,-0.004653513431549072,0.0,0.02972412109375
529,29.179452734068036,0.056869566440582275,-0.0002305507950950414,0.056869566440582275,,-0.00023800137569196522,0.0,0.9963837265968323,-0.0002305507950950414,0.9963836669921875,0.0,0.0,0.0,0.2735595703125,0.0,268435969.0,0.0,0.0,0.004653513431549072,0.0,-0.5078125
530,29.23545451508835,0.0569881796836853,0.4021753668785095,0.05701225996017456,,0.22490370273590088,0.0,0.9964689016342163,0.13613003492355347,0.9963836669921875,0.0,0.0,0.0,0.28717041015625,0.0,268435969.0,0.00011861324310302734,0.00014269351959228516,8.51750373840332e-05,0.0,0.01361083984375
531,29.28995928610675,0.05691653490066528,0.06302511692047119,0.056896984577178955,,0.02771681547164917,0.0,0.9927221536636353,-0.4505505859851837,0.9963836669921875,0.0,0.0,0.0,0.40557861328125,0.0,268435969.0,-7.164478302001953e-05,-0.00011527538299560547,-0.0037467479705810547,0.0,0.118408203125
532,29.345504051074386,0.05688959360122681,0.026830077171325684,0.05688118934631348,,0.01181715726852417,0.0,0.9927172064781189,0.20810271799564362,0.9963836669921875,0.0,0.0,0.0,0.61614990234375,0.0,268435969.0,-2.6941299438476562e-05,-1.5795230865478516e-05,-4.947185516357422e-06,0.0,0.2105712890625
533,29.401368574006483,0.0522160530090332,-0.46408089995384216,0.05615639686584473,,0.5228528380393982,0.0,0.9942901730537415,0.5563805103302002,0.9963836669921875,0.0,0.0,0.0,0.7518310546875,0.0,268435969.0,-0.0046735405921936035,-0.00072479248046875,0.0015729665756225586,0.0,0.13568115234375
534,29.456963561009616,0.056869566440582275,-0.00024491551448591053,0.056869566440582275,,-0.00024491551448591053,0.0,0.9963837265968323,-0.00023001435329206288,0.9963836669921875,0.0,0.0,0.0,0.7998046875,0.0,268435969.0,0.004653513431549072,0.0007131695747375488,0.0020935535430908203,0.0,0.0479736328125
535,29.512312995037064,0.056869566440582275,-0.00017046929860953242,0.056869566440582275,,-0.0002449751191306859,0.0,0.9963837265968323,-0.00023007395793683827,0.9963836669921875,0.0,0.0,0.0,0.15863037109375,0.0,268435969.0,0.0,0.0,0.0,0.0,-0.64117431640625
536,29.56810890720226,0.056869566440582275,-0.00023007395793683827,0.056869566440582275,,-0.00023007395793683827,0.0,0.9963837265968323,-0.0002375245385337621,0.9963836669921875,0.0,0.0,0.0,0.9822998046875,0.0,268435969.0,0.0,0.0,0.0,0.0,0.82366943359375
537,29.62260097404942,0.055644989013671875,0.5231578350067139,0.056712210178375244,,0.5547706484794617,0.0,0.9965540766716003,0.3624786138534546,0.9963836669921875,0.0,0.0,0.0,0.5628662109375,0.0,268435969.0,-0.0012245774269104004,-0.00015735626220703125,0.0001703500747680664,0.0,-0.41943359375
538,29.677342800190672,0.056869566440582275,-0.00023090842296369374,0.056869566440582275,,-0.00023090842296369374,0.0,0.9963837265968323,-0.0002458095841575414,0.9963836669921875,0.0,0.0,0.0,0.50689697265625,0.0,268435969.0,0.0012245774269104004,0.00015735626220703125,-0.0001703500747680664,0.0,-0.05596923828125
539,29.7322358652018,0.056869566440582275,-0.0002456903748679906,0.056869566440582275,,-0.0002456903748679906,0.0,0.9963837265968323,-0.00023823979427106678,0.9963836669921875,0.0,0.0,0.0,0.47308349609375,0.0,268435969.0,0.0,0.0,0.0,0.0,-0.0338134765625
540,29.795818123035133,0.05690121650695801,0.042893171310424805,0.056889891624450684,,0.02270209789276123,0.0,0.9963926672935486,0.013143002986907959,0.9963836669921875,0.0,0.0,0.0,0.8917236328125,0.0,268435969.0,3.165006637573242e-05,2.0325183868408203e-05,8.940696716308594e-06,0.0,0.41864013671875
541,29.850207951152697,0.05715048313140869,0.6839117407798767,0.057138025760650635,,0.40061086416244507,0.0,0.9965364933013916,0.24101197719573975,0.9963836669921875,0.0,0.0,0.0,0.09051513671875,0.0,268435969.0,0.0002492666244506836,0.00024813413619995117,0.00014382600784301758,0.0,-0.80120849609375
542,29.904582889052108,0.05697566270828247,0.16281825304031372,0.056943297386169434,,0.09679865837097168,0.0,0.9964185953140259,0.05179715156555176,0.9963836669921875,0.0,0.0,0.0,0.752685546875,0.0,268435969.0,-0.0001748204231262207,-0.00019472837448120117,-0.00011789798736572266,0.0,0.66217041015625
543,29.958858310012147,0.056869566440582275,-1.4245511010813061e-05,0.056869566440582275,,-7.38501621526666e-05,0.0,0.9963837265968323,-0.00011855364573420957,0.9963836669921875,0.0,0.0,0.0,0.566162109375,0.0,268435969.0,-0.00010609626770019531,-7.37309455871582e-05,-3.4868717193603516e-05,0.0,-0.1865234375
544,30.013454396044835,0.05691307783126831,0.06449288129806519,0.056897521018981934,,0.03416156768798828,0.0,0.9917415380477905,-0.4488151967525482,0.9963836669921875,0.0,0.0,0.0,0.5374755859375,0.0,268435969.0,4.3511390686035156e-05,2.7954578399658203e-05,-0.004642188549041748,0.0,-0.0286865234375
545,30.07079694699496,0.056869566440582275,-0.00023061039973981678,0.056869566440582275,,-0.00023061039973981678,0.0,0.9963837265968323,-0.00023061039973981678,0.9963836669921875,0.0,0.0,0.0,0.56719970703125,0.0,268435969.0,-4.3511390686035156e-05,-2.7954578399658203e-05,0.004642188549041748,0.0,0.02972412109375
546,30.128611534135416,0.05701726675033569,0.4412909150123596,0.05702930688858032,,0.2437611222267151,0.0,0.9964695572853088,0.12354600429534912,0.9963836669921875,0.0,0.0,0.0,0.82891845703125,0.0,268435969.0,0.00014770030975341797,0.00015974044799804688,8.58306884765625e-05,0.0,0.26171875
547,30.183555284049362,0.05687755346298218,0.00977557897567749,0.05687379837036133,,0.004686832427978516,0.0,0.996385395526886,0.0022653937339782715,0.9963836669921875,0.0,0.0,0.0,0.36328125,0.0,268435969.0,-0.00013971328735351562,-0.00015550851821899414,-8.416175842285156e-05,0.0,-0.46563720703125
548,30.23929197411053,0.056869566440582275,-0.0001859069016063586,0.056869566440582275,,-0.00023806096578482538,0.0,0.9963837265968323,-0.00023061039973981678,0.9963836669921875,0.0,0.0,0.0,0.2633056640625,0.0,268435969.0,-7.987022399902344e-06,-4.231929779052734e-06,-1.6689300537109375e-06,0.0,-0.0999755859375
549,30.29408792918548,0.056869566440582275,-0.00024545195628888905,0.056869566440582275,,-0.0002305507950950414,0.0,0.9963837265968323,-0.00024545195628888905,0.9963836669921875,0.0,0.0,0.0,0.2021484375,0.0,268435969.0,0.0,0.0,0.0,0.0,-0.0611572265625
550,30.348599145188928,0.05687004327774048,0.0007674098014831543,0.05686980485916138,,0.00046193599700927734,0.0,0.9963839054107666,0.00025331974029541016,0.9963836669921875,0.0,0.0,0.0,0.39019775390625,0.0,268435969.0,4.76837158203125e-07,2.384185791015625e-07,1.7881393432617188e-07,0.0,0.18804931640625
551,30.403342322213575,0.057004570960998535,0.379852831363678,0.05701333284378052,,0.22611010074615479,0.0,0.9964693784713745,0.13682234287261963,0.9963836669921875,0.0,0.0,0.0,0.6834716796875,0.0,268435969.0,0.00013452768325805664,0.00014352798461914062,8.547306060791016e-05,0.0,0.29327392578125
552,30.457563502015546,0.056869566440582275,-0.00022381545568350703,0.04950714111328125,,-0.8366929292678833,0.0,0.9954074025154114,0.40616828203201294,0.9963836669921875,0.0,0.0,0.0,0.5203857421875,0.0,268435969.0,-0.00013500452041625977,-0.007506191730499268,-0.0010619759559631348,0.0,-0.1630859375
553,30.51207390311174,0.055589497089385986,0.44219130277633667,0.0566747784614563,,-1.4165276288986206,0.0,0.9948176741600037,0.5674577951431274,0.9963836669921875,0.0,0.0,0.0,0.23553466796875,0.0,268435969.0,-0.001280069351196289,0.007167637348175049,-0.0005897283554077148,0.0,-0.28485107421875
554,30.56632886105217,0.056869566440582275,-6.759167445125058e-05,0.056869566440582275,,-0.00011974573862971738,0.0,0.9963837265968323,-0.00016444922948721796,0.9963836669921875,0.0,0.0,0.0,0.781982421875,0.0,268435969.0,0.001280069351196289,0.00019478797912597656,0.0015660524368286133,0.0,0.54644775390625
555,30.621602814178914,0.05100280046463013,0.523052990436554,0.05701172351837158,,-0.2564865052700043,0.0,0.996521532535553,0.5117652416229248,0.9963836669921875,0.0,0.0,0.0,0.06329345703125,0.0,268435969.0,-0.0058667659759521484,0.00014215707778930664,0.00013780593872070312,0.0,-0.71868896484375
556,30.679968304000795,0.05686986446380615,0.0005285739898681641,0.0568697452545166,,0.0003497600555419922,0.0,0.9963838458061218,0.0001709461212158203,0.9963836669921875,0.0,0.0,0.0,0.217041015625,0.0,268435969.0,0.005867063999176025,-0.00014197826385498047,-0.00013768672943115234,0.0,0.15374755859375
557,30.73432026221417,0.05687528848648071,0.0077332258224487305,0.0568731427192688,,0.004142045974731445,0.0,0.9963852763175964,0.0024507641792297363,0.9963836669921875,0.0,0.0,0.0,0.76116943359375,0.0,268435969.0,5.424022674560547e-06,3.3974647521972656e-06,1.430511474609375e-06,0.0,0.54412841796875
558,30.788564201211557,0.0561564564704895,0.4984584450721741,0.05683392286300659,,0.4725378751754761,0.0,0.9965313673019409,0.32941967248916626,0.9963836669921875,0.0,0.0,0.0,0.8509521484375,0.0,268435969.0,-0.0007188320159912109,-3.921985626220703e-05,0.00014609098434448242,0.0,0.08978271484375
559,30.842819752171636,0.05687063932418823,0.0017133355140686035,0.05687028169631958,,0.0009086728096008301,0.0,0.9963840246200562,0.0005361437797546387,0.9963836669921875,0.0,0.0,0.0,0.03692626953125,0.0,268435969.0,0.0007141828536987305,3.635883331298828e-05,-0.00014734268188476562,0.0,-0.81402587890625
560,30.896943044150248,0.057017505168914795,0.23715192079544067,0.056975364685058594,,0.14208996295928955,0.0,0.9927685260772705,-0.38032257556915283,0.9963836669921875,0.0,0.0,0.0,0.98895263671875,0.0,268435969.0,0.0001468658447265625,0.00010508298873901367,-0.0036154985427856445,0.0,0.9520263671875
561,30.951268705073744,0.056164443492889404,0.4746164381504059,0.050972163677215576,,0.014714588411152363,0.0,0.9958207011222839,0.8079779148101807,0.9963836669921875,0.0,0.0,0.0,0.14556884765625,0.0,268435969.0,-0.0008530616760253906,-0.006003201007843018,0.0030521750450134277,0.0,-0.8433837890625
562,31.005709199002013,0.05695539712905884,0.13481825590133667,0.056926846504211426,,0.07255375385284424,0.0,0.9964098930358887,0.03859400749206543,0.9963836669921875,0.0,0.0,0.0,0.57464599609375,0.0,268435969.0,0.0007909536361694336,0.00595468282699585,0.0005891919136047363,0.0,0.4290771484375
563,31.0599790092092,0.056869566440582275,-0.00022357703710440546,0.056869566440582275,,-0.00022357703710440546,0.0,0.9963837265968323,-0.00022357703710440546,0.9963836669921875,0.0,0.0,0.0,0.249755859375,0.0,268435969.0,-8.58306884765625e-05,-5.728006362915039e-05,-2.6166439056396484e-05,0.0,-0.32489013671875
564,31.114173264009878,0.05688035488128662,0.014372050762176514,0.056876420974731445,,0.008307278156280518,0.0,0.9963870048522949,-2.698525905609131,0.9963836669921875,0.0,0.0,0.0,0.483154296875,0.0,268435969.0,1.0788440704345703e-05,6.854534149169922e-06,3.2782554626464844e-06,0.0,0.2333984375
565,31.168446388095617,0.05692708492279053,0.08787930011749268,0.056910693645477295,,0.05135655403137207,0.0,0.9964023232460022,-3.653958797454834,0.9963836669921875,0.0,0.0,0.0,0.11907958984375,0.0,268435969.0,4.673004150390625e-05,3.427267074584961e-05,1.531839370727539e-05,0.0,-0.36407470703125
566,31.222624828107655,0.055149734020233154,0.20407895743846893,0.056365251541137695,,0.5196930170059204,0.0,0.9965260028839111,0.37771475315093994,0.9963836669921875,0.0,0.0,0.0,0.384521484375,0.0,268435969.0,-0.001777350902557373,-0.0005454421043395996,0.00012367963790893555,0.0,0.26544189453125
567,31.277202636003494,0.056869566440582275,-0.0002456903748679906,0.056869566440582275,,-0.0002456903748679906,0.0,0.9963837265968323,-0.00023078921367414296,0.9963836669921875,0.0,0.0,0.0,0.05889892578125,0.0,268435969.0,0.001719832420349121,0.0005043148994445801,-0.00014227628707885742,0.0,-0.32562255859375
568,31.331573742209002,0.056162118911743164,0.47137579321861267,0.05676138401031494,,0.4768669009208679,0.0,0.9965330362319946,0.33194565773010254,0.9963836669921875,0.0,0.0,0.0,0.29193115234375,0.0,268435969.0,-0.0007074475288391113,-0.00010818243026733398,0.00014930963516235352,0.0,0.2330322265625
569,31.38607458700426,0.056869566440582275,2.9742717742919922e-05,0.056869566440582275,,-2.241134825453628e-05,0.0,0.9963837265968323,-6.711483729304746e-05,0.9963836669921875,0.0,0.0,0.0,0.49383544921875,0.0,268435969.0,0.0007074475288391113,0.00010818243026733398,-0.00014930963516235352,0.0,0.201904296875
570,31.44041128619574,0.056869566440582275,-0.00014913083577994257,0.049507200717926025,,-0.8366408348083496,0.0,0.9956705570220947,0.4629639983177185,0.9963836669921875,0.0,0.0,0.0,0.0362548828125,0.0,268435969.0,0.0,-0.00736236572265625,-0.0007131695747375488,0.0,-0.45758056640625
571,31.4945823000744,0.0568697452545166,0.00015610456466674805,0.056869566440582275,,0.00010395050048828125,0.0,0.9963837265968323,5.924701690673828e-05,0.9963836669921875,0.0,0.0,0.0,0.7432861328125,0.0,268435969.0,1.7881393432617188e-07,0.00736236572265625,0.0007131695747375488,0.0,0.70703125
572,31.54882890614681,0.055562734603881836,0.32210999727249146,0.05665767192840576,,0.5082851052284241,0.0,0.9965258836746216,0.3530820608139038,0.9963836669921875,0.0,0.0,0.0,0.59857177734375,0.0,268435969.0,-0.0013070106506347656,-0.00021189451217651367,0.00014215707778930664,0.0,-0.14471435546875
573,31.60308390110731,0.05689424276351929,0.03322106599807739,0.056885361671447754,,0.019266128540039062,0.0,0.9963913559913635,0.01114499568939209,0.9963836669921875,0.0,0.0,0.0,0.057373046875,0.0,268435969.0,0.0013315081596374512,0.0002276897430419922,-0.00013452768325805664,0.0,-0.54119873046875
574,31.657964152051136,0.056968867778778076,0.14965826272964478,0.0569378137588501,,0.08868271112442017,0.0,0.9964185953140259,0.051839590072631836,0.9963836669921875,0.0,0.0,0.0,0.9754638671875,0.0,268435969.0,7.462501525878906e-05,5.245208740234375e-05,2.7239322662353516e-05,0.0,0.9180908203125
575,31.712564238114282,0.056869566440582275,-0.00024008752370718867,0.056869566440582275,,-0.00024008752370718867,0.0,0.9963837265968323,-0.00024008752370718867,0.9963836669921875,0.0,0.0,0.0,0.73553466796875,0.0,268435969.0,-9.930133819580078e-05,-6.824731826782227e-05,-3.4868717193603516e-05,0.0,-0.23992919921875
576,31.766632068203762,0.056869566440582275,-0.00023269654775504023,0.056869566440582275,,-0.00024014712835196406,0.0,0.9963837265968323,-0.00024014712835196406,0.9963836669921875,0.0,0.0,0.0,0.0946044921875,0.0,268435969.0,0.0,0.0,0.0,0.0,-0.64093017578125
577,31.820825749076903,0.056869566440582275,-0.00023996831441763788,0.056869566440582275,,-0.00023996831441763788,0.0,0.9963837265968323,-0.00022506715322379023,0.9963836669921875,0.0,0.0,0.0,0.26068115234375,0.0,268435969.0,0.0,0.0,0.0,0.0,0.16607666015625
578,31.876320385141298,0.056869566440582275,-2.7035562992095947,0.05319875478744507,,0.040462784469127655,0.0,0.99604332447052,0.5169274210929871,0.9963836669921875,0.0,0.0,0.0,0.151123046875,0.0,268435969.0,0.0,-0.003670811653137207,-0.00034040212631225586,0.0,-0.10955810546875
579,31.930586528033018,0.05686962604522705,0.0001550912857055664,0.056869566440582275,,0.00011038780212402344,0.0,0.9963837265968323,5.823373794555664e-05,0.9963836669921875,0.0,0.0,0.0,0.402587890625,0.0,268435969.0,5.960464477539063e-08,0.003670811653137207,0.00034040212631225586,0.0,0.25146484375
580,31.98596736905165,0.0568881630897522,0.024868667125701904,0.05688142776489258,,0.014385700225830078,0.0,0.9963889122009277,0.007598221302032471,0.9963836669921875,0.0,0.0,0.0,0.70904541015625,0.0,268435969.0,1.8537044525146484e-05,1.1861324310302734e-05,5.185604095458984e-06,0.0,0.30645751953125
581,32.040344327222556,0.056869566440582275,-3.844499951810576e-05,0.056869566440582275,,-8.314848673762754e-05,0.0,0.9963837265968323,-0.00013530255819205195,0.9963836669921875,0.0,0.0,0.0,0.3013916015625,0.0,268435969.0,-1.8596649169921875e-05,-1.1861324310302734e-05,-5.185604095458984e-06,0.0,-0.40765380859375
582,32.094571229070425,0.056871771812438965,0.0033586621284484863,0.05687105655670166,,0.00180894136428833,0.0,0.9963843822479248,0.0010638833045959473,0.9963836669921875,0.0,0.0,0.0,0.3016357421875,0.0,268435969.0,2.205371856689453e-06,1.4901161193847656e-06,6.556510925292969e-07,0.0,0.000244140625
583,32.14873255905695,0.05319875478744507,-0.46407613158226013,0.05589324235916138,,0.4982110857963562,0.0,0.9964491128921509,0.4723203182220459,0.9963836669921875,0.0,0.0,0.0,0.288330078125,0.0,268435969.0,-0.0036730170249938965,-0.0009778141975402832,6.473064422607422e-05,0.0,-0.0133056640625
584,32.20282418420538,0.0568697452545166,0.0004744529724121094,0.0568697452545166,,0.0002956390380859375,0.0,0.996383786201477,0.0001615285873413086,0.9963836669921875,0.0,0.0,0.0,0.73809814453125,0.0,268435969.0,0.003670990467071533,0.0009765028953552246,-6.532669067382812e-05,0.0,0.44976806640625
585,32.257082272088155,0.056869566440582275,-0.0002405047562206164,0.056869566440582275,,-0.0002405047562206164,0.0,0.9963837265968323,-0.0002405047562206164,0.9963836669921875,0.0,0.0,0.0,0.25592041015625,0.0,268435969.0,-1.7881393432617188e-07,-1.7881393432617188e-07,-5.960464477539063e-08,0.0,-0.482177734375
586,32.311754876049235,0.056869566440582275,-0.00013613702321890742,0.056869566440582275,,-0.00018084050680045038,0.0,0.9963837265968323,-0.00023299457097891718,0.9963836669921875,0.0,0.0,0.0,0.5728759765625,0.0,268435969.0,0.0,0.0,0.0,0.0,0.31695556640625
587,32.366078834049404,0.05688154697418213,0.017357707023620605,0.056877076625823975,,0.009147167205810547,0.0,0.9963873028755188,0.0053026676177978516,0.9963836669921875,0.0,0.0,0.0,0.068603515625,0.0,268435969.0,1.1980533599853516e-05,7.510185241699219e-06,3.5762786865234375e-06,0.0,-0.5042724609375
588,32.42024007020518,0.056869566440582275,-0.00019568206334952265,0.056869566440582275,,-0.00024038554693106562,0.0,0.9963837265968323,-0.0002329349663341418,0.9963836669921875,0.0,0.0,0.0,0.5712890625,0.0,268435969.0,-1.1980533599853516e-05,-7.510185241699219e-06,-3.5762786865234375e-06,0.0,0.502685546875
589,32.474585195071995,0.05636489391326904,0.4983000159263611,0.05683392286300659,,0.4724092483520508,0.0,0.9965298175811768,0.30632835626602173,0.9963836669921875,0.0,0.0,0.0,0.326171875,0.0,268435969.0,-0.0005046725273132324,-3.5643577575683594e-05,0.00014609098434448242,0.0,-0.2451171875
590,32.52874154201709,0.0539931058883667,0.0404469296336174,0.05615639686584473,,0.522857129573822,0.0,0.99651700258255,0.40197890996932983,0.9963836669921875,0.0,0.0,0.0,0.7783203125,0.0,268435969.0,-0.0023717880249023438,-0.0006775259971618652,-1.2814998626708984e-05,0.0,0.4521484375
591,32.58325879601762,0.056904137134552,0.0469287633895874,0.056891798973083496,,0.022684574127197266,0.0,0.9963918924331665,0.011985540390014648,0.9963836669921875,0.0,0.0,0.0,0.4752197265625,0.0,268435969.0,0.0029110312461853027,0.0007354021072387695,-0.00012511014938354492,0.0,-0.3031005859375
592,32.63782966020517,0.05687063932418823,0.0016885995864868164,0.056870341300964355,,0.000883936882019043,0.0,0.9963840246200562,0.0005114078521728516,0.9963836669921875,0.0,0.0,0.0,0.5308837890625,0.0,268435969.0,-3.349781036376953e-05,-2.1457672119140625e-05,-7.867813110351562e-06,0.0,0.0556640625
593,32.69202085910365,0.05687052011489868,0.0014055967330932617,0.05687016248703003,,0.000831902027130127,0.0,0.9963839650154114,0.0004966259002685547,0.9963836669921875,0.0,0.0,0.0,0.95989990234375,0.0,268435969.0,-1.1920928955078125e-07,-1.7881393432617188e-07,-5.960464477539063e-08,0.0,0.42901611328125
594,32.746333465212956,0.056869566440582275,-0.00023382903600577265,0.056869566440582275,,-0.00024127961660269648,0.0,0.9963837265968323,-0.00024127961660269648,0.9963836669921875,0.0,0.0,0.0,0.00335693359375,0.0,268435969.0,-9.5367431640625e-07,-5.960464477539062e-07,-2.384185791015625e-07,0.0,-0.95654296875
595,32.80059468303807,0.05693715810775757,0.10484141111373901,0.05691826343536377,,0.02485942840576172,0.0,0.9963926672935486,0.013132214546203613,0.9963836669921875,0.0,0.0,0.0,0.65887451171875,0.0,268435969.0,6.759166717529297e-05,4.869699478149414e-05,8.940696716308594e-06,0.0,0.655517578125
596,32.85597458016127,0.05691474676132202,0.06197082996368408,0.05689883232116699,,0.03600555658340454,0.0,0.9963980317115784,0.020813822746276855,0.9963836669921875,0.0,0.0,0.0,0.568115234375,0.0,268435969.0,-2.2411346435546875e-05,-1.9431114196777344e-05,5.364418029785156e-06,0.0,-0.09075927734375
597,32.910083779133856,0.056869566440582275,-0.000234186663874425,0.056869566440582275,,-0.000234186663874425,0.0,0.9963837265968323,-0.000234186663874425,0.9963836669921875,0.0,0.0,0.0,0.3319091796875,0.0,268435969.0,-4.5180320739746094e-05,-2.9265880584716797e-05,-1.430511474609375e-05,0.0,-0.2362060546875
598,32.96411562804133,0.05706518888473511,0.49806809425354004,0.057060420513153076,,0.31956708431243896,0.0,0.9965042471885681,0.19413655996322632,0.9963836669921875,0.0,0.0,0.0,0.2188720703125,0.0,268435969.0,0.00019562244415283203,0.00019085407257080078,0.00012052059173583984,0.0,-0.113037109375
599,33.01809042110108,0.056869566440582275,-1.0848046258615796e-05,0.056869566440582275,,-5.555153256864287e-05,0.0,0.9963837265968323,-0.00010025501978816465,0.9963836669921875,0.0,0.0,0.0,0.21514892578125,0.0,268435969.0,-0.00019562244415283203,-0.00019085407257080078,-0.00012052059173583984,0.0,-0.00372314453125
600,33.0722195841372,0.05701267719268799,0.2639634609222412,0.05698192119598389,,0.1618085503578186,0.0,0.9964462518692017,0.09619873762130737,0.9963836669921875,0.0,0.0,0.0,0.05242919921875,0.0,268435969.0,0.0001431107521057129,0.00011235475540161133,6.252527236938477e-05,0.0,-0.1627197265625
601,33.12636837619357,0.05687856674194336,0.011985480785369873,0.05687528848648071,,0.006308138370513916,0.0,0.9963861703872681,0.0036780834197998047,0.9963836669921875,0.0,0.0,0.0,0.6182861328125,0.0,268435969.0,-0.0001341104507446289,-0.00010663270950317383,-6.008148193359375e-05,0.0,0.56585693359375
602,33.180968907196075,0.053221285343170166,-0.14695772528648376,0.05637693405151367,,0.5375569462776184,0.0,0.9965082406997681,0.4349624514579773,0.9963836669921875,0.0,0.0,0.0,0.89501953125,0.0,268435969.0,-0.0036572813987731934,-0.000498354434967041,0.0001220703125,0.0,0.2767333984375
603,33.23533840221353,0.05687391757965088,0.0064046382904052734,0.056872546672821045,,0.0034467577934265137,0.0,0.9963847994804382,0.0017033219337463379,0.9963836669921875,0.0,0.0,0.0,0.89093017578125,0.0,268435969.0,0.003652632236480713,0.000495612621307373,-0.00012344121932983398,0.0,-0.00408935546875
604,33.28986059920862,0.05687016248703003,0.0008909702301025391,0.05686992406845093,,0.0004215836524963379,0.0,0.9963839054107666,0.00019061565399169922,0.9963836669921875,0.0,0.0,0.0,0.71649169921875,0.0,268435969.0,-3.7550926208496094e-06,-2.6226043701171875e-06,-8.940696716308594e-07,0.0,-0.1744384765625
605,33.34573008609004,0.057029128074645996,-3.35904598236084,0.05332463979721069,,0.3724581301212311,0.0,0.996457040309906,0.5428082346916199,0.9963836669921875,0.0,0.0,0.0,0.279052734375,0.0,268435969.0,0.0001589655876159668,-0.0035452842712402344,7.31348991394043e-05,0.0,-0.43743896484375
606,33.40113862999715,0.05463379621505737,0.40621691942214966,0.05675739049911499,,-2.2531561851501465,0.0,0.994806170463562,0.585545003414154,0.9963836669921875,0.0,0.0,0.0,0.68890380859375,0.0,268435969.0,-0.002395331859588623,0.003432750701904297,-0.0016508698463439941,0.0,0.40985107421875
607,33.4566568590235,0.056869566440582275,-0.00016766788030508906,0.056869566440582275,,-0.00021982194448355585,0.0,0.9963837265968323,-0.0002347231056774035,0.9963836669921875,0.0,0.0,0.0,0.72589111328125,0.0,268435969.0,0.0022357702255249023,0.00011217594146728516,0.0015775561332702637,0.0,0.0369873046875
608,33.512175700161606,0.056869566440582275,-0.0002270937111461535,0.056869566440582275,,-1.3161264657974243,0.0,0.9956705570220947,0.46289342641830444,0.9963836669921875,0.0,0.0,0.0,0.096923828125,0.0,268435969.0,0.0,0.0,-0.0007131695747375488,0.0,-0.62896728515625
609,33.56753546721302,0.057003557682037354,0.37840408086776733,0.05700784921646118,,0.19130510091781616,0.0,0.9964514970779419,0.0961686372756958,0.9963836669921875,0.0,0.0,0.0,0.966552734375,0.0,268435969.0,0.00013399124145507812,0.00013828277587890625,0.000780940055847168,0.0,0.86962890625
610,33.62283610505983,0.056869566440582275,-0.00023442508245352656,0.056869566440582275,,-0.00023442508245352656,0.0,0.9963837265968323,-0.00024187566305045038,0.9963836669921875,0.0,0.0,0.0,0.18896484375,0.0,268435969.0,-0.00013399124145507812,-0.00013828277587890625,-6.777048110961914e-05,0.0,-0.777587890625
611,33.67841555620544,0.056879401206970215,0.013124465942382812,0.05687528848648071,,0.00576329231262207,0.0,0.9963855743408203,0.0028054118156433105,0.9963836669921875,0.0,0.0,0.0,0.71160888671875,0.0,268435969.0,9.834766387939453e-06,5.7220458984375e-06,1.8477439880371094e-06,0.0,0.52264404296875
612,33.733916730154306,0.056914329528808594,-2.641808271408081,0.0540197491645813,,0.43356794118881226,0.0,0.9964159727096558,0.5066357851028442,0.9963836669921875,0.0,0.0,0.0,0.51324462890625,0.0,268435969.0,3.4928321838378906e-05,-0.002855539321899414,3.039836883544922e-05,0.0,-0.1983642578125
613,33.789176553022116,0.0568697452545166,0.0003763437271118164,0.0568697452545166,,0.0001602768898010254,0.0,0.9963837265968323,0.0001081228256225586,0.9963836669921875,0.0,0.0,0.0,0.900390625,0.0,268435969.0,-4.458427429199219e-05,0.0028499960899353027,-3.224611282348633e-05,0.0,0.38714599609375
614,33.84583312808536,0.056869566440582275,-0.00012320281530264765,0.05100280046463013,,-0.17726822197437286,0.0,0.9906590580940247,-3.186662435531616,0.9963836669921875,0.0,0.0,0.0,0.66143798828125,0.0,268435969.0,-1.7881393432617188e-07,-0.005866944789886475,-0.005724668502807617,0.0,-0.23895263671875
615,33.902272111037746,0.056870877742767334,0.0018879175186157227,0.05687028169631958,,0.0008299350738525391,0.0,0.9963839054107666,0.00044995546340942383,0.9963836669921875,0.0,0.0,0.0,0.06378173828125,0.0,268435969.0,1.3113021850585938e-06,0.005867481231689453,0.005724847316741943,0.0,-0.59765625
616,33.95801271009259,0.056870460510253906,0.0013291239738464355,0.056870102882385254,,0.0005840659141540527,0.0,0.9963839054107666,0.0003307461738586426,0.9963836669921875,0.0,0.0,0.0,0.1431884765625,0.0,268435969.0,-4.172325134277344e-07,-1.7881393432617188e-07,0.0,0.0,0.07940673828125
617,34.013813141034916,0.0568697452545166,0.0002639889717102051,0.05686962604522705,,0.00014477968215942383,0.0,0.9963837265968323,4.0471553802490234e-05,0.9963836669921875,0.0,0.0,0.0,0.74481201171875,0.0,268435969.0,-7.152557373046875e-07,-4.76837158203125e-07,-1.7881393432617188e-07,0.0,0.60162353515625
618,34.07020032918081,0.056869566440582275,-0.00022792817617300898,0.056869566440582275,,-0.00022792817617300898,0.0,0.9963837265968323,-0.00022792817617300898,0.9963836669921875,0.0,0.0,0.0,0.78070068359375,0.0,268435969.0,-1.7881393432617188e-07,-5.960464477539063e-08,0.0,0.0,0.035888671875
619,34.12588987220079,0.05687016248703003,0.0007107853889465332,0.0568697452545166,,0.00037550926208496094,0.0,0.9963838458061218,0.00015944242477416992,0.9963836669921875,0.0,0.0,0.0,0.23016357421875,0.0,268435969.0,5.960464477539062e-07,1.7881393432617188e-07,1.1920928955078125e-07,0.0,-0.550537109375
620,34.181645452044904,0.05688273906707764,0.017571330070495605,0.056877195835113525,,0.007721662521362305,0.0,0.9963861703872681,0.003467381000518799,0.9963836669921875,0.0,0.0,0.0,0.1297607421875,0.0,268435969.0,1.2576580047607422e-05,7.450580596923828e-06,2.3245811462402344e-06,0.0,-0.10040283203125
621,34.23767004907131,0.0568697452545166,0.00022661685943603516,0.056869566440582275,,0.00012230873107910156,0.0,0.9963837265968323,5.525350570678711e-05,0.9963836669921875,0.0,0.0,0.0,0.4190673828125,0.0,268435969.0,-1.2993812561035156e-05,-7.62939453125e-06,-2.4437904357910156e-06,0.0,0.289306640625
622,34.293537128018215,0.05687206983566284,0.0034378767013549805,0.056870996952056885,,0.0015305280685424805,0.0,0.9963841438293457,0.0007109642028808594,0.9963836669921875,0.0,0.0,0.0,0.26287841796875,0.0,268435969.0,2.3245811462402344e-06,1.430511474609375e-06,4.172325134277344e-07,0.0,-0.15618896484375
623,34.349537095054984,0.05686980485916138,0.0004502534866333008,0.0568697452545166,,0.0001894831657409668,0.0,0.9963837265968323,0.00010007619857788086,0.9963836669921875,0.0,0.0,0.0,0.46038818359375,0.0,268435969.0,-2.2649765014648438e-06,-1.2516975402832031e-06,-4.172325134277344e-07,0.0,0.197509765625
624,34.40528056421317,0.056869566440582275,-0.00019818545843008906,0.056869566440582275,,-0.00024288894201163203,0.0,0.9963837265968323,-0.00022798778081778437,0.9963836669921875,0.0,0.0,0.0,0.91259765625,0.0,268435969.0,-2.384185791015625e-07,-1.7881393432617188e-07,0.0,0.0,0.45220947265625
625,34.46129512414336,0.05687284469604492,0.004406094551086426,0.05687141418457031,,0.0019921064376831055,0.0,0.9963843822479248,0.0007851123809814453,0.9963836669921875,0.0,0.0,0.0,0.409423828125,0.0,268435969.0,3.2782554626464844e-06,1.8477439880371094e-06,6.556510925292969e-07,0.0,-0.503173828125
626,34.51729162922129,0.05692875385284424,0.08190697431564331,0.05690485239028931,,0.0363466739654541,0.0,0.9963957667350769,0.0160214900970459,0.9963836669921875,0.0,0.0,0.0,0.01947021484375,0.0,268435969.0,5.5909156799316406e-05,3.343820571899414e-05,1.138448715209961e-05,0.0,-0.38995361328125
627,34.573183856206015,0.05686992406845093,0.00047200918197631836,0.0568697452545166,,0.00021123886108398438,0.0,0.9963837265968323,0.00012183189392089844,0.9963836669921875,0.0,0.0,0.0,0.21026611328125,0.0,268435969.0,-5.882978439331055e-05,-3.510713577270508e-05,-1.2040138244628906e-05,0.0,0.1907958984375
628,34.629165990045294,0.05687016248703003,0.000725090503692627,0.05686980485916138,,0.0003600120544433594,0.0,0.9963838458061218,-3.6810390949249268,0.9963836669921875,0.0,0.0,0.0,0.63287353515625,0.0,268435969.0,2.384185791015625e-07,5.960464477539063e-08,1.1920928955078125e-07,0.0,0.422607421875
629,34.68516495800577,0.056869566440582275,-0.0002359748032176867,0.056869566440582275,,-0.00024342538381461054,0.0,0.9963837265968323,-0.00024342538381461054,0.9963836669921875,0.0,0.0,0.0,0.608154296875,0.0,268435969.0,-5.960464477539062e-07,-2.384185791015625e-07,-1.1920928955078125e-07,0.0,-0.02471923828125
630,34.74118011118844,0.05683410167694092,0.4726821780204773,0.057016193866729736,,0.2635071277618408,0.0,0.9964689016342163,0.124889075756073,0.9963836669921875,0.0,0.0,0.0,0.23895263671875,0.0,268435969.0,-3.546476364135742e-05,0.00014662742614746094,8.51750373840332e-05,0.0,-0.36920166015625
631,34.79695374611765,0.05700409412384033,0.3791104555130005,0.05700814723968506,,0.19166874885559082,0.0,0.9964515566825867,0.09636837244033813,0.9963836669921875,0.0,0.0,0.0,0.74609375,0.0,268435969.0,0.00016999244689941406,-8.046627044677734e-06,-1.7344951629638672e-05,0.0,0.50714111328125
632,34.85269008507021,0.056869566440582275,-0.00022858382726553828,0.056869566440582275,,-0.00022858382726553828,0.0,0.9963837265968323,-0.00022858382726553828,0.9963836669921875,0.0,0.0,0.0,0.547119140625,0.0,268435969.0,-0.00013452768325805664,-0.0001385807991027832,-6.783008575439453e-05,0.0,-0.198974609375
633,34.90832329611294,0.0568697452545166,0.00018864870071411133,0.056869566440582275,,3.9637088775634766e-05,0.0,0.9963837265968323,-2.741813841566909e-05,0.9963836669921875,0.0,0.0,0.0,0.16290283203125,0.0,268435969.0,1.7881393432617188e-07,0.0,0.0,0.0,-0.38421630859375
634,34.96496046404354,0.056869566440582275,-0.00023585559392813593,0.056869566440582275,,-0.00023585559392813593,0.0,0.9963837265968323,-0.00023585559392813593,0.9963836669921875,0.0,0.0,0.0,0.43914794921875,0.0,268435969.0,-1.7881393432617188e-07,0.0,0.0,0.0,0.2762451171875
635,35.02088872808963,0.056869566440582275,-0.00024288894201163203,0.056869566440582275,,-0.00024288894201163203,0.0,0.9963837265968323,-0.00024288894201163203,0.9963836669921875,0.0,0.0,0.0,0.246826171875,0.0,268435969.0,0.0,0.0,0.0,0.0,-0.19232177734375
636,35.076863010181114,0.049507737159729004,-0.8357433676719666,0.05556309223175049,,0.5174013376235962,0.0,0.9965170621871948,0.37768805027008057,0.9963836669921875,0.0,0.0,0.0,0.44287109375,0.0,268435969.0,-0.0073618292808532715,-0.0013064742088317871,0.00013333559036254883,0.0,0.196044921875
637,35.13293827418238,0.05696898698806763,0.4301774501800537,0.05701720714569092,,0.22650092840194702,0.0,0.996441662311554,0.08097618818283081,0.9963836669921875,0.0,0.0,0.0,0.084228515625,0.0,268435969.0,0.007461249828338623,0.0014541149139404297,-7.539987564086914e-05,0.0,-0.358642578125
638,35.18904703715816,0.05687004327774048,0.0006963610649108887,0.0568697452545166,,0.0003610849380493164,0.0,0.9963838458061218,0.0001450181007385254,0.9963836669921875,0.0,0.0,0.0,0.3406982421875,0.0,268435969.0,-9.894371032714844e-05,-0.0001474618911743164,-5.7816505432128906e-05,0.0,0.2564697265625
639,35.245204374194145,0.056869566440582275,-0.00022745133901480585,0.056869566440582275,,-0.00022745133901480585,0.0,0.9963837265968323,-0.00022745133901480585,0.9963836669921875,0.0,0.0,0.0,0.6593017578125,0.0,268435969.0,-4.76837158203125e-07,-1.7881393432617188e-07,-1.1920928955078125e-07,0.0,0.318603515625
640,35.30231881700456,0.0570073127746582,0.24351084232330322,0.056961119174957275,,-2.5984907150268555,0.0,0.9951115846633911,0.4532373547554016,0.9963836669921875,0.0,0.0,0.0,0.6343994140625,0.0,268435969.0,0.00013774633407592773,9.1552734375e-05,-0.0012721419334411621,0.0,-0.02490234375
641,35.358699857024476,0.056869566440582275,-0.00022739173437003046,0.056869566440582275,,-0.00022739173437003046,0.0,0.9963837265968323,-0.00022739173437003046,0.9963836669921875,0.0,0.0,0.0,0.9539794921875,0.0,268435969.0,-0.00013774633407592773,-9.1552734375e-05,0.0012721419334411621,0.0,0.319580078125
642,35.414557547075674,0.05683392286300659,0.49210697412490845,0.05701172351837158,,0.28427302837371826,0.0,0.9964752793312073,0.1482999324798584,0.9963836669921875,0.0,0.0,0.0,0.8197021484375,0.0,268435969.0,-3.5643577575683594e-05,0.00014215707778930664,9.1552734375e-05,0.0,-0.13427734375
643,35.470346515998244,0.0569952130317688,0.20731592178344727,0.05695468187332153,,0.09599679708480835,0.0,0.996415376663208,0.042874157428741455,0.9963836669921875,0.0,0.0,0.0,0.53729248046875,0.0,268435969.0,0.00016129016876220703,-5.704164505004883e-05,-5.990266799926758e-05,0.0,-0.28240966796875
644,35.52623916906305,0.056869566440582275,-0.00022757054830435663,0.056869566440582275,,-0.00023502112890128046,0.0,0.9963837265968323,-0.00022757054830435663,0.9963836669921875,0.0,0.0,0.0,0.89886474609375,0.0,268435969.0,-0.00012564659118652344,-8.511543273925781e-05,-3.165006637573242e-05,0.0,0.361572265625
645,35.58403775701299,0.056977927684783936,0.16587519645690918,0.056939005851745605,,0.0826149582862854,0.0,0.9964110255241394,0.03676408529281616,0.9963836669921875,0.0,0.0,0.0,0.564208984375,0.0,268435969.0,0.00010836124420166016,6.943941116333008e-05,2.7298927307128906e-05,0.0,-0.33465576171875
646,35.639666301198304,0.056869566440582275,-0.00023514033819083124,0.056869566440582275,,-0.00022768975759390742,0.0,0.9963837265968323,-0.00022768975759390742,0.9963836669921875,0.0,0.0,0.0,0.9844970703125,0.0,268435969.0,-0.00010836124420166016,-6.943941116333008e-05,-2.7298927307128906e-05,0.0,0.4202880859375
647,35.69495480903424,0.056869566440582275,-0.00022739173437003046,0.056869566440582275,,-0.00022739173437003046,0.0,0.9963837265968323,-0.0002348423149669543,0.9963836669921875,0.0,0.0,0.0,0.38763427734375,0.0,268435969.0,0.0,0.0,0.0,0.0,-0.59686279296875
648,35.75017841113731,0.056869566440582275,-0.00010812283289851621,0.056869566440582275,,-0.00016772748494986445,0.0,0.9963837265968323,-0.00021988154912833124,0.9963836669921875,0.0,0.0,0.0,0.8682861328125,0.0,268435969.0,0.0,0.0,0.0,0.0,0.48065185546875
649,35.80543427215889,0.056869566440582275,-0.00010073185694636777,0.056869566440582275,,-0.000160336508997716,0.0,0.9963837265968323,-0.00021994115377310663,0.9963836669921875,0.0,0.0,0.0,0.96337890625,0.0,268435969.0,0.0,0.0,0.0,0.0,0.0950927734375
650,35.860862743109465,0.05696624517440796,0.40210431814193726,0.05701225996017456,,0.2248624563217163,0.0,0.9964627027511597,0.1144523024559021,0.9963836669921875,0.0,0.0,0.0,0.10284423828125,0.0,268435969.0,9.66787338256836e-05,0.00014269351959228516,7.897615432739258e-05,0.0,-0.86053466796875
651,35.91616980708204,0.056912004947662354,0.05236691236495972,0.0568922758102417,,0.02526170015335083,0.0,0.9963928461074829,0.01331096887588501,0.9963836669921875,0.0,0.0,0.0,0.67620849609375,0.0,268435969.0,-5.424022674560547e-05,-0.00011998414993286133,-6.985664367675781e-05,0.0,0.5733642578125
652,35.971468260046095,0.056869566440582275,-0.00022697450185660273,0.056869566440582275,,-0.00023442508245352656,0.0,0.9963837265968323,-0.00023442508245352656,0.9963836669921875,0.0,0.0,0.0,0.4429931640625,0.0,268435969.0,-4.2438507080078125e-05,-2.2709369659423828e-05,-9.119510650634766e-06,0.0,-0.23321533203125
653,36.02695123106241,0.05689048767089844,0.027727842330932617,0.05688285827636719,,0.013325870037078857,0.0,0.9963880777359009,0.006419181823730469,0.9963836669921875,0.0,0.0,0.0,0.4833984375,0.0,268435969.0,2.092123031616211e-05,1.329183578491211e-05,4.351139068603516e-06,0.0,0.0404052734375
654,36.08217977709137,0.05683416128158569,0.4925696849822998,0.05701184272766113,,0.30654358863830566,0.0,0.9964958429336548,0.17578589916229248,0.9963836669921875,0.0,0.0,0.0,0.34259033203125,0.0,268435969.0,-5.632638931274414e-05,0.0001289844512939453,0.00010776519775390625,0.0,-0.14080810546875
655,36.13696078816429,0.05319923162460327,-0.17651455104351044,0.056156694889068604,,0.5174027681350708,0.0,0.9965024590492249,0.42676645517349243,0.9963836669921875,0.0,0.0,0.0,0.67755126953125,0.0,268435969.0,-0.003634929656982422,-0.0008551478385925293,6.616115570068359e-06,0.0,0.3349609375
656,36.19167381920852,0.056869566440582275,-0.00022631885076407343,0.056869566440582275,,-0.00023376943136099726,0.0,0.9963837265968323,-0.00022631885076407343,0.9963836669921875,0.0,0.0,0.0,0.4071044921875,0.0,268435969.0,0.003670334815979004,0.0007128715515136719,-0.00011873245239257812,0.0,-0.27044677734375
657,36.2465743671637,0.056869566440582275,-0.0002411604073131457,0.056869566440582275,,-0.00023370982671622187,0.0,0.9963837265968323,-0.00023370982671622187,0.9963836669921875,0.0,0.0,0.0,0.41192626953125,0.0,268435969.0,0.0,0.0,0.0,0.0,0.00482177734375
658,36.3014172851108,0.0551568865776062,0.33224818110466003,0.0565340518951416,,0.5136027932167053,0.0,0.9965322017669678,0.331898033618927,0.9963836669921875,0.0,0.0,0.0,0.76544189453125,0.0,268435969.0,-0.0017126798629760742,-0.00033551454544067383,0.00014847517013549805,0.0,0.353515625
659,36.3564079250209,0.056871235370635986,0.002359151840209961,0.05687052011489868,,0.001271367073059082,0.0,0.9963841438293457,0.0006976723670959473,0.9963836669921875,0.0,0.0,0.0,0.72674560546875,0.0,268435969.0,0.0017143487930297852,0.0003364682197570801,-0.0001480579376220703,0.0,-0.0386962890625
660,36.41143395402469,0.05319875478744507,-3.858532190322876,0.052485644817352295,,0.8413987159729004,0.0,0.9964901804924011,0.8858116269111633,0.9963836669921875,0.0,0.0,0.0,0.77020263671875,0.0,268435969.0,-0.003672480583190918,-0.004384875297546387,0.00010603666305541992,0.0,0.04345703125
661,36.4664745752234,0.05687081813812256,0.0018146634101867676,0.056870341300964355,,0.0009801983833312988,0.0,0.9963839650154114,0.0005182623863220215,0.9963836669921875,0.0,0.0,0.0,0.63067626953125,0.0,268435969.0,0.0036720633506774902,0.0043846964836120605,-0.0001062154769897461,0.0,-0.1395263671875
662,36.521320660132915,0.056869566440582275,-0.00024205447698477656,0.056869566440582275,,-0.0002271533157909289,0.0,0.9963837265968323,-0.00023460389638785273,0.9963836669921875,0.0,0.0,0.0,0.35211181640625,0.0,268435969.0,-1.2516975402832031e-06,-7.748603820800781e-07,-2.384185791015625e-07,0.0,-0.278564453125
663,36.58117981115356,0.05615639686584473,0.4982094168663025,0.05689185857772827,,0.45010846853256226,0.0,0.996526300907135,0.2633298635482788,0.9963836669921875,0.0,0.0,0.0,0.8358154296875,0.0,268435969.0,-0.0007131695747375488,2.2292137145996094e-05,0.00014257431030273438,0.0,0.48370361328125
664,36.636057526106015,0.056869566440582275,-0.00023460389638785273,0.056869566440582275,,-0.00023460389638785273,0.0,0.9963837265968323,-0.00024205447698477656,0.9963836669921875,0.0,0.0,0.0,0.04608154296875,0.0,268435969.0,0.0007131695747375488,-2.2292137145996094e-05,-0.00014257431030273438,0.0,-0.78973388671875
665,36.6911636472214,0.056869566440582275,-6.330014002742246e-05,0.056869566440582275,,-0.0001229047920787707,0.0,0.9963837265968323,-0.0001750588562572375,0.9963836669921875,0.0,0.0,0.0,0.37567138671875,0.0,268435969.0,0.0,0.0,0.0,0.0,0.32958984375
666,36.74616791610606,0.056869566440582275,7.802248001098633e-05,0.056869566440582275,,2.586841583251953e-05,0.0,0.9963837265968323,-3.37362325808499e-05,0.9963836669921875,0.0,0.0,0.0,0.1849365234375,0.0,268435969.0,0.0,0.0,0.0,0.0,-0.19073486328125
667,36.801233038073406,0.057157814502716064,0.5928090810775757,0.057086825370788574,,0.2628154158592224,0.0,0.9964702129364014,0.129830002784729,0.9963836669921875,0.0,0.0,0.0,0.58880615234375,0.0,268435969.0,0.00028824806213378906,0.00021725893020629883,8.64863395690918e-05,0.0,0.40386962890625
668,36.8565679541789,0.056892216205596924,0.030334889888763428,0.056884050369262695,,0.014584362506866455,0.0,0.9963889718055725,0.00768512487411499,0.9963836669921875,0.0,0.0,0.0,0.3031005859375,0.0,268435969.0,-0.0002655982971191406,-0.0002027750015258789,-8.124113082885742e-05,0.0,-0.28570556640625
669,36.91232394101098,0.05689269304275513,0.030721962451934814,0.05688422918319702,,0.016185879707336426,0.0,0.9963890910148621,0.007759273052215576,0.9963836669921875,0.0,0.0,0.0,0.268310546875,0.0,268435969.0,4.76837158203125e-07,1.7881393432617188e-07,1.1920928955078125e-07,0.0,-0.0347900390625
670,36.967582506127656,0.056869566440582275,-0.00023502112890128046,0.056869566440582275,,-0.0002424717094982043,0.0,0.9963837265968323,-0.00023502112890128046,0.9963836669921875,0.0,0.0,0.0,0.0836181640625,0.0,268435969.0,-2.3126602172851562e-05,-1.4662742614746094e-05,-5.364418029785156e-06,0.0,-0.1846923828125
671,37.022430203156546,0.057016193866729736,0.3293934464454651,0.05699533224105835,,0.19096910953521729,0.0,0.9917978644371033,-0.36781713366508484,0.9963836669921875,0.0,0.0,0.0,0.77685546875,0.0,268435969.0,0.00014662742614746094,0.00012576580047607422,-0.004585862159729004,0.0,0.6932373046875
672,37.07743082405068,0.056869566440582275,-0.0002278089668834582,0.049507200717926025,,-0.46407124400138855,0.0,0.995879054069519,0.4982159733772278,0.9669342041015625,0.0,0.0,0.0,0.25537109375,0.0,268435969.0,-0.00014662742614746094,-0.007488131523132324,0.0040811896324157715,-0.029449462890625,-0.521484375
673,37.13245163112879,0.056869566440582275,7.009506225585938e-05,0.056869566440582275,,-3.6811575889587402,0.0,0.9941480159759521,0.20338161289691925,0.9963836669921875,0.0,0.0,0.0,0.33489990234375,0.0,268435969.0,0.0,0.00736236572265625,-0.0017310380935668945,0.029449462890625,0.07952880859375
674,37.18745369720273,0.05687052011489868,0.0013886690139770508,0.056870102882385254,,0.0006957650184631348,0.0,0.9963839054107666,0.00044989585876464844,0.9963836669921875,0.0,0.0,0.0,0.4171142578125,0.0,268435969.0,9.5367431640625e-07,5.364418029785156e-07,0.002235889434814453,0.0,0.08221435546875
675,37.24243598501198,0.05695807933807373,0.1292852759361267,0.05106246471405029,,-0.38772547245025635,0.0,0.9960685968399048,0.556799590587616,0.9963836669921875,0.0,0.0,0.0,0.31396484375,0.0,268435969.0,8.755922317504883e-05,-0.005807638168334961,-0.0003153085708618164,0.0,-0.1031494140625
676,37.29808719619177,0.056878507137298584,0.012005448341369629,0.05687528848648071,,0.006939053535461426,0.0,0.996385931968689,0.0030871033668518066,0.9963836669921875,0.0,0.0,0.0,0.03814697265625,0.0,268435969.0,-7.957220077514648e-05,0.00581282377243042,0.0003173351287841797,0.0,-0.27581787109375
677,37.35295424400829,0.056935667991638184,0.09110802412033081,0.05690890550613403,,0.04422152042388916,0.0,0.996401309967041,0.0233151912689209,0.9963836669921875,0.0,0.0,0.0,0.61041259765625,0.0,268435969.0,5.716085433959961e-05,3.361701965332031e-05,1.537799835205078e-05,0.0,0.572265625
678,37.4079616072122,0.052221834659576416,-0.4562266170978546,0.05556643009185791,,0.46745172142982483,0.0,0.9936417937278748,0.22673092782497406,0.9963836669921875,0.0,0.0,0.0,0.62579345703125,0.0,268435969.0,-0.004713833332061768,-0.001342475414276123,-0.0027595162391662598,0.0,0.015380859375
679,37.46296693221666,0.05616658926010132,0.45730388164520264,0.05702030658721924,,0.24663126468658447,0.0,0.9964637160301208,0.12634164094924927,0.9963836669921875,0.0,0.0,0.0,0.8228759765625,0.0,268435969.0,0.003944754600524902,0.0014538764953613281,0.0028219223022460938,0.0,0.19708251953125
680,37.519329083152115,0.056869566440582275,-0.00023627282644156367,0.056869566440582275,,-0.0002437234070384875,0.0,0.9963837265968323,-0.0002437234070384875,0.9963836669921875,0.0,0.0,0.0,0.96435546875,0.0,268435969.0,0.000702977180480957,-0.0001507401466369629,-7.998943328857422e-05,0.0,0.1414794921875
681,37.57393189216964,0.05687534809112549,0.0076760053634643555,0.05687284469604492,,0.0034366250038146973,0.0,0.9963849186897278,0.0018496513366699219,0.9963836669921875,0.0,0.0,0.0,0.38519287109375,0.0,268435969.0,5.781650543212891e-06,3.2782554626464844e-06,1.1920928955078125e-06,0.0,-0.57916259765625
682,37.62896799505688,0.05675774812698364,0.5087875127792358,0.056988418102264404,,0.3295488953590393,0.0,0.9964888691902161,0.17578381299972534,0.9963836669921875,0.0,0.0,0.0,0.66033935546875,0.0,268435969.0,-0.0001175999641418457,0.00011557340621948242,0.00010395050048828125,0.0,0.275146484375
683,37.68406011699699,0.05556488037109375,0.40909889340400696,0.05675864219665527,,0.47379231452941895,0.0,0.996530294418335,0.3070855736732483,0.9963836669921875,0.0,0.0,0.0,0.01422119140625,0.0,268435969.0,-0.0011928677558898926,-0.00022977590560913086,4.1425228118896484e-05,0.0,-0.6461181640625
684,37.7391934231855,0.056869566440582275,-0.00022858382726553828,0.056869566440582275,,-0.0002360344078624621,0.0,0.9963837265968323,-0.0002360344078624621,0.9963836669921875,0.0,0.0,0.0,0.0108642578125,0.0,268435969.0,0.0013046860694885254,0.00011092424392700195,-0.00014656782150268555,0.0,-0.00335693359375
685,37.79432182200253,0.056869566440582275,2.5033950805664062e-05,0.056869566440582275,,-2.7120115191792138e-05,0.0,0.9963837265968323,-9.41753460210748e-05,0.9963836669921875,0.0,0.0,0.0,0.5068359375,0.0,268435969.0,0.0,0.0,0.0,0.0,0.4959716796875
686,37.849225611193106,0.05700284242630005,0.3775317072868347,0.057001709938049316,,0.1909542679786682,0.0,0.9964568614959717,0.11442935466766357,0.9963836669921875,0.0,0.0,0.0,0.532958984375,0.0,268435969.0,0.00013327598571777344,0.00013214349746704102,7.31348991394043e-05,0.0,0.026123046875
687,37.90417095506564,0.05686986446380615,0.0005102157592773438,0.0568697452545166,,0.00030159950256347656,0.0,0.996383786201477,0.00014513731002807617,0.9963836669921875,0.0,0.0,0.0,0.040283203125,0.0,268435969.0,-0.00013297796249389648,-0.00013196468353271484,-7.30752944946289e-05,0.0,-0.49267578125
688,37.9591854470782,0.05604022741317749,0.8225551843643188,0.056898295879364014,,0.6442702412605286,0.0,0.9966042637825012,0.42257076501846313,0.9963836669921875,0.0,0.0,0.0,0.70635986328125,0.0,268435969.0,-0.0008296370506286621,2.855062484741211e-05,0.00022047758102416992,0.0,0.66607666015625
689,38.01395421801135,0.05687350034713745,0.005271255970001221,0.056872010231018066,,-1.9251443147659302,0.0,0.9964064359664917,0.47306352853775024,0.9963836669921875,0.0,0.0,0.0,0.361572265625,0.0,268435969.0,0.0008332729339599609,-2.6285648345947266e-05,-0.00019782781600952148,0.0,-0.34478759765625
690,38.07362703606486,0.056869566440582275,-0.000241816058405675,0.056869566440582275,,-0.00022691489721182734,0.0,0.9963837265968323,-0.00022691489721182734,0.9963836669921875,0.0,0.0,0.0,0.08917236328125,0.0,268435969.0,-3.933906555175781e-06,-2.4437904357910156e-06,-2.2709369659423828e-05,0.0,-0.27239990234375
691,38.12835445604287,0.056869566440582275,-0.0002424121048534289,0.056869566440582275,,-0.0002424121048534289,0.0,0.9963837265968323,-0.00022751094365958124,0.9963836669921875,0.0,0.0,0.0,0.592529296875,0.0,268435969.0,0.0,0.0,0.0,0.0,0.50335693359375
692,38.182954950025305,0.05694848299026489,0.09298622608184814,0.05690956115722656,,0.04525035619735718,0.0,0.9964016675949097,0.026191771030426025,0.9963836669921875,0.0,0.0,0.0,0.0341796875,0.0,268435969.0,7.891654968261719e-05,3.999471664428711e-05,1.7940998077392578e-05,0.0,-0.558349609375
693,38.238092720042914,0.056869566440582275,6.252527236938477e-05,0.056869566440582275,,2.9206271392467897e-06,0.0,0.9963837265968323,-7.158518565120175e-05,0.9963836669921875,0.0,0.0,0.0,0.8709716796875,0.0,268435969.0,-7.891654968261719e-05,-3.999471664428711e-05,-1.7940998077392578e-05,0.0,0.8367919921875
694,38.29345069103874,0.05686992406845093,0.000583946704864502,0.0568697452545166,,0.0003604292869567871,0.0,0.9963838458061218,0.00013691186904907227,0.9963836669921875,0.0,0.0,0.0,0.9501953125,0.0,268435969.0,3.5762786865234375e-07,1.7881393432617188e-07,1.1920928955078125e-07,0.0,0.0792236328125
695,38.348516220226884,0.05690121650695801,0.0428958535194397,0.0568881630897522,,0.022704780101776123,0.0,0.9963926672935486,0.012005746364593506,0.9963836669921875,0.0,0.0,0.0,0.1934814453125,0.0,268435969.0,3.129243850708008e-05,1.8417835235595703e-05,8.821487426757812e-06,0.0,-0.7567138671875
696,38.40320641803555,0.05683392286300659,0.4922104477882385,0.05700284242630005,,0.32934075593948364,0.0,0.9964957237243652,0.17569488286972046,0.9963836669921875,0.0,0.0,0.0,0.2769775390625,0.0,268435969.0,-6.729364395141602e-05,0.00011467933654785156,0.00010305643081665039,0.0,0.08349609375
697,38.45821563201025,0.056871771812438965,0.003087282180786133,0.05687093734741211,,0.0018281340599060059,0.0,0.9963843822479248,0.000867009162902832,0.9963836669921875,0.0,0.0,0.0,0.7008056640625,0.0,268435969.0,3.784894943237305e-05,-0.00013190507888793945,-0.00011134147644042969,0.0,0.423828125
698,38.51283205207437,0.056872010231018066,0.003161609172821045,0.05687075853347778,,0.0014330744743347168,0.0,0.9963842630386353,0.0008221268653869629,0.9963836669921875,0.0,0.0,0.0,0.9873046875,0.0,268435969.0,2.384185791015625e-07,-1.7881393432617188e-07,-1.1920928955078125e-07,0.0,0.2864990234375
699,38.567900396184996,0.056869566440582275,-4.959106809110381e-05,0.056869566440582275,,-0.00010174513590754941,0.0,0.9963837265968323,-0.00015389920736197382,0.9963836669921875,0.0,0.0,0.0,0.48553466796875,0.0,268435969.0,-2.4437904357910156e-06,-1.1920928955078125e-06,-5.364418029785156e-07,0.0,-0.50177001953125
700,38.622467761160806,0.05700886249542236,0.20052748918533325,0.056953489780426025,,0.10913866758346558,0.0,0.9964266419410706,0.058318257331848145,0.9963836669921875,0.0,0.0,0.0,0.85455322265625,0.0,268435969.0,0.0001392960548400879,8.392333984375e-05,4.291534423828125e-05,0.0,0.3690185546875
701,38.6771091260016,0.05700284242630005,0.3773893713951111,0.05701214075088501,,0.24350988864898682,0.0,0.9964627027511597,0.12483704090118408,0.9963836669921875,0.0,0.0,0.0,0.85919189453125,0.0,268435969.0,-6.020069122314453e-06,5.8650970458984375e-05,3.606081008911133e-05,0.0,0.004638671875
702,38.73173302807845,0.05687028169631958,0.0010606050491333008,0.05686992406845093,,0.0005837678909301758,0.0,0.9963839054107666,0.00036025047302246094,0.9963836669921875,0.0,0.0,0.0,0.1004638671875,0.0,268435969.0,-0.00013256072998046875,-0.00014221668243408203,-7.87973403930664e-05,0.0,-0.75872802734375
703,38.78661281708628,0.056879401206970215,0.01313769817352295,0.05687582492828369,,0.0069313645362854,0.0,0.9927151799201965,-0.17405077815055847,0.9963836669921875,0.0,0.0,0.0,0.384521484375,0.0,268435969.0,9.119510650634766e-06,5.900859832763672e-06,-0.0036687254905700684,0.0,0.2840576171875
704,38.84157825401053,0.0568697452545166,0.00032329559326171875,0.0568697452545166,,0.00016683340072631836,0.0,0.9963837265968323,0.0001221299171447754,0.9963836669921875,0.0,0.0,0.0,0.808837890625,0.0,268435969.0,-9.655952453613281e-06,-6.079673767089844e-06,0.003668546676635742,0.0,0.42431640625
705,38.896341007202864,0.056869566440582275,-0.0002430081513011828,0.056869566440582275,,-0.00023555757070425898,0.0,0.9963837265968323,-0.0002430081513011828,0.9963836669921875,0.0,0.0,0.0,0.0330810546875,0.0,268435969.0,-1.7881393432617188e-07,-1.7881393432617188e-07,0.0,0.0,-0.7757568359375
706,38.951355666154996,0.05652916431427002,0.5228624939918518,0.05693495273590088,,0.4019842743873596,0.0,0.996521532535553,0.26332151889801025,0.9963836669921875,0.0,0.0,0.0,0.4664306640625,0.0,268435969.0,-0.00034040212631225586,6.538629531860352e-05,0.00013780593872070312,0.0,0.433349609375
707,39.00596501212567,0.057115018367767334,0.5696671009063721,0.05709797143936157,,0.30391979217529297,0.0,0.9965007305145264,0.181357741355896,0.9963836669921875,0.0,0.0,0.0,0.133056640625,0.0,268435969.0,0.0005858540534973145,0.00016301870346069336,-2.0802021026611328e-05,0.0,-0.3333740234375
708,39.06094072712585,0.05687052011489868,0.0013884902000427246,0.056870102882385254,,0.0007551908493041992,0.0,0.9963839054107666,0.00041991472244262695,0.9963836669921875,0.0,0.0,0.0,0.9969482421875,0.0,268435969.0,-0.00024449825286865234,-0.00022786855697631836,-0.00011682510375976562,0.0,0.8638916015625
709,39.11559618404135,0.05687052011489868,0.0014409422874450684,0.056870222091674805,,0.0006809830665588379,0.0,0.9963839054107666,0.00043511390686035156,0.9963836669921875,0.0,0.0,0.0,0.34429931640625,0.0,268435969.0,0.0,1.1920928955078125e-07,0.0,0.0,-0.65264892578125
710,39.17025532620028,0.0477868914604187,-0.9938371777534485,0.05429345369338989,,0.9145992994308472,0.0,0.9965525269508362,0.8017677068710327,0.9963836669921875,0.0,0.0,0.0,0.8681640625,0.0,268435969.0,-0.00908362865447998,-0.002576768398284912,0.00016862154006958008,0.0,0.52386474609375
711,39.22491628420539,0.056944966316223145,0.10519081354141235,0.0569148063659668,,0.05118900537490845,0.0,0.9964040517807007,0.029634475708007812,0.9963836669921875,0.0,0.0,0.0,0.7371826171875,0.0,268435969.0,0.009158074855804443,0.0026213526725769043,-0.00014847517013549805,0.0,-0.1309814453125
712,39.27959968522191,0.0568697452545166,0.00016736984252929688,0.056869566440582275,,0.00011521577835083008,0.0,0.9963837265968323,6.306171417236328e-05,0.9963836669921875,0.0,0.0,0.0,0.70672607421875,0.0,268435969.0,-7.522106170654297e-05,-4.5239925384521484e-05,-2.0325183868408203e-05,0.0,-0.03045654296875
713,39.33433784614317,0.056878864765167236,0.011305809020996094,0.05687445402145386,,0.005434751510620117,0.0,0.9963851571083069,0.0016871094703674316,0.9963836669921875,0.0,0.0,0.0,0.48834228515625,0.0,268435969.0,9.119510650634766e-06,4.887580871582031e-06,1.430511474609375e-06,0.0,-0.2183837890625
714,39.390785126015544,0.056869566440582275,-0.00024253131414297968,0.056869566440582275,,-0.00022763015294913203,0.0,0.9963837265968323,-0.00023508073354605585,0.9963836669921875,0.0,0.0,0.0,0.34124755859375,0.0,268435969.0,-9.298324584960938e-06,-4.887580871582031e-06,-1.430511474609375e-06,0.0,-0.1470947265625
715,39.44547667610459,0.056869566440582275,-0.00024288894201163203,0.056869566440582275,,-0.00024288894201163203,0.0,0.9963837265968323,-0.00024288894201163203,0.9963836669921875,0.0,0.0,0.0,0.0003662109375,0.0,268435969.0,0.0,0.0,0.0,0.0,-0.34088134765625
716,39.50182508700527,0.056869566440582275,-5.6982044043252245e-05,0.056869566440582275,,-3.681307077407837,0.0,0.9941480159759521,0.040541235357522964,0.9963836669921875,0.0,0.0,0.0,0.12432861328125,0.0,268435969.0,0.0,0.0,-0.002235710620880127,0.0,0.12396240234375
717,39.55748616810888,0.05688959360122681,0.6995303630828857,0.057094454765319824,,0.4437519311904907,0.0,0.996536910533905,0.2524210214614868,0.9963836669921875,0.0,0.0,0.0,0.62054443359375,0.0,268435969.0,2.002716064453125e-05,0.00022488832473754883,0.002388894557952881,0.0,0.4962158203125
718,39.61286632507108,0.05399376153945923,0.04165881127119064,0.056156814098358154,,0.5235623717308044,0.0,0.9965025782585144,0.3777768611907959,0.9963836669921875,0.0,0.0,0.0,0.185302734375,0.0,268435969.0,-0.002895832061767578,-0.0009376406669616699,-3.4332275390625e-05,0.0,-0.43524169921875
719,39.66776155913249,0.05232805013656616,-0.015651075169444084,0.056224048137664795,,0.603425145149231,0.0,0.9965340495109558,0.44501835107803345,0.9963836669921875,0.0,0.0,0.0,0.94952392578125,0.0,268435969.0,-0.0016657114028930664,6.723403930664062e-05,3.147125244140625e-05,0.0,0.76422119140625
720,39.72293751407415,0.056869685649871826,0.0001665949821472168,0.056869566440582275,,0.00011444091796875,0.0,0.9963837265968323,6.22868537902832e-05,0.9963836669921875,0.0,0.0,0.0,0.8126220703125,0.0,268435969.0,0.004541635513305664,0.0006455183029174805,-0.00015032291412353516,0.0,-0.13690185546875
721,39.77773176622577,0.056889891624450684,0.02721959352493286,0.056882500648498535,,0.014359891414642334,0.0,0.9963889122009277,0.0075724124908447266,0.9963836669921875,0.0,0.0,0.0,0.8851318359375,0.0,268435969.0,2.0205974578857422e-05,1.2934207916259766e-05,5.185604095458984e-06,0.0,0.072509765625
722,39.83270050003193,0.056869566440582275,2.4616718292236328e-05,0.056869566440582275,,-4.243851071805693e-05,0.0,0.9963837265968323,-9.459257853450254e-05,0.9963836669921875,0.0,0.0,0.0,0.622802734375,0.0,268435969.0,-2.0325183868408203e-05,-1.2934207916259766e-05,-5.185604095458984e-06,0.0,-0.2623291015625
723,39.887861306080595,0.056869566440582275,-0.0002436041977489367,0.056869566440582275,,-0.00023615361715201288,0.0,0.9963837265968323,-0.0002436041977489367,0.9963836669921875,0.0,0.0,0.0,0.63983154296875,0.0,268435969.0,0.0,0.0,0.0,0.0,0.01702880859375
724,39.94296750216745,0.056869566440582275,0.0001138448715209961,0.049507200717926025,,-0.46377432346343994,0.0,0.9958791136741638,0.5171095728874207,0.9963836669921875,0.0,0.0,0.0,0.8443603515625,0.0,268435969.0,0.0,-0.00736236572265625,-0.000504612922668457,0.0,0.20452880859375
725,39.998129457002506,0.056834399700164795,0.4928951859474182,0.05701637268066406,,0.26368552446365356,0.0,0.9964689016342163,0.12503767013549805,0.9963836669921875,0.0,0.0,0.0,0.246826171875,0.0,268435969.0,-3.516674041748047e-05,0.007509171962738037,0.0005897879600524902,0.0,-0.5975341796875
726,40.05425788718276,0.0569797158241272,0.16402608156204224,0.056928277015686035,,0.06193822622299194,0.0,0.996404230594635,-1.9003514051437378,0.9963836669921875,0.0,0.0,0.0,0.93072509765625,0.0,268435969.0,0.00014531612396240234,-8.809566497802734e-05,-6.467103958129883e-05,0.0,0.68389892578125
727,40.1103811331559,0.056869566440582275,-5.102157956571318e-05,0.056869566440582275,,-0.00011807680857600644,0.0,0.9963837265968323,-0.0001851320412242785,0.9963836669921875,0.0,0.0,0.0,0.80126953125,0.0,268435969.0,-0.00011014938354492188,-5.8710575103759766e-05,-2.0503997802734375e-05,0.0,-0.12945556640625
728,40.166785303037614,0.056869566440582275,-0.00023704770137555897,0.056869566440582275,,-0.00022959712077863514,0.0,0.9963837265968323,-0.00022959712077863514,0.9963836669921875,0.0,0.0,0.0,0.9473876953125,0.0,268435969.0,0.0,0.0,0.0,0.0,0.1461181640625
729,40.222737475065514,0.0568697452545166,0.0001728534698486328,0.056869566440582275,,0.00011324882507324219,0.0,0.9963837265968323,3.129243850708008e-05,0.9963836669921875,0.0,0.0,0.0,0.52545166015625,0.0,268435969.0,1.7881393432617188e-07,0.0,0.0,0.0,-0.42193603515625
730,40.27839850122109,0.057007431983947754,0.2435086965560913,0.05696779489517212,,0.12483584880828857,0.0,0.9964284896850586,0.06726521253585815,0.9963836669921875,0.0,0.0,0.0,0.3546142578125,0.0,268435969.0,0.00013768672943115234,9.822845458984375e-05,4.476308822631836e-05,0.0,-0.17083740234375
731,40.333631789078936,0.05689460039138794,0.033633649349212646,0.056884169578552246,,0.014783680438995361,0.0,0.996387779712677,0.00538104772567749,0.9963836669921875,0.0,0.0,0.0,0.35626220703125,0.0,268435969.0,-0.00011283159255981445,-8.362531661987305e-05,-4.07099723815918e-05,0.0,0.00164794921875
732,40.389351685065776,0.056870102882385254,0.0007541775703430176,0.05686986446380615,,0.0004487037658691406,0.0,0.9963839054107666,0.00021028518676757812,0.9963836669921875,0.0,0.0,0.0,0.02081298828125,0.0,268435969.0,-2.4497509002685547e-05,-1.430511474609375e-05,-3.874301910400391e-06,0.0,-0.33544921875
733,40.44473760109395,0.056869566440582275,-0.0002292990975547582,0.056869566440582275,,-0.00024420025874860585,0.0,0.9963837265968323,-0.0002292990975547582,0.9963836669921875,0.0,0.0,0.0,0.8184814453125,0.0,268435969.0,-5.364418029785156e-07,-2.980232238769531e-07,-1.7881393432617188e-07,0.0,0.79766845703125
734,40.50039625610225,0.056874752044677734,0.006937801837921143,0.05687284469604492,,0.0036967992782592773,0.0,0.996384859085083,0.0015212297439575195,0.9963836669921875,0.0,0.0,0.0,0.2540283203125,0.0,268435969.0,5.185604095458984e-06,3.2782554626464844e-06,1.1324882507324219e-06,0.0,-0.564453125
735,40.55609561619349,0.05687433481216431,0.006393373012542725,0.05687224864959717,,0.0031449198722839355,0.0,0.9963849186897278,0.0018485188484191895,0.9963836669921875,0.0,0.0,0.0,0.35009765625,0.0,268435969.0,-4.172325134277344e-07,-5.960464477539062e-07,5.960464477539063e-08,0.0,0.0960693359375
736,40.61136844009161,0.056869566440582275,-0.00023770335246808827,0.056869566440582275,,-0.00023025277187116444,0.0,0.9963837265968323,-0.00023770335246808827,0.9963836669921875,0.0,0.0,0.0,0.91925048828125,0.0,268435969.0,-4.76837158203125e-06,-2.682209014892578e-06,-1.1920928955078125e-06,0.0,0.56915283203125
737,40.66749539016746,0.056889891624450684,0.0272178053855896,0.05688035488128662,,0.011973917484283447,0.0,0.9963880181312561,0.006304025650024414,0.9963836669921875,0.0,0.0,0.0,0.42755126953125,0.0,268435969.0,2.0325183868408203e-05,1.0788440704345703e-05,4.291534423828125e-06,0.0,-0.49169921875
738,40.72288375115022,0.0568697452545166,0.00018715858459472656,0.056869566440582275,,9.775161743164062e-05,0.0,0.9963837265968323,4.559755325317383e-05,0.9963836669921875,0.0,0.0,0.0,0.38128662109375,0.0,268435969.0,-2.014636993408203e-05,-1.0788440704345703e-05,-4.291534423828125e-06,0.0,-0.0462646484375
739,40.77824266720563,0.05689185857772827,0.47232306003570557,0.05701172351837158,,0.28427040576934814,0.0,0.9964752793312073,-3.532885789871216,0.9669342041015625,0.0,0.0,0.0,0.80694580078125,0.0,268435969.0,2.2113323211669922e-05,0.00014215707778930664,9.1552734375e-05,-0.029449462890625,0.4256591796875
740,40.83366704615764,0.056869566440582275,-0.00022983552480582148,0.056869566440582275,,-0.0002298355393577367,0.0,0.9963837265968323,-0.00023728611995466053,0.9963836669921875,0.0,0.0,0.0,0.42431640625,0.0,268435969.0,-2.2292137145996094e-05,-0.00014215707778930664,-9.1552734375e-05,0.029449462890625,-0.38262939453125
741,40.88886207505129,0.0568697452545166,-3.68103289604187,0.05399322509765625,,0.3222983479499817,0.0,0.9963480830192566,0.5084138512611389,0.9963836669921875,0.0,0.0,0.0,0.19781494140625,0.0,268435969.0,1.7881393432617188e-07,-0.0028763413429260254,-3.5643577575683594e-05,0.0,-0.22650146484375
742,40.94426510320045,0.056869566440582275,-0.00022959712077863514,0.056869566440582275,,-0.0002444982819724828,0.0,0.9963837265968323,-0.00022959712077863514,0.9963836669921875,0.0,0.0,0.0,0.37054443359375,0.0,268435969.0,-1.7881393432617188e-07,0.0028763413429260254,3.5643577575683594e-05,0.0,0.1727294921875
743,41.000469440128654,0.056869566440582275,-0.0002444386773277074,0.056869566440582275,,-0.00022953751613385975,0.0,0.9963837265968323,-0.0002444386773277074,0.9669342041015625,0.0,0.0,0.0,0.89105224609375,0.0,268435969.0,0.0,0.0,0.0,-0.029449462890625,0.5205078125
744,41.05556359910406,0.056869566440582275,-0.0001400113251293078,0.056869566440582275,,-0.00018471480871085078,0.0,0.9963837265968323,-0.00024431946803815663,0.9963836669921875,0.0,0.0,0.0,0.421630859375,0.0,268435969.0,0.0,0.0,0.0,0.029449462890625,-0.46942138671875
745,41.11042177816853,0.05688142776489258,0.015737473964691162,0.056876420974731445,,0.008301794528961182,0.0,0.9963870048522949,0.004382789134979248,0.9963836669921875,0.0,0.0,0.0,0.0218505859375,0.0,268435969.0,1.1861324310302734e-05,6.854534149169922e-06,3.2782554626464844e-06,0.0,-0.3997802734375
746,41.165640047052875,0.05698812007904053,0.1755748987197876,0.05695009231567383,,0.09485530853271484,0.0,0.9964179992675781,0.05050945281982422,0.9963836669921875,0.0,0.0,0.0,0.7421875,0.0,268435969.0,0.00010669231414794922,7.367134094238281e-05,3.0994415283203125e-05,0.0,0.7203369140625
747,41.22064233617857,0.05686986446380615,0.0005089640617370605,0.0568697452545166,,0.00033015012741088867,0.0,0.9963838458061218,0.00014388561248779297,0.9963836669921875,0.0,0.0,0.0,0.12841796875,0.0,268435969.0,-0.000118255615234375,-8.034706115722656e-05,-3.415346145629883e-05,0.0,-0.61376953125
748,41.275394812226295,0.05689871311187744,0.039311885833740234,0.05688661336898804,,0.019016504287719727,0.0,0.996391236782074,0.011007130146026611,0.9963836669921875,0.0,0.0,0.0,0.8927001953125,0.0,268435969.0,2.8848648071289062e-05,1.6868114471435547e-05,7.3909759521484375e-06,0.0,0.7642822265625
749,41.330351434182376,0.053317487239837646,0.2248389720916748,0.05603945255279541,,0.7605208158493042,0.0,0.9965959787368774,0.4919273853302002,0.9963836669921875,0.0,0.0,0.0,0.57806396484375,0.0,268435969.0,-0.003581225872039795,-0.000847160816192627,0.0002047419548034668,0.0,-0.31463623046875
750,41.38518955814652,0.056869566440582275,-3.457069760770537e-05,0.056869566440582275,,-9.41753460210748e-05,0.0,0.9963837265968323,-0.00023573638463858515,0.9963836669921875,0.0,0.0,0.0,0.22735595703125,0.0,268435969.0,0.003552079200744629,0.0008301138877868652,-0.00021225214004516602,0.0,-0.3507080078125
751,41.44252013019286,0.056877732276916504,0.01092541217803955,0.056874752044677734,,0.006306052207946777,0.0,0.9963857531547546,-3.6781179904937744,0.9963836669921875,0.0,0.0,0.0,0.61572265625,0.0,268435969.0,8.165836334228516e-06,5.185604095458984e-06,2.0265579223632812e-06,0.0,0.38836669921875
752,41.49732858710922,0.0568733811378479,0.004689276218414307,0.056871771812438965,,0.0024839043617248535,0.0,0.9963846206665039,0.0013216137886047363,0.9963836669921875,0.0,0.0,0.0,0.21588134765625,0.0,268435969.0,-4.351139068603516e-06,-2.9802322387695312e-06,-1.1324882507324219e-06,0.0,-0.39984130859375
753,41.55224508000538,0.05100548267364502,-0.8328080177307129,0.05515098571777344,,0.4084736704826355,0.0,0.9964067935943604,0.4933730363845825,0.9963836669921875,0.0,0.0,0.0,0.42230224609375,0.0,268435969.0,-0.005867898464202881,-0.0017207860946655273,2.2172927856445312e-05,0.0,0.2064208984375
754,41.60703859315254,0.051032960414886475,-0.7958682775497437,0.05516862869262695,,0.4845140278339386,0.0,0.9964146018028259,0.5045933723449707,0.9963836669921875,0.0,0.0,0.0,0.32586669921875,0.0,268435969.0,2.7477741241455078e-05,1.7642974853515625e-05,7.808208465576172e-06,0.0,-0.096435546875
755,41.66174718015827,0.056869566440582275,-0.0002430677559459582,0.056869566440582275,,-0.00023561717534903437,0.0,0.9963837265968323,-0.0002430677559459582,0.9963836669921875,0.0,0.0,0.0,0.14801025390625,0.0,268435969.0,0.005836606025695801,0.0017009377479553223,-3.0875205993652344e-05,0.0,-0.1778564453125
756,41.716627043206245,0.05665767192840576,0.5191369652748108,0.05696624517440796,,0.37738221883773804,0.0,0.9965157508850098,0.24350273609161377,0.9963836669921875,0.0,0.0,0.0,0.01123046875,0.0,268435969.0,-0.00021189451217651367,9.66787338256836e-05,0.00013202428817749023,0.0,-0.13677978515625
757,41.77148655615747,0.05701732635498047,0.225397527217865,0.05697661638259888,,0.11470425128936768,0.0,0.9964401721954346,0.06165611743927002,0.99639892578125,0.0,0.0,0.0,0.252197265625,0.0,268435969.0,0.00035965442657470703,1.0371208190917969e-05,-7.557868957519531e-05,1.52587890625e-05,0.240966796875
758,41.82652621506713,0.05690556764602661,0.007393538951873779,0.05690354108810425,,0.003906667232513428,0.0,0.9964156150817871,0.0018950104713439941,0.9964141845703125,0.0,0.0,0.0,0.91619873046875,0.0,268435969.0,-0.00011175870895385742,-7.30752944946289e-05,-2.4557113647460938e-05,1.52587890625e-05,0.66400146484375
759,41.88202096405439,0.051058292388916016,-0.8365192413330078,0.05520886182785034,,0.46400946378707886,0.0,0.99651038646698,0.4552624821662903,0.9964599609375,0.0,0.0,0.0,0.1204833984375,0.0,268435969.0,-0.005847275257110596,-0.0016946792602539062,9.47713851928711e-05,4.57763671875e-05,-0.79571533203125
760,41.93690673611127,0.05696684122085571,0.007705986499786377,0.05696439743041992,,0.004099905490875244,0.0,0.9964767694473267,0.0021702051162719727,0.9964752197265625,0.0,0.0,0.0,0.20098876953125,0.0,268435969.0,0.005908548831939697,0.00175553560256958,-3.361701965332031e-05,1.52587890625e-05,0.08050537109375
761,41.991975302109495,0.05713605880737305,0.2658829092979431,0.05710482597351074,,0.1496538519859314,0.0,0.996559202671051,0.07421672344207764,0.9965057373046875,0.0,0.0,0.0,0.3118896484375,0.0,268435969.0,0.00016921758651733398,0.0001404285430908203,8.243322372436523e-05,3.0517578125e-05,0.11090087890625
762,42.046750019071624,0.057013750076293945,0.009202957153320312,0.057014644145965576,,0.010119378566741943,0.0,0.9965390563011169,0.007064640522003174,0.9965362548828125,0.0,0.0,0.0,0.60321044921875,0.0,268435969.0,-0.00012230873107910156,-9.018182754516602e-05,-2.014636993408203e-05,3.0517578125e-05,0.29132080078125
763,42.101881807204336,0.0570526123046875,0.001677572843618691,0.05706191062927246,,0.005536973942071199,0.0,0.9965834021568298,0.004091561306267977,0.99658203125,0.0,0.0,0.0,0.42193603515625,0.0,268435969.0,3.886222839355469e-05,4.7266483306884766e-05,4.4345855712890625e-05,4.57763671875e-05,-0.1812744140625
764,42.1577775911428,0.05714452266693115,0.00044822925701737404,0.0571444034576416,,0.00020981067791581154,0.0,0.9966583847999573,0.00011295313015580177,0.9966583251953125,0.0,0.0,0.0,0.77667236328125,0.0,268435969.0,9.191036224365234e-05,8.249282836914062e-05,7.49826431274414e-05,7.62939453125e-05,0.354736328125
765,42.212789862183854,0.0572359561920166,0.00029152631759643555,0.0572359561920166,,0.00014251470565795898,0.0,0.996749997138977,8.291006088256836e-05,0.9967498779296875,0.0,0.0,0.0,0.40740966796875,0.0,268435969.0,9.143352508544922e-05,9.1552734375e-05,9.161233901977539e-05,9.1552734375e-05,-0.3692626953125
766,42.267785873031244,0.057408928871154785,0.49916696548461914,0.05752527713775635,,0.2884123921394348,0.0,0.9969653487205505,0.14846068620681763,0.9968719482421875,0.0,0.0,0.0,0.947265625,0.0,268435969.0,0.0001729726791381836,0.0002893209457397461,0.00021535158157348633,0.0001220703125,0.53985595703125
767,42.323242771206424,0.05742162466049194,0.006757915019989014,0.05743175745010376,,0.007078289985656738,0.0,0.9969504475593567,0.004865467548370361,0.9969482421875,0.0,0.0,0.0,0.59814453125,0.0,268435969.0,1.2695789337158203e-05,-9.351968765258789e-05,-1.4901161193847656e-05,7.62939453125e-05,-0.34912109375
768,42.37815530109219,0.05760300159454346,-2.578005075454712,0.053856074810028076,,0.2887250781059265,0.0,0.9970008730888367,0.5344005227088928,0.99700927734375,0.0,0.0,0.0,0.7330322265625,0.0,268435969.0,0.00018137693405151367,-0.0035756826400756836,5.042552947998047e-05,6.103515625e-05,0.1348876953125
769,42.4335486991331,0.0574951171875,-0.00023794177104718983,0.0574951171875,,-0.00023794177104718983,0.0,0.99700927734375,-0.00023794177104718983,0.99700927734375,0.0,0.0,0.0,0.658447265625,0.0,268435969.0,-0.00010788440704345703,0.003639042377471924,8.404254913330078e-06,0.0,-0.0745849609375
770,42.4890251532197,0.057496607303619385,0.0020198822021484375,0.05749601125717163,,0.0009097456932067871,0.0,0.9970095753669739,0.0005148649215698242,0.99700927734375,0.0,0.0,0.0,0.3966064453125,0.0,268435969.0,1.4901161193847656e-06,8.940696716308594e-07,2.980232238769531e-07,0.0,-0.2618408203125
771,42.54417168209329,0.05751770734786987,0.4772927165031433,0.05763876438140869,,0.30949074029922485,0.0,0.9971154928207397,0.16315388679504395,0.99700927734375,0.0,0.0,0.0,0.604248046875,0.0,268435969.0,2.110004425048828e-05,0.00014275312423706055,0.00010591745376586914,0.0,0.2076416015625
772,42.59927200805396,0.0574953556060791,0.00024712085723876953,0.05749523639678955,,-1.3649464563059155e-05,0.0,0.9970093965530396,-0.0001775622513378039,0.99700927734375,0.0,0.0,0.0,0.8284912109375,0.0,268435969.0,-2.2351741790771484e-05,-0.00014352798461914062,-0.00010609626770019531,0.0,0.2242431640625
773,42.65914380713366,0.05749577283859253,0.0009025931358337402,0.05749553442001343,,0.00043320655822753906,0.0,0.9970095157623291,0.00020968914031982422,0.99700927734375,0.0,0.0,0.0,0.567626953125,0.0,268435969.0,4.172325134277344e-07,2.980232238769531e-07,1.1920928955078125e-07,0.0,-0.2608642578125
774,42.714389021042734,0.0574951171875,-0.00023764374782331288,0.0574951171875,,-0.00023764374782331288,0.0,0.99700927734375,-0.00023764374782331288,0.99700927734375,0.0,0.0,0.0,0.61724853515625,0.0,268435969.0,-6.556510925292969e-07,-4.172325134277344e-07,-2.384185791015625e-07,0.0,0.04962158203125
775,42.76912634912878,0.05749523639678955,-0.00019270183111075312,0.05749523639678955,,-0.00024485590984113514,0.0,0.99700927734375,-0.00023740532924421132,0.99700927734375,0.0,0.0,0.0,0.58001708984375,0.0,268435969.0,1.1920928955078125e-07,1.1920928955078125e-07,0.0,0.0,-0.0372314453125
776,42.823999306187034,0.05524718761444092,0.22000911831855774,0.05715763568878174,,0.5323300361633301,0.0,0.9971599578857422,0.36050474643707275,0.99700927734375,0.0,0.0,0.0,0.341064453125,0.0,268435969.0,-0.002248048782348633,-0.0003376007080078125,0.0001506805419921875,0.0,-0.23895263671875
777,42.87904413207434,0.0574951171875,-2.731590509414673,0.05458879470825195,,0.32544243335723877,0.0,0.9969733357429504,0.5135546922683716,0.99700927734375,0.0,0.0,0.0,0.996826171875,0.0,268435969.0,0.002247929573059082,-0.002568840980529785,-0.00018662214279174805,0.0,0.65576171875
778,42.934044680092484,0.057498037815093994,0.003815770149230957,0.05749696493148804,,0.0018339157104492188,0.0,0.9970099329948425,0.0009845495223999023,0.99700927734375,0.0,0.0,0.0,0.42138671875,0.0,268435969.0,2.9206275939941406e-06,0.002908170223236084,3.6597251892089844e-05,0.0,-0.575439453125
779,42.98891939618625,0.05749523639678955,-4.3570998968789354e-05,0.05749523639678955,,-9.572506678523496e-05,0.0,0.9970093965530396,-0.0001553297188365832,0.99700927734375,0.0,0.0,0.0,0.9508056640625,0.0,268435969.0,-2.8014183044433594e-06,-1.7285346984863281e-06,-5.364418029785156e-07,0.0,0.5294189453125
780,43.043958463007584,0.0574951171875,-0.00023734572459943593,0.0574951171875,,-0.00023734572459943593,0.0,0.99700927734375,-0.00023734572459943593,0.99700927734375,0.0,0.0,0.0,0.09698486328125,0.0,268435969.0,-1.1920928955078125e-07,-1.1920928955078125e-07,-1.1920928955078125e-07,0.0,-0.85382080078125
781,43.09912471519783,0.057643234729766846,-1.6148523092269897,0.05536329746246338,,0.5881056785583496,0.0,0.9896562695503235,-1.3532699346542358,0.99700927734375,0.0,0.0,0.0,0.8707275390625,0.0,268435969.0,0.0001481175422668457,-0.002131819725036621,-0.007353007793426514,0.0,0.77374267578125
782,43.15413865214214,0.05749523639678955,-0.00017774106527213007,0.05749523639678955,,-0.00022989512945059687,0.0,0.99700927734375,-0.00023734572459943593,0.99700927734375,0.0,0.0,0.0,0.76953125,0.0,268435969.0,-0.00014799833297729492,0.002131938934326172,0.007353007793426514,0.0,-0.1011962890625
783,43.20905288611539,0.05749845504760742,0.004493772983551025,0.05749702453613281,,0.00220644474029541,0.0,0.9970100522041321,0.001170814037322998,0.99700927734375,0.0,0.0,0.0,0.51800537109375,0.0,268435969.0,3.2186508178710938e-06,1.7881393432617188e-06,7.748603820800781e-07,0.0,-0.25152587890625
784,43.264135712059215,0.057609379291534424,0.17885231971740723,0.05757564306259155,,0.10670089721679688,0.0,0.997044563293457,0.05227440595626831,0.99700927734375,0.0,0.0,0.0,0.66851806640625,0.0,268435969.0,0.00011092424392700195,7.861852645874023e-05,3.451108932495117e-05,0.0,0.1505126953125
785,43.319265242200345,0.05777716636657715,0.4525635838508606,0.05769699811935425,,0.2485070824623108,0.0,0.9970987439155579,0.12179505825042725,0.99700927734375,0.0,0.0,0.0,0.79241943359375,0.0,268435969.0,0.0001677870750427246,0.00012135505676269531,5.418062210083008e-05,0.0,0.1239013671875
786,43.37432549404912,0.05749523639678955,-3.719210386276245,0.053786396980285645,,0.20550234615802765,0.0,0.9967952966690063,0.5246778130531311,0.99700927734375,0.0,0.0,0.0,0.5018310546875,0.0,268435969.0,-0.00028192996978759766,-0.0039106011390686035,-0.00030344724655151367,0.0,-0.29058837890625
787,43.42911363602616,0.05771040916442871,0.7645196914672852,0.05776458978652954,,0.33567917346954346,0.0,0.9971285462379456,0.18362027406692505,0.99700927734375,0.0,0.0,0.0,0.0111083984375,0.0,268435969.0,0.00021517276763916016,0.0039781928062438965,0.000333249568939209,0.0,-0.49072265625
788,43.48464675620198,0.057151854038238525,0.529163658618927,0.05756157636642456,,0.4066910147666931,0.0,0.9971488118171692,0.2663518786430359,0.99700927734375,0.0,0.0,0.0,0.0980224609375,0.0,268435969.0,-0.0005585551261901855,-0.00020301342010498047,2.0265579223632812e-05,0.0,0.0869140625
789,43.53951273113489,0.05700594186782837,0.5499657392501831,0.05757319927215576,,0.4195805788040161,0.0,0.9971476793289185,0.25308990478515625,0.99700927734375,0.0,0.0,0.0,0.7537841796875,0.0,268435969.0,-0.00014591217041015625,1.1622905731201172e-05,-1.1324882507324219e-06,0.0,0.65576171875
790,43.594774704193696,0.05749630928039551,0.0015209317207336426,0.057495832443237305,,0.0008280277252197266,0.0,0.9970095157623291,0.00043314695358276367,0.99700927734375,0.0,0.0,0.0,0.7373046875,0.0,268435969.0,0.0004903674125671387,-7.736682891845703e-05,-0.00013816356658935547,0.0,-0.0164794921875
791,43.6500671771355,0.05459725856781006,0.0521177276968956,0.05699014663696289,,0.5299533009529114,0.0,0.9971548914909363,0.3350908160209656,0.99700927734375,0.0,0.0,0.0,0.98797607421875,0.0,268435969.0,-0.0028990507125854492,-0.0005056858062744141,0.00014537572860717773,0.0,0.25067138671875
792,43.70538991014473,0.05749523639678955,2.3484230041503906e-05,0.05749523639678955,,-3.6120418371865526e-05,0.0,0.9970093965530396,-8.827448618831113e-05,0.99700927734375,0.0,0.0,0.0,0.99310302734375,0.0,268435969.0,0.002897977828979492,0.0005050897598266602,-0.00014549493789672852,0.0,0.005126953125
793,43.76042882911861,0.057498157024383545,0.0037560462951660156,0.057496845722198486,,0.001833796501159668,0.0,0.9970099329948425,-2.730361223220825,0.99700927734375,0.0,0.0,0.0,0.3963623046875,0.0,268435969.0,2.9206275939941406e-06,1.6093254089355469e-06,5.364418029785156e-07,0.0,-0.59674072265625
794,43.81571730202995,0.05749589204788208,0.0011184215545654297,0.0574955940246582,,0.0006192326545715332,0.0,0.9970095157623291,0.0003063082695007324,0.99700927734375,0.0,0.0,0.0,0.546630859375,0.0,268435969.0,-2.2649765014648438e-06,-1.2516975402832031e-06,-4.172325134277344e-07,0.0,0.1502685546875
795,43.87040151911788,0.0576709508895874,0.40027570724487305,0.057647526264190674,,0.23249608278274536,0.0,0.9970852732658386,0.10711026191711426,0.99700927734375,0.0,0.0,0.0,0.22137451171875,0.0,268435969.0,0.00017505884170532227,0.0001519322395324707,7.575750350952148e-05,0.0,-0.32525634765625
796,43.92552217817865,0.057505130767822266,0.012092888355255127,0.05750089883804321,,0.006400644779205322,0.0,0.9895728826522827,-1.3264265060424805,0.99700927734375,0.0,0.0,0.0,0.60186767578125,0.0,268435969.0,-0.00016582012176513672,-0.00014662742614746094,-0.007512390613555908,0.0,0.3804931640625
797,43.980803948128596,0.0576479434967041,0.36890071630477905,0.05764031410217285,,0.21582108736038208,0.0,0.9970855116844177,0.10897976160049438,0.99700927734375,0.0,0.0,0.0,0.00152587890625,0.0,268435969.0,0.00014281272888183594,0.00013941526412963867,0.00751262903213501,0.0,-0.600341796875
798,44.03641269705258,0.0574951171875,-0.00023829939891584218,0.0574951171875,,-0.00023829939891584218,0.0,0.99700927734375,-0.00023829939891584218,0.99700927734375,0.0,0.0,0.0,0.5491943359375,0.0,268435969.0,-0.00015282630920410156,-0.00014519691467285156,-7.623434066772461e-05,0.0,0.54766845703125
799,44.091673059156165,0.05749523639678955,-0.00021547080541495234,0.05749523639678955,,-0.00023782256175763905,0.0,0.9910816550254822,-0.8453572392463684,0.99700927734375,0.0,0.0,0.0,0.1298828125,0.0,268435969.0,1.1920928955078125e-07,1.1920928955078125e-07,-0.005927622318267822,0.0,-0.4193115234375
800,44.14713295712136,0.0574951171875,-0.00023782256175763905,0.0574951171875,,-1.3297642469406128,0.0,0.9960228204727173,0.41042327880859375,0.99700927734375,0.0,0.0,0.0,0.396728515625,0.0,268435969.0,-1.1920928955078125e-07,-1.1920928955078125e-07,0.004941165447235107,0.0,0.266845703125
801,44.20215848716907,0.05459374189376831,0.04746127501130104,0.0567777156829834,,0.5317937731742859,0.0,0.997158408164978,0.35836660861968994,0.99700927734375,0.0,0.0,0.0,0.0269775390625,0.0,268435969.0,-0.0029013752937316895,-0.0007174015045166016,0.0011355876922607422,0.0,-0.3697509765625
802,44.257243572035804,0.0574951171875,-0.00023728611995466053,0.0574951171875,,-0.00023728611995466053,0.0,0.99700927734375,-0.00023728611995466053,0.99700927734375,0.0,0.0,0.0,0.14239501953125,0.0,268435969.0,0.0029013752937316895,0.0007174015045166016,-0.00014913082122802734,0.0,0.11541748046875
803,44.31241232412867,0.0574951171875,-0.00023740532924421132,0.0574951171875,,-0.00023740532924421132,0.0,0.99700927734375,-0.00023740532924421132,0.99700927734375,0.0,0.0,0.0,0.5269775390625,0.0,268435969.0,0.0,0.0,0.0,0.0,0.38458251953125
804,44.36753311310895,0.0574951171875,-0.00023740532924421132,0.0574951171875,,-0.00023740532924421132,0.0,0.99700927734375,-0.00023740532924421132,0.99700927734375,0.0,0.0,0.0,0.90228271484375,0.0,268435969.0,0.0,0.0,0.0,0.0,0.37530517578125
805,44.42243592115119,0.05754202604293823,0.06429976224899292,0.05752295255661011,,0.031204283237457275,0.0,0.9970188140869141,0.01369541883468628,0.99700927734375,0.0,0.0,0.0,0.2069091796875,0.0,268435969.0,4.690885543823242e-05,2.7835369110107422e-05,9.5367431640625e-06,0.0,-0.69537353515625
806,44.47790491208434,0.0574951171875,-0.00023710730602033436,0.0574951171875,,-0.00023710730602033436,0.0,0.99700927734375,-0.00023710730602033436,0.99700927734375,0.0,0.0,0.0,0.4300537109375,0.0,268435969.0,-4.690885543823242e-05,-2.7835369110107422e-05,-9.5367431640625e-06,0.0,0.22314453125
807,44.533161274157465,0.0574951171875,-0.00023674967815168202,0.0574951171875,,-0.00023674967815168202,0.0,0.99700927734375,-0.00023674967815168202,0.99700927734375,0.0,0.0,0.0,0.2530517578125,0.0,268435969.0,0.0,0.0,0.0,0.0,-0.177001953125
808,44.588290508138016,0.05766022205352783,0.5245304703712463,0.05768829584121704,,0.31597381830215454,0.0,0.997128427028656,0.19202595949172974,0.99700927734375,0.0,0.0,0.0,0.541015625,0.0,268435969.0,0.00016510486602783203,0.00019317865371704102,0.00011914968490600586,0.0,0.2879638671875
809,44.643157391110435,0.05736631155014038,0.6472633481025696,0.05764973163604736,,0.38772982358932495,0.0,0.9971424341201782,0.2220885157585144,0.99700927734375,0.0,0.0,0.0,0.97625732421875,0.0,268435969.0,-0.00029391050338745117,-3.8564205169677734e-05,1.4007091522216797e-05,0.0,0.43524169921875
810,44.698444568086416,0.05749523639678955,-0.00023680926824454218,0.057495176792144775,,-0.0002368092827964574,0.0,0.99700927734375,-0.0002368092827964574,0.99700927734375,0.0,0.0,0.0,0.75244140625,0.0,268435969.0,0.00012892484664916992,-0.0001545548439025879,-0.00013315677642822266,0.0,-0.22381591796875
811,44.75392450322397,0.05655038356781006,0.5247235894203186,0.05740875005722046,,0.4825085997581482,0.0,0.9971679449081421,0.27941322326660156,0.99700927734375,0.0,0.0,0.0,0.68914794921875,0.0,268435969.0,-0.0009448528289794922,-8.64267349243164e-05,0.00015866756439208984,0.0,-0.06329345703125
812,44.80891714501195,0.057497620582580566,0.0034139156341552734,0.057496607303619385,,0.0016630291938781738,0.0,0.9970099329948425,0.0009924769401550293,0.99700927734375,0.0,0.0,0.0,0.88287353515625,0.0,268435969.0,0.0009472370147705078,8.785724639892578e-05,-0.00015801191329956055,0.0,0.1937255859375
813,44.863824231084436,0.0574951171875,-0.00023698809673078358,0.0574951171875,,-0.00023698809673078358,0.0,0.99700927734375,-0.00023698809673078358,0.99700927734375,0.0,0.0,0.0,0.94329833984375,0.0,268435969.0,-2.5033950805664062e-06,-1.4901161193847656e-06,-6.556510925292969e-07,0.0,0.0604248046875
814,44.919298481196165,0.05763500928878784,0.23557394742965698,0.05759841203689575,,0.1305803656578064,0.0,0.9970602989196777,0.07689148187637329,0.99700927734375,0.0,0.0,0.0,0.4925537109375,0.0,268435969.0,0.0001398921012878418,0.00010329484939575195,5.1021575927734375e-05,0.0,-0.45074462890625
815,44.974162568105385,0.05749553442001343,0.0006344318389892578,0.0574953556060791,,0.0002842545509338379,0.0,0.9970093965530396,0.00013524293899536133,0.99700927734375,0.0,0.0,0.0,0.54412841796875,0.0,268435969.0,-0.00013947486877441406,-0.00010305643081665039,-5.0902366638183594e-05,0.0,0.05157470703125
816,45.029421338113025,0.0574951171875,-2.731590509414673,0.05458879470825195,,0.41042375564575195,0.0,0.9970318675041199,0.4772927165031433,0.99700927734375,0.0,0.0,0.0,0.00634765625,0.0,268435969.0,-4.172325134277344e-07,-0.0029065608978271484,2.2470951080322266e-05,0.0,-0.53778076171875
817,45.08457038621418,0.057581186294555664,-1.8215018510818481,0.05528980493545532,,0.4727555811405182,0.0,0.997054398059845,0.5075870752334595,0.99700927734375,0.0,0.0,0.0,0.3367919921875,0.0,268435969.0,8.606910705566406e-05,0.0007010102272033691,2.2530555725097656e-05,0.0,0.3304443359375
818,45.13967952714302,0.05749553442001343,0.0005963444709777832,0.05005669593811035,,-0.1786871701478958,0.0,0.9966655373573303,0.5285517573356628,0.99700927734375,0.0,0.0,0.0,0.713134765625,0.0,268435969.0,-8.565187454223633e-05,-0.005233108997344971,-0.00038886070251464844,0.0,0.3763427734375
819,45.19517248007469,0.057165682315826416,0.5474914908409119,0.05757039785385132,,0.3651459813117981,0.0,0.9971252679824829,0.19693422317504883,0.99700927734375,0.0,0.0,0.0,0.08447265625,0.0,268435969.0,-0.0003298521041870117,0.007513701915740967,0.0004597306251525879,0.0,-0.628662109375
820,45.25045630522072,0.0574951171875,-0.00023794177104718983,0.0574951171875,,-0.00023794177104718983,0.0,0.99700927734375,-0.00023794177104718983,0.99700927734375,0.0,0.0,0.0,0.3570556640625,0.0,268435969.0,0.000329434871673584,-7.528066635131836e-05,-0.00011599063873291016,0.0,0.2725830078125
821,45.30593303707428,0.0574951171875,-0.00023782256175763905,0.0574951171875,,-0.00023782256175763905,0.0,0.99700927734375,-0.00023782256175763905,0.99700927734375,0.0,0.0,0.0,0.9456787109375,0.0,268435969.0,0.0,0.0,0.0,0.0,0.588623046875
822,45.36092758621089,0.0574951171875,-0.00023782256175763905,0.0574951171875,,-0.00023782256175763905,0.0,0.99700927734375,-0.00023782256175763905,0.99700927734375,0.0,0.0,0.0,0.9564208984375,0.0,268435969.0,0.0,0.0,0.0,0.0,0.0107421875
823,45.416169226169586,0.0574951171875,-0.00023764374782331288,0.0574951171875,,-0.00023764374782331288,0.0,0.99700927734375,-0.00023764374782331288,0.99700927734375,0.0,0.0,0.0,0.18743896484375,0.0,268435969.0,0.0,0.0,0.0,0.0,-0.76898193359375
824,45.47133701504208,0.05763918161392212,0.3573160171508789,0.0576288104057312,,0.19323933124542236,0.0,0.9970777630805969,0.09714919328689575,0.99700927734375,0.0,0.0,0.0,0.1072998046875,0.0,268435969.0,0.00014406442642211914,0.00013369321823120117,6.848573684692383e-05,0.0,-0.08013916015625
825,45.52646386018023,0.05751234292984009,0.02092975378036499,0.05750429630279541,,0.010074257850646973,0.0,0.9970129728317261,0.005343139171600342,0.99700927734375,0.0,0.0,0.0,0.23779296875,0.0,268435969.0,-0.00012683868408203125,-0.00012451410293579102,-6.479024887084961e-05,0.0,0.1304931640625
826,45.58192883222364,0.05749523639678955,-0.00023061038518790156,0.05749523639678955,,-0.0002380609803367406,0.0,0.99700927734375,-0.0002380609803367406,0.99700927734375,0.0,0.0,0.0,0.92657470703125,0.0,268435969.0,-1.710653305053711e-05,-9.059906005859375e-06,-3.6954879760742188e-06,0.0,0.68878173828125
827,45.63696223311126,0.05750948190689087,0.019096314907073975,0.057503461837768555,,0.009194493293762207,0.0,0.9970126152038574,0.004463374614715576,0.99700927734375,0.0,0.0,0.0,0.75518798828125,0.0,268435969.0,1.424551010131836e-05,8.225440979003906e-06,3.337860107421875e-06,0.0,-0.17138671875
828,45.69200487411581,0.05749523639678955,-9.649992716731504e-05,0.05749523639678955,,-0.00015610457921866328,0.0,0.9970093965530396,-0.0002157092239940539,0.99700927734375,0.0,0.0,0.0,0.14251708984375,0.0,268435969.0,-1.424551010131836e-05,-8.225440979003906e-06,-3.2186508178710938e-06,0.0,-0.6126708984375
829,45.747186608146876,0.0574951171875,-0.00023794177104718983,0.0574951171875,,-0.00023794177104718983,0.0,0.99700927734375,-0.00023794177104718983,0.99700927734375,0.0,0.0,0.0,0.2938232421875,0.0,268435969.0,-1.1920928955078125e-07,-1.1920928955078125e-07,-1.1920928955078125e-07,0.0,0.15130615234375
830,45.80269433907233,0.05749523639678955,0.00010472536087036133,0.05749523639678955,,5.257129669189453e-05,0.0,0.9970093965530396,-7.0333489929907955e-06,0.99700927734375,0.0,0.0,0.0,0.021728515625,0.0,268435969.0,1.1920928955078125e-07,1.1920928955078125e-07,1.1920928955078125e-07,0.0,-0.2720947265625
831,45.85760522214696,0.0574951171875,-0.00023800137569196522,0.0574951171875,,-0.00023800137569196522,0.0,0.99700927734375,-0.00023800137569196522,0.99700927734375,0.0,0.0,0.0,0.02410888671875,0.0,268435969.0,-1.1920928955078125e-07,-1.1920928955078125e-07,-1.1920928955078125e-07,0.0,0.00238037109375
832,45.912948510143906,0.05749523639678955,9.739398956298828e-05,0.05749523639678955,,3.7789344787597656e-05,0.0,0.9970093965530396,-1.4364720300363842e-05,0.99700927734375,0.0,0.0,0.0,0.37530517578125,0.0,268435969.0,1.1920928955078125e-07,1.1920928955078125e-07,1.1920928955078125e-07,0.0,0.3511962890625
833,45.96817231713794,0.05749565362930298,0.0008348822593688965,0.05749547481536865,,-3.7188899517059326,0.0,0.9947505593299866,0.20573323965072632,0.99700927734375,0.0,0.0,0.0,0.1734619140625,0.0,268435969.0,4.172325134277344e-07,2.384185791015625e-07,-0.0022588372230529785,0.0,-0.20184326171875
834,46.02344325417653,0.056508660316467285,0.5034286975860596,0.0575176477432251,,0.4062284231185913,0.0,0.9971362948417664,0.22717607021331787,0.99700927734375,0.0,0.0,0.0,0.64447021484375,0.0,268435969.0,-0.0009869933128356934,2.2172927856445312e-05,0.002385735511779785,0.0,0.47100830078125
835,46.078903356101364,0.05751842260360718,0.030778586864471436,0.05750858783721924,,0.014752388000488281,0.0,0.9970151782035828,0.008516252040863037,0.99700927734375,0.0,0.0,0.0,0.61566162109375,0.0,268435969.0,0.0010097622871398926,-9.059906005859375e-06,-0.00012111663818359375,0.0,-0.02880859375
836,46.133697795215994,0.0500565767288208,-1.3295780420303345,0.05523627996444702,,0.4104902148246765,0.0,0.9970318675041199,0.4973192811012268,0.99700927734375,0.0,0.0,0.0,0.510009765625,0.0,268435969.0,-0.007461845874786377,-0.002272307872772217,1.6689300537109375e-05,0.0,-0.10565185546875
837,46.188512271037325,0.05764573812484741,0.2609047293663025,0.057600975036621094,,0.13323158025741577,0.0,0.9970613718032837,0.07840275764465332,0.99700927734375,0.0,0.0,0.0,0.9097900390625,0.0,268435969.0,0.007589161396026611,0.0023646950721740723,2.950429916381836e-05,0.0,0.3997802734375
838,46.243191896006465,0.057669639587402344,0.3234224319458008,0.057624101638793945,,0.15345978736877441,0.0,0.9970598220825195,0.0691564679145813,0.99700927734375,0.0,0.0,0.0,0.602294921875,0.0,268435969.0,2.390146255493164e-05,2.3126602172851562e-05,-1.5497207641601562e-06,0.0,-0.3074951171875
839,46.29902464407496,0.057298362255096436,0.5345645546913147,0.057624995708465576,,0.3428685665130615,0.0,0.9971262216567993,0.19826769828796387,0.99700927734375,0.0,0.0,0.0,0.21551513671875,0.0,268435969.0,-0.0003712773323059082,8.940696716308594e-07,6.639957427978516e-05,0.0,-0.38677978515625
840,46.35434571001679,0.057615041732788086,0.4063401222229004,0.05764275789260864,,0.24613773822784424,0.0,0.9970953464508057,0.12622809410095215,0.99700927734375,0.0,0.0,0.0,0.8197021484375,0.0,268435969.0,0.0003166794776916504,1.7762184143066406e-05,-3.0875205993652344e-05,0.0,0.60418701171875
841,46.40958605404012,0.0574951171875,-0.0002380609803367406,0.0574951171875,,-0.0002380609803367406,0.0,0.99700927734375,-0.0002380609803367406,0.99700927734375,0.0,0.0,0.0,0.28228759765625,0.0,268435969.0,-0.00011992454528808594,-0.00014764070510864258,-8.606910705566406e-05,0.0,-0.53741455078125
842,46.46473121410236,0.057505130767822266,0.013247489929199219,0.05750149488449097,,0.006400406360626221,0.0,0.9970115423202515,0.0034127235412597656,0.99700927734375,0.0,0.0,0.0,0.0364990234375,0.0,268435969.0,1.0013580322265625e-05,6.377696990966797e-06,2.2649765014648438e-06,0.0,-0.24578857421875
843,46.51996300299652,0.0574951171875,-0.00023829939891584218,0.0574951171875,,-0.00023829939891584218,0.0,0.99700927734375,-0.00023829939891584218,0.99700927734375,0.0,0.0,0.0,0.0875244140625,0.0,268435969.0,-1.0013580322265625e-05,-6.377696990966797e-06,-2.2649765014648438e-06,0.0,0.051025390625
844,46.57520382804796,0.056778669357299805,0.5273073315620422,0.05756336450576782,,0.4086344838142395,0.0,0.9971436858177185,0.2283080816268921,0.99700927734375,0.0,0.0,0.0,0.42657470703125,0.0,268435969.0,-0.0007164478302001953,6.824731826782227e-05,0.00013440847396850586,0.0,0.33905029296875
845,46.630715338047594,0.05749523639678955,-0.00018572808767203242,0.05749523639678955,,-0.0002378821518504992,0.0,0.99700927734375,-0.00023788216640241444,0.99700927734375,0.0,0.0,0.0,0.02313232421875,0.0,268435969.0,0.0007165670394897461,-6.812810897827148e-05,-0.00013440847396850586,0.0,-0.4034423828125
846,46.685710369143635,0.05698525905609131,0.5223160982131958,0.05751770734786987,,0.4062137007713318,0.0,0.9971427917480469,0.24602621793746948,0.99700927734375,0.0,0.0,0.0,0.46453857421875,0.0,268435969.0,-0.0005099773406982422,2.2470951080322266e-05,0.000133514404296875,0.0,0.44140625
847,46.74199746618979,0.05749553442001343,0.0006413459777832031,0.0574953556060791,,0.00032842159271240234,0.0,0.9970093965530396,0.00014215707778930664,0.99700927734375,0.0,0.0,0.0,0.93072509765625,0.0,268435969.0,0.0005102753639221191,-2.2351741790771484e-05,-0.00013339519500732422,0.0,0.4661865234375
848,46.79731566202827,0.05749523639678955,-0.00023788216640241444,0.0574951171875,,-0.00023788216640241444,0.0,0.99700927734375,-0.00023788216640241444,0.99700927734375,0.0,0.0,0.0,0.877685546875,0.0,268435969.0,-2.980232238769531e-07,-2.384185791015625e-07,-1.1920928955078125e-07,0.0,-0.05303955078125
849,46.85268446919508,0.05761587619781494,0.4073162078857422,0.057643234729766846,,0.2466369867324829,0.0,0.99709552526474,0.12644422054290771,0.99700927734375,0.0,0.0,0.0,0.00946044921875,0.0,268435969.0,0.00012063980102539062,0.0001481175422668457,8.624792098999023e-05,0.0,-0.86822509765625
850,46.90770692517981,0.0574951171875,-0.00023829939891584218,0.0574951171875,,-0.00023829939891584218,0.0,0.99700927734375,-0.00023829939891584218,0.99700927734375,0.0,0.0,0.0,0.63348388671875,0.0,268435969.0,-0.0001207590103149414,-0.0001481175422668457,-8.624792098999023e-05,0.0,0.6240234375
851,46.962800548179075,0.05749523639678955,-0.0001859069016063586,0.05749523639678955,,-0.00024551156093366444,0.0,0.99700927734375,-0.0002380609803367406,0.99700927734375,0.0,0.0,0.0,0.71844482421875,0.0,268435969.0,1.1920928955078125e-07,1.1920928955078125e-07,0.0,0.0,0.0849609375
852,47.01799841108732,0.05749523639678955,0.0001195669174194336,0.05749523639678955,,-0.4686337411403656,0.0,0.9964994788169861,0.5224127769470215,0.99700927734375,0.0,0.0,0.0,0.27392578125,0.0,268435969.0,0.0,0.0,-0.000509798526763916,0.0,-0.44451904296875
853,47.073305514175445,0.05749523639678955,9.715557098388672e-05,0.05749523639678955,,3.7550926208496094e-05,0.0,0.9970093965530396,-1.4603138879465405e-05,0.99700927734375,0.0,0.0,0.0,0.89617919921875,0.0,268435969.0,0.0,0.0,0.0005099177360534668,0.0,0.62225341796875
854,47.12846532207914,0.05749523639678955,-9.638071787776425e-05,0.05749523639678955,,-0.0001559853699291125,0.0,0.9970093965530396,-0.00021559001470450312,0.99700927734375,0.0,0.0,0.0,0.60858154296875,0.0,268435969.0,0.0,0.0,0.0,0.0,-0.28759765625
855,47.183718759100884,0.05750149488449097,0.008397400379180908,0.05749911069869995,,0.004880726337432861,0.0,0.9970108866691589,0.0010734796524047852,0.99700927734375,0.0,0.0,0.0,0.83392333984375,0.0,268435969.0,6.258487701416016e-06,3.874301910400391e-06,1.4901161193847656e-06,0.0,0.225341796875
856,47.23972758022137,0.0575108528137207,0.017427563667297363,0.057503461837768555,,0.008397459983825684,0.0,0.9941058158874512,-0.174909308552742,0.99700927734375,0.0,0.0,0.0,0.2115478515625,0.0,268435969.0,9.357929229736328e-06,4.351139068603516e-06,-0.0029050707817077637,0.0,-0.62237548828125
857,47.29546773713082,0.057497382164001465,-3.716200351715088,0.0527949333190918,,0.04273691773414612,0.0,0.9967959523200989,0.5254153609275818,0.99700927734375,0.0,0.0,0.0,0.86029052734375,0.0,268435969.0,-1.3470649719238281e-05,-0.004708528518676758,0.002690136432647705,0.0,0.64874267578125
858,47.350207806099206,0.05751234292984009,0.022962987422943115,0.057505130767822266,,0.011071860790252686,0.0,0.99701327085495,0.005372166633605957,0.99700927734375,0.0,0.0,0.0,0.06561279296875,0.0,268435969.0,1.4960765838623047e-05,0.004710197448730469,0.00021731853485107422,0.0,-0.794677734375
859,47.40520324418321,0.05653005838394165,0.4962236285209656,0.05739539861679077,,0.4685894250869751,0.0,0.9971531629562378,0.27265405654907227,0.99700927734375,0.0,0.0,0.0,0.6483154296875,0.0,268435969.0,-0.0009822845458984375,-0.00010973215103149414,0.0001398921012878418,0.0,0.58270263671875
860,47.46032944112085,0.057629168033599854,0.19654667377471924,0.05757850408554077,,0.09686535596847534,0.0,0.9970443844795227,0.051446616649627686,0.99700927734375,0.0,0.0,0.0,0.73175048828125,0.0,268435969.0,0.0010991096496582031,0.00018310546875,-0.00010877847671508789,0.0,0.08343505859375
861,47.51562221115455,0.05774056911468506,0.7184227705001831,0.05775606632232666,,0.3960510492324829,0.0,0.9971489310264587,0.21887624263763428,0.99700927734375,0.0,0.0,0.0,0.38726806640625,0.0,268435969.0,0.00011140108108520508,0.00017756223678588867,0.00010454654693603516,0.0,-0.344482421875
862,47.57048381702043,0.0574951171875,-0.00023776295711286366,0.0574951171875,,-0.00023776295711286366,0.0,0.99700927734375,-0.00023776295711286366,0.99700927734375,0.0,0.0,0.0,0.554931640625,0.0,268435969.0,-0.0002454519271850586,-0.00026094913482666016,-0.00013965368270874023,0.0,0.16766357421875
863,47.62573079112917,0.056812822818756104,0.5555379986763,0.057483792304992676,,0.45616215467453003,0.0,0.9971635341644287,0.2793971300125122,0.99700927734375,0.0,0.0,0.0,0.38592529296875,0.0,268435969.0,-0.0006822943687438965,-1.1324882507324219e-05,0.00015425682067871094,0.0,-0.16900634765625
864,47.68127122614533,0.0574953556060791,0.00018727779388427734,0.05749523639678955,,6.0617923736572266e-05,0.0,0.9970093965530396,1.0132786201211275e-06,0.99700927734375,0.0,0.0,0.0,0.4517822265625,0.0,268435969.0,0.000682532787322998,1.1444091796875e-05,-0.00015413761138916016,0.0,0.06585693359375
865,47.737284566042945,0.0574951171875,-0.00023734572459943593,0.0574951171875,,-0.00023734572459943593,0.0,0.99700927734375,-0.00023734572459943593,0.99700927734375,0.0,0.0,0.0,0.34454345703125,0.0,268435969.0,-2.384185791015625e-07,-1.1920928955078125e-07,-1.1920928955078125e-07,0.0,-0.10723876953125
866,47.79245852213353,0.0575176477432251,0.02756047248840332,0.05750715732574463,,0.012115418910980225,0.0,0.9970136284828186,0.00642317533493042,0.99700927734375,0.0,0.0,0.0,0.67327880859375,0.0,268435969.0,2.2530555725097656e-05,1.2040138244628906e-05,4.351139068603516e-06,0.0,0.3287353515625
867,47.84760155202821,0.0574951171875,-0.0002375841431785375,0.0574951171875,,-0.0002375841431785375,0.0,0.99700927734375,-0.0002375841431785375,0.99700927734375,0.0,0.0,0.0,0.16851806640625,0.0,268435969.0,-2.2530555725097656e-05,-1.2040138244628906e-05,-4.351139068603516e-06,0.0,-0.5047607421875
868,47.90237504709512,0.05749523639678955,-3.659725553006865e-05,0.05749523639678955,,-1.9478121995925903,0.0,0.9956889152526855,0.3255089819431305,0.99700927734375,0.0,0.0,0.0,0.6685791015625,0.0,268435969.0,1.1920928955078125e-07,1.1920928955078125e-07,-0.0013203620910644531,0.0,0.50006103515625
869,47.957479522097856,0.05749523639678955,-0.00011128187907161191,0.05749523639678955,,-2.7315239906311035,0.0,0.9952710866928101,0.20534588396549225,0.99700927734375,0.0,0.0,0.0,0.03271484375,0.0,268435969.0,0.0,0.0,-0.0004178285598754883,0.0,-0.6358642578125
870,48.01258999714628,0.05749523639678955,-3.731251126737334e-05,0.05749523639678955,,-8.946657908381894e-05,0.0,0.9970093965530396,-0.000156521811732091,0.99700927734375,0.0,0.0,0.0,0.16925048828125,0.0,268435969.0,0.0,0.0,0.0017383098602294922,0.0,0.13653564453125
871,48.06802078499459,0.0574951171875,-0.00023102763225324452,0.0574951171875,,-0.00023102763225324452,0.0,0.99700927734375,-0.00023102763225324452,0.99700927734375,0.0,0.0,0.0,0.19586181640625,0.0,268435969.0,-1.1920928955078125e-07,-1.1920928955078125e-07,-1.1920928955078125e-07,0.0,0.026611328125
872,48.122852706117555,0.057641565799713135,0.36053335666656494,0.05763024091720581,,0.17917877435684204,0.0,0.9970782995223999,0.09790784120559692,0.99700927734375,0.0,0.0,0.0,0.2288818359375,0.0,268435969.0,0.00014644861221313477,0.00013512372970581055,6.902217864990234e-05,0.0,0.03302001953125
873,48.17797545809299,0.05751234292984009,0.022962629795074463,0.05750608444213867,,0.011071503162384033,0.0,0.99701327085495,0.005870997905731201,0.99700927734375,0.0,0.0,0.0,0.54974365234375,0.0,268435969.0,-0.00012922286987304688,-0.00012415647506713867,-6.502866744995117e-05,0.0,0.32086181640625
874,48.234402092173696,0.05749434232711792,0.8221867680549622,0.05775892734527588,,0.5248638987541199,0.0,0.9971781373023987,0.2749863266944885,0.99700927734375,0.0,0.0,0.0,0.33404541015625,0.0,268435969.0,-1.800060272216797e-05,0.00025284290313720703,0.00016486644744873047,0.0,-0.2156982421875
875,48.28926482819952,0.0574955940246582,0.0006411075592041016,0.052793681621551514,,-0.17860493063926697,0.0,0.9964996576309204,0.5226139426231384,0.99700927734375,0.0,0.0,0.0,0.9532470703125,0.0,268435969.0,1.2516975402832031e-06,-0.004965245723724365,-0.0006784796714782715,0.0,0.61920166015625
876,48.34443222801201,0.05749523639678955,-6.657839549006894e-05,0.05749523639678955,,-0.000133633628138341,0.0,0.9923076629638672,-0.8453350067138672,0.99700927734375,0.0,0.0,0.0,0.2373046875,0.0,268435969.0,-3.5762786865234375e-07,0.004701554775238037,-0.004191994667053223,0.0,-0.7159423828125
877,48.39988846005872,0.0574951171875,-0.000238120584981516,0.0574951171875,,-3.7195680141448975,0.0,0.9952710866928101,0.32544171810150146,0.99700927734375,0.0,0.0,0.0,0.80572509765625,0.0,268435969.0,-1.1920928955078125e-07,-1.1920928955078125e-07,0.002963423728942871,0.0,0.56842041015625
878,48.455255249049515,0.05757033824920654,0.4668838381767273,0.05764901638031006,,0.2718648910522461,0.0,0.997110903263092,0.16648387908935547,0.99700927734375,0.0,0.0,0.0,0.437255859375,0.0,268435969.0,7.522106170654297e-05,0.0001538991928100586,0.0018398165702819824,0.0,-0.36846923828125
879,48.50999309611507,0.0574951171875,-0.00023788216640241444,0.0574951171875,,-0.00023788216640241444,0.0,0.99700927734375,-0.00023788216640241444,0.99700927734375,0.0,0.0,0.0,0.86993408203125,0.0,268435969.0,-7.522106170654297e-05,-0.0001538991928100586,-0.00010162591934204102,0.0,0.43267822265625
880,48.56496023805812,0.057711780071258545,0.4300481081008911,0.057663798332214355,,0.2450352907180786,0.0,0.9970896244049072,0.11184871196746826,0.99700927734375,0.0,0.0,0.0,0.98638916015625,0.0,268435969.0,0.00021666288375854492,0.00016868114471435547,8.034706115722656e-05,0.0,0.116455078125
881,48.61999460309744,0.057495713233947754,0.0007680058479309082,0.05749541521072388,,0.00044018030166625977,0.0,0.9970095157623291,0.00016450881958007812,0.99700927734375,0.0,0.0,0.0,0.17047119140625,0.0,268435969.0,-0.00021606683731079102,-0.00016838312149047852,-8.0108642578125e-05,0.0,-0.81591796875
882,48.67528283619322,0.0574951171875,-0.00023835900356061757,0.0574951171875,,-0.00023835900356061757,0.0,0.99700927734375,-0.00023835900356061757,0.99700927734375,0.0,0.0,0.0,0.60943603515625,0.0,268435969.0,-5.960464477539062e-07,-2.980232238769531e-07,-2.384185791015625e-07,0.0,0.43896484375
883,48.73050571815111,0.05740249156951904,0.54118812084198,0.05762821435928345,,0.346049964427948,0.0,0.9971199035644531,0.1838955283164978,0.99700927734375,0.0,0.0,0.0,0.64215087890625,0.0,268435969.0,-9.262561798095703e-05,0.00013309717178344727,0.000110626220703125,0.0,0.03271484375
884,48.7857185441535,0.057630956172943115,0.22798043489456177,0.0575752854347229,,0.027626872062683105,0.0,0.9970145225524902,0.006444871425628662,0.99700927734375,0.0,0.0,0.0,0.43792724609375,0.0,268435969.0,0.00022846460342407227,-5.2928924560546875e-05,-0.00010538101196289062,0.0,-0.2042236328125
885,48.84678898612037,0.057281315326690674,0.4310758709907532,0.057569026947021484,,0.05685555934906006,0.0,0.9970250129699707,0.020958662033081055,0.99700927734375,0.0,0.0,0.0,0.57562255859375,0.0,268435969.0,-0.0003496408462524414,-6.258487701416016e-06,1.049041748046875e-05,0.0,0.1376953125
886,48.90660478710197,0.05749523639678955,-0.00020086766744498163,0.05749523639678955,,-0.00025302174617536366,0.0,0.99700927734375,-0.000238120584981516,0.99700927734375,0.0,0.0,0.0,0.2950439453125,0.0,268435969.0,0.00021392107009887695,-7.37905502319336e-05,-1.5735626220703125e-05,0.0,-0.28057861328125
887,48.96200322313234,0.0574953556060791,0.00014913082122802734,0.05749523639678955,,9.697675704956055e-05,0.0,0.9970093965530396,2.9921531677246094e-05,0.99700927734375,0.0,0.0,0.0,0.7745361328125,0.0,268435969.0,1.1920928955078125e-07,0.0,1.1920928955078125e-07,0.0,0.4794921875
888,49.01739627099596,0.05749523639678955,-0.00011914969218196347,0.05749523639678955,,-0.0001787543442333117,0.0,0.9970093965530396,-0.0002309084084117785,0.99700927734375,0.0,0.0,0.0,0.5992431640625,0.0,268435969.0,-1.1920928955078125e-07,0.0,0.0,0.0,-0.17529296875
889,49.07276983722113,0.0567745566368103,0.5034359097480774,0.0575176477432251,,0.40623563528060913,0.0,0.9971427917480469,0.2271832823753357,0.99700927734375,0.0,0.0,0.0,0.521484375,0.0,268435969.0,-0.000720679759979248,2.2411346435546875e-05,0.00013339519500732422,0.0,-0.0777587890625
890,49.12864012317732,0.05156761407852173,-0.8451118469238281,0.05617481470108032,,0.5224422812461853,0.0,0.9971439838409424,0.40630263090133667,0.99700927734375,0.0,0.0,0.0,0.63958740234375,0.0,268435969.0,-0.005206942558288574,-0.0013428330421447754,1.1920928955078125e-06,0.0,0.11810302734375
891,49.184223391115665,0.05749523639678955,-0.0001267790939891711,0.05749523639678955,,-0.00019383431936148554,0.0,0.9970093965530396,-0.00024598839809186757,0.99700927734375,0.0,0.0,0.0,0.36590576171875,0.0,268435969.0,0.005927622318267822,0.0013204216957092285,-0.00013458728790283203,0.0,-0.273681640625
892,49.23962969821878,0.05749523639678955,5.14984130859375e-05,0.05749523639678955,,-1.5556814105366357e-05,0.0,0.9970093965530396,-8.261204493464902e-05,0.99700927734375,0.0,0.0,0.0,0.0833740234375,0.0,268435969.0,0.0,0.0,0.0,0.0,-0.28253173828125
893,49.29552359506488,0.05749523639678955,8.106231689453125e-05,0.05749523639678955,,2.1457672119140625e-05,0.0,0.9970093965530396,-4.5597556891152635e-05,0.99700927734375,0.0,0.0,0.0,0.12640380859375,0.0,268435969.0,0.0,0.0,0.0,0.0,0.04302978515625
894,49.35100380820222,0.05728113651275635,0.5245721340179443,0.057615041732788086,,0.3813570737838745,0.0,0.9971362948417664,-2.504185914993286,0.99700927734375,0.0,0.0,0.0,0.1171875,0.0,268435969.0,-0.00021409988403320312,0.00011980533599853516,0.00012689828872680664,0.0,-0.00921630859375
895,49.40613330202177,0.057498157024383545,0.004089236259460449,0.057496726512908936,,0.001667797565460205,0.0,0.9970098733901978,0.0009152889251708984,0.99700927734375,0.0,0.0,0.0,0.6326904296875,0.0,268435969.0,0.00021702051162719727,-0.00011831521987915039,-0.00012642145156860352,0.0,0.5155029296875
896,49.46172168105841,0.0574951171875,-0.00023227932979352772,0.0574951171875,,-0.00023227932979352772,0.0,0.99700927734375,-0.00023227932979352772,0.99700927734375,0.0,0.0,0.0,0.8594970703125,0.0,268435969.0,-3.039836883544922e-06,-1.6093254089355469e-06,-5.960464477539062e-07,0.0,0.226806640625
897,49.51670323102735,0.057495176792144775,-0.00023221972514875233,0.0574951171875,,-2.7315852642059326,0.0,0.9947503209114075,0.04092489182949066,0.99700927734375,0.0,0.0,0.0,0.79266357421875,0.0,268435969.0,5.960464477539063e-08,0.0,-0.0022589564323425293,0.0,-0.06683349609375
898,49.57161798514426,0.057517826557159424,0.47746944427490234,0.05294156074523926,,0.3284578323364258,0.0,0.9967717528343201,-2.0313944816589355,0.99700927734375,0.0,0.0,0.0,0.98931884765625,0.0,268435969.0,2.2649765014648438e-05,-0.004553556442260742,0.0020214319229125977,0.0,0.1966552734375
899,49.6266201462131,0.0567745566368103,0.5034420490264893,0.05745917558670044,,0.454856812953949,0.0,0.9971427917480469,0.24603193998336792,0.99700927734375,0.0,0.0,0.0,0.3824462890625,0.0,268435969.0,-0.0007432699203491211,0.004517614841461182,0.00037103891372680664,0.0,-0.60687255859375
900,49.68224484100938,0.05738180875778198,0.5135822892189026,0.057615041732788086,,0.3567773699760437,0.0,0.9971225261688232,0.17753130197525024,0.99700927734375,0.0,0.0,0.0,0.24609375,0.0,268435969.0,0.0006072521209716797,0.00015586614608764648,-2.0265579223632812e-05,0.0,-0.1363525390625
901,49.73731111199595,0.05738180875778198,0.5135751366615295,0.05762982368469238,,0.3327420949935913,0.0,0.997129499912262,0.19294685125350952,0.99700927734375,0.0,0.0,0.0,0.61773681640625,0.0,268435969.0,0.0,1.4781951904296875e-05,6.973743438720703e-06,0.0,0.37164306640625
902,49.79274919722229,0.0574951171875,-0.00023287537624128163,0.0574951171875,,-0.00023287537624128163,0.0,0.99700927734375,-0.00023287537624128163,0.99700927734375,0.0,0.0,0.0,0.10577392578125,0.0,268435969.0,0.00011330842971801758,-0.0001347064971923828,-0.00012022256851196289,0.0,-0.511962890625
903,49.848146559204906,0.05749523639678955,-0.00014358760381583124,0.05749523639678955,,-0.0001882910873973742,0.0,0.9970093369483948,-0.0002329945855308324,0.99700927734375,0.0,0.0,0.0,0.43109130859375,0.0,268435969.0,1.1920928955078125e-07,1.1920928955078125e-07,5.960464477539063e-08,0.0,0.3253173828125
904,49.903515737038106,0.0575634241104126,0.09701937437057495,0.05753666162490845,,0.05193591117858887,0.0,0.9970281720161438,0.025128722190856934,0.99700927734375,0.0,0.0,0.0,0.02313232421875,0.0,268435969.0,6.818771362304688e-05,4.1425228118896484e-05,1.8835067749023438e-05,0.0,-0.407958984375
905,49.95824382500723,0.0574953556060791,0.0002886056900024414,0.057495296001434326,,0.00013214349746704102,0.0,0.9970093965530396,5.7637691497802734e-05,0.99700927734375,0.0,0.0,0.0,0.40728759765625,0.0,268435969.0,-6.80685043334961e-05,-4.1365623474121094e-05,-1.8775463104248047e-05,0.0,0.3841552734375
906,50.01378413103521,0.05617523193359375,0.4110989570617676,0.05728137493133545,,0.4976523518562317,0.0,0.9971364140510559,0.20959055423736572,0.99700927734375,0.0,0.0,0.0,0.4771728515625,0.0,268435969.0,-0.0013201236724853516,-0.00021392107009887695,0.00012701749801635742,0.0,0.06988525390625
907,50.069785250118,0.05752718448638916,0.0361555814743042,0.05751234292984009,,0.01743227243423462,0.0,0.997015655040741,0.009199380874633789,0.99700927734375,0.0,0.0,0.0,0.16314697265625,0.0,268435969.0,0.0013519525527954102,0.00023096799850463867,-0.0001207590103149414,0.0,-0.31402587890625
908,50.12498442805372,0.0575944185256958,0.1498737335205078,0.0575634241104126,,0.0812985897064209,0.0,0.9970386624336243,0.03959769010543823,0.99700927734375,0.0,0.0,0.0,0.22650146484375,0.0,268435969.0,6.723403930664062e-05,5.1081180572509766e-05,2.300739288330078e-05,0.0,0.0633544921875
909,50.180287920171395,0.05749619007110596,0.0014729499816894531,0.050057053565979004,,-0.8443170189857483,0.0,0.9964997172355652,0.5288251042366028,0.99700927734375,0.0,0.0,0.0,0.78582763671875,0.0,268435969.0,-9.822845458984375e-05,-0.007506370544433594,-0.000538945198059082,0.0,0.559326171875
910,50.23576411604881,0.0574951171875,-0.0002330541901756078,0.0574951171875,,-0.0002330541901756078,0.0,0.99700927734375,-0.0002330541901756078,0.99700927734375,0.0,0.0,0.0,0.30853271484375,0.0,268435969.0,-1.0728836059570312e-06,0.007438063621520996,0.0005095601081848145,0.0,-0.477294921875
911,50.2911636820063,0.05749523639678955,-6.914139521541074e-05,0.05749523639678955,,-0.0001361966278636828,0.0,0.9970093965530396,-0.00019580127263907343,0.99700927734375,0.0,0.0,0.0,0.202392578125,0.0,268435969.0,1.1920928955078125e-07,1.1920928955078125e-07,1.1920928955078125e-07,0.0,-0.10614013671875
912,50.346305972198024,0.05523616075515747,0.2053433507680893,0.05698525905609131,,0.5245709419250488,0.0,0.9971573948860168,0.33271849155426025,0.99700927734375,0.0,0.0,0.0,0.36920166015625,0.0,268435969.0,-0.00225907564163208,-0.0005099773406982422,0.00014799833297729492,0.0,0.16680908203125
913,50.4013195221778,0.05749911069869995,0.004885494709014893,0.05749720335006714,,0.0021958351135253906,0.0,0.9970099925994873,0.0010782480239868164,0.99700927734375,0.0,0.0,0.0,0.65386962890625,0.0,268435969.0,0.0022629499435424805,0.0005119442939758301,-0.00014740228652954102,0.0,0.28466796875
914,50.456513978075236,0.054590702056884766,0.0434647835791111,0.05677574872970581,,-3.1934924125671387,0.0,0.9948945045471191,0.4231237471103668,0.99700927734375,0.0,0.0,0.0,0.250732421875,0.0,268435969.0,-0.0029084086418151855,-0.0007214546203613281,-0.002115488052368164,0.0,-0.40313720703125
915,50.511509435018525,0.0574951171875,-0.00023317339946515858,0.0574951171875,,-0.00023317339946515858,0.0,0.9933003783226013,-0.17915132641792297,0.99700927734375,0.0,0.0,0.0,0.18170166015625,0.0,268435969.0,0.0029044151306152344,0.0007193684577941895,-0.0015941262245178223,0.0,-0.06903076171875
916,50.566622040001675,0.05749988555908203,0.006435692310333252,0.05749785900115967,,0.003448009490966797,0.0,0.9970106482505798,0.0018461346626281738,0.99700927734375,0.0,0.0,0.0,0.7967529296875,0.0,268435969.0,4.76837158203125e-06,2.7418136596679688e-06,0.0037102699279785156,0.0,0.61505126953125
917,50.62149373907596,0.05156749486923218,-0.8453519940376282,0.05617469549179077,,0.503441572189331,0.0,0.9971292018890381,0.406218945980072,0.99700927734375,0.0,0.0,0.0,0.88531494140625,0.0,268435969.0,-0.0059323906898498535,-0.0013231635093688965,0.00011855363845825195,0.0,0.08856201171875
918,50.67689723102376,0.05761551856994629,0.1930953860282898,0.0575750470161438,,0.10601300001144409,0.0,0.9911167025566101,-0.7977052927017212,0.99700927734375,0.0,0.0,0.0,0.9842529296875,0.0,268435969.0,0.006048023700714111,0.0014003515243530273,-0.0060124993324279785,0.0,0.09893798828125
919,50.732169557129964,0.05749619007110596,0.0013988018035888672,0.057495713233947754,,0.0007729530334472656,0.0,0.9970095157623291,0.0004451274871826172,0.99700927734375,0.0,0.0,0.0,0.24700927734375,0.0,268435969.0,-0.00011932849884033203,-7.933378219604492e-05,0.005892813205718994,0.0,-0.73724365234375
920,50.7871861262247,0.05749785900115967,0.003745853900909424,0.057496726512908936,,0.0015181303024291992,0.0,0.9970096945762634,0.0006985664367675781,0.99700927734375,0.0,0.0,0.0,0.06341552734375,0.0,268435969.0,1.6689300537109375e-06,1.0132789611816406e-06,1.7881393432617188e-07,0.0,-0.18359375
921,50.84285665419884,0.05749523639678955,-0.0002475977235008031,0.0574951171875,,-0.00023269656230695546,0.0,0.99700927734375,-0.00023269656230695546,0.99700927734375,0.0,0.0,0.0,0.3719482421875,0.0,268435969.0,-2.6226043701171875e-06,-1.6093254089355469e-06,-4.172325134277344e-07,0.0,0.30853271484375
922,50.89816768304445,0.05758768320083618,0.13753610849380493,0.05755329132080078,,0.07436263561248779,0.0,0.9970386624336243,0.03959077596664429,0.99700927734375,0.0,0.0,0.0,0.032958984375,0.0,268435969.0,9.244680404663086e-05,5.817413330078125e-05,2.9385089874267578e-05,0.0,-0.3389892578125
923,50.95326523319818,0.057506024837493896,0.01326054334640503,0.05750143527984619,,0.007024407386779785,0.0,0.9970120191574097,0.0041037797927856445,0.99700927734375,0.0,0.0,0.0,0.4466552734375,0.0,268435969.0,-8.165836334228516e-05,-5.1856040954589844e-05,-2.664327621459961e-05,0.0,0.4136962890625
924,51.00817133905366,0.0574953556060791,0.00032633543014526367,0.0574953556060791,,0.0001475214958190918,0.0,0.9970093965530396,9.5367431640625e-05,0.99700927734375,0.0,0.0,0.0,0.920166015625,0.0,268435969.0,-1.0669231414794922e-05,-6.079673767089844e-06,-2.6226043701171875e-06,0.0,0.4735107421875
925,51.063002130016685,0.0574951171875,-0.00023251774837262928,0.05156749486923218,,-0.8041723966598511,0.0,0.9956790208816528,0.9329007863998413,0.99700927734375,0.0,0.0,0.0,0.13360595703125,0.0,268435969.0,-2.384185791015625e-07,-0.005927860736846924,-0.0013303756713867188,0.0,-0.78656005859375
926,51.11800123611465,0.0567745566368103,0.5034418106079102,0.05745917558670044,,0.3813565969467163,0.0,0.9971362948417664,0.22716683149337769,0.99700927734375,0.0,0.0,0.0,0.40753173828125,0.0,268435969.0,-0.0007205605506896973,0.005891680717468262,0.0014572739601135254,0.0,0.27392578125
927,51.1732492481824,0.05750089883804321,0.007695138454437256,0.05749845504760742,,0.0041114091873168945,0.0,0.9970107674598694,0.002017796039581299,0.99700927734375,0.0,0.0,0.0,0.2286376953125,0.0,268435969.0,0.0007263422012329102,3.927946090698242e-05,-0.00012552738189697266,0.0,-0.17889404296875
928,51.228053669212386,0.05749553442001343,0.000557243824005127,0.0574953556060791,,0.00029647350311279297,0.0,0.9970093965530396,0.0001176595687866211,0.99700927734375,0.0,0.0,0.0,0.91619873046875,0.0,268435969.0,-5.364418029785156e-06,-3.0994415283203125e-06,-1.3709068298339844e-06,0.0,0.68756103515625
929,51.28349805017933,0.057496488094329834,0.0016595721244812012,0.057495832443237305,,0.0008325576782226562,0.0,0.9970095157623291,0.0004749298095703125,0.99700927734375,0.0,0.0,0.0,0.7545166015625,0.0,268435969.0,9.5367431640625e-07,4.76837158203125e-07,1.1920928955078125e-07,0.0,-0.16168212890625
930,51.33889670902863,0.05749523639678955,-0.00020313264394644648,0.05749523639678955,,-0.00023293498088605702,0.0,0.99700927734375,-0.00023293498088605702,0.99700927734375,0.0,0.0,0.0,0.591064453125,0.0,268435969.0,-1.2516975402832031e-06,-5.960464477539062e-07,-2.384185791015625e-07,0.0,-0.1634521484375
931,51.39391772216186,0.05750209093093872,0.009222149848937988,0.057499468326568604,,0.004908263683319092,0.0,0.9970111846923828,0.002643287181854248,0.99700927734375,0.0,0.0,0.0,0.9207763671875,0.0,268435969.0,6.854534149169922e-06,4.231929779052734e-06,1.9073486328125e-06,0.0,0.3297119140625
932,51.448814476141706,0.0574951171875,-0.00023263695766218007,0.0574951171875,,-0.00023263695766218007,0.0,0.99700927734375,-0.00023263695766218007,0.99700927734375,0.0,0.0,0.0,0.119873046875,0.0,268435969.0,-6.973743438720703e-06,-4.351139068603516e-06,-1.9073486328125e-06,0.0,-0.8009033203125
933,51.50353134213947,0.057505130767822266,0.012098133563995361,0.05750089883804321,,0.006405889987945557,0.0,0.9910839796066284,-0.8420214056968689,0.99700927734375,0.0,0.0,0.0,0.04345703125,0.0,268435969.0,1.0013580322265625e-05,5.781650543212891e-06,-0.005925297737121582,0.0,-0.076416015625
934,51.55869089206681,0.055757999420166016,0.32671430706977844,0.05728161334991455,,0.5142156481742859,0.0,0.9971531629562378,0.3817443251609802,0.99700927734375,0.0,0.0,0.0,0.07275390625,0.0,268435969.0,-0.00174713134765625,-0.0002192854881286621,0.006069183349609375,0.0,0.029296875
935,51.613524850225076,0.0574951171875,-0.00023192170192487538,0.0574951171875,,-0.00023192170192487538,0.0,0.99700927734375,-0.00023192170192487538,0.99700927734375,0.0,0.0,0.0,0.143310546875,0.0,268435969.0,0.0017371177673339844,0.00021350383758544922,-0.00014388561248779297,0.0,0.070556640625
936,51.66838921606541,0.057498276233673096,0.004163980484008789,0.05749714374542236,,0.0021895766258239746,0.0,0.9970101118087769,0.0012806057929992676,0.99700927734375,0.0,0.0,0.0,0.4683837890625,0.0,268435969.0,3.159046173095703e-06,2.0265579223632812e-06,8.344650268554688e-07,0.0,0.3250732421875
937,51.7232521190308,0.057491183280944824,0.5406877994537354,0.05765044689178467,,0.3304622173309326,0.0,0.9971308708190918,0.20502424240112305,0.99700927734375,0.0,0.0,0.0,0.58868408203125,0.0,268435969.0,-7.092952728271484e-06,0.0001533031463623047,0.0001207590103149414,0.0,0.12030029296875
938,51.778189595090225,0.05749523639678955,9.59634780883789e-05,0.05749523639678955,,4.380941390991211e-05,0.0,0.9970093965530396,-8.34465117804939e-06,0.99700927734375,0.0,0.0,0.0,0.42742919921875,0.0,268435969.0,4.0531158447265625e-06,-0.0001552104949951172,-0.0001214742660522461,0.0,-0.1612548828125
939,51.83285755501129,0.05750054121017456,0.00660783052444458,0.057498037815093994,,0.003143310546875,0.0,0.9970104694366455,0.0016531944274902344,0.99700927734375,0.0,0.0,0.0,0.434326171875,0.0,268435969.0,5.304813385009766e-06,2.8014183044433594e-06,1.0728836059570312e-06,0.0,0.00689697265625
940,51.88785969722085,0.05766397714614868,0.36038315296173096,0.057641804218292236,,0.20751214027404785,0.0,0.9970830082893372,0.11359012126922607,0.99700927734375,0.0,0.0,0.0,0.91998291015625,0.0,268435969.0,0.0001634359359741211,0.0001437664031982422,7.253885269165039e-05,0.0,0.48565673828125
941,51.94261958217248,0.057497620582580566,0.003418445587158203,0.057496607303619385,,0.0016675591468811035,0.0,0.9970099329948425,0.0009150505065917969,0.99700927734375,0.0,0.0,0.0,0.9853515625,0.0,268435969.0,-0.00016635656356811523,-0.00014519691467285156,-7.30752944946289e-05,0.0,0.06536865234375
942,51.99755887314677,0.05760473012924194,0.16768139600753784,0.057565391063690186,,0.08346748352050781,0.0,0.997036874294281,0.04068624973297119,0.99700927734375,0.0,0.0,0.0,0.6953125,0.0,268435969.0,0.00010710954666137695,6.878376007080078e-05,2.6941299438476562e-05,0.0,-0.2900390625
943,52.05255627515726,0.05536329746246338,0.4150627553462982,0.057237327098846436,,0.6196706295013428,0.0,0.9970608949661255,0.07055538892745972,0.99700927734375,0.0,0.0,0.0,0.25396728515625,0.0,268435969.0,-0.0022414326667785645,-0.00032806396484375,2.4020671844482422e-05,0.0,-0.44134521484375
944,52.11020655208267,0.05751001834869385,0.019779622554779053,0.05750304460525513,,0.009512722492218018,0.0,0.997012734413147,0.005012571811676025,0.99700927734375,0.0,0.0,0.0,0.28814697265625,0.0,268435969.0,0.0021467208862304688,0.0002657175064086914,-4.8160552978515625e-05,0.0,0.0341796875
945,52.16539897117764,0.05756509304046631,0.0991131067276001,0.0575413703918457,,0.053038716316223145,0.0,0.9970285296440125,0.025665283203125,0.99700927734375,0.0,0.0,0.0,0.78912353515625,0.0,268435969.0,5.507469177246094e-05,3.832578659057617e-05,1.5795230865478516e-05,0.0,0.5009765625
946,52.22039961419068,0.0575176477432251,0.030150175094604492,0.05750948190689087,,0.015912115573883057,0.0,0.997015655040741,0.009206593036651611,0.99700927734375,0.0,0.0,0.0,0.69677734375,0.0,268435969.0,-4.744529724121094e-05,-3.1888484954833984e-05,-1.2874603271484375e-05,0.0,-0.09234619140625
947,52.27532277605496,0.0574951171875,-0.00023323300410993397,0.05279338359832764,,0.040923699736595154,0.0,0.9967952966690063,0.5283257961273193,0.99700927734375,0.0,0.0,0.0,0.8416748046875,0.0,268435969.0,-2.2530555725097656e-05,-0.004716098308563232,-0.00022035837173461914,0.0,0.1448974609375
948,52.33020116016269,0.057498037815093994,0.003894507884979248,0.05749678611755371,,0.0020914673805236816,0.0,0.9970098733901978,0.0009738802909851074,0.99700927734375,0.0,0.0,0.0,0.7047119140625,0.0,268435969.0,2.9206275939941406e-06,0.004703402519226074,0.00021457672119140625,0.0,-0.136962890625
949,52.38581087300554,0.057495176792144775,-0.00023329260875470936,0.0574951171875,,-0.00023329260875470936,0.0,0.99700927734375,-0.00023329260875470936,0.99700927734375,0.0,0.0,0.0,0.51043701171875,0.0,268435969.0,-2.86102294921875e-06,-1.6689300537109375e-06,-5.960464477539062e-07,0.0,-0.19427490234375
950,52.44145667902194,0.05749988555908203,0.005846381187438965,0.057497382164001465,,0.0026202797889709473,0.0,0.997010350227356,0.0013983845710754395,0.99700927734375,0.0,0.0,0.0,0.3409423828125,0.0,268435969.0,4.708766937255859e-06,2.2649765014648438e-06,1.0728836059570312e-06,0.0,-0.16949462890625
951,52.496903838124126,0.05750352144241333,0.011135876178741455,0.05749994516372681,,0.00538402795791626,0.0,0.9941048622131348,-0.17635798454284668,0.99700927734375,0.0,0.0,0.0,0.2509765625,0.0,268435969.0,3.635883331298828e-06,2.562999725341797e-06,-0.0029054880142211914,0.0,-0.0899658203125
952,52.551927185151726,0.057643234729766846,0.33286696672439575,0.057628631591796875,,0.19302701950073242,0.0,0.9970723986625671,0.09707844257354736,0.99700927734375,0.0,0.0,0.0,0.1162109375,0.0,268435969.0,0.00013971328735351562,0.00012868642807006836,0.002967536449432373,0.0,-0.134765625
953,52.60743947303854,0.05764275789260864,0.2660651206970215,0.057601332664489746,,0.1498509645462036,0.0,0.9970628023147583,0.07436168193817139,0.99700927734375,0.0,0.0,0.0,0.50830078125,0.0,268435969.0,-4.76837158203125e-07,-2.7298927307128906e-05,-9.59634780883789e-06,0.0,0.39208984375
954,52.66239194921218,0.0574951171875,-0.00023353102733381093,0.0574951171875,,-0.00023353102733381093,0.0,0.99700927734375,-0.00023353102733381093,0.99700927734375,0.0,0.0,0.0,0.5469970703125,0.0,268435969.0,-0.00014764070510864258,-0.0001062154769897461,-5.352497100830078e-05,0.0,0.0386962890625
955,52.717811497161165,0.05749708414077759,0.0026349425315856934,0.05749636888504028,,0.001174628734588623,0.0,0.9970096945762634,0.0006456375122070312,0.99700927734375,0.0,0.0,0.0,0.33465576171875,0.0,268435969.0,1.9669532775878906e-06,1.2516975402832031e-06,4.172325134277344e-07,0.0,-0.21234130859375
956,52.77294464013539,0.05750828981399536,0.017431795597076416,0.057503461837768555,,0.009198904037475586,0.0,0.9970129728317261,-3.715242385864258,0.99700927734375,0.0,0.0,0.0,0.83514404296875,0.0,268435969.0,1.1205673217773438e-05,7.092952728271484e-06,3.2782554626464844e-06,0.0,0.50048828125
957,52.827980153029785,0.05156749486923218,-0.46884527802467346,0.05617469549179077,,0.5034406185150146,0.0,0.9971529245376587,0.3094945549964905,0.99700927734375,0.0,0.0,0.0,0.2803955078125,0.0,268435969.0,-0.005940794944763184,-0.0013287663459777832,0.0001399517059326172,0.0,-0.55474853515625
958,52.883995161158964,0.057459354400634766,0.4775800108909607,0.05764341354370117,,0.24614262580871582,0.0,0.9970890879631042,0.12621808052062988,0.99700927734375,0.0,0.0,0.0,0.8712158203125,0.0,268435969.0,0.005891859531402588,0.0014687180519104004,-6.383657455444336e-05,0.0,0.5908203125
959,52.93955046706833,0.05757492780685425,0.10599672794342041,0.0575404167175293,,0.05683034658432007,0.0,0.9970318078994751,0.033018290996551514,0.99700927734375,0.0,0.0,0.0,0.4107666015625,0.0,268435969.0,0.00011557340621948242,-0.000102996826171875,-5.728006362915039e-05,0.0,-0.46044921875
960,52.994530980009586,0.05749708414077759,0.002604842185974121,0.05749619007110596,,0.0011594295501708984,0.0,0.9941034317016602,-0.17833247780799866,0.99700927734375,0.0,0.0,0.0,0.8135986328125,0.0,268435969.0,-7.784366607666016e-05,-4.4226646423339844e-05,-0.0029283761978149414,0.0,0.40283203125
961,53.04966780799441,0.057630717754364014,0.3827260732650757,0.05763500928878784,,0.2279253602027893,0.0,0.9970893859863281,0.11600273847579956,0.99700927734375,0.0,0.0,0.0,0.36968994140625,0.0,268435969.0,0.00013363361358642578,0.00013881921768188477,0.0029859542846679688,0.0,-0.44390869140625
962,53.104654636001214,0.05756348371505737,0.09710025787353516,0.05753326416015625,,0.043381571769714355,0.0,0.9970236420631409,0.02097022533416748,0.99700927734375,0.0,0.0,0.0,0.16412353515625,0.0,268435969.0,-6.723403930664062e-05,-0.0001017451286315918,-6.574392318725586e-05,0.0,-0.20556640625
963,53.15992233320139,0.05749523639678955,-0.00021964313054922968,0.05749523639678955,,-0.00023454430629499257,0.0,0.99700927734375,-0.00023454430629499257,0.99700927734375,0.0,0.0,0.0,0.56475830078125,0.0,268435969.0,-6.824731826782227e-05,-3.802776336669922e-05,-1.436471939086914e-05,0.0,0.400634765625
964,53.21529717813246,0.057500362396240234,0.00643390417098999,0.057498157024383545,,0.003446221351623535,0.0,0.9970106482505798,0.0018443465232849121,0.99700927734375,0.0,0.0,0.0,0.03973388671875,0.0,268435969.0,5.125999450683594e-06,2.9206275939941406e-06,1.3709068298339844e-06,0.0,-0.5250244140625
965,53.270636171102524,0.05749523639678955,-0.00010025501978816465,0.05749523639678955,,-0.00017476083303336054,0.0,0.9970093965530396,-0.0002194643166149035,0.99700927734375,0.0,0.0,0.0,0.46307373046875,0.0,268435969.0,-5.125999450683594e-06,-2.9206275939941406e-06,-1.2516975402832031e-06,0.0,0.42333984375
966,53.32607386703603,0.057525455951690674,0.04095292091369629,0.05751460790634155,,0.021670818328857422,0.0,0.9970172047615051,0.011426270008087158,0.99700927734375,0.0,0.0,0.0,0.67529296875,0.0,268435969.0,3.0219554901123047e-05,1.9371509552001953e-05,7.808208465576172e-06,0.0,0.21221923828125
967,53.38107215822674,0.05749541521072388,0.0004814267158508301,0.0574953556060791,,0.0002206563949584961,0.0,0.9970093965530396,0.00012379884719848633,0.99700927734375,0.0,0.0,0.0,0.737548828125,0.0,268435969.0,-3.0040740966796875e-05,-1.9252300262451172e-05,-7.808208465576172e-06,0.0,0.062255859375
968,53.43627541116439,0.057646870613098145,0.33744120597839355,0.05763089656829834,,0.19535118341445923,0.0,0.997078537940979,0.10717356204986572,0.99700927734375,0.0,0.0,0.0,0.1407470703125,0.0,268435969.0,0.00015145540237426758,0.00013554096221923828,6.914138793945312e-05,0.0,-0.5968017578125
969,53.49154283013195,0.0574951171875,-2.7315869331359863,0.05458879470825195,,0.205342635512352,0.0,0.9967952966690063,0.5283253192901611,0.99700927734375,0.0,0.0,0.0,0.1202392578125,0.0,268435969.0,-0.00015175342559814453,-0.0030421018600463867,-0.00028324127197265625,0.0,-0.0205078125
970,53.5463146220427,0.056508660316467285,0.4677520990371704,0.05738186836242676,,0.47729629278182983,0.0,0.9971534609794617,0.2660648822784424,0.99700927734375,0.0,0.0,0.0,0.67626953125,0.0,268435969.0,-0.0009864568710327148,0.0027930736541748047,0.00035816431045532227,0.0,0.5560302734375
971,53.60155830113217,0.057835280895233154,0.5793917775154114,0.05772906541824341,,0.29693281650543213,0.0,0.9971252083778381,0.16001349687576294,0.99700927734375,0.0,0.0,0.0,0.33721923828125,0.0,268435969.0,0.0013266205787658691,0.0003471970558166504,-2.8252601623535156e-05,0.0,-0.33905029296875
972,53.656669333111495,0.057503461837768555,-1.9366694688796997,0.054594218730926514,,0.3313320577144623,0.0,0.9968982934951782,0.528005063533783,0.99700927734375,0.0,0.0,0.0,0.23101806640625,0.0,268435969.0,-0.0003318190574645996,-0.0031348466873168945,-0.0002269148826599121,0.0,-0.106201171875
973,53.71159212407656,0.057495176792144775,-0.00023382905055768788,0.0574951171875,,-0.00023382905055768788,0.0,0.99700927734375,-0.00023382905055768788,0.99700927734375,0.0,0.0,0.0,0.110107421875,0.0,268435969.0,-8.285045623779297e-06,0.0029008984565734863,0.00011098384857177734,0.0,-0.12091064453125
974,53.7666535822209,0.05749523639678955,-0.00012266637349966913,0.05749523639678955,,-0.0001897215988719836,0.0,0.9970093965530396,-0.00024187566305045038,0.99700927734375,0.0,0.0,0.0,0.3612060546875,0.0,268435969.0,5.960464477539063e-08,1.1920928955078125e-07,1.1920928955078125e-07,0.0,0.2510986328125
975,53.82224946212955,0.05749523639678955,-4.0888789953896776e-05,0.05156761407852173,,0.20543862879276276,0.0,0.9967952966690063,0.5246289968490601,0.99700927734375,0.0,0.0,0.0,0.29998779296875,0.0,268435969.0,0.0,-0.005927622318267822,-0.00021409988403320312,0.0,-0.06121826171875
976,53.877423716010526,0.0574951171875,-0.00023519995738752186,0.0574951171875,,-0.00023519995738752186,0.0,0.99700927734375,-0.00023519995738752186,0.99700927734375,0.0,0.0,0.0,0.6810302734375,0.0,268435969.0,-1.1920928955078125e-07,0.0059275031089782715,0.00021398067474365234,0.0,0.38104248046875
977,53.93403409118764,0.0574951171875,-0.00023519995738752186,0.0574951171875,,-0.00023519995738752186,0.0,0.99700927734375,-0.00023519995738752186,0.99700927734375,0.0,0.0,0.0,0.4869384765625,0.0,268435969.0,0.0,0.0,0.0,0.0,-0.194091796875
978,53.98942482401617,0.0574951171875,-0.0002355575852561742,0.0574951171875,,-0.0002355575852561742,0.0,0.99700927734375,-0.0002355575852561742,0.99700927734375,0.0,0.0,0.0,0.1768798828125,0.0,268435969.0,0.0,0.0,0.0,0.0,-0.31005859375
979,54.04398585902527,0.0574953556060791,0.0003235936164855957,0.0574953556060791,,0.00014477968215942383,0.0,0.9970093965530396,9.262561798095703e-05,0.99700927734375,0.0,0.0,0.0,0.882568359375,0.0,268435969.0,2.384185791015625e-07,2.384185791015625e-07,1.1920928955078125e-07,0.0,0.7056884765625
980,54.09879916999489,0.05749523639678955,-0.00010108948481502011,0.05749523639678955,,-0.0001457929756725207,0.0,0.9970093965530396,-0.00020539762044791132,0.99700927734375,0.0,0.0,0.0,0.02239990234375,0.0,268435969.0,-1.1920928955078125e-07,-1.1920928955078125e-07,0.0,0.0,-0.86016845703125
981,54.15372275817208,0.05751669406890869,0.028859436511993408,0.05750775337219238,,0.015217423439025879,0.0,0.9970153570175171,0.008795022964477539,0.99700927734375,0.0,0.0,0.0,0.7344970703125,0.0,268435969.0,2.1457672119140625e-05,1.2516975402832031e-05,5.9604644775390625e-06,0.0,0.71209716796875
982,54.20839766203426,0.05749541521072388,0.0004801154136657715,0.0574953556060791,,0.0002193450927734375,0.0,0.9970093965530396,0.00012993812561035156,0.99700927734375,0.0,0.0,0.0,0.8521728515625,0.0,268435969.0,-2.1278858184814453e-05,-1.239776611328125e-05,-5.9604644775390625e-06,0.0,0.11767578125
983,54.263431527186185,0.0575219988822937,0.03302425146102905,0.0575108528137207,,0.017437636852264404,0.0,0.9970162510871887,0.009204745292663574,0.99700927734375,0.0,0.0,0.0,0.76666259765625,0.0,268435969.0,2.658367156982422e-05,1.5497207641601562e-05,6.854534149169922e-06,0.0,-0.08551025390625
984,54.31833305908367,0.057497262954711914,0.0028790831565856934,0.05749636888504028,,-1.3280184268951416,0.0,0.9960235357284546,0.41134947538375854,0.99700927734375,0.0,0.0,0.0,0.86895751953125,0.0,268435969.0,-2.473592758178711e-05,-1.4483928680419922e-05,-0.0009927153587341309,0.0,0.102294921875
985,54.373254110105336,0.057498931884765625,0.005151510238647461,0.05749732255935669,,0.0027375221252441406,0.0,0.9970102310180664,0.0014858245849609375,0.99700927734375,0.0,0.0,0.0,0.66851806640625,0.0,268435969.0,1.6689300537109375e-06,9.5367431640625e-07,0.0009866952896118164,0.0,-0.200439453125
986,54.42782325600274,0.057497620582580566,0.003147423267364502,0.057496488094329834,,0.0016647577285766602,0.0,0.9970099329948425,0.0007036328315734863,0.99700927734375,0.0,0.0,0.0,0.90716552734375,0.0,268435969.0,-1.3113021850585938e-06,-8.344650268554688e-07,-2.980232238769531e-07,0.0,0.2386474609375
987,54.48308662022464,0.05749523639678955,-2.634525480971206e-05,0.05749523639678955,,-8.59499050420709e-05,0.0,0.9970093965530396,-0.00013065339589957148,0.99700927734375,0.0,0.0,0.0,0.2060546875,0.0,268435969.0,-2.384185791015625e-06,-1.2516975402832031e-06,-5.364418029785156e-07,0.0,-0.70111083984375
988,54.537945634219795,0.0574951171875,-0.00023514035274274647,0.0574951171875,,-0.00023514035274274647,0.0,0.99700927734375,-0.00023514035274274647,0.99700927734375,0.0,0.0,0.0,0.7080078125,0.0,268435969.0,-1.1920928955078125e-07,-1.1920928955078125e-07,-1.1920928955078125e-07,0.0,0.501953125
989,54.59268126008101,0.057649075984954834,0.3403831124305725,0.057625532150268555,,0.1528967022895813,0.0,0.997063934803009,0.08286869525909424,0.99700927734375,0.0,0.0,0.0,0.3394775390625,0.0,268435969.0,0.00015395879745483398,0.0001304149627685547,5.46574592590332e-05,0.0,-0.3685302734375
990,54.64809671603143,0.0574951171875,-0.0002350211434531957,0.0574951171875,,-0.0002350211434531957,0.0,0.99700927734375,-0.0002350211434531957,0.99700927734375,0.0,0.0,0.0,0.00958251953125,0.0,268435969.0,-0.00015395879745483398,-0.0001304149627685547,-5.46574592590332e-05,0.0,-0.32989501953125
991,54.706932709086686,0.0574951171875,-0.00023537877132184803,0.0574951171875,,-0.00023537877132184803,0.0,0.99700927734375,-0.00023537877132184803,0.99700927734375,0.0,0.0,0.0,0.3563232421875,0.0,268435969.0,0.0,0.0,0.0,0.0,0.34674072265625
992,54.76218633214012,0.05750274658203125,0.010076165199279785,0.05749988555908203,,-1.941856861114502,0.0,0.9956910610198975,0.4133909344673157,0.99700927734375,0.0,0.0,0.0,0.02716064453125,0.0,268435969.0,7.62939453125e-06,4.76837158203125e-06,-0.001318216323852539,0.0,-0.32916259765625
993,54.816799589199945,0.057303786277770996,1.0021581649780273,0.05776321887969971,,0.6441875696182251,0.0,0.9972425699234009,0.4048004150390625,0.99700927734375,0.0,0.0,0.0,0.24237060546875,0.0,268435969.0,-0.0001989603042602539,0.0002633333206176758,0.001551508903503418,0.0,0.2152099609375
994,54.871960101183504,0.05750000476837158,0.006469905376434326,0.05749821662902832,,0.003437519073486328,0.0,0.9970097541809082,0.0007031559944152832,0.99700927734375,0.0,0.0,0.0,0.20965576171875,0.0,268435969.0,0.00019621849060058594,-0.0002650022506713867,-0.00023281574249267578,0.0,-0.03271484375
995,54.928423922043294,0.057496607303619385,0.0018357038497924805,0.05749601125717163,,0.0006957650184631348,0.0,0.9970095157623291,0.0003604888916015625,0.99700927734375,0.0,0.0,0.0,0.40338134765625,0.0,268435969.0,-3.3974647521972656e-06,-2.205371856689453e-06,-2.384185791015625e-07,0.0,0.1937255859375
996,54.98436283809133,0.05755335092544556,0.0813184380531311,0.057530105113983154,,0.036167919635772705,0.0,0.9970224499702454,0.017444610595703125,0.99700927734375,0.0,0.0,0.0,0.39727783203125,0.0,268435969.0,5.6743621826171875e-05,3.409385681152344e-05,1.2934207916259766e-05,0.0,-0.006103515625
997,55.03994834818877,0.057842791080474854,0.42387306690216064,0.05767416954040527,,-0.2934316098690033,0.0,0.9967235326766968,0.6058833003044128,0.99700927734375,0.0,0.0,0.0,0.42724609375,0.0,268435969.0,0.0002894401550292969,0.00014406442642211914,-0.000298917293548584,0.0,0.02996826171875
998,55.096227429108694,0.0574953556060791,0.0001659989356994629,0.05749523639678955,,9.894371032714844e-05,0.0,0.9970093965530396,3.1888484954833984e-05,0.99700927734375,0.0,0.0,0.0,0.69329833984375,0.0,268435969.0,-0.00034743547439575195,-0.00017893314361572266,0.00028586387634277344,0.0,0.26605224609375
999,55.152467399137095,0.056774675846099854,0.5035125613212585,0.05751776695251465,,-0.4637667238712311,0.0,0.9964157938957214,0.7130674123764038,0.99700927734375,0.0,0.0,0.0,0.08282470703125,0.0,268435969.0,-0.000720679759979248,2.2530555725097656e-05,-0.0005936026573181152,0.0,-0.6104736328125
